time_index,Actual_TB,ARIMA_TB,MLP_TB,LSTM_TB,GRU_TB,PINT_TB,TFKAN_TB,EXP_TB,PROPHET_TB,MOE_TB
0,373.95630539952,374.0470830009295,374.0115399032,373.998304588512,374.009152645856,374.020142110432,373.981911150304,374.00972199182263,375.43170120606777,374.1141662597656
1,373.93731360912,374.0872274466735,373.9980395128,373.999702286048,374.015249770208,374.043928667872,373.948745869024,374.0237680881252,375.4219977635661,374.10614013671875
2,373.91440713872,374.1112738016755,373.98338858672,374.000589888736,374.026863302368,374.066560173792,373.928508712672,374.0378141844279,375.38930632005986,374.0956726074219
3,373.89329023632,374.11740025476064,373.984096343776,374.003111172832,374.039243843296,374.08770949296,373.910685566688,374.0518602807304,375.3598633805971,374.0954284667969
4,373.87229636672,374.14627563618615,373.99234261936,374.009604441824,374.051682371296,374.106798884576,373.90404493488,374.06590637703306,375.3526598377232,374.103515625
5,373.84360735472,374.166604837476,374.011000190688,374.016251930336,374.063559206624,374.12342382768,373.90012141744,374.0799524733357,375.36491596957484,374.119873046875
6,373.81773691232,374.1879257777301,374.026136325856,374.020669187808,374.073081538272,374.13735432368,373.901916350176,374.0939985696383,375.3785633456948,374.1336364746094
7,373.82789271072,374.20832117952017,374.022774230752,374.020772372192,374.082418845408,374.148476913376,373.888579643104,374.10804466594095,375.3798703836305,374.1331481933594
8,373.84199674352,374.22569475716756,374.031649421024,374.021139599072,374.099673638624,374.15758807216,373.8881474168,374.12209076224354,375.3722963763361,374.1412658691406
9,373.85276770592,374.24485923560377,374.046812428,374.02197470384,374.11949346992,374.16524628144,373.89447131312,374.1361368585462,375.37062421775994,374.1546630859375
10,373.87371683632,374.263368426832,374.06680965296,374.0228433016,374.138050873056,374.171891468,373.905357555424,374.1501829548488,375.3837455976194,374.17236328125
11,373.88793271712,374.2821146422275,374.076546680544,374.023419387616,374.157836355296,374.17796067504,373.907715352288,374.1642290511514,375.40456197748233,374.18353271484375
12,373.89996756192,374.30096503201645,374.089316320992,374.02425246896,374.176405325536,374.183810860768,373.910808028896,374.178275147454,375.4174511923128,374.1961669921875
13,373.90685739872,374.31949489740646,374.097173194464,374.026167854816,374.194218501856,374.189774882528,373.913310775008,374.1923212437566,375.41519910247,374.2041931152344
14,373.91491045472,374.3381608340044,374.100201416416,374.02834654384,374.211131786976,374.19577884848,373.913977677536,374.2063673400593,375.40740255426726,374.20843505859375
15,373.93419304992,374.3567534799295,374.105055200992,374.034917156576,374.228557629152,374.201923880672,373.913624356576,374.22041343636187,375.411054264136,374.2151794433594
16,373.95271507872,374.375361533939,374.124117755616,374.08975098032,374.248993294048,374.208432146144,373.909261854432,374.2344595326645,375.43274395676013,374.23638916015625
17,374.14010521792,374.39399565955335,374.206528423648,374.256254928608,374.270046799584,374.215428769504,373.991117719264,374.2485056289671,375.46099003337395,374.31103515625
18,374.20193479232,374.4126017906299,374.270566123232,374.375268206304,374.324292994784,374.224408364768,374.037647685344,374.26255172526976,375.4773641517109,374.3714599609375
19,374.24253561632,374.4312208946081,374.333160933088,374.447700395744,374.361212995296,374.236288632544,374.065661855456,374.2765978215723,375.4758088614415,374.42413330078125
20,374.21844355712,374.44983257457267,374.370977171168,374.501888870112,374.385155655392,374.25111523504,374.066895554272,374.29064391787495,375.4704557610567,374.4565734863281
21,374.19164477632,374.4684438241872,374.3917414008,374.549086521056,374.39192588464,374.26772631728,374.0553395832,374.30469001417754,375.48298316075926,374.476318359375
22,374.19373633392,374.487058265499,374.419615565536,374.561202030304,374.39423520944,374.284681889504,374.071246546656,374.3187361104802,375.5209065061699,374.5005798339844
23,374.18817748832,374.50567022110323,374.434994898656,374.56349094064,374.409015314144,374.301716793056,374.080595691232,374.33278220678284,375.56785814176834,374.5173645019531
24,374.19900437472,374.52428357573694,374.442965944032,374.563683223264,374.42684215472,374.318527399648,374.071937033952,374.34682830308543,375.59627085532793,374.5274963378906
25,374.18594052832,374.5428963594208,374.438494717664,374.566485083872,374.447840741088,374.335230559968,374.056913684192,374.3608743993881,375.59114081882876,374.527099609375
26,374.16566248592,374.56150893379265,374.440740636384,374.568512374496,374.463305369312,374.351194539744,374.04696903856,374.3749204956906,375.5629736060805,374.529052734375
27,374.11638225712,374.58012183217846,374.444918982368,374.569153513184,374.474722363104,374.36602638512,374.034545346272,374.38896659199327,375.53798954613575,374.531982421875
28,374.10669622032,374.59873448297367,374.441908946656,374.567030671072,374.478784939744,374.378952935136,374.0156731512,374.40301268829586,375.53518133260144,374.5305480957031
29,374.09702136832,374.6173472729161,374.451467765472,374.564820272864,374.490443138784,374.3900784248,374.017761724128,374.4170587845985,375.5517621603134,374.540283203125
30,374.07729138112,374.6359600315318,374.451127600864,374.564431906528,374.504831862496,374.39960113328,374.012204290784,374.4311048809011,375.56966589647993,374.54376220703125
31,374.08395752192,374.65457276029065,374.44982169776,374.56552386736,374.516948158176,374.407485081312,374.005430154976,374.44515097720375,375.5751745779045,374.54547119140625
32,374.07787299072,374.6731855222803,374.452324648672,374.565942249184,374.533737137888,374.413899581152,373.994343893728,374.4591970735064,375.5717637132085,374.54931640625
33,374.08010995072,374.691798258539,374.452642793184,374.56530956464,374.548751107808,374.41902780592,373.990729477856,374.473243169809,375.574227520872,374.5521240234375
34,374.09807273952,374.71041100681,374.471787333344,374.564535322336,374.564551706336,374.423224764128,373.992559186144,374.4872892661116,375.5914558654193,374.56878662109375
35,374.10652844832,374.7290237542087,374.481187096288,374.563196618464,374.584006723296,374.426925647584,373.995104615904,374.5013353624142,375.616344260615,374.57989501953125
36,374.11326169792,374.7476364981266,374.498782856928,374.562349500128,374.602158032608,374.43044221104,374.003681608416,374.51538145871683,375.63327670954806,374.5958557128906
37,374.12384251872,374.7662492456404,374.499102377696,374.562401863392,374.619260634848,374.433950779104,374.003269128416,374.5294275550194,375.6350661901907,374.5989990234375
38,374.12182925472,374.7848619906085,374.498037384928,374.5644516984,374.637142394592,374.437663098592,374.003423485152,374.5434736513221,375.6313204238252,374.6009521484375
39,374.13717480032,374.80347473649675,374.5049548408,374.573732841184,374.652730459872,374.441478932192,374.004055573216,374.55751974762467,375.63903922879393,374.6094055175781
40,374.16468940832,374.82208748245927,374.517550073568,374.642349164256,374.671747303136,374.445507397344,374.001560343264,374.5715658439273,375.66481075477554,374.62774658203125
41,374.35259404832,374.8407002280197,374.611136530144,374.821104830176,374.694527026912,374.45010333872,374.099976365792,374.58561194022985,375.69715282748376,374.71148681640625
42,374.42815855712,374.8593129739686,374.666303620832,374.897469146848,374.749271869152,374.456755308256,374.134822143712,374.5996580365325,375.7176496209651,374.7628173828125
43,374.44390675552,374.8779257196835,374.732327339744,374.918032246496,374.788825204448,374.466951136992,374.162545329888,374.61370413283515,375.7202524363448,374.8139953613281
44,374.44350410272,374.8965384654633,374.742232647392,374.92235133104,374.80749621424,374.480068232928,374.150231885536,374.62775022913775,375.71912252021394,374.823486328125
45,374.44981232992,374.91515121126355,374.739271665376,374.930957256416,374.818704770784,374.495634573024,374.123928274656,374.6417963254404,375.73594235427265,374.8251037597656
46,374.49110661152,374.9337639570169,374.76858388656,374.949998151392,374.83196997808,374.512881845984,374.148334094048,374.655842421743,375.77820240922756,374.85223388671875
47,374.71560791712,374.9523767028102,374.80685559984,374.96840380592,374.85816996016,374.531490399968,374.166867740384,374.66988851804564,375.82955135332634,374.88702392578125
48,374.72840332832,374.97098944858317,374.863391147744,374.979226027744,374.921940354784,374.554420692704,374.1861856888,374.68393461434823,375.8624211231989,374.9356994628906
49,374.70472510672,374.9896021943603,374.90208071856,374.977772570336,374.951344522976,374.580290307808,374.172327134944,374.6979807106508,375.8618259429265,374.9646911621094
50,374.67260236112,375.0082149401408,374.905675826912,374.97185689776,374.955978049248,374.60768710832,374.15271219376,374.7120268069534,375.83828991445426,374.96600341796875
51,374.66758038592,375.0268276859161,374.890323822304,374.963731810016,374.953257518816,374.635215111904,374.104593139424,374.72607290325607,375.8180404406072,374.9534606933594
52,374.67978300272,375.0454404316951,374.912945211104,374.959509456608,374.962690574048,374.662408750816,374.131594135264,374.74011899955866,375.8200682196044,374.970947265625
53,374.70480340032,375.0640531774725,374.9646603896,374.956540348128,374.983394379488,374.688691635936,374.135030646496,374.7541650958613,375.8415727942935,375.0094909667969
54,374.73376084752,375.0826659232501,374.985053816544,374.955845338848,375.008046401248,374.71415591088,374.136716953312,374.76821119216396,375.8644826004439,375.02825927734375
55,374.73784329952,375.10127866902815,374.986933389024,374.959725266656,375.032793974496,374.739063260896,374.132328400608,374.78225728846655,375.87509279172787,375.0343017578125
56,374.76134256432,375.11989141480564,374.998436398816,374.964111656672,375.050515891936,374.762963650272,374.136936482528,374.7963033847692,375.87689454115736,375.0453796386719
57,374.79344294032,375.1385041605835,375.012268558048,374.97042657456,375.070040114912,374.786140128992,374.131224553184,374.81034948107174,375.8846824065622,375.0584716796875
58,374.83699655152,375.1571169063612,375.049635743456,374.978157987552,375.09230158,374.8088125048,374.145405961952,374.8243955773744,375.9073361214325,375.08892822265625
59,374.87489065392,375.1757296521389,375.093510325984,374.986674128608,375.117594412768,374.831281063648,374.156627822304,374.838441673677,375.9377425541979,375.1243896484375
60,374.90551463632,375.1943423979166,375.12623022256,374.9963585144,375.142101206752,374.853877876448,374.16392089776,374.85248776997963,375.96028376736615,375.1519775390625
61,374.94173101872,375.2129551436944,375.141087102688,375.007244306144,375.164528543456,374.876679816928,374.16023654576,374.8665338662822,375.9677786497094,375.16632080078125
62,374.94743526672,375.2315678894721,375.163292010208,375.019536893664,375.18790222,374.899778832096,374.162702534368,374.8805799625849,375.9698412432688,375.1854248046875
63,374.96379862912,375.2501806352498,375.172704814816,375.033005721312,375.20528695472,374.922867689184,374.168580982496,374.8946260588875,375.9834682428551,375.19677734375
64,374.99254356512,375.26879338102754,375.191395419872,375.053968197344,375.223948461792,374.945642694368,374.162656921312,374.90867215519006,376.01522899867865,375.21588134765625
65,375.18578335472,375.2874061268053,375.26636322992,375.143879198432,375.246576994016,374.968095590112,374.241755170528,374.9227182514927,376.05362284221593,375.27996826171875
66,375.27189512992,375.306018872583,375.33142606,375.158695577312,375.302562432736,374.991677212384,374.295595599584,374.9367643477953,376.0802270537516,375.33343505859375
67,375.28634589152,375.32463161836074,375.38890178736,375.1614289528,375.345063839456,375.01780451504,374.308713055968,374.95081044409795,376.08901194652833,375.3771057128906
68,375.31311111792,375.3432443641385,375.419204716256,375.16173107376,375.364351739616,375.046037489376,374.316886935264,374.96485654040055,376.09413229990986,375.4003601074219
69,375.33441816192,375.3618571099162,375.427315320544,375.168673826528,375.380462323424,375.07586154672,374.29854249136,374.9789026367032,376.1172601182226,375.4101257324219
70,375.34206856512,375.38046985569395,375.477676721888,375.218340677344,375.397509023456,375.106566538976,374.323598280416,374.9929487330058,376.165864247445,375.4537658691406
71,375.58618800992,375.39908260147166,375.58814433456,375.355617494752,375.41422293168,375.137127941856,374.484738426592,375.00699482930844,376.22357202068315,375.5477294921875
72,375.59817811552,375.4176953472494,375.63922833584,375.359486478048,375.478945892064,375.169350813408,374.503269222112,375.021040925611,376.2628118934252,375.5919189453125
73,375.57117800832,375.43630809302715,375.67927017648,375.355395589856,375.509106083552,375.203874784992,374.495781734112,375.0350870219136,376.26857815977195,375.6214904785156
74,375.51624945552,375.45492083880487,375.675103135456,375.34979055792,375.51158059184,375.239311017696,374.465569277664,375.0491331182163,376.2514186743765,375.6175537109375
75,375.46054915152,375.4735335845826,375.664621831904,375.34658650288,375.501183174368,375.273901573856,374.409853552352,375.06317921451887,376.2375531846717,375.60784912109375
76,375.45705949392,375.4921463303603,375.67527575728,375.346790450912,375.494676760288,375.306012116704,374.423202711264,375.0772253108215,376.24594191800867,375.6163024902344
77,375.47361299792,375.5107590761381,375.712750814944,375.345870587616,375.509850834656,375.335346554592,374.422628255456,375.0912714071241,376.27375847749835,375.644775390625
78,375.48117392272,375.52937182191573,375.744704202464,375.343827961568,375.533243123424,375.362116699872,374.436282156768,375.10531750342676,376.30291846747895,375.6709899902344
79,375.48492083072,375.5479845676935,375.737635751648,375.3417250424,375.554343880416,375.386495043296,374.418298259168,375.11936359972935,376.31971194822813,375.6704406738281
80,375.49826429712,375.5665973134713,375.754755458784,375.344158656224,375.571650496224,375.408856975072,374.423655073504,375.13340969603195,376.3276270549069,375.68511962890625
81,375.53072258672,375.58521005924894,375.776741476064,375.349211350752,375.58916079792,375.429368170208,374.426801391328,375.14745579233454,376.3414473119857,375.70343017578125
82,375.56116761232,375.6038228050267,375.814277744352,375.356264072928,375.61073524912,375.448574543584,374.446668629728,375.1615018886372,376.3700418363551,375.73382568359375
83,375.60925106752,375.6224355508044,375.856114353888,375.36322019504,375.632714188512,375.466861184736,374.456995956448,375.17554798493984,376.4062570416688,375.7671203613281
84,375.70544034752,375.64104829658214,375.887164262112,375.370321413856,375.6581918328,375.484947547872,374.473638102752,375.18959408124243,376.434468195922,375.79364013671875
85,375.74006848832,375.65966104235986,375.922192074464,375.377737467616,375.694501922528,375.504175285984,374.494931470048,375.2036401775451,376.44749469598145,375.82275390625
86,375.72672502192,375.67827378813763,375.957748631264,375.385254971104,375.720063452896,375.52445710512,374.49658802352,375.2176862738477,376.45494942362933,375.84991455078125
87,375.74615301952,375.69688653391535,375.947832379104,375.394259486432,375.731302090464,375.545191778016,374.482785879776,375.23173237015027,376.47381393714187,375.84771728515625
88,375.76800811872,375.71549927969306,375.958909404896,375.414468298464,375.748194649824,375.566102742752,374.47484793008,375.24577846645286,376.5106360873802,375.86175537109375
89,375.97064314032,375.73411202547084,376.030608410336,375.509176338144,375.76949686448,375.58697517232,374.55972786352,375.2598245627555,376.55389577910626,375.9241943359375
90,376.05178886432,375.75272477124855,376.114388715232,375.529976415968,375.827545638624,375.609326749408,374.61859131568,375.2738706590581,376.5851615913093,375.98968505859375
91,376.08977244512,375.77133751702627,376.173081577184,375.53467089072,375.870296213216,375.634372904672,374.628073457376,375.28791675536075,376.59840489815235,376.0332336425781
92,376.09397792992,375.789950262804,376.216973264608,375.53891893424,375.895213786848,375.662109181664,374.6477528696,375.30196285166335,376.60778488965434,376.06591796875
93,376.13531695072,375.80856300858176,376.231746914016,375.547172800224,375.906576811744,375.69129472176,374.639197734624,375.316008947966,376.6349616235042,376.0798034667969
94,376.15906228112,375.8271757543594,376.276508526304,375.58868893872,375.926613919456,375.721645491936,374.654675568352,375.33005504426865,376.6873794054156,376.1188049316406
95,376.41511590752,375.8457885001372,376.405093566176,375.728837150432,375.948512511712,375.752702478048,374.829195380448,375.3441011405712,376.748640993053,376.22467041015625
96,376.43670257152,375.86440124591496,376.474876036832,375.732578076384,376.015895578336,375.78585792688,374.854652708576,375.35814723687383,376.791162737212,376.27978515625
97,376.39271275312,375.8830139916926,376.515157083872,375.728219277024,376.048172713696,375.821922256608,374.842666960608,375.3721933331764,376.7999739852682,376.30853271484375
98,376.28955534272,375.9016267374704,376.501831780064,375.718842255072,376.043986011872,375.859072911072,374.813779347168,375.3862394294791,376.78561683952984,376.29815673828125
99,376.24342922752,375.9202394832481,376.467417515744,375.705617483488,376.016498509536,375.894845081312,374.723792389856,375.40028552578167,376.77430995039555,376.27001953125
100,376.21344277872,375.9388522290258,376.467728942816,375.693512197856,376.008232978144,375.928083236576,374.735772829408,375.4143316220843,376.7850010007949,376.2710266113281
101,376.22547762352,375.95746497480354,376.504104568544,375.68101277872,376.018884019936,375.95781456048,374.729035335392,375.4283777183869,376.8148495257171,376.2964172363281
102,376.23564460672,375.9760777205813,376.528802989792,375.667648939744,376.041298511584,375.98429700272,374.732926600928,375.4424238146895,376.8457740269711,376.3162841796875
103,376.23803815392,375.994690466359,376.517187127008,375.65805158576,376.063629379296,376.008031782624,374.714859570912,375.4564699109921,376.8640541121583,376.31256103515625
104,376.27153662992,376.01330321213675,376.533206746848,375.652558882528,376.081219241696,376.029338453728,374.728984348384,375.47051600729475,376.8732028762295,376.3260498046875
105,376.28381754032,376.0319159579145,376.5603604088,375.652120970976,376.102813091552,376.048924411616,374.738928387808,375.4845621035974,376.88800849449336,376.3473205566406
106,376.32102936992,376.0505287036922,376.595361613536,375.654965888736,376.120369530592,376.06694903984,374.74642616496,375.4986081999,376.91732213980754,376.3741760253906
107,376.36147360672,376.06914144946995,376.633215731424,375.665991141088,376.141828638432,376.084112787168,374.755597207264,375.51265429620264,376.95400106538347,376.40435791015625
108,376.40710759072,376.08775419524767,376.683158357728,375.6767975032,376.1654142584,376.10085867696,374.794778232544,375.52670039250523,376.9824196324721,376.4427490234375
109,376.42568554352,376.1063669410254,376.709040883424,375.683344025312,376.190627792608,376.117343340256,374.803503302368,375.5407464888079,376.99541172869147,376.4638671875
110,376.43220628192,376.1249796868031,376.720564733664,375.6906878584,376.210414159584,376.13407428784,374.79613489328,375.5547925851104,377.002605336247,376.474609375
111,376.43860398752,376.1435924325809,376.71469637808,375.700248119008,376.226485421792,376.151172368096,374.793776383712,375.56883868141307,377.0209965149258,376.47607421875
112,376.46083936992,376.16220517835865,376.72217010352,375.716778264288,376.242802575072,376.168101627616,374.780366407392,375.58288477771566,377.05712077032285,376.48699951171875
113,376.65207708032,376.1808179241363,376.783938045664,375.814058591968,376.26368811184,376.18490925232,374.859085891296,375.5969308740183,377.099457508868,376.5421142578125
114,376.72436444272,376.1994306699141,376.850436114144,375.833872090848,376.319352817376,376.202924705504,374.907261273824,375.61097697032096,377.1295880767192,376.59454345703125
115,376.71965564192,376.2180434156918,376.90967908528,375.840778143456,376.359320340192,376.223490688736,374.927611512544,375.62502306662356,377.14151115075987,376.6371154785156
116,376.76014461792,376.2366561614695,376.944338978528,375.844347758304,376.3738187384,376.245825357536,374.933939209952,375.6390691629262,377.1494074625315,376.66143798828125
117,376.78050095392,376.2552689072472,376.963182151392,375.858978801376,376.393803810528,376.26994679984,374.933763835616,375.65311525922874,377.1749476990787,376.678955078125
118,376.79242395072,376.273881653025,377.01758673072,375.915694311136,376.413772891872,376.294952716,374.956714673888,375.6671613555314,377.2255743816651,376.7240295410156
119,377.04907037152,376.29249439880266,377.14427437232,376.060381284064,376.43321139376,376.32039248048,375.133681927904,375.681207451834,377.2848920110239,376.8273010253906
120,377.06208947872,376.31110714458043,377.195639654112,376.059597604576,376.499333547744,376.347872773856,375.149418563296,375.69525354813663,377.32533117926465,376.8687438964844
121,377.04377996112,376.3297198903582,377.231620490976,376.050922997472,376.529484039904,376.378207553248,375.144032683744,375.7092996444392,377.3319455816094,376.893310546875
122,376.97725277072,376.34833263613586,377.208564926176,376.039091259104,376.53390221488,376.410327271136,375.093800978144,375.7233457407419,377.31530724651935,376.8765869140625
123,376.94400036032,376.36694538191364,377.185217595104,376.027182974688,376.519997310688,376.442575701728,375.02869954736,375.7373918370445,377.30166020919495,376.85748291015625
124,376.95257910192,376.38555812769135,377.182385653472,376.01627136176,376.517888362208,376.473324406496,375.039925012192,375.7514379333471,377.3099525304452,376.85723876953125
125,376.92317426272,376.40417087346907,377.22554163376,376.011916232416,376.537017009888,376.502315697888,375.041784661728,375.7654840296497,377.33734055962907,376.8873291015625
126,376.89175615952,376.4227836192468,377.248382502624,376.007351781088,376.550880757472,376.528594585312,375.031365486304,375.7795301259523,377.365745916005,376.90447998046875
127,376.88332282032,376.44139636502456,377.222831589088,376.002142193376,376.560854288096,376.551793805024,374.993755686624,375.79357622225496,377.3814927667127,376.89080810546875
128,376.89879139872,376.4600091108023,377.2394641016,375.999760352992,376.57442050224,376.57213853872,375.004205205216,375.80762231855755,377.38810963517517,376.9038391113281
129,376.91395798752,376.47862185658,377.25556498608,375.997744072416,376.593768826592,376.589965117152,375.009726744288,375.8216684148602,377.4004013742195,376.9172668457031
130,376.94675182112,376.49723460235776,377.287540524768,376.001244350176,376.613457676,376.605989717728,375.019514545888,375.8357145111628,377.42722633628017,376.9417724609375
131,376.99184893472,376.5158473481354,377.322235283168,376.005543904992,376.635805976288,376.620742133472,375.027525994208,375.84976060746544,377.461456862415,376.9687194824219
132,377.03840007232,376.5344600939132,377.352879130336,376.009710421728,376.660851214048,376.635003553504,375.05287479472,375.863806703768,377.48745921204426,376.9936828613281
133,377.06826348832,376.5530728396909,377.380921722592,376.014167918304,376.686368573152,376.649381103328,375.056589833952,375.8778528000706,377.49810288568506,377.0147399902344
134,377.08658419072,376.57168558546863,377.405986096864,376.020740392672,376.708126263008,376.66430836912,375.049189770976,375.8918988963733,377.50304134244476,377.032958984375
135,377.10057637552,376.5902983312464,377.39821457584,376.030047291104,376.726720661216,376.679805798112,375.048442791648,375.90594499267587,377.5192740450098,377.0335693359375
136,377.11895300192,376.6089110770241,377.419956537056,376.04865335472,376.744602552032,376.695701685984,375.041596770016,375.9199910889785,377.5533453349639,377.0529479980469
137,377.27562968032,376.6275238228019,377.478837487328,376.141670696672,376.76432548016,376.711782385376,375.113869739744,375.9340371852811,377.5937344629541,377.1048583984375
138,377.34640709472,376.64613656857955,377.54058367152,376.157566846688,376.813353486048,376.728856348384,375.160584718048,375.94808328158376,377.62203496003656,377.1519470214844
139,377.36649499552,376.6647493143573,377.58107312304,376.164617864928,376.851898877664,376.7482914424,375.16538208432,375.96212937788636,377.63226608794287,377.1814270019531
140,377.39933356832,376.68336206013504,377.622478243552,376.175682307808,376.873161377504,376.770044675808,375.183754315488,375.97617547418895,377.6386268260955,377.21051025390625
141,377.43033783392,376.70197480591276,377.63700285616,376.19024060592,376.893880190688,376.7933081208,375.178685105888,375.99022157049154,377.6628042377402,377.224853515625
142,377.47042415712,376.7205875516905,377.683630147296,376.241668277984,376.916677281504,376.8178579064,375.19291637936,376.0042676667942,377.7122201998223,377.26385498046875
143,377.69743085792,376.73920029746824,377.819811333856,376.392941094624,376.943041627872,376.843563484896,375.379827541728,376.0183137630968,377.77047122249235,377.3723449707031
144,377.70352657392,376.75781304324596,377.874310285024,376.4045092472,377.00595146928,376.871297009376,375.399168526048,376.03235985939943,377.8099936064772,377.4150390625
145,377.66234414032,376.7764257890237,377.914620430048,376.406359197408,377.033163589344,376.90182525104,375.395800368864,376.0464059557021,377.81586639875974,377.4413757324219
146,377.62457307072,376.79503853480145,377.8978256504,376.402787223264,377.030043551456,376.933443225312,375.3493206648,376.0604520520047,377.79868313013793,377.42852783203125
147,377.58919554832,376.8136512805791,377.883260143328,376.3978901112,377.023406589664,376.96500457648,375.294152722144,376.07449814830727,377.7846858399395,377.4163513183594
148,377.56372775872,376.8322640263569,377.89601554608,376.389511726816,377.024511526624,376.995057551072,375.319340697312,376.08854424460986,377.792813850418,377.4262390136719
149,377.53785731632,376.8508767721346,377.922021279456,376.37628158128,377.03596040368,377.022596564704,375.303855195872,376.1025903409125,377.8202112913811,377.44317626953125
150,377.51825036192,376.8694895179123,377.918024369888,376.36464500912,377.048767710944,377.04753012912,375.2812877432,376.1166364372151,377.8487954473088,377.4436950683594
151,377.53201885072,376.8881022636901,377.900582356704,376.356703618784,377.062051071712,377.069727958752,375.257129993952,376.13068253351776,377.86489865275587,377.43597412109375
152,377.54727491792,376.9067150094678,377.92178036912,376.353202685664,377.081643189984,377.089515898592,375.265592395488,376.14472862982035,377.8720501834262,377.451416015625
153,377.56560680512,376.9253277552455,377.945774671584,376.353172801248,377.101967738592,377.107216647904,375.2657884792,376.158774726123,377.88505994196777,377.46875
154,377.58523612912,376.94394050102323,377.978884769504,376.358586336992,377.121568245472,377.123357378272,375.276083267296,376.17282082242565,377.9127700202295,377.493408203125
155,377.62554614832,376.962553246801,378.010439829216,376.365906708192,377.140497401568,377.138254497504,375.286868264672,376.1868669187282,377.94802531301985,377.5179748535156
156,377.66025258272,376.98116599257867,378.042963248864,376.372443530976,377.163597530848,377.152528762592,375.309681346272,376.20091301503084,377.975207416625,377.54339599609375
157,377.66901028112,376.99977873835644,378.064989898464,376.37839708336,377.186648377056,377.166644954848,375.313342973664,376.2149591113334,377.98717772655226,377.56048583984375
158,377.69590972512,377.0183914841342,378.08825229488,376.3845273208,377.203825100512,377.180675950304,375.305309046496,376.2290052076361,377.9935896515901,377.5764465332031
159,377.71170266272,377.0370042299119,378.084009756384,376.392949745376,377.223984236256,377.194925836,375.307864032992,376.24305130393867,378.0114326829492,377.5798034667969
160,377.73619737472,377.05561697568965,378.097169385184,376.415073912544,377.243527857888,377.209383864032,375.301258266336,376.2570974002413,378.04723188057505,377.59478759765625
161,377.91345408512,377.07422972146736,378.157321996,376.496229762784,377.265039918816,377.224100628192,375.357476751072,376.2711434965439,378.0894585035619,377.64483642578125
162,377.99326881792,377.0928424672451,378.209356531424,376.51528343728,377.317751572192,377.24048777392,375.40171342,376.2851895928465,378.1196703290689,377.68585205078125
163,378.00938611472,377.1114552130228,378.264982177504,376.524045076192,377.35834902704,377.25969637552,375.417545213664,376.2992356891491,378.1319034404081,377.72320556640625
164,378.02906017792,377.13006795880057,378.308920657632,376.536813848288,377.378208532192,377.281314342624,375.426782643936,376.31328178545175,378.14035928811865,377.7520446777344
165,378.07159597232,377.14868070457834,378.327121053408,376.557077579488,377.394453333728,377.304536631008,375.416607655648,376.3273278817544,378.1666995037607,377.76800537109375
166,378.11540683392,377.167293450356,378.38209343664,376.63214067888,377.418410936032,377.329156933344,375.443090491104,376.341373978057,378.218330136842,377.813720703125
167,378.12409742352,377.18590619613377,378.505417246432,376.784408856288,377.446689982176,377.354918610656,375.623882557152,376.35542007435964,378.27882038645015,377.9133605957031
168,378.09781314352,377.2045189419115,378.540059051744,376.797078013664,377.467967948512,377.379601565408,375.625768158944,376.36946617066224,378.320594614735,377.9399108886719
169,378.08210968432,377.2231316876892,378.526492575456,376.804352771808,377.478071764704,377.404048852704,375.5921413752,376.3835122669649,378.32873209680855,377.9341735839844
170,378.07218876672,377.2417444334669,378.527502878432,376.810471474912,377.48975657136,377.427915228896,375.58043795632,376.3975583632674,378.3138276638557,377.93536376953125
171,378.06735693312,377.2603571792447,378.531206973152,376.815351023328,377.504065439456,377.450696853216,375.571107464928,376.41160445957007,378.30211394614355,377.93865966796875
172,378.06367713392,377.27896992502235,378.539992467168,376.819342427872,377.520163702496,377.472141280992,375.566144816864,376.42565055587266,378.3125149965081,377.94696044921875
173,378.03280708592,377.2975826708001,378.555538654944,376.823561111264,377.53633956016,377.492063176416,375.565689472736,376.4396966521753,378.3421421238126,377.9609680175781
174,378.02247233072,377.3161954165779,378.556013135584,376.82789540016,377.545782249184,377.51000850608,375.546719553248,376.45374274847796,378.3728962146481,377.9654541015625
175,378.02498891072,377.33480816235556,378.55736946864,376.832858310368,377.557849261792,377.525958395616,375.537766680288,376.46778884478056,378.3911079698638,377.97015380859375
176,378.01894911872,377.35342090813333,378.573663815392,376.83613982896,377.573915805408,377.539933292256,375.534358415072,376.4818349410832,378.40031744951557,377.9822692871094
177,378.03597238432,377.37203365391105,378.585490179808,376.838782764768,377.588796409568,377.552087336672,375.53713242288,376.4958810373858,378.4153208962519,377.99285888671875
178,378.07183085312,377.39064639968876,378.601459468,376.842231531232,377.607867909856,377.562937214688,375.541468808928,376.5099271336884,378.4449447690375,378.0075988769531
179,378.08883174912,377.4092591454665,378.624760923872,376.84711710896,377.631844124384,377.57322322096,375.555262564064,376.523973229991,378.48201839835315,378.02789306640625
180,378.10376345712,377.42787189124425,378.651924285152,376.851002607328,377.652238927584,377.58306410672,375.565438732,376.53801932629364,378.51091711300074,378.0487365722656
181,378.12408623872,377.4464846370219,378.657003063008,376.854756247264,377.6706319992,377.592706025184,375.558139201248,376.55206542259623,378.524507887265,378.05548095703125
182,378.13692638912,377.4650973827997,378.665724593888,376.8605152888,377.69012109488,377.60258203824,375.564975654624,376.5661115188989,378.53244470915183,378.0647277832031
183,378.15218245632,377.48371012857746,378.681192662752,376.869999920864,377.7087870584,377.612558976736,375.57172494512,376.5801576152015,378.551718493925,378.0788269042969
184,378.16731549072,377.5023228743551,378.703597586144,376.92336038064,377.728044680928,377.622776039136,375.567366276832,376.5942037115041,378.5888381235461,378.10150146484375
185,378.37000643632,377.5209356201329,378.784655656672,377.082778797792,377.747709937376,377.633177126624,375.645436954336,376.6082498078067,378.63225080666325,378.1701354980469
186,378.44602952192,377.5395483659106,378.841773164256,377.15310862512,377.80426907824,377.6455710328,375.690715514592,376.6222959041093,378.6635443838212,378.21795654296875
187,378.47182167072,377.5581611116883,378.898445551328,377.186429486816,377.844862600928,377.661130327776,375.707128743648,376.63634200041196,378.67675626867145,378.25714111328125
188,378.47476327312,377.57677385746604,378.931840075488,377.242498156256,377.866065069792,377.679692482272,375.704794744544,376.65038809671455,378.6861008000636,378.28387451171875
189,378.47447246832,377.5953866032438,378.955548903136,377.309217736416,377.877768750816,377.700185327328,375.69508270256,376.6644341930172,378.7132424446066,378.30731201171875
190,378.45543593872,377.6139993490216,378.999321183968,377.34150758576,377.88815515824,377.721502090976,375.734201927392,376.6784802893198,378.76558098894157,378.3427734375
191,378.46220274272,377.63261209479924,379.02881185968,377.349230085856,377.897526281952,377.742612547296,375.749062608608,376.69252638562244,378.8266972569056,378.3675537109375
192,378.46588254192,377.651224840577,379.038719330016,377.352513439456,377.916337473248,377.763441198816,375.739459356384,376.70657248192504,378.86898566203536,378.37945556640625
193,378.45615176592,377.66983758635473,379.039988631264,377.358928627424,377.93623236784,377.78394112176,375.726456620768,376.72061857822763,378.8775718132508,378.38409423828125
194,378.44621966352,377.68845033213245,379.049425815264,377.366375089888,377.952262997728,377.803562075872,375.727687255776,376.7346646745302,378.86308270340993,378.391357421875
195,378.43545988592,377.70706307791016,379.061662172896,377.371678525152,377.966414579424,377.821944661728,375.718849726176,376.7487107708329,378.85176811896673,378.3992004394531
196,378.40529448032,377.72567582368794,379.072480855776,377.374530651872,377.979745126112,377.838842726112,375.719942735584,376.7627568671355,378.8625458861062,378.40875244140625
197,378.37971484272,377.74428856946565,379.089701619424,377.374966073056,377.988525639392,377.853827663584,375.714701821664,376.7768029634381,378.8925342507399,378.4222717285156
198,378.34988498112,377.76290131524337,379.094365685472,377.375637161696,377.997355435744,377.866921756384,375.703856531168,376.79084905974076,378.92364865808884,378.42919921875
199,378.34892308832,377.78151406102114,379.08488708272,377.374928848608,378.005886125792,377.877766915808,375.69090805936,376.80489515604336,378.9422458453855,378.427734375
200,378.34869939232,377.8001268067988,379.085002950368,377.3737539192,378.020938172128,377.886651238112,375.681377945312,376.81894125234595,378.95189520987117,378.4307861328125
201,378.35026526432,377.8187395525766,379.090804721376,377.373650634464,378.037694416608,377.894020105952,375.675320059616,376.83298734864854,378.9674217720082,378.43780517578125
202,378.33480787072,377.8373522983543,379.110101141216,377.373163308768,378.054345017056,377.900037097184,375.681177667296,376.8470334449512,378.99765746187626,378.45361328125
203,378.33659743872,377.855965044132,379.116353275616,377.369907218144,378.0666660472,377.904592635616,375.673726879456,376.8610795412538,379.03544461044623,378.46209716796875
204,378.33390190192,377.8745777899097,379.127173007072,377.366440625888,378.08166854832,377.908186105568,375.679929730784,376.87512563755644,379.06518214940075,378.47314453125
205,378.34528802832,377.8931905356875,379.126597863136,377.363192923872,378.096866871008,377.911026435808,375.68309747888,376.8891717338591,379.07977213533843,378.4770812988281
206,378.37366386592,377.9118032814652,379.130739738336,377.360884745952,378.115157182176,377.913451529952,375.689002665696,376.9032178301617,379.0889095729967,378.48333740234375
207,378.40005999392,377.9304160272429,379.138264844,377.36500224176,378.13786304688,377.916094990048,375.692658132704,376.91726392646433,379.10960425995245,378.4932861328125
208,378.42802199392,377.9490287730207,379.15479826608,377.418236085984,378.160735635168,377.919330371296,375.68994992304,376.93131002276687,379.1483816255797,378.51416015625
209,378.61499829552,377.96764151879836,379.246858520288,377.599902664416,378.183230736096,377.923466479328,375.792704210656,376.9453561190695,379.19370689900404,378.5931396484375
210,378.66464762272,377.98625426457613,379.312034334432,377.69218154672,378.236704704224,377.929772091104,375.832270915296,376.9594022153721,379.2271964197277,378.6463317871094
211,378.68469078432,378.00486701035385,379.3620964984,377.72155478192,378.270162929376,377.939291850464,375.849618818784,376.97344831167476,379.24292824761113,378.6806640625
212,378.69999159072,378.02347975613156,379.388058715872,377.736798717664,378.288626255584,377.95177357488,375.845120689888,376.98749440797735,379.2551495061995,378.69891357421875
213,378.72969841952,378.04209250190934,379.394779563744,377.751337486048,378.304828589792,377.966674626272,375.832015455968,377.00154050428,379.28555493968224,378.70880126953125
214,378.74159904672,378.06070524768705,379.42127812784,377.767805896416,378.326784460512,377.983599953632,375.85513013424,377.01558660058265,379.34155198504146,378.7337646484375
215,378.97529425792,378.0793179934648,379.454725605088,377.792136005344,378.347850352352,378.002039162592,375.869618702048,377.0296326968852,379.40671455522295,378.76318359375
216,378.99238463232,378.0979307392425,379.50471856304,377.808086943456,378.411229955808,378.024817116896,375.883501455072,377.04367879318784,379.4535027427304,378.8014221191406
217,378.96395287072,378.11654348502026,379.541436024544,377.81595938992,378.441964242656,378.05075521712,375.87736584368,377.05772488949043,379.4670626226036,378.8249816894531
218,378.92072361872,378.135156230798,379.564615321312,377.817134057184,378.44546805936,378.078229743328,375.853326190304,377.0717709857931,379.4580587771831,378.8356628417969
219,378.92456000512,378.1537689765757,379.556682319584,377.8110756472,378.439084328672,378.10559705264,375.8071125624,377.0858170820957,379.45276672582787,378.8287048339844
220,378.93260187632,378.17238172235346,379.578612762336,377.801900345056,378.450030413536,378.132349896416,375.838412687072,377.0998631783983,379.47011661630177,378.84503173828125
221,378.95630246752,378.1909944681312,379.621271979744,377.795150923488,378.470598231776,378.158351435488,375.840645236448,377.1139092747009,379.5072468741445,378.87158203125
222,378.95007253392,378.2096072139089,379.637103380192,377.792468141792,378.494902650592,378.183624476384,375.840088180448,377.12795537100357,379.5460642462791,378.88623046875
223,378.94892049952,378.2282199596866,379.626551035616,377.793444103904,378.511858124512,378.207817221856,375.818891609824,377.1420014673061,379.57296316570023,378.8856201171875
224,378.98251963872,378.2468327054644,379.636446447328,377.793709655776,378.526777788128,378.230518367968,375.818146989792,377.15604756360875,379.59154414013165,378.8951416015625
225,379.06305019872,378.26544545124204,379.65498736816,377.794916304608,378.548912178912,378.252211046112,375.82096097456,377.1700936599114,379.61664336298327,378.9102783203125
226,379.14248464832,378.2840581970198,379.692285740768,377.797563959008,378.58260869296,378.274048427744,375.837421389536,377.184139756214,379.6571033576024,378.9376525878906
227,379.25862761152,378.3026709427976,379.744775882464,377.802826761952,378.617663112928,378.297059428064,375.857839261408,377.19818585251664,379.7057665680779,378.973388671875
228,379.33674225472,378.32128368857525,379.784407336672,377.80848828592,378.658670298848,378.322342692576,375.879827637984,377.21223194881924,379.7470411761319,379.00323486328125
229,379.41539376832,378.339896434353,379.82477279408,377.817065113312,378.692832904928,378.350229309152,375.884763809504,377.2262780451219,379.7738450004217,379.0303955078125
230,379.48156304512,378.35850918013074,379.881650702048,377.828573497056,378.725237049056,378.380756764384,375.903771477728,377.2403241414244,379.795886283432,379.0657043457031
231,379.58958584352,378.37712192590845,379.911157630688,377.84352121008,378.756207789792,378.413629621984,375.918552205024,377.2543702377271,379.8301888568165,379.08966064453125
232,379.65067722112,378.39573467168617,379.967254873824,377.876585957088,378.797090719456,378.44935565488,375.942800131808,377.26841633402967,379.8832487557803,379.13067626953125
233,379.91100344112,378.41434741746394,380.070986827488,377.9657799288,378.830635714272,378.487470343904,376.03927515312,377.2824624303323,379.9435236096014,379.20428466796875
234,380.05489589312,378.4329601632416,380.151203415776,377.989841602272,378.904346937056,378.52950094,376.083729008352,377.2965085266349,379.99262794082085,379.2589111328125
235,380.12079673472,378.4515729090194,380.224168576736,378.002022123232,378.970725467872,378.576894478048,376.106336569056,377.31055462293756,380.0246464063255,379.30511474609375
236,380.20656178112,378.47018565479715,380.300947932896,378.008086824672,379.002578061024,378.628655335136,376.138516448992,377.3246007192402,380.0538342280175,379.3494567871094
237,380.27596346512,378.4887984005748,380.351023204064,378.018597226208,379.027799459552,378.684032730848,376.145222878944,377.3386468155428,380.1018654414593,379.3813781738281
238,380.30442878112,378.5074111463526,380.440793368288,378.052275390176,379.050920560352,378.741936146144,376.176842557152,377.3526929118454,380.17612031754396,379.43682861328125
239,380.51405430272,378.5260238921303,380.57834766512,378.160455141088,379.06537046192,378.801054861024,376.367738046176,377.366739008148,380.26014395067034,379.5337829589844
240,380.52916496752,378.544636637908,380.649081456352,378.161803085536,379.125594900192,378.861365806816,376.403713902304,377.38078510445064,380.3263910614984,379.5802917480469
241,380.52074281312,378.56324938368573,380.696091215584,378.152563295968,379.150579844832,378.923042522848,376.399466645216,377.39483120075323,380.35996122752016,379.60614013671875
242,380.46263777712,378.5818621294635,380.700107261664,378.1454468728,379.152778708704,378.984655800032,376.383100733152,377.4088772970559,380.37153640533705,379.60906982421875
243,380.43306516592,378.60047487524116,380.709397120736,378.14054740144,379.139621701344,379.044100622048,376.343314089696,377.4229233933585,380.3873685091207,379.61126708984375
244,380.42614177472,378.61908762101893,380.730033096416,378.132177667808,379.137077855968,379.09978472624,376.364379719392,377.4369694896611,380.42634308869765,379.626708984375
245,380.58247172432,378.6377003667967,380.783764227808,378.12242014384,379.1504021112,379.151260894944,376.375638542048,377.45101558596366,380.4855364639995,379.6578369140625
246,381.05436962112,378.65631311257437,380.835259795168,378.10933522608,379.201238648544,379.200850151136,376.413289498336,377.4650616822663,380.54684081366406,379.69342041015625
247,381.16480833632,378.67492585835214,380.931441477344,378.105794709216,379.303269287648,379.255881516768,376.44413100208,377.47910777856896,380.59661300255925,379.7503662109375
248,381.51227533312,378.69353860412986,381.060902864608,378.10625372336,379.371874993888,379.315904628448,376.480483296992,377.49315387487155,380.63842411047773,379.81781005859375
249,381.95234128912,378.7121513499076,381.155716155104,378.1067871864,379.469936248544,379.38396979376,376.568563156704,377.5071999711742,380.6870708402096,379.87896728515625
250,382.43823137072,378.7307640956853,381.28890470576,378.101593589472,379.591259637472,379.463553042144,376.687640757984,377.5212460674768,380.75136469628575,379.960693359375
251,382.80699422672,378.74937684146306,381.533565273824,378.085328864992,379.713341671136,379.558114150112,376.854851143392,377.53529216377945,380.8240555146987,380.0902099609375
252,383.20988190752,378.7679895872408,381.703887570656,378.043774846688,379.845603804896,379.667755353824,376.969247114976,377.54933826008204,380.8895203383543,380.1816101074219
253,383.55229337472,378.7866023330185,381.927467566816,377.97843624112,379.992467883744,379.793229530848,377.059886024416,377.56338435638463,380.94064150611035,380.2841796875
254,383.84164415072,378.80521507879627,382.135937058528,377.88617203888,380.154353862368,379.933441443552,377.178093307616,377.5774304526872,380.98708978580345,380.37939453125
255,384.12071609552,378.823827824574,382.333313664736,377.768856569568,380.298829285088,380.086412953312,377.398374745824,377.5914765489899,381.04582412619334,380.4786071777344
256,384.47687368192,378.8424405703517,382.511854700256,377.631603476192,380.421864474336,380.249708742368,377.486902609632,377.6055226452925,381.12329402498915,380.554443359375
257,385.05143685792,378.8610533161294,382.772136953568,377.543540917984,380.568203740896,380.42309288112,377.755888830176,377.6195687415951,381.20788820124534,380.6727294921875
258,385.43295038592,378.8796660619072,383.020487460576,377.436236728032,380.75962024112,380.607829427936,377.99491199152,377.63361483789777,381.28116881026983,380.774169921875
259,385.89544186592,378.8982788076849,383.270667208416,377.273644009184,380.93657006256,380.8039147128,378.190183581408,377.64766093420036,381.337176656108,380.8603210449219
260,386.43773689392,378.9168915534626,383.476000409312,377.087909218016,381.091615655648,381.012187072224,378.395522811616,377.66170703050295,381.39013752241965,380.92706298828125
261,386.98792839072,378.9355042992404,383.734709274336,376.858025707232,381.42441218224,381.233100015328,378.62494232752,377.67575312680555,381.4616422231181,381.0152587890625
262,387.60462470832,378.95411704501805,384.030545069792,376.616962279136,382.042023970528,381.467452557024,378.967005120224,377.6897992231082,381.5590106375601,381.14056396484375
263,388.26885642592,378.9727297907958,384.342669444832,376.401908516576,383.103841912544,381.716355663584,379.52029778096,377.7038453194108,381.66571486656983,381.3277893066406
264,388.60285692352,378.99134253657354,384.678411945696,376.026326943456,384.413773383392,381.978638599904,379.756255692512,377.71789141571344,381.754141029032,381.493896484375
265,388.60569786272,379.00995528235126,384.98290688176,375.57395972272,385.545338930912,382.253082920672,380.080408807136,377.7319375120161,381.8093894159215,381.6168518066406
266,388.51028033392,379.028568028129,385.130005317344,375.058135434976,385.708486870752,382.533298079456,380.4366378616,377.7459836083187,381.84207923484,381.6390686035156
267,388.81176661792,379.04718077390675,385.384271365856,374.524660795104,385.925287298784,382.810678937312,380.61322330288,377.76002970462133,381.87841162741177,381.66839599609375
268,389.10930466752,379.06579351968446,385.664678414048,373.99334461616,386.027973297888,383.083389437664,380.89624707248,377.77407580092387,381.93721007240987,381.7134094238281
269,389.40555646512,379.0844062654622,385.866121397984,373.47586056368,386.184356873952,383.350592816864,381.093593794272,377.7881218972265,382.01551050412843,381.73388671875
270,389.59342755072,379.10301901123995,386.073679677152,372.952087316192,386.328941872864,383.61133801648,381.778562959072,377.8021679935291,382.0951043239344,381.80889892578125
271,389.80164378752,379.1216317570176,386.243540600544,372.43937022128,386.422966634208,383.862231844576,381.892524820192,377.81621408983176,382.1623314256541,381.81170654296875
272,389.99448092432,379.1402445027954,386.504939063008,371.942429607648,386.493632268,384.105920906976,382.244486694624,377.83026018613435,382.2207311843689,381.83929443359375
273,390.32909658592,379.1588572485731,386.797251643104,371.467369891552,386.5517495928,384.340283934432,382.70018838704,377.844306282437,382.2850585951695,381.8778991699219
274,390.73394160672,379.1774699943508,387.1144416888,371.028913080032,386.64420253872,384.566946219744,383.123831965408,377.85835237873965,382.36405202798164,381.9423828125
275,390.99184072512,379.1960827401286,387.372862195424,370.631570409184,386.775015540448,384.788750452448,383.502116243168,377.8723984750422,382.4504482412624,381.9822692871094
276,391.18966628272,379.2146954859063,387.597252216544,370.255661680352,386.886256871136,385.0069350008,384.07288447152,377.88644457134484,382.5285713398696,382.0458984375
277,391.47880454752,379.233308231684,387.802977584864,369.905053517536,386.956650923744,385.220483794656,384.516046243552,377.90049066764743,382.5912934069582,382.136962890625
278,391.87101074432,379.25192097746174,388.060019214048,369.565556590304,387.043004303072,385.4307169912,384.883520751328,377.9145367639501,382.6482306663636,382.265625
279,392.34343432672,379.2705337232395,388.31403360432,369.23155734704,387.171737978592,385.640325236448,385.208394761952,377.9285828602527,382.71633103146695,382.3962707519531
280,392.78745970192,379.28914646901717,388.515024652,368.902662047456,387.33569646768,385.852402878176,385.48160438448,377.9426289565553,382.80200353841667,382.53350830078125
281,393.32240631632,379.30775921479494,388.80378675376,368.580632299232,387.4958612088,386.06821449904,385.931127867104,377.9566750528579,382.8936012796727,382.6989440917969
282,393.71334863072,379.3263719605727,389.126762841824,368.27330568368,387.725883131616,386.288884172512,386.154494478048,377.97072114916057,382.9726693861694,382.8817443847656
283,394.11790284672,379.3449847063504,389.414740608736,367.965563832032,387.916479645408,386.515803358944,386.585598674656,377.9847672454631,383.0332487066305,383.0784606933594
284,394.05822075392,379.36359745212815,389.676198840032,367.663057520352,388.022056568544,386.748118517472,387.203141781216,377.99881334176575,383.0895497199552,383.27520751953125
285,393.91795217712,379.38221019790586,389.942192162528,367.360288016096,387.950892861152,386.977713669856,387.769735628512,378.01285943806835,383.1631762617266,383.46295166015625
286,393.81922394752,379.4008229436836,390.157877954272,367.060343375584,387.9380194936,387.19734210736,388.11199398064,378.026905534371,383.26144525465673,383.6457824707031
287,393.97611313712,379.4194356894613,390.21315678384,366.772845332192,387.94138017968,387.401679161056,388.398235305696,378.04095163067365,383.36775391280605,383.75164794921875
288,393.84957949472,379.43804843523907,390.310048351968,366.506790668,388.015213561568,387.591090783968,388.742512166624,378.05499772697624,383.45451439017364,383.8794250488281
289,393.85756544192,379.4566611810167,390.39106343088,366.210765080288,388.035262334688,387.764874430176,388.775959643872,378.0690438232789,383.50685070306,384.0045166015625
290,393.76819888992,379.4752739267945,390.51834482864,365.93712816304,388.06295208112,387.925349549792,388.759444571872,378.0830899195815,383.5354107724651,384.1514892578125
291,393.59872680032,379.4938866725723,390.688503547616,365.720822138592,388.064397018848,388.071679379168,388.935962904288,378.0971360158841,383.5664116605094,384.30328369140625
292,393.36544542672,379.51249941834993,390.829589448416,365.532963981024,388.03296280752,388.198562318048,389.031452526304,378.11118211218667,383.6186778600331,384.4300231933594
293,393.06393677312,379.5311121641277,390.905113134816,365.370514917088,387.980529813216,388.304092055264,389.109245331168,378.1252282084893,383.6892234417266,384.51885986328125
294,392.84057631712,379.5497249099054,390.960825026272,365.222388877024,387.914507273952,388.38618611888,389.079717431008,378.1392743047919,383.7599236644195,384.58843994140625
295,392.68542077152,379.56833765568314,390.987081369312,365.08660195504,387.868232566496,388.44585533616,389.137366042336,378.15332040109456,383.8170924733477,384.6454772949219
296,392.15340457472,379.58695040146085,391.028250560224,364.962695923424,387.845903140576,388.484616996576,389.114918127328,378.1673664973972,383.864333983813,384.7008972167969
297,391.96336363792,379.6055631472386,390.986281305824,364.828364949216,387.754594191072,388.498516920032,388.789525071584,378.1814125936998,383.9164387220662,384.70098876953125
298,391.88216198992,379.6241758930163,390.901015299808,364.700776318688,387.718298781408,388.489122727648,388.731064862432,378.1954586900024,383.9821699429064,384.6894226074219
299,391.73096586352,379.64278863879406,390.878020028128,364.590172522208,387.725565413088,388.460406425312,388.733536356064,378.209504786305,384.05429123023737,384.7044677734375
300,391.55676260352,379.66140138457183,390.868116227808,364.495223965408,387.725262374624,388.416440682208,388.680376698592,378.22355088260764,384.11716904067094,384.7232666015625
301,391.44361716672,379.6800141303495,390.76482834608,364.416961398496,387.711636129504,388.359744177888,388.558470301408,378.23759697891023,384.1637177114491,384.6889343261719
302,391.26917902592,379.69862687612726,390.769023698656,364.36423794864,387.705958090464,388.292297672416,388.495894431456,378.2516430752129,384.2036445616238,384.70343017578125
303,391.12417927872,379.717239621905,390.760116045536,364.346816906976,387.68947028144,388.214642231008,388.421782128352,378.2656891715155,384.2539439238363,384.704345703125
304,391.04211640112,379.7358523676827,390.71984443568,364.380247607008,387.676891563744,388.12787990704,388.295289259744,378.2797352678181,384.3210389841645,384.6792907714844
305,390.94152030992,379.7544651134604,390.671500887776,364.481026246368,387.680267978464,388.03475587248,388.241644111584,378.2937813641208,384.39333703693694,384.64422607421875
306,390.75861527552,379.7730778592382,390.704260499168,364.640022873824,387.683867739872,387.936246351584,388.228853581536,378.3078274604233,384.4524429960763,384.6378173828125
307,390.60413081792,379.7916906050159,390.68394643632,364.786516281056,387.667879053024,387.833589712608,388.148170901216,378.32187355672596,384.49247307891414,384.6022033691406
308,390.56638211792,379.8103033507936,390.51874328752,364.721824384736,387.654188844768,387.727127791328,388.109485786848,378.33591965302855,384.5277124455141,384.5384826660156
309,390.55460452352,379.8289160965714,390.41703141552,364.718511933152,387.667824527072,387.622737856224,388.144979035872,378.3499657493312,384.5798238683799,384.50079345703125
310,390.49993322112,379.84752884234905,390.369693452,364.885121222368,387.692963088096,387.522737260256,388.187997914848,378.3640118456338,384.65613908440656,384.4625244140625
311,390.59777785152,379.8661415881268,390.367677040352,365.05812263088,387.706972063456,387.427244492512,388.193073022688,378.37805794193645,384.7401631521737,384.44207763671875
312,390.53496401472,379.88475433390454,390.329478465248,365.014351922912,387.746514912992,387.337000896224,388.212247283424,378.39210403823904,384.80436286056283,384.4429931640625
313,390.43718649312,379.90336707968225,390.337702446816,364.974023689952,387.755974117088,387.253746058976,388.201994307296,378.40615013454163,384.8339049800397,384.4586181640625
314,390.19524808432,379.92197982546,390.307910305504,364.944371009248,387.74683263152,387.17513326768,388.19154419888,378.4201962308442,384.839545485176,384.45281982421875
315,389.98235660112,379.94059257123774,390.160634660576,364.913585866464,387.704851842784,387.098562053856,388.096035702496,378.4342423271469,384.84757141731467,384.3891296386719
316,389.88047425792,379.9592053170155,390.066814371552,364.878304429792,387.668440041184,387.022421804768,388.057865438944,378.4482884234495,384.8768586456903,384.3613586425781
317,389.64653298112,379.9778180627932,389.918992418528,364.839553255136,387.664029730528,386.947217934048,388.0435062392,378.4623345197521,384.9244687127683,384.32427978515625
318,389.45572029312,379.99643080857095,389.786874988256,364.787817563872,387.64168667312,386.871340877536,387.974769985248,378.47638061605477,384.97231919544606,384.29449462890625
319,389.32769907232,380.01504355434867,389.61067122864,364.727755130592,387.623054526176,386.793255519968,387.933946824416,378.49042671235736,385.0068399984025,384.25164794921875
320,389.14477166832,380.0336563001264,389.407756044,364.66561966256,387.620118513376,386.712876926688,387.984267986656,378.50447280866,385.0316878296763,384.2059020996094
321,389.02244351072,380.0522690459041,389.325894764256,364.587455661792,387.608905041632,386.632780400352,387.951511520992,378.51851890496255,385.06171714217226,384.2010803222656
322,388.95824275872,380.07088179168187,389.249094960864,364.508329068256,387.606523725536,386.550688433888,387.914773612256,378.5325650012652,385.10575829997,384.2009582519531
323,388.74740927872,380.0894945374596,389.152956270304,364.435539019488,387.61787875504,386.467324544736,387.939381593824,378.5466110975678,385.1565977625335,384.19903564453125
324,388.58661659392,380.1081072832373,389.016845862624,364.360058324704,387.598544062176,386.382232602336,387.90544023728,378.56065719387044,385.1986695953339,384.17486572265625
325,388.44454726432,380.1267200290151,388.882794858208,364.281926829792,387.581542450912,386.295594010336,387.840440059616,378.5747032901731,385.22495634978657,384.14739990234375
326,388.25662025472,380.14533277479273,388.735129143008,364.204252514016,387.572303447776,386.207227365088,387.802939836128,378.5887493864757,385.24523076216576,384.1165771484375
327,388.18033991872,380.1639455205705,388.600483596,364.123441907424,387.556271769312,386.117191386848,387.779976021728,378.60279548277833,385.276519886655,384.0928955078125
328,388.16566546112,380.1825582663482,388.504777967328,364.045235963616,387.562281158368,386.02669613232,387.75967244464,378.6168415790809,385.32530964506833,384.0875549316406
329,388.30333916432,380.20117101212594,388.390362597088,363.975346276064,387.586345977568,385.93736794288,387.782191662816,378.6308876753835,385.3800323639187,384.0799865722656
330,388.37972016352,380.2197837579037,388.314768656096,363.909254530784,387.640358127328,385.853451454176,387.832701568736,378.6449337716861,385.4223371763088,384.0887451171875
331,388.38824298112,380.23839650368143,388.273105585888,363.857688708832,387.6846048888,385.777599563488,387.845795137248,378.65897986798876,385.4463957274692,384.10009765625
332,388.38256110272,380.25700924945914,388.253364045536,363.950138509024,387.703880861408,385.709762987744,387.851650385632,378.67302596429136,385.46653065736325,384.0865173339844
333,388.38904828672,380.27562199523686,388.230327879392,364.119991043808,387.713172293344,385.648724330208,387.838717249248,378.687072060594,385.5044434925711,384.056884765625
334,388.40032256512,380.29423474101463,388.235462756064,364.246070773472,387.726085506784,385.594129172192,387.842839201504,378.7011181568966,385.56747661722204,384.0517578125
335,388.39209055232,380.3128474867923,388.276396017376,364.252523710176,387.743852578528,385.546109634272,387.877754685152,378.71516425319925,385.6391436971964,384.08734130859375
336,388.40694396672,380.33146023257007,388.26120110256,364.228644488928,387.759774156512,385.502795056864,387.87032342704,378.7292103495019,385.6919215317179,384.1044921875
337,388.40667553152,380.35007297834784,388.219188856544,364.211778143968,387.780495066848,385.465315804896,387.854878951136,378.74325644580443,385.7110500708228,384.10675048828125
338,388.40372274432,380.3686857241255,388.147382372064,364.202323134176,387.799247800032,385.433344722656,387.83515943088,378.7573025421071,385.7072920388705,384.09234619140625
339,388.40394644032,380.38729846990327,388.105007318752,364.2000676472,387.81622214832,385.407378835168,387.810409891552,378.7713486384097,385.70694829571704,384.08740234375
340,388.40797296832,380.405911215681,388.101841667808,364.201459107552,387.833249973984,385.386525804256,387.812978902752,378.7853947347123,385.72889241826135,384.10150146484375
341,388.40889012192,380.4245239614587,388.086506243808,364.206124222176,387.851036968672,385.36939102384,387.827555157728,378.7994408310149,385.7701900532594,384.1148681640625
342,388.43429080272,380.4431367072364,388.063045404384,364.210454841056,387.868059551456,385.356606785248,387.807478073056,378.81348692731757,385.8127281563158,384.12335205078125
343,388.44680659392,380.4617494530142,388.058756728544,364.21486305456,387.88990558384,385.34772744368,387.79814469808,378.82753302362016,385.8429535949201,384.1380310058594
344,388.43435791152,380.48036219879185,388.024162109152,364.220332426976,387.909853693664,385.341936158432,387.784153548512,378.8415791199228,385.8645299878435,384.1397399902344
345,388.39723556032,380.4989749445696,387.989309540064,364.224362104544,387.923067848416,385.339025311456,387.758045054688,378.85562521622535,385.8923029999615,384.1412048339844
346,388.38108470912,380.5175876903474,387.966699095776,364.226663728864,387.929297438432,385.337518507744,387.759796176608,378.869671312528,385.93506285621356,384.1498718261719
347,388.35952041472,380.53620043612506,387.916778489568,364.228771366624,387.93971818672,385.336547526368,387.731393398496,378.88371740883065,385.9855929794366,384.14996337890625
348,388.32833719232,380.55481318190283,387.884022023904,364.227223668448,387.951260911328,385.33694283952,387.713861207776,378.89776350513324,386.02829524325864,384.15802001953125
349,388.31591087952,380.57342592768055,387.8355998328,364.22215590064,387.96097282224,385.337743951584,387.691707942624,378.9118096014359,386.0561354267799,384.1602783203125
350,388.30237727152,380.59203867345826,387.77177825456,364.214907094752,387.974334826208,385.338721224416,387.662738933472,378.9258556977385,386.07886581744856,384.15869140625
351,388.31022900112,380.610651419236,387.747479602912,364.207755806432,387.988336461536,385.34018818224,387.64196978864,378.93990179404113,386.11349291889456,384.1690673828125
352,388.32753188672,380.62926416501375,387.747988162272,364.251760346848,388.006539740896,385.34151463088,387.63022573744,378.9539478903437,386.1664377545735,384.1802062988281
353,388.50572812032,380.6478769107914,387.811701737184,364.399169160928,388.02722185392,385.342669113056,387.689730328288,378.9679939866463,386.2260894411549,384.19580078125
354,388.55972833472,380.6664896565692,387.872931235552,364.456812529376,388.079303575264,385.345435256544,387.732133693152,378.9820400829489,386.2740592742833,384.2306213378906
355,388.57353037792,380.68510240234696,387.913006761696,364.464877127392,388.113175725792,385.350717982432,387.743212947168,378.99608617925156,386.30448709961735,384.26068115234375
356,388.55515375152,380.7037151481246,387.92438276272,364.472662804192,388.129679263456,385.358602225376,387.730667783904,379.0101322755542,386.33167218365196,384.27783203125
357,388.53974109712,380.7223278939024,387.921931192032,364.485599086304,388.136704722656,385.368171529952,387.705850087136,379.0241783718568,386.37725720773085,384.28985595703125
358,388.54626183552,380.7409406396801,387.938084505312,364.499511592672,388.145753933536,385.378501052128,387.727275640544,379.03822446815946,386.4485221930453,384.3142395019531
359,388.54183265472,380.7595533854578,387.954383570656,364.511454873312,388.163096332,385.389248956128,387.73384077488,379.05227056446205,386.52891757884123,384.3404846191406
360,388.51160014032,380.77816613123554,387.968345360096,364.528847603424,388.180910589664,385.400164632288,387.738612844256,379.0663166607647,386.59088007109165,384.3627624511719
361,388.49690331312,380.7967788770133,387.96287598768,364.540285470432,388.192328533728,385.41032743088,387.718329190112,379.08036275706723,386.61957318358236,384.3736267089844
362,388.48895092032,380.815391622791,387.962961970912,364.551446513376,388.205224969952,385.419590551264,387.71365568688,379.0944088533699,386.6257448364223,384.3847961425781
363,388.48564021952,380.83400436856874,387.966730553056,364.563605800672,388.220216461024,385.427899467488,387.715468674784,379.1084549496725,386.6356426643941,384.39813232421875
364,388.47373959232,380.8526171143465,387.984180954848,364.577635747552,388.236287985376,385.435280393952,387.722255058656,379.1225010459751,386.66806772921365,384.41778564453125
365,388.45687291392,380.8712298601242,388.006181127904,364.591450736352,388.250069419744,385.44164315312,387.723267983072,379.1365471422778,386.71999646909285,384.4397277832031
366,388.45159368832,380.88984260590195,388.020653573856,364.60238528688,388.261724341984,385.446920636128,387.727688779488,379.15059323858037,386.77327960818315,384.46044921875
367,388.45748807792,380.90845535167966,388.021778695904,364.604011628256,388.275528845024,385.451057268448,387.728965945056,379.164639334883,386.8143033602079,384.4781494140625
368,388.45700713152,380.9270680974574,388.025833539296,364.602257360608,388.2925430392,385.454492403424,387.725660833504,379.1786854311856,386.8466822849037,384.49627685546875
369,388.46134683392,380.94568084323515,388.014732265184,364.599476537056,388.308718372576,385.45759199408,387.709768615648,379.1927315274882,386.88520530162657,384.51025390625
370,388.47092102272,380.96429358901287,388.017874847456,364.596900185824,388.325333059296,385.46074296496,387.703556851424,379.2067776237908,386.9386137552182,384.53033447265625
371,388.48702713472,380.9829063347906,388.01644249264,364.594555569888,388.343200794336,385.463980967648,387.696486303456,379.22082372009345,386.9995924226285,384.55035400390625
372,388.49226162112,381.0015190805683,388.017399842528,364.593264772832,388.362764076768,385.467624769248,387.69588756656,379.23486981639604,387.05249979204564,384.5706787109375
373,388.47547323632,381.0201318263461,388.010987800288,364.593137895136,388.38021972144,385.4717687416,387.691039999712,379.2489159126987,387.09025957580633,384.5865173339844
374,388.46761032192,381.03874457212373,388.00481902768,364.593500702432,388.392170342112,385.47589488816,387.682766735072,379.2629620090013,387.12258277618673,384.60009765625
375,388.47485807232,381.0573573179015,388.005270963936,364.601228707552,388.405239793376,385.479880525536,387.678589208288,379.27700810530393,387.16641002476814,384.6159973144531
376,388.49678028032,381.0759700636792,388.019310348,364.674781071072,388.422804489952,385.483692099296,387.678619616992,379.2910542016066,387.22811799994787,384.6311950683594
377,388.64503480432,381.09458280945694,388.10967662768,364.846840858336,388.444714485472,385.487620064992,387.774702733024,379.3051002979091,387.2960317406268,384.6683044433594
378,388.65825523792,381.1131955552347,388.159356061408,364.896413337312,388.492641748704,385.49270356144,387.809187251936,379.31914639421177,387.351718105934,384.7075500488281
379,388.63041627072,381.1318083010124,388.190708483808,364.90934018224,388.517566400224,385.499672397536,387.8167516792,379.33319249051436,387.3892839208145,384.73663330078125
380,388.58877526032,381.15042104679014,388.1917748856,364.915101058784,388.524130485984,385.50781878448,387.794030085856,379.347238586817,387.4230072514503,384.75128173828125
381,388.57302706192,381.16903379256786,388.179513886432,364.92139880624,388.52576207024,385.516295472864,387.762452219616,379.3612846831196,387.47447476004834,384.7608337402344
382,388.55149632192,381.18764653834563,388.192774178528,364.926906975968,388.535584081632,385.524594951904,387.78361143472,379.37533077942226,387.55092020223753,384.7884521484375
383,388.77774245632,381.20625928412335,388.20723089584,364.925621421792,388.548151264992,385.532089124576,387.789012649696,379.38937687572485,387.63574320033956,384.8167724609375
384,388.77563971392,381.22487202990106,388.229416666848,364.918790997728,388.609266468576,385.54256859312,387.79544985776,379.4034229720275,387.70133801085456,384.855224609375
385,388.72644896352,381.24348477567884,388.25225674928,364.913511417568,388.635434731232,385.555369608928,387.779859629792,379.41746906833004,387.73289387216886,384.87982177734375
386,388.68485269232,381.26209752145655,388.252123580128,364.90603716784,388.635478771424,385.568867927776,387.751879427808,379.4315151646327,387.7411268651906,384.88897705078125
387,388.65472084112,381.28071026723427,388.233652913888,364.894155753184,388.634464798432,385.581939476192,387.70762637488,379.44556126093534,387.7522659780624,384.89190673828125
388,388.65743874752,381.299323013012,388.24582373552,364.879690647264,388.6404081272,385.593907922656,387.73733253296,379.4596073572379,387.7850845606561,384.9167175292969
389,388.66762810032,381.31793575878976,388.277722466016,364.867801892576,388.657320609504,385.604917970656,387.7294315128,379.4736534535406,387.8365322894946,384.9459228515625
390,388.71199820192,381.3365485045674,388.28325789872,364.860632778464,388.678374967008,385.615222327008,387.7263906424,379.48769954984317,387.8884454388253,384.9690246582031
391,388.72573313632,381.3551612503452,388.272734389984,364.858850199264,388.706087782112,385.625476351712,387.724510545632,379.5017456461458,387.9272188410841,384.98699951171875
392,388.72684043152,381.37377399612296,388.291614000864,364.860232222432,388.727148431072,385.63569787056,387.733391984352,379.5157917424484,387.9564537622059,385.01116943359375
393,388.81023430032,381.3923867419006,388.29400580272,364.8653629048,388.7422248568,385.645831309024,387.728737355488,379.529837838751,387.990953356508,385.0282287597656
394,388.94011219792,381.4109994876784,388.320221251296,364.872856028896,388.773779654368,385.65706784944,387.7480961656,379.5438839350536,388.03943329776433,385.0595703125
395,389.06156794112,381.4296122334561,388.388825384672,364.877617612512,388.818984814304,385.67104536752,387.78533109936,379.55793003135625,388.09460466355375,385.10858154296875
396,389.09517826512,381.4482249792338,388.457869919968,364.877072352992,388.8642266744,385.688815584992,387.814645090016,379.5719761276589,388.1408221714215,385.156494140625
397,389.10147530752,381.46683772501154,388.480443664096,364.874844128992,388.889095751392,385.709808076512,387.80315164848,379.5860222239615,388.1710302970072,385.1813659667969
398,389.11131793152,381.4854504707893,388.502257190624,364.876090885856,388.90204356784,385.73313679536,387.803400160992,379.60006832026414,388.1949635770916,385.204345703125
399,389.13189796352,381.504063216567,388.515325593312,364.885068793568,388.914148329184,385.757864314592,387.812170450656,379.61411441656674,388.2295800328412,385.2265625
400,389.14701981312,381.52267596234475,388.55827316912,364.931072968416,388.93355327664,385.783338419936,387.81935739056,379.6281605128694,388.2812681278976,385.25567626953125
401,389.33089792512,381.5412887081225,388.629388642016,364.985295881952,388.956120729312,385.80894884016,387.871478957792,379.6422066091719,388.3383835468294,385.29852294921875
402,389.36530236992,381.5599014539002,388.670337631968,364.986957874912,389.0122069624,385.836046141152,387.914886858464,379.65625270547457,388.3824871466646,385.34356689453125
403,389.37883597792,381.57851419967795,388.704939591392,364.983601383136,389.045125957344,385.865234302688,387.918195115744,379.67029880177716,388.4077479434107,385.3754577636719
404,389.37353438272,381.59712694545567,388.713512748768,364.97979924656,389.062918194912,385.895978551008,387.916705089248,379.6843448980798,388.4284793781045,385.396728515625
405,389.38141966672,381.6157396912334,388.715483023072,364.982325266144,389.072324970208,385.927335167712,387.891026511584,379.69839099438246,388.4663145898944,385.4126892089844
406,389.38489813952,381.6343524370111,388.753985685216,365.001498478304,389.086434608864,385.958465292,387.895004808928,379.71243709068506,388.5285028641065,385.4443054199219
407,389.61816832832,381.6529651827889,388.852887373536,365.091667625696,389.103913322208,385.988891821792,388.050708907744,379.7264831869877,388.5984713196397,385.5054626464844
408,389.64640994832,381.67157792856653,388.900602824416,365.087064377056,389.16617461936,386.019949594336,388.078275970784,379.7405292832903,388.6486557331484,385.5533752441406
409,389.60049634432,381.6901906743443,388.928631260896,365.076822935264,389.198561986272,386.052975544032,388.062947886816,379.7545753795929,388.6643007142773,385.5810241699219
410,389.49798765232,381.7088034201221,388.919152133856,365.063259604704,389.199116682976,386.086525781728,388.033201882848,379.7686214758955,388.6561769939317,385.58807373046875
411,389.45973563632,381.72741616589974,388.876349261536,365.045111899872,389.17529198768,386.118138250976,387.94167902384,379.78266757219814,388.6505723097935,385.5737609863281
412,389.44334990432,381.7460289116775,388.876281104096,365.025196295904,389.17141225648,386.14693109936,387.949727893216,379.79671366850073,388.66629222930044,385.5907287597656
413,389.43582253392,381.76464165745523,388.90247872688,365.00563091632,389.185110853344,386.17247441072,387.93236242608,379.8107597648034,388.70031616379475,385.61639404296875
414,389.45422152992,381.78325440323295,388.920978753248,364.987876427488,389.203170477792,386.19486150832,387.935424268,379.824805861106,388.7345244267849,385.64306640625
415,389.46381808832,381.80186714901066,388.89952698544,364.97381712048,389.22573373616,386.214458345184,387.922467014368,379.8388519574086,388.7553639002655,385.6553649902344
416,389.46804594272,381.82047989478843,388.913049421536,364.967374669536,389.245418653408,386.231979001568,387.935955896032,379.8528980537113,388.76651881413824,385.6777038574219
417,389.48046107072,381.83909264056615,388.942611924704,364.989856138976,389.261436700384,386.24782508208,387.94451017904,379.8669441500138,388.782831388964,385.70025634765625
418,389.50690193792,381.85770538634387,388.986622756576,365.038795278048,389.277954918112,386.261719762656,387.976600798944,379.88099024631646,388.8130600805303,385.72821044921875
419,389.53856610672,381.87631813212164,389.043236423392,365.06272587952,389.297990059744,386.273914701536,388.008230045408,379.89503634261905,388.8499578984009,385.76373291015625
420,389.56244565472,381.8949308778993,389.079764616928,365.066513336032,389.32021043376,386.28510720176,388.033810056928,379.9090824389217,388.8779350590494,385.7946472167969
421,389.56941378512,381.91354362367707,389.088771884768,365.070704494304,389.341104359136,386.296366810848,388.023699687136,379.9231285352243,388.8899793925074,385.8116455078125
422,389.56698668352,381.9321563694548,389.10176059568,365.075978831584,389.357918275296,386.307826697952,388.022521087712,379.93717463152694,388.89589624404107,385.8289794921875
423,389.57799252672,381.9507691152325,389.09986267312,365.0825492088,389.372154791648,386.31919640752,388.022741288672,379.95122072782954,388.9126900493988,385.8439636230469
424,389.59324859392,381.9693818610103,389.107967117024,365.102239368928,389.389692225248,386.330398344928,388.012582684384,379.9652668241322,388.9467817591742,385.86370849609375
425,389.77019212992,381.987994606788,389.167325955808,365.198697875168,389.40964872368,386.34155729072,388.090280068832,379.9793129204347,388.986545354332,385.90478515625
426,389.82053491472,382.0066073525657,389.220960618208,365.204730857184,389.462359590624,386.353985013472,388.129936164576,379.9933590167374,389.0136237415465,385.9517822265625
427,389.83577979712,382.0252200983434,389.26505533616,365.205611661024,389.496850400992,386.369022641888,388.140381030112,380.00740511304,389.0222237951578,385.9869079589844
428,389.83703249472,382.0438328441212,389.286182045408,365.205060110048,389.514891151072,386.386183636704,388.152282367712,380.0214512093426,389.0267095394009,386.01153564453125
429,389.84763568512,382.06244558989886,389.291078895328,365.21191465136,389.52749818032,386.404795860704,388.134395758304,380.03549730564526,389.0487514164016,386.0287170410156
430,389.87090006912,382.08105833567663,389.331657737952,365.26836736176,389.543893714656,386.424199759584,388.14796538032,380.04954340194786,389.09563903161535,386.0608825683594
431,390.09103930272,382.0996710814544,389.44252682416,365.4243849848,389.565894936288,386.444201346784,388.306495391456,380.0635894982505,389.1507910022255,386.1255798339844
432,390.08256122432,382.11828382723206,389.495242933984,365.422401603296,389.62744320176,386.465946715872,388.332511610592,380.0776355945531,389.18668695903983,386.1756896972656
433,390.03537255312,382.13689657300984,389.516359157472,365.411483829984,389.651458737888,386.489884657376,388.3133834872,380.0916816908557,389.18862140701765,386.19921875
434,389.91851376272,382.15550931878755,389.482588718816,365.396223379168,389.649302865632,386.51483447472,388.259468855008,380.1057277871583,389.16741703392546,386.19366455078125
435,389.82923668912,382.17412206456527,389.447548454624,365.379466086112,389.6235791992,386.538646587104,388.177871816416,380.11977388346094,389.1493809443632,386.17987060546875
436,389.78973197552,382.192734810343,389.43262302384,365.362530010848,389.607993165536,386.559211259616,388.17131716784,380.1338199797636,389.1533324936681,386.18603515625
437,389.66385823632,382.21134755612076,389.443193718496,365.347791226592,389.615390869216,386.576074458848,388.14881996976,380.1478660760662,389.17625993544846,386.2049560546875
438,389.60145823712,382.2299603018984,389.435098711776,365.330839946976,389.608230143712,386.58771050672,388.10418208944,380.16191217236883,389.2000587511678,386.2121887207031
439,389.55781514752,382.2485730476762,389.390102218464,365.30843345072,389.61012072624,386.593966311136,388.06145786032,380.1759582686714,389.21119911465115,386.2081298828125
440,389.52912613552,382.26718579345396,389.375786010336,365.285261493984,389.618887870176,386.595436414688,388.050326177504,380.1900043649741,389.21338859408024,386.2169189453125
441,389.53820819312,382.2857985392316,389.38434134192,365.265848682208,389.630986340064,386.59293765808,388.048068593376,380.2040504612766,389.2214833516668,386.2345275878906
442,389.56565569232,382.3044112850094,389.397178009312,365.251148695264,389.650070423264,386.587708409568,388.04325982384,380.21809655757926,389.24423920039493,386.2559814453125
443,389.60058582272,382.3230240307871,389.422232684256,365.237802419936,389.672979711712,386.58101010608,388.060449130208,380.23214265388185,389.2744013769248,386.2853698730469
444,389.63619822592,382.3416367765649,389.442160871136,365.225937258208,389.696475154144,386.574012958432,388.082185062112,380.2461887501845,389.2963766753181,386.3125
445,389.65196879392,382.36024952234254,389.453083887328,365.217550223072,389.719016392416,386.5677141624,388.077772654304,380.26023484648715,389.303179873321,386.3312683105469
446,389.65563740832,382.3788622681203,389.462358542048,365.213052880608,389.73672579248,386.562596062944,388.071280920288,380.27428094278974,389.3046114306165,386.3472900390625
447,389.65758356352,382.3974750138981,389.451090544352,365.213486991072,389.75114371248,386.55872786608,388.069069473504,380.2883270390924,389.31766869523415,386.358154296875
448,389.67411469792,382.41608775967575,389.447800112864,365.245026584288,389.765772396256,386.555903002336,388.0494306936,380.302373135395,389.3487543431546,386.36962890625
449,389.84830677312,382.4347005054535,389.490353424096,365.377325942496,389.7849550456,386.55420850352,388.106201646816,380.3164192316976,389.38622274993116,386.39703369140625
450,389.88154799872,382.45331325123124,389.530171000544,365.39639586992,389.837435225824,386.55495823536,388.14177878192,380.3304653280002,389.4117094171409,386.43438720703125
451,389.90069637632,382.47192599700895,389.563054343904,365.403922548448,389.868792891104,386.558980572896,388.138957063904,380.3445114243028,389.4194036702137,386.4602966308594
452,389.91537083392,382.49053874278667,389.578989553376,365.413426317024,389.88767355056,386.565995546336,388.144210429664,380.3585575206054,389.42367473863976,386.4791259765625
453,389.93111903232,382.50915148856444,389.595527694048,365.44518348976,389.904470689504,386.575487256288,388.129570211552,380.37260361690807,389.44616939303404,386.49591064453125
454,389.94726988352,382.5277642343421,389.657409406688,365.561995380448,389.923395389152,386.586831800032,388.150133835488,380.3866497132107,389.4941204097016,386.5239562988281
455,390.16993688192,382.5463769801199,389.771404297952,365.722671826656,389.944168728288,386.599479723744,388.302484588256,380.4006958095133,389.5509369085873,386.577392578125
456,390.19673566272,382.56498972589765,389.815053371104,365.719954441952,390.005581727456,386.614835070688,388.31657115824,380.41474190581596,389.58906288213643,386.6208190917969
457,390.16558599472,382.5836024716753,389.848401233632,365.71095031984,390.03767234736,386.63399465136,388.314766558944,380.4287880021185,389.59377734766525,386.65020751953125
458,390.06701435232,382.6022152174531,389.820153644768,365.69717727408,390.042433930976,386.655496750816,388.270425425632,380.44283409842114,389.57588673896714,386.6490478515625
459,390.02242055472,382.6208279632308,389.77619419312,365.677627623136,390.02115203248,386.677339637472,388.181785102048,380.45688019472374,389.561669453201,386.63397216796875
460,389.99905550752,382.6394407090085,389.763813656288,365.655727589088,390.015798003424,386.698122413792,388.199014254304,380.4709262910264,389.5699081204893,386.6469421386719
461,390.00514003872,382.6580534547862,389.76358506672,365.632660489952,390.027985602272,386.71694749872,388.172813485792,380.484972387329,389.5975369926096,386.664306640625
462,390.02075401952,382.676666200564,389.764148152032,365.612982388448,390.04905463984,386.734730299104,388.165066606304,380.49901848363163,389.6264107547187,386.6855163574219
463,390.01758872112,382.69527894634166,389.739892492,365.59959679152,390.072194615008,386.751275779808,388.140273026784,380.5130645799342,389.6429753369265,386.6954040527344
464,390.02493713472,382.71389169211943,389.741419218656,365.592578148064,390.089132263136,386.76648747184,388.140727060192,380.5271106762369,389.6509156565111,386.7123718261719
465,390.05421894112,382.7325044378972,389.75447818416,365.592706598624,390.105265653472,386.780513224416,388.1356236408,380.5411567725394,389.6650512300311,386.73162841796875
466,390.09103930272,382.75111718367486,389.78935382192,365.59872123056,390.125899532,386.793649784544,388.144937092832,380.55520286884206,389.6940915475042,386.76092529296875
467,390.13281453072,382.76972992945264,389.829043472096,365.605837915872,390.149195744992,386.806383691488,388.16014983344,380.5692489651447,389.73073577058204,386.7936706542969
468,390.15682829632,382.78834267523035,389.863825786592,365.612615386848,390.173743957728,386.8192413304,388.183750133472,380.5832950614473,389.75935284771555,386.8253173828125
469,390.16318126272,382.80695542100807,389.88096266416,365.618989156064,390.194483742432,386.832373696224,388.177522640608,380.59734115774995,389.7729305215927,386.8456115722656
470,390.16693935552,382.8255681667858,389.8925389432,365.625485608672,390.21053010096,386.845752477408,388.176553756384,380.61138725405254,389.7812361383406,386.86328125
471,390.18143485632,382.84418091256356,389.886143678176,365.633403406048,390.225815193312,386.859246601952,388.1695450744,380.6254333503552,389.80123374682785,386.87615966796875
472,390.18742990912,382.8627936583413,389.896197424864,365.655597041376,390.244485088992,386.872842438368,388.16299671728,380.6394794466578,389.8392744538641,386.89520263671875
473,390.36798613552,382.881406404119,389.953460160224,365.74008238256,390.262693611232,386.886254773984,388.23207166128,380.6535255429604,389.88366341415855,386.9284973144531
474,390.40602564032,382.90001914989676,390.003542247136,365.748536002272,390.315694933728,386.90092015792,388.2689762936,380.667571639263,389.9159986141141,386.97039794921875
475,390.40553350912,382.9186318956744,390.046390208224,365.752480745184,390.347932354272,386.91787563184,388.276514506464,380.6816177355656,389.9304632514425,387.0003967285156
476,390.42271336192,382.9372446414522,390.075476657888,365.75507701936,390.362032555744,386.936358880992,388.287330567904,380.6956638318683,389.94139227286945,387.02362060546875
477,390.43424489072,382.9558573872299,390.083623044832,365.763786491616,390.37770981552,386.955941037792,388.274065032928,380.70970992817087,389.97039717555316,387.0396728515625
478,390.44745413952,382.9744701330076,390.132492977888,365.82547316912,390.395586987744,386.976120882912,388.296697497312,380.7237560244735,390.0246661621183,387.0663146972656
479,390.69302760832,382.9930828787854,390.238435854048,365.98365085872,390.41542185136,386.996530366176,388.446076585696,380.7378021207761,390.0875820817201,387.1102294921875
480,390.69530930752,383.0116956245631,390.289636771552,365.981958981344,390.479844263648,387.018983524064,388.467363727072,380.75184821707876,390.13151961014927,387.15545654296875
481,390.64709163472,383.0303083703409,390.32019017904,365.971266127584,390.506766452448,387.043964798688,388.458592388832,380.7658943133813,390.14176621770787,387.1817321777344
482,390.56685187952,383.04892111611855,390.292548667104,365.955730425568,390.503994017504,387.070056515296,388.402940266208,380.77994040968395,390.12912202874236,387.1784973144531
483,390.51867894592,383.0675338618963,390.261263353568,365.939741214432,390.486512158432,387.095725655776,388.331526997728,380.79398650598654,390.11984422635317,387.1700134277344
484,390.50661054672,383.08614660767404,390.259637012192,365.925298128608,390.482591532768,387.119398307552,388.342660777696,380.8080326022892,390.13267177247485,387.1851806640625
485,390.49945227472,383.10475935345175,390.28798841008,365.91524176048,390.497102776032,387.140717954784,388.332547262176,380.82207869859184,390.1645072138548,387.2107849121094
486,390.52055799232,383.1233720992295,390.302729291488,365.905225762528,390.5155503736,387.159492708064,388.333056870112,380.83612479489443,390.19718348906673,387.2344665527344
487,390.52108367792,383.14198484500724,390.28281368752,365.897302722272,390.538787866336,387.176252098272,388.317554722528,380.8501708911971,390.21713615247734,387.24517822265625
488,390.51666568192,383.16059759078496,390.302005774048,365.895238076128,390.556636727008,387.191363127008,388.324752148192,380.8642169874997,390.2280436091726,387.26641845703125
489,390.51543535392,383.1792103365627,390.317462832864,365.900471518944,390.57034371248,387.204856202976,388.323052406496,380.87826308380227,390.2447192870493,387.2840881347656
490,390.51975268672,383.19782308234045,390.340806231776,365.905839703776,390.583694182112,387.216737617632,388.324203742944,380.89230918010486,390.275843180719,387.30596923828125
491,390.54037745792,383.2164358281181,390.37222052016,365.907782715104,390.59871293616,387.227225474784,388.331014244064,380.9063552764075,390.3140945391499,387.3323974609375
492,390.55832906192,383.2350485738959,390.397887563488,365.907150423776,390.618093766368,387.236788487904,388.345523390176,380.9204013727101,390.34383374256805,387.3589172363281
493,390.55505191552,383.2536613196736,390.406422972128,365.906992613088,390.638006224608,387.245935216352,388.33932525744,380.93444746901275,390.3580524252749,387.3760986328125
494,390.56052128272,383.27227406545137,390.417460283104,365.907272058592,390.653020784352,387.254734866144,388.329558820576,380.9484935653154,390.366528829233,387.391845703125
495,390.56927898112,383.2908868112291,390.40857465008,365.909640267488,390.66887315632,387.26327132336,388.329333376736,380.962539661618,390.3862170686195,387.40423583984375
496,390.58462452672,383.3094995570068,390.415549777632,365.924391634656,390.686411638496,387.271552976608,388.317469787872,380.97658575792065,390.4234573198147,387.42034912109375
497,390.75848105792,383.3281123027846,390.475206412,366.015242356448,390.705989600992,387.279836727008,388.384641566432,380.9906318542232,390.46654678693676,387.44879150390625
498,390.77490034432,383.34672504856223,390.526627530464,366.019013035744,390.757669717728,387.289411274464,388.426674783968,381.00467795052583,390.49708751042635,387.4911193847656
499,390.78299813952,383.36533779434,390.563743975136,366.017439123168,390.784251119328,387.30108297392,388.424425588448,381.0187240468284,390.50927933401954,387.518310546875
500,390.80004377472,383.3839505401177,390.584815109856,366.016853493472,390.798866171616,387.314579195616,388.431651325664,381.0327701431311,390.5174705308892,387.5392150878906
501,390.80800735232,383.40256328589544,390.590053795552,366.022712411872,390.815206131424,387.32935258288,388.417666467552,381.04681623943367,390.54328213106675,387.5547790527344
502,390.82176465632,383.4211760316732,390.625887831776,366.081592051424,390.832516024032,387.344958539488,388.435202852576,381.0608623357363,390.5938919961572,387.57733154296875
503,390.84030905472,383.43978877745093,390.740888307424,366.231341287136,390.852272244448,387.361076201184,388.59624210608,381.0749084320389,390.6526595797204,387.624755859375
504,390.83337447872,383.45840152322864,390.75798638768,366.231763863264,390.874162317024,387.375674476256,388.598186165984,381.08895452834156,390.6920121526306,387.64935302734375
505,390.83932479232,383.47701426900636,390.746896647904,366.230875719392,390.89052639408,387.39040592048,388.580528146144,381.10300062464415,390.697244875132,387.65826416015625
506,390.84455927872,383.49562701478413,390.740528645856,366.231753901792,390.907942192864,387.405449840352,388.56305991856,381.11704672094675,390.67918506406784,387.6654052734375
507,390.84778050112,383.5142397605618,390.738754455264,366.236718909152,390.925715556064,387.42084083888,388.54892511408,381.1310928172494,390.66410718837426,387.6739196777344
508,390.85914425792,383.53285250633957,390.749570516704,366.247830144736,390.942878648032,387.436096571104,388.552837351136,381.145138913552,390.67075618479566,387.68994140625
509,390.85717573312,383.55146525211734,390.77204779184,366.260159825632,390.961435297504,387.450927630048,388.556660459232,381.15918500985464,390.6960471757112,387.71173095703125
510,390.87061986272,383.570077997895,390.789966907104,366.271641208544,390.977234192096,387.465129543392,388.562421335776,381.17323110615723,390.72180902899714,387.73211669921875
511,390.86925531712,383.58869074367277,390.798030456544,366.279416923872,390.995537086176,387.478618425056,388.561417848544,381.1872772024599,390.7345120701971,387.74822998046875
512,390.84788116432,383.6073034894505,390.810879706848,366.285609813728,391.011378972384,387.491473966816,388.553590228704,381.2013232987625,390.73786804861857,387.763427734375
513,390.79785155392,383.62591623522826,390.805760558816,366.290208343776,391.022014678752,387.503344895712,388.542236247776,381.21536939506507,390.74670562116575,387.7730712890625
514,390.78003416752,383.6445289810059,390.802653628128,366.292051740384,391.025471833824,387.513459459808,388.5194286712,381.22941549136766,390.76972267581607,387.7828369140625
515,390.77132120832,383.6631417267837,390.806442133216,366.29135548592,391.035506706144,387.521752647392,388.51575341232,381.2434615876703,390.799607193408,387.7992248535156
516,390.76568406912,383.68175447256147,390.8196111992,366.28771430576,391.050351396576,387.528276887264,388.524591859424,381.25750768397296,390.8207400385306,387.81976318359375
517,390.75861527552,383.7003672183391,390.823770900192,366.282651256544,391.066555041504,387.53330585776,388.519600637664,381.27155378027555,390.82614202687336,387.83441162109375
518,390.75745205632,383.7189799641169,390.827138926304,366.278346852064,391.0818862712,387.537220191968,388.513557694176,381.2855998765782,390.82562019143234,387.8476257324219
519,390.76631041792,383.7375927098946,390.825429747424,366.279597803232,391.09767782576,387.540213876448,388.511913527008,381.2996459728808,390.83615362458687,387.8603515625
520,390.77870317632,383.75620545567233,390.837829158624,366.337721943776,391.115509909216,387.542649718496,388.50788384944,381.31369206918345,390.8640862436323,387.8701477050781
521,390.95072540032,383.77481820145005,390.918101845728,366.482044798688,391.134314022624,387.544843339488,388.598379103968,381.327738165486,390.89772350408265,387.89642333984375
522,390.97403452352,383.7934309472278,390.954189637344,366.4985200248,391.18487216304,387.548385429216,388.618890299104,381.34178426178863,390.91869012326737,387.9278869628906
523,390.97054486592,383.8120436930055,390.985251604192,366.513200613088,391.212211685088,387.554453538528,388.621778077408,381.3558303580912,390.92122012113407,387.94964599609375
524,390.97657347312,383.83065643878325,391.000984438496,366.53217145008,391.224027039456,387.562404890336,388.610642200288,381.3698764543939,390.91969635593335,387.96136474609375
525,390.95859949952,383.849269184561,390.999880287968,366.551772481248,391.236879435488,387.571687933664,388.593151952608,381.3839225506965,390.93575054078957,387.9701232910156
526,390.95121753152,383.86788193033874,391.01719961776,366.57221394608,391.247796160224,387.581574956768,388.615611401952,381.3979686469991,390.97656591062645,387.99151611328125
527,390.94839896192,383.88649467611646,391.04440492208,366.58948661424,391.2620840568,387.591546914528,388.629474625248,381.41201474330177,391.02550769345913,388.01708984375
528,390.94788446112,383.9051074218942,391.046613223136,366.601480750816,391.279100348128,387.601280845536,388.623476770528,381.42606083960436,391.05502034470993,388.031982421875
529,390.95698888832,383.92372016767195,391.050913433312,366.618794837728,391.297005831904,387.610823935712,388.621967869664,381.44010693590695,391.05042196195154,388.0426025390625
530,390.95777182432,383.9423329134496,391.06806079664,366.636872812256,391.316511442656,387.620102784736,388.63111250096,381.45415303220955,391.0225764761015,388.0550842285156
531,390.97179756352,383.9609456592274,391.078283364064,366.654172743392,391.333833918176,387.629045040864,388.63271157936,381.4681991285122,390.9977797939328,388.06488037109375
532,390.98203165552,383.97955840500515,391.093797045984,366.671506753248,391.35283306672,387.637835253472,388.643741550304,381.4822452248148,390.994775396512,388.0804748535156
533,390.94407044432,383.9981711507828,391.120297707232,366.685312829152,391.371220895456,387.646486005472,388.652984747744,381.49629132111744,391.01046457158344,388.10205078125
534,390.91158978512,384.0167838965606,391.133639788256,366.693504829152,391.37839210672,387.654401705696,388.647379060448,381.5103374174201,391.0267013693882,388.1170349121094
535,390.90348080512,384.0353966423383,391.123012470496,366.694182733536,391.38445811888,387.66100668592,388.632133813984,381.5243835137227,391.02996924277676,388.123291015625
536,390.90229521632,384.054009388116,391.118433339104,366.69145538736,391.397330437856,387.666504369888,388.62446452912,381.53842961002533,391.02399921936507,388.13262939453125
537,390.91257404752,384.07262213389373,391.10431531184,366.687683659488,391.414037399264,387.671253370592,388.611534538464,381.55247570632787,391.02363023993917,388.14019775390625
538,390.91941914512,384.0912348796715,391.110983206624,366.685000877792,391.433503164128,387.675829356256,388.602071140064,381.5665218026305,391.037565822266,388.1564025878906
539,390.90161294352,384.10984762544916,391.113737815776,366.68284133552,391.452021016288,387.680172558048,388.594997446368,381.5805678989331,391.0584811233759,388.1724548339844
540,390.86796906512,384.12846037122694,391.11660462256,366.680239294176,391.464106903264,387.683998811872,388.59104116912,381.59461399523576,391.0707647811855,388.18646240234375
541,390.84443624592,384.1470731170047,391.110336235232,366.676488013536,391.471115585248,387.686877152992,388.577515587296,381.60866009153835,391.067455441838,388.19384765625
542,390.83037695232,384.16568586278237,391.103550899936,366.67248926896,391.480194156256,387.68868384944,388.5723555448,381.622706187841,391.0583763865083,388.2015686035156
543,390.82723402352,384.18429860856014,391.108067116768,366.67465719984,391.492950083296,387.689441969888,388.576559285984,381.6367522841436,391.0605026885157,388.2147216796875
544,390.83118225792,384.20291135433786,391.111768590048,366.745070126816,391.50912331952,387.689329772256,388.571382466272,381.65079838044625,391.0801730246831,388.2181396484375
545,391.01045223232,384.22152410011563,391.181550274272,366.899840468704,391.527128418016,387.688664975072,388.654051149536,381.66484447674884,391.1056851022797,388.2373046875
546,391.00137017472,384.2401368458933,391.217020454624,366.915141813984,391.579633764064,387.689278392032,388.672329926368,381.67889057305143,391.11866607662176,388.26763916015625
547,390.95612765872,384.25874959167106,391.24857315504,366.916550051552,391.600562292448,387.691835868896,388.663823877856,381.6929366693541,391.1133607569826,388.28790283203125
548,390.90784287712,384.27736233744884,391.247226783456,366.913652836064,391.601097066208,387.695374812896,388.641062438624,381.7069827656567,391.10416043098246,388.2935791015625
549,390.89398490992,384.2959750832265,391.223925327584,366.904803378912,391.599773763296,387.698780587744,388.609639761632,381.7210288619593,391.1126991396259,388.2950439453125
550,390.87712941632,384.31458782900427,391.231763433184,366.90205663408,391.609882035936,387.701991327456,388.635363428064,381.7350749582619,391.14613879602393,388.3162841796875
551,391.10243602752,384.333200574782,391.24214014128,366.906037552864,391.624039909088,387.704668341984,388.637581166304,381.74912105456457,391.1878236026878,388.3363342285156
552,391.10762577472,384.3518133205597,391.264541918944,366.912904677088,391.685335467744,387.710523590368,388.64619102384,381.76316715086716,391.21019558768825,388.36663818359375
553,391.06545907872,384.3704260663374,391.288299505376,366.922713056992,391.712906725088,387.718842992352,388.640774080224,381.77721324716975,391.19859360476784,388.3843994140625
554,391.02726298672,384.3890388121152,391.296400803552,366.92842045616,391.714676721376,387.728193144544,388.622602258144,381.79125934347235,391.16388946613296,388.38897705078125
555,391.01674927472,384.40765155789285,391.283070256864,366.926494746336,391.714469103328,387.737609357024,388.581545264864,381.805305439775,391.13237343886584,388.38623046875
556,391.01973561632,384.4262643036706,391.308859983584,366.91377971376,391.72456898736,387.746610333408,388.6245746296,381.81935153607765,391.12277433077924,388.4106750488281
557,391.03040591552,384.4448770494484,391.342197360352,366.898126046944,391.742245881568,387.755183490784,388.618381739744,381.83339763238024,391.13197622035983,388.43634033203125
558,391.05525854112,384.4634897952261,391.341483280096,366.889096759008,391.762988812,387.763828999904,388.611910977248,381.8474437286829,391.1418247723043,388.45166015625
559,391.06247273712,384.4821025410038,391.323734034144,366.888863975136,391.786248324832,387.77279537328,388.6014273144,381.8614898249855,391.1388030558215,388.4590759277344
560,391.07046986912,384.50071528678154,391.338668902112,366.893420037856,391.805030418144,387.78183934128,388.605197993696,381.87553592128813,391.1266510927612,388.47454833984375
561,391.09077028112,384.5193280325593,391.344020834016,366.897632691936,391.821979600608,387.790903232224,388.604870837984,381.88958201759067,391.1202060208484,388.48724365234375
562,391.12368714752,384.537940778337,391.362370914016,366.898791892704,391.841365673696,387.800097146592,388.61328670896,381.9036281138933,391.12814906301634,388.50750732421875
563,391.15110109232,384.55655352411475,391.400141670112,366.900079019744,391.864342071008,387.809814300384,388.622684047072,381.9176742101959,391.14314892788866,388.5352478027344
564,391.17862688512,384.5751662698925,391.430612240096,366.90354299056,391.886813054688,387.820431132384,388.632726259424,381.93172030649856,391.14958741339876,388.5594482421875
565,391.18896164032,384.5937790156702,391.424657376992,366.909669820128,391.90880379056,387.83217098928,388.626435852,381.9457664028012,391.1405069168297,388.5688171386719
566,391.18726155072,384.61239176144795,391.443932301024,366.917090068192,391.926963029728,387.844704618208,388.62602166448,381.9598124991038,391.1257342654208,388.5844421386719
567,391.19835687232,384.63100450722567,391.43712284848,366.926260913888,391.941819254496,387.85755701424,388.627692046048,381.97385859540645,391.1222391064018,388.59344482421875
568,391.21267341632,384.6496172530034,391.452724610784,366.951538411232,391.959496148704,387.87053314224,388.615868303072,381.98790469170905,391.1363464423426,388.6077880859375
569,391.38987420272,384.6682299987811,391.52862683312,367.007806572256,391.979232446176,387.883552261856,388.69706268848,382.00195078801164,391.15634644464586,388.6459045410156
570,391.43112374512,384.6868427445589,391.563275978464,367.00901662896,392.03193807024,387.897823381216,388.733623387872,382.01599688431423,391.1638505920869,388.6809387207031
571,391.43399823872,384.7054554903366,391.596393154272,367.006495327968,392.064487966432,387.914821846752,388.72834695344,382.0300429806169,391.15312294212623,388.705322265625
572,391.44048542272,384.7240682361143,391.599545173728,367.001944508128,392.07928127664,387.933960455904,388.721685350112,382.0440890769195,391.138566395374,388.7173767089844
573,391.44497052752,384.7426809818921,391.594897884896,367.002532234976,392.092564637408,387.954541905632,388.699148306144,382.0581351732221,391.14180376608346,388.72686767578125
574,391.45443286832,384.76129372766974,391.620179052256,367.034403702496,392.108177934048,387.975650789088,388.706561738464,382.0721812695248,391.16998320543985,388.7471923828125
575,391.67473987392,384.7799064734475,391.722354394848,367.17313712304,392.126932764384,387.996915910368,388.858892568288,382.08622736582737,391.2064374526465,388.7898254394531
576,391.69837335632,384.7985192192252,391.765574600416,367.170973386464,392.18774597808,388.019492800224,388.879127987936,382.10027346213,391.2236087777957,388.8296813964844
577,391.65449538592,384.817131965003,391.791786903264,367.162494600928,392.219096303328,388.044573689568,388.869127718624,382.11431955843256,391.2068488643156,388.85205078125
578,391.57485960992,384.83574471078066,391.787804411616,367.15364933808,392.221151512288,388.070761875168,388.832894174944,382.1283656547352,391.1670436798444,388.85406494140625
579,391.54428036672,384.85435745655843,391.766463792864,367.146131572448,392.205355763424,388.095984322272,388.768640583392,382.1424117510378,391.1304796683804,388.8447570800781
580,391.53259225072,384.8729702023362,391.773770270432,367.142519228128,392.206247053024,388.11924488368,388.788659996384,382.15645784734045,391.1158992732308,388.8581848144531
581,391.54320662592,384.89158294811386,391.809423951584,367.13949880496,392.221212329696,388.140227938016,388.78910144688,382.17050394364304,391.12015875059114,388.8828430175781
582,391.56911062272,384.91019569389164,391.83258280112,367.136936609504,392.24294301872,388.159167317728,388.797029730016,382.1845500399457,391.1251018233367,388.90594482421875
583,391.57001659152,384.92880843966935,391.822090749664,367.13423757488,392.26759504048,388.176506570464,388.786003953376,382.19859613624834,391.1172289868206,388.91607666015625
584,391.57173905072,384.94742118544707,391.839337727712,367.134897653472,392.285276128992,388.192484771552,388.795699087072,382.21264223255093,391.1002937392277,388.9330749511719
585,391.59104401552,384.9660339312248,391.852908398304,367.139975382752,392.300000233184,388.20720468144,388.79107801264,382.2266883288535,391.08913783264546,388.94696044921875
586,391.62315557632,384.98464667700256,391.882868311776,367.146897032928,392.318107043552,388.220957804256,388.801189431008,382.2407344251561,391.09243952978795,388.96942138671875
587,391.65248212192,385.0032594227803,391.920459761376,367.152795797216,392.340227802848,388.23417929904,388.814528366304,382.25478052145877,391.102864280617,388.996337890625
588,391.67072453072,385.021872168558,391.954991466208,367.158102640352,392.362545694432,388.247300130528,388.832138151648,382.26882661776136,391.1047977075362,389.02178955078125
589,391.67864336912,385.04048491433576,391.963426211552,367.163333986016,392.382147774176,388.260428302048,388.82417631408,382.282872714064,391.09129631810237,389.0342712402344
590,391.67887824992,385.0590976601135,391.974253807328,367.168831669984,392.39893967024,388.273604708064,388.821562214112,382.2969188103666,391.0722076159474,389.0467529296875
591,391.67970592512,385.0777104058912,391.973949720288,367.17589225648,392.414003513056,388.286699325152,388.821746763488,382.31096490666926,391.06450588020186,389.05712890625
592,391.69697525632,385.0963231516689,391.981256197856,367.196248262368,392.429591643872,388.299425892064,388.81007296688,382.32501100297185,391.0745080846771,389.06982421875
593,391.87203974592,385.1149358974467,392.042597893856,367.289038325472,392.449497810656,388.311896606432,388.881264985824,382.33905709927444,391.09049384984354,389.1014404296875
594,391.89794374272,385.1335486432244,392.096180127456,367.295264245472,392.502052439776,388.325465179872,388.924455831264,382.35310319557703,391.0940984802961,389.14215087890625
595,391.92044756032,385.1521613890021,392.136273479392,367.295060821728,392.5312280184,388.34099773616,388.925651207904,382.3671492918797,391.07959818589785,389.1684265136719
596,391.92304243392,385.1707741347799,392.157863659232,367.29495019696,392.549699733216,388.358400952032,388.935925155552,382.38119538818233,391.06141198694183,389.1869812011719
597,391.93594969312,385.18938688055755,392.16190906544,367.300233447136,392.563327026912,388.376913561312,388.918634137312,382.3952414844849,391.06116727721457,389.198974609375
598,391.95243608832,385.2079996263353,392.20371579056,367.355803780832,392.580475438816,388.3961161336,388.937012528864,382.4092875807876,391.086006286408,389.2252197265625
599,392.19080654592,385.22661237211304,392.307354945248,367.510306211552,392.600912185056,388.415671027424,389.079086188256,382.42333367709017,391.1192645383946,389.2694396972656
600,392.19630946752,385.24522511789075,392.357957125856,367.508570818272,392.664487347936,388.437240235744,389.10473855152,382.4373797733928,391.1333673011807,389.31158447265625
601,392.14815890352,385.2638378636685,392.38479438,367.498635560672,392.691978913504,388.461394183904,389.089604454112,382.45142586969536,391.11370066293864,389.3328552246094
602,392.05862457952,385.28245060944624,392.364477171424,367.484682684128,392.689883858656,388.486800131808,389.03964819632,382.465471965998,391.0711765853527,389.32891845703125
603,391.99892011712,385.30106335522396,392.333753894624,367.471594882784,392.670176921312,388.511516116704,388.967488341728,382.4795180623006,391.03209816208704,389.31744384765625
604,391.98914460192,385.3196761010017,392.334674544352,367.4619909752,392.66275090608,388.53388329136,388.976793405152,382.49356415860325,391.01517644725163,389.32562255859375
605,391.99894248672,385.33828884677945,392.360979121888,367.455493998304,392.677395318496,388.553691940576,388.969521530592,382.5076102549059,391.0172721559749,389.3475036621094
606,392.01672631872,385.3569015925571,392.382642702048,367.448693982944,392.700073920224,388.571148633824,388.981000292064,382.5216563512085,391.0202301682767,389.37109375
607,391.99885300832,385.3755143383349,392.37091123376,367.441203480288,392.723689948896,388.586666510048,388.96612729008,382.53570244751114,391.0105624423042,389.3800048828125
608,391.96933632112,385.3941270841126,392.378035259104,367.437128713952,392.73702154416,388.600366155488,388.963197568736,382.54974854381373,390.99203038878613,389.3918762207031
609,391.98185211232,385.41273982989037,392.380853831392,367.437569115872,392.743940048608,388.612014786272,388.950378727136,382.5637946401163,390.9794936625153,389.40057373046875
610,391.99522913312,385.4313525756681,392.404050429664,367.438945371872,392.759343630048,388.622015055584,388.955558692576,382.5778407364189,390.9816167518025,389.4211730957031
611,392.00012807552,385.4499653214458,392.437718107872,367.438217660128,392.777911813856,388.630748645088,388.965186717408,382.59188683272157,390.991054181385,389.44744873046875
612,392.04173553152,385.4685780672236,392.457903195872,367.435697407712,392.794783401696,388.638513350368,388.97198358704,382.60593292902416,390.99219430394925,389.46759033203125
613,392.05795349152,385.48719081300123,392.463630517984,367.434763126496,392.818802083552,388.646210946784,388.966779504352,382.6199790253268,390.9781070948084,389.48101806640625
614,392.08847681072,385.505803558779,392.479430461152,367.435724670688,392.83906896048,388.654126647008,388.973361415904,382.63402512162946,390.9586454069286,389.49652099609375
615,392.10373287792,385.5244163045567,392.476301510368,367.440687056608,392.86086885552,388.662681978592,388.97112375472,382.64807121793206,390.9507812942709,389.5070495605469
616,392.08098299472,385.54302905033444,392.487263323872,367.462424561376,392.880087156448,388.671868552928,388.960904333024,382.6621173142347,390.96082023056226,389.521484375
617,392.19323364752,385.5616417961122,392.540285617888,367.548222195424,392.890348521184,388.680913569504,389.015453353696,382.67616341053724,390.97703087265654,389.541748046875
618,392.20140973632,385.58025454188993,392.57779527856,367.556479207136,392.928059508448,388.690233312992,389.044989642464,382.6902095068399,390.9810455386723,389.5712890625
619,392.09897933792,385.59886728766764,392.597105854176,367.5623528056,392.951295952608,388.70077464752,389.05411854512,382.7042556031425,390.96714686606083,389.58856201171875
620,392.05122024192,385.61748003344536,392.591137359584,367.56235542704,392.942785709792,388.710427838176,389.020276803296,382.71830169944514,390.9497666719635,389.5898132324219
621,392.06479858912,385.63609277922313,392.568349705952,367.567573665504,392.941353354976,388.718579468,388.987147044576,382.7323477957477,390.9505236561903,389.5894775390625
622,392.05479937792,385.65470552500085,392.58798743728,367.62639720624,392.959493719776,388.725553546976,389.005277972192,382.7463938920504,390.9765350486432,389.60479736328125
623,392.26864156912,385.67331827077857,392.692704528096,367.776168462048,392.97756487856,388.731315472096,389.156132407008,382.760439988353,391.011104563219,389.6402893066406
624,392.29786745152,385.69193101655634,392.729622791904,367.764897318624,393.036845074144,388.737741145824,389.165560153824,382.7744860846556,391.02667493330637,389.6777038574219
625,392.24121643952,385.71054376233405,392.74786382,367.748451976928,393.067977295584,388.746741073632,389.16552450224,382.7885321809582,391.00862757132785,389.698486328125
626,392.11354194752,385.72915650811177,392.729945753312,367.729083729632,393.066530260704,388.75713036464,389.129608677088,382.8025782772608,390.96787924102324,389.6965026855469
627,391.94084863552,385.7477692538895,392.676334159584,367.70859507888,393.040296986336,388.766736369376,389.035845011168,382.81662437356346,390.9307262506795,389.676025390625
628,391.85536320912,385.76638199966726,392.64292233392,367.689714943712,393.00315013296,388.77262307504,388.982533310176,382.83067046986605,390.91585922638495,389.665283203125
629,391.82416880192,385.7849947454449,392.63109439664,367.667071993568,392.996133062368,388.773819500256,388.949464368864,382.8447165661687,390.9201212028314,389.671875
630,391.79252700272,385.8036074912227,392.610737342176,367.636913374944,393.009796007648,388.770785969888,388.940350146272,382.8587626624713,390.9253340389296,389.6821594238281
631,391.76605258112,385.82222023700047,392.573819078368,367.60421458096,393.02635511984,388.76409290928,388.901012817632,382.87280875877394,390.91801007284533,389.68426513671875
632,391.73394102032,385.8408329827781,392.5563414136,367.577750619872,393.0407835256,388.754720736992,388.874699851488,382.88685485507654,390.9019187367043,389.69000244140625
633,391.72583204032,385.8594457285559,392.551201294048,367.562400515808,393.050843563744,388.74325246128,388.869711775456,382.9009009513791,390.8918967192088,389.69903564453125
634,391.73361666112,385.8780584743336,392.560401499872,367.552429082336,393.063868974816,388.730149455584,388.877245794016,382.9149470476818,390.89659336570173,389.71539306640625
635,391.75369337712,385.89667122011133,392.575368873696,367.547314128608,393.080782505696,388.716339709664,388.88573821104,382.92899314398437,390.90864268251937,389.7348327636719
636,391.77504516032,385.91528396588905,392.601583273696,367.554956150496,393.10069915824,388.702809933536,388.911068661472,382.943039240287,390.91242076088014,389.75592041015625
637,391.76580651552,385.9338967116668,392.609921550048,367.557890590432,393.121001686752,388.689964877536,388.917511112416,382.9570853365896,390.90099375257677,389.7687072753906
638,391.74966684912,385.9525094574445,392.615235733216,367.56002234544,393.13427456176,388.678042568416,388.913858922208,382.97113143289226,390.88420642850843,389.77783203125
639,391.75303347392,385.97112220322225,392.5930940024,367.568123119328,393.14460303536,388.666776667872,388.896786007776,382.98517752919486,390.87902965051677,389.7781982421875
640,391.74408563392,385.989734949,392.58532405424,367.596404262624,393.159908050656,388.656459728608,388.878627817184,382.9992236254975,390.89173724951996,389.7840270996094
641,391.90360325152,386.00834769477774,392.612417160928,367.615627806432,393.174667806432,388.64728154288,388.9061435,383.01326972180004,390.91057295092486,389.8055419921875
642,391.91713685952,386.02696044055546,392.631411066592,367.607852615392,393.223569196768,388.640730040032,388.945956882144,383.0273158181027,390.91716137325824,389.834228515625
643,391.88693789952,386.0455731863332,392.625843128032,367.59755088048,393.250169472736,388.637319022304,388.940386846432,383.0413619144053,390.9057902975257,389.845947265625
644,391.86635786752,386.06418593211095,392.617532114656,367.59118078128,393.25709426864,388.6368167544,388.930253407968,383.05540801070794,390.8908857171097,389.8515625
645,391.87624523072,386.0827986778886,392.615126681312,367.612478932704,393.263666743008,388.637899933408,388.916045203168,383.0694541070106,390.8940528702868,389.85797119140625
646,391.90550466752,386.1014114236664,392.638132438752,367.718008145632,393.280234243808,388.639886984928,388.92753969328,383.0835002033132,390.92238552049986,389.86798095703125
647,392.10575732672,386.12002416944415,392.741176002272,367.880120092384,393.30459476144,388.643170076384,389.052101084896,383.09754629961583,390.95917420987666,389.904052734375
648,392.07336614592,386.1386369152218,392.791039985376,367.868650243808,393.36309481648,388.64884392112,389.074724112096,383.1115923959184,390.9768264654238,389.9465637207031
649,392.01875076752,386.1572496609996,392.80260997296,367.850112992992,393.380004153056,388.657010231008,389.043032999648,383.125638492221,390.960743614049,389.96142578125
650,391.92432868592,386.1758624067773,392.756879476448,367.827334252256,393.37704087728,388.666720044768,389.0021144184,383.1396845885236,390.9218537921413,389.9508056640625
651,391.88118891232,386.194475152555,392.690362009312,367.800102733536,393.361037510368,388.676508501728,388.92930654384,383.15373068482626,390.8864487812338,389.9305419921875
652,391.84765688192,386.21308789833273,392.668144781024,367.77455313072,393.363067553504,388.68593205424,388.928732972768,383.16777678112885,390.8731977492862,389.934814453125
653,391.79773911952,386.2317006441105,392.680668972768,367.75205068976,393.373647685344,388.693820491488,388.909658326752,383.1818228774315,390.87891407466867,389.9532775878906
654,391.78059282112,386.2503133898883,392.666576111328,367.729420846816,393.381925144288,388.6992594552,388.88746311856,383.19586897373415,390.8854181494557,389.9627685546875
655,391.77477672512,386.26892613566594,392.625765533408,367.708984624864,393.39539095728,388.702540449504,388.859842578144,383.20991507003674,390.8792247953594,389.96221923828125
656,391.85477041472,386.2875388814437,392.624060548832,367.69261478064,393.411710994144,388.704097584864,388.860599650016,383.2239611663394,390.86410871979785,389.973876953125
657,391.83316138112,386.3061516272214,392.641053771488,367.684316874464,393.445227677408,388.705783695072,388.869538760416,383.23800726264193,390.85490408930156,389.99517822265625
658,391.82627154432,386.32476437299914,392.671745591008,367.681401833184,393.4593750648,388.707169912544,388.865026737888,383.2520533589446,390.8602548521212,390.0176086425781
659,391.83323967472,386.34337711877686,392.686576649952,367.6782728824,393.469663692512,388.708196468448,388.862324557536,383.2660994552472,390.87277668765154,390.03558349609375
660,391.83316138112,386.36198986455463,392.692018759392,367.673133287136,393.483939006176,388.709039523552,388.873596749536,383.2801455515498,390.87684495203865,390.0509948730469
661,391.83172972672,386.3806026103323,392.690676582112,367.667166365408,393.498950420192,388.709785061088,388.868324509408,383.2941916478524,390.86553875547776,390.0612487792969
662,391.82906774432,386.39921535611006,392.692230571744,367.662579369696,393.514211395296,388.710722488032,388.843271931616,383.30823774415506,390.848719737895,390.0703125
663,391.83624838592,386.41782810188784,392.6719469176,367.661936592608,393.529577228,388.711882213088,388.846124058336,383.3222838404577,390.84334645629457,390.07537841796875
664,391.83929065152,386.4364408476655,392.673689650912,367.688385349344,393.547331716832,388.713228584672,388.82993299632,383.3363299367603,390.8556904311299,390.0860595703125
665,391.99789111552,386.45505359344327,392.725850015456,367.76866537648,393.564742272736,388.714896869088,388.892985968352,383.3503760330629,390.8739905145901,390.1102294921875
666,392.03059547072,386.473666339221,392.753775691488,367.766342256352,393.613396199136,388.718053082848,388.924389770976,383.3644221293655,390.87987761491075,390.1410827636719
667,392.00294664512,386.4922790849987,392.780512282336,367.761609508576,393.643280615136,388.723893651168,388.922277938912,383.37846822566814,390.867650791331,390.1634216308594
668,391.99135919232,386.5108918307764,392.799252432608,367.760312944352,393.650983454432,388.731621656288,388.919242311392,383.39251432197074,390.8517634474132,390.177490234375
669,391.98528584592,386.5295045765542,392.792466048736,367.776256018144,393.658988283616,388.740425500384,388.893709485792,383.4065604182734,390.853823227314,390.18316650390625
670,391.98384300672,386.54811732233185,392.824516822752,367.866628064992,393.67195287728,388.749552305888,388.908704122592,383.420606514576,390.88091257484473,390.1980285644531
671,391.98406670272,386.5667300681096,392.926748788448,367.987233703648,393.688560223968,388.75855118512,389.034978887392,383.43465261087863,390.91630435004294,390.2381591796875
672,391.95911341392,386.5853428138874,392.916070090464,367.980402231008,393.706543302368,388.765877585632,389.02044352688,383.4486987071812,390.9324419748304,390.25067138671875
673,391.93149814272,386.6039555596651,392.892185626336,367.972981982944,393.718627092192,388.773055088352,388.999003293408,383.4627448034838,390.9147388550575,390.2520446777344
674,391.92161077952,386.6225683054428,392.869188257504,367.965153314528,393.728242534112,388.779770169056,388.967643530976,383.47679089978647,390.8741468517713,390.24896240234375
675,391.91266293952,386.64118105122054,392.85970493616,367.958741796576,393.74158880944,388.786253514464,388.953734170336,383.49083699608906,390.83697100563694,390.2521057128906
676,391.90501253632,386.6597937969983,392.853769996,367.953010804448,393.756245804768,388.792028022496,388.948842563296,383.5048830923917,390.8218819773744,390.260498046875
677,391.91141024192,386.678406542776,392.858794772192,367.948564842208,393.770974103264,388.797061187296,388.946956175072,383.5189291886943,390.8256949287904,390.2752990722656
678,391.91038124032,386.69701928855375,392.856785700576,367.952602908384,393.788328036064,388.801776633568,388.940677301984,383.53297528499695,390.83023289881345,390.2872314453125
679,391.84597916192,386.7156320343315,392.85017338032,367.963312015072,393.804352374496,388.806016026336,388.926895867616,383.54702138129954,390.8220339000328,390.2940673828125
680,391.77441881152,386.7342447801092,392.87903019184,367.975031949024,393.805440796384,388.80878846128,388.929345341152,383.5610674776022,390.8049000029384,390.30780029296875
681,391.75504673792,386.75285752588695,392.842699130592,367.966701536992,393.802062284512,388.808626980576,388.891498039008,383.57511357390473,390.7936814647703,390.30181884765625
682,391.71418866352,386.77147027166467,392.828547548896,367.957089765088,393.811558188768,388.80671752368,388.88445370544,383.5891596702074,390.7970192523233,390.3094482421875
683,391.68963802752,386.7900830174424,392.826901284576,367.945738929888,393.82075629744,388.802844083936,388.882097555168,383.60320576651,390.8075383260723,390.3223876953125
684,391.68667405552,386.8086957632201,392.82439938224,367.932514813664,393.832485668576,388.797146121952,388.873881962208,383.6172518628126,390.8096277245446,390.333984375
685,391.68410155152,386.8273085089979,392.8093628024,367.9201793656,393.849063655136,388.79028109488,388.868932683488,383.6312979591153,390.7963887740432,390.34039306640625
686,391.68596941312,386.84592125477565,392.805688592096,367.910248826592,393.86604429488,388.782751270624,388.874049734368,383.64534405541787,390.7777047823895,390.3496398925781
687,391.68256923392,386.8645340005533,392.812087002848,367.912626472672,393.88296831152,388.775028508384,388.872519861984,383.6593901517205,390.7705465744419,390.3618469238281
688,391.69308294592,386.8831467463311,392.810595927776,368.00306667696,393.898155886304,388.767300503264,388.863037589216,383.6734362480231,390.7811938737139,390.3621826171875
689,391.86213001312,386.9017594921088,392.88211300528,368.161646495456,393.915744700128,388.760025482976,388.935061128928,383.6874823443257,390.7978797093515,390.3813781738281
690,391.86388602672,386.9203722378865,392.921247958752,368.17887355056,393.965765969632,388.75481825456,388.964660332256,383.7015284406283,390.802251136279,390.41259765625
691,391.83594639632,386.9389849836642,392.930875983584,368.178817451744,393.988564109024,388.752273360608,388.950258140896,383.71557453693094,390.7886409333958,390.4261474609375
692,391.79804110912,386.957597729442,392.922038585056,368.185755879136,393.994144630496,388.751889581792,388.926274062048,383.72962063323354,390.7715162755168,390.4283142089844
693,391.78542465472,386.97621047521966,392.90899849392,368.196286203616,393.996566841056,388.752483075808,388.898875819744,383.7436667295362,390.7724951174456,390.43084716796875
694,391.78666616752,386.99482322099743,392.910814627552,368.204263245536,394.007553820384,388.753577789152,388.922928056032,383.75771282583884,390.79865819009603,390.44677734375
695,391.78059282112,387.0134359667752,392.930712405728,368.206732117728,394.025547384544,388.75502272688,388.934299862752,383.77175892214143,390.83327718938364,390.4712829589844
696,391.77365824512,387.03204871255286,392.934948652768,368.20616798384,394.043220084448,388.75661131952,388.928313542368,383.7858050184441,390.8488059087019,390.4874267578125
697,391.75178077632,387.05066145833064,392.91190304944,368.210400036576,394.059420583648,388.758395995872,388.913596778208,383.7998511147466,390.83067950762677,390.4884033203125
698,391.74484620032,387.06927420410835,392.918710404832,368.220510930656,394.071265298144,388.76002967728,388.915295471328,383.81389721104927,390.78985956911924,390.493896484375
699,391.73026122112,387.08788694988607,392.926518101728,368.232271234784,394.08512327856,388.761338300128,388.914333927136,383.82794330735186,390.7526898180984,390.5003662109375
700,391.72820321792,387.1064996956638,392.932186703584,368.241514432224,394.098029151968,388.762197083872,388.915002918624,383.8419894036545,390.7378237159029,390.50994873046875
701,391.72082124992,387.12511244144156,392.951574873824,368.242352244448,394.11324608688,388.762725566176,388.924841707232,383.8560354999571,390.7420622282626,390.52880859375
702,391.74685946432,387.1437251872193,392.951537125088,368.238386530016,394.127825487584,388.762840909536,388.92758163632,383.87008159625975,390.747235514714,390.5420837402344
703,391.72834862032,387.162337932997,392.936634762976,368.234467477216,394.14922272944,388.763187988192,388.91710636208,383.8841276925624,390.7398946552053,390.5496520996094
704,391.71871850752,387.18095067877476,392.920006444768,368.231096829664,394.162281694944,388.764001683168,388.88840159408,383.898173788865,390.72385499550654,390.5525207519531
705,391.69169603072,387.1995634245525,392.904617543392,368.228232120032,394.174594074336,388.76520439984,388.878673954528,383.9122198851676,390.7139711458039,390.55743408203125
706,391.68053360032,387.2181761703302,392.888314283744,368.22385221808,394.183808960224,388.765974054624,388.856036247264,383.9262659814702,390.71887837171766,390.5632629394531
707,391.67163049952,387.2367889161079,392.881722935008,368.219349632736,394.196396066528,388.766479468256,388.85042741424,383.94031207777283,390.7311944105246,390.5748596191406
708,391.66811847232,387.2554016618857,392.893561358048,368.215553263328,394.210950301408,388.766610540256,388.850472503008,383.9543581740754,390.7353076031374,390.5913391113281
709,391.66579203392,387.2740144076634,392.881479665376,368.211986007776,394.226972542688,388.766322181856,388.849366255328,383.9684042703781,390.7243258148816,390.59832763671875
710,391.66885666912,387.2926271534411,392.88210251952,368.209760929504,394.243233859296,388.76576014512,388.851094308576,383.98245036668067,390.7081460341379,390.60833740234375
711,391.67764792192,387.3112398992189,392.88238563504,368.216789010144,394.260321453792,388.765095347936,388.849821337312,383.9964964629833,390.70373504853006,390.6189880371094
712,391.70198604672,387.32985264499655,392.89322791088,368.3069859448,394.278566676192,388.764626634464,388.846034929376,384.0105425592859,390.71735021612545,390.6253356933594
713,391.88737410672,387.3484653907743,392.977894131424,368.452420290272,394.300140078816,388.76468011184,388.9406416504,384.0245886555885,390.7372183702409,390.6531677246094
714,391.87805716832,387.36707813655204,393.010496456416,368.454986155744,394.353755866848,388.766916724448,388.957807888096,384.03863475189115,390.74498308707126,390.6856689453125
715,391.84233291712,387.38569088232975,393.030176130784,368.4507195,394.374209390304,388.771884877536,388.944770942688,384.05268084819375,390.7349826254733,390.703369140625
716,391.81519859232,387.4043036281075,393.012444710624,368.44609790128,394.37667983536,388.77856325808,388.909187516128,384.0667269444964,390.7216872183684,390.7041320800781
717,391.76568348272,387.42291637388524,392.996672030432,368.446831380192,394.380880430816,388.786099373792,388.88134992048,384.080773040799,390.72670567103876,390.70758056640625
718,391.75245186432,387.441529119663,393.002242066144,368.448191907552,394.384443492064,388.793170970336,388.898236188384,384.09481913710164,390.7571094058045,390.7230224609375
719,391.97461554672,387.4601418654407,393.016259430112,368.444964390624,394.397582149344,388.799426774752,388.89673777328,384.10886523340423,390.79612720298474,390.7438659667969
720,391.97118181312,387.47875461121845,393.036455003872,368.437168752352,394.459114686176,388.808587134688,388.911977776864,384.1229113297069,390.8162102478748,390.7783203125
721,391.92319902112,387.49736735699616,393.064286308064,368.42618806448,394.485440235232,388.819812140768,388.902686344928,384.1369574260094,390.8028034570656,390.8011474609375
722,391.85773438672,387.5159801027739,393.06524680368,368.416636585696,394.485903705824,388.831807850208,388.870625085152,384.15100352231207,390.76689089477674,390.8038330078125
723,391.84852929632,387.5345928485516,393.038908671712,368.404680722144,394.479276705504,388.843022370528,388.822846719712,384.16504961861466,390.7347810682343,390.79547119140625
724,391.85812585472,387.55320559432937,393.053955737312,368.39878090928,394.488418191072,388.853336164064,388.860903737056,384.1790957149173,390.72511629061967,390.81341552734375
725,391.87322533472,387.5718183401071,393.093640144608,368.393121744608,394.507999299296,388.8628373112,388.856098113248,384.19314181121996,390.7346745915506,390.8406982421875
726,391.90312230512,387.5904310858848,393.105048651488,368.389551867616,394.530287830752,388.8718550648,388.86625042608,384.20718790752255,390.74527198308226,390.86029052734375
727,391.90798769312,387.6090438316626,393.08470837424,368.381913515744,394.554574948064,388.88060543152,388.849293903584,384.2212340038252,390.7434559857086,390.86688232421875
728,391.93286268832,387.62765657744023,393.098253879008,368.377037113056,394.572463654624,388.88946065584,388.852961822432,384.2352801001278,390.73303747853237,390.883056640625
729,391.95880023952,387.646269323218,393.090720909024,368.374767470304,394.592344655584,388.898639890144,388.843678779104,384.2493261964304,390.7288702485826,390.8920593261719
730,391.98446935552,387.6648820689957,393.109442184928,368.376077141728,394.613360215776,388.908521670368,388.845479184096,384.263372292733,390.73956436818213,390.9122009277344
731,392.01230832272,387.68349481477344,393.144219256544,368.380037088992,394.634572908256,388.91912487088,388.854463383264,384.27741838903563,390.75771372432644,390.9388427734375
732,392.05328942992,387.7021075605512,393.173807974112,368.386259863264,394.656360220384,388.93057007792,388.868212311776,384.2914644853382,390.76769657861905,390.96282958984375
733,392.05703633792,387.72072030632893,393.17754929328,368.394815719136,394.681299551968,388.943109998304,388.868598187744,384.3055105816409,390.76262408732845,390.97564697265625
734,392.05627577152,387.73933305210664,393.202614453984,368.404440073952,394.698909337312,388.95633883312,388.870081922784,384.3195566779435,390.75238749376183,390.992919921875
735,392.06472029552,387.75794579788436,393.199089141472,368.415743723232,394.713679578848,388.969810937568,388.872875329248,384.3336027742461,390.7539417671277,391.00146484375
736,392.08933804032,387.77655854366213,393.215128159968,368.44729327792,394.730882516704,388.983310304992,388.867535980256,384.34764887054877,390.7735242093288,391.0148620605469
737,392.26811588352,387.79517128943985,393.3005682296,368.51960045744,394.752904709856,388.996846372576,388.960976684768,384.3616949668513,390.79934324439387,391.05322265625
738,392.42416621312,387.81378403521757,393.345564722912,368.522065135328,394.806558246624,389.0117351032,388.993422771936,384.37574106315395,390.8130358564095,391.09307861328125
739,392.43933280192,387.83239678099534,393.39501346992,368.515869624032,394.864605316832,389.031307822816,389.006860273376,384.38978715945655,390.8089362066731,391.1336364746094
740,392.44259876352,387.85100952677305,393.426164565728,368.50408677552,394.887592199904,389.05460089008,389.018004539104,384.4038332557592,390.80152598515025,391.1605224609375
741,392.43669318912,387.86962227255077,393.411348186848,368.494273152736,394.896001779424,389.080308827872,388.98569371824,384.4178793520618,390.8124024934785,391.16741943359375
742,392.44045128192,387.8882350183285,393.433112430304,368.52752507056,394.901068498656,389.107426051808,388.976259679968,384.43192544836444,390.8485997595603,391.18243408203125
743,392.67331881792,387.90684776410626,393.543259047648,368.655558297312,394.913533970144,389.134844217056,389.1333699192,384.4459715446671,390.89334558600007,391.2245788574219
744,392.68002969792,387.9254605098839,393.590417704672,368.64208462,394.977448871648,389.163770234592,389.14731073712,384.4600176409697,390.9190803193374,391.2721252441406
745,392.62068314912,387.9440732556617,393.620264371936,368.623808464608,395.007201167072,389.194964322016,389.136715925216,384.4740637372723,390.9112558808705,391.3003234863281
746,392.54017495872,387.96268600143947,393.589608204,368.60529533104,395.002369328864,389.22667221168,389.085016934112,384.48810983357487,390.8808647445494,391.29400634765625
747,392.46676911632,387.9812987472171,393.566925407968,368.594674829024,394.984807778016,389.256989689568,389.022463084256,384.5021559298775,390.8542134785446,391.2850646972656
748,392.44316918832,387.9999114929949,393.564782118624,368.589115279072,394.974728865504,389.284015687392,389.02706004144,384.5162020261801,390.84993301981467,391.2918701171875
749,392.43772219072,388.0185242387726,393.59769272496,368.582125471456,394.985382397664,389.307426195168,389.015327524576,384.53024812248276,390.8647851937953,391.31646728515625
750,392.46758560672,388.0371369845504,393.623326213856,368.575532025568,395.003805877984,389.327474968288,389.02301778096,384.54429421878535,390.880574519776,391.34185791015625
751,392.49655423872,388.05574973032805,393.610841868,368.568903452384,395.029338703584,389.344963118816,389.016964351712,384.558340315088,390.88385861283473,391.35345458984375
752,392.51460650592,388.0743624761058,393.633247839968,368.567330064096,395.053741164256,389.3608846968,389.031375980256,384.57238641139065,390.87846483284955,391.3756103515625
753,392.53028759552,388.09297522188353,393.65826896048,368.56735522992,395.073089488608,389.375537497824,389.033999517408,384.5864325076932,390.8792402711542,391.3968200683594
754,392.55793642112,388.11158796766125,393.680431662816,368.56925839536,395.089849927392,389.389266503392,389.03801241776,384.60047860399584,390.89479040700377,391.4180908203125
755,392.59296721472,388.130200713439,393.711071053536,368.571835795168,395.109082908384,389.402545669856,389.048108107488,384.61452470029843,390.9177023218353,391.444091796875
756,392.62124238912,388.14881345921674,393.741666404064,368.575208539872,395.131285456608,389.415833224928,389.065392834272,384.6285707966011,390.9323565868955,391.47021484375
757,392.65338750432,388.16742620499446,393.757168551648,368.579285927648,395.153068574432,389.42926758064,389.06019504304,384.6426168929037,390.9318742047111,391.4871826171875
758,392.65408096192,388.1860389507722,393.766893045472,368.585522333408,395.175711524576,389.44339189936,389.057566263008,384.6566629892063,390.92616232833893,391.5016174316406
759,392.65618370432,388.20465169654994,393.761329301216,368.593174316768,395.191981229792,389.457860151008,389.057748715232,384.6707090855089,390.9321801766602,391.51092529296875
760,392.71559736192,388.2232644423276,393.76955433136,368.60977799344,395.207380616928,389.47230113968,389.043646416608,384.68475518181157,390.95615516867383,391.5241394042969
761,392.92220298752,388.2418771881054,393.834394076896,368.712445118176,395.236017227488,389.487278999264,389.10517895344,384.6988012781141,390.9862883238894,391.54949951171875
762,392.98072186112,388.26048993388315,393.938580588256,368.779675616992,395.295708464864,389.504472499936,389.1846715,384.71284737441675,391.00422409214985,391.60235595703125
763,392.98139294912,388.2791026796608,394.002669553376,368.783701624544,395.33273997488,389.524019005152,389.193457518304,384.72689347071935,391.0043251869493,391.6408386230469
764,392.98027446912,388.2977154254386,394.026921019104,368.784222242528,395.346753144544,389.545988769504,389.195706713824,384.740939567022,391.00108291429325,391.6605224609375
765,392.99566475392,388.3163281712163,394.02792345776,368.789556872928,395.354040747744,389.569419200224,389.177156355808,384.75498566332465,391.0160992281675,391.67083740234375
766,393.00139137152,388.334940916994,394.07173296304,368.841387984608,395.368890681056,389.593771329248,389.190526748384,384.76903175962724,391.05640274174334,391.69415283203125
767,393.22378993472,388.35355366277173,394.181462247136,368.97849925808,395.387372881632,389.61831534768,389.350651643616,384.7830778559299,391.10522934380623,391.7359313964844
768,393.23137322912,388.3721664085495,394.226735564512,368.97154195632,395.44929968304,389.644221466336,389.36483258544,384.7971239522325,391.13499514054166,391.7814636230469
769,393.19304291952,388.3907791543273,394.255271511776,368.958283761376,395.477770618592,389.672363149024,389.343687001824,384.8111700485351,391.13119253546813,391.80743408203125
770,393.09825173952,388.40939190010494,394.234048333536,368.94146879664,395.47946721456,389.701564942048,389.304866621152,384.82521614483767,391.1048420440832,391.8067932128906
771,393.07106149072,388.4280046458827,394.191547451104,368.92204916912,395.459779151584,389.729669924576,389.225554429664,384.8392622411403,391.0822617452462,391.79168701171875
772,393.03816699392,388.4466173916604,394.19529715888,368.907788011232,395.4606872184,389.755912636128,389.242405045984,384.8533083374429,391.0820735497276,391.8061828613281
773,393.01508156672,388.46523013743814,394.224902653664,368.90067919024,395.471282030304,389.779327338208,389.230356907744,384.86735443374556,391.10103017567747,391.83038330078125
774,393.00898585072,388.48384288321586,394.245263902432,368.898655962848,395.484661860064,389.799634061024,389.22663551152,384.8814005300482,391.1209455474673,391.8517150878906
775,392.97015222512,388.50245562899363,394.233240930016,368.893626468064,395.50106788016,389.816832804576,389.206905505504,384.8954466263508,391.1283925959972,391.8602294921875
776,392.97463732992,388.5210683747713,394.234455181024,368.885824538336,395.509555054304,389.830750553824,389.208565401312,384.90949272265345,391.1272157117922,391.87200927734375
777,392.98577739072,388.53968112054906,394.244211132128,368.879237908192,395.524553885408,389.842110826208,389.202045355744,384.923538818956,391.13227408460386,391.8879699707031
778,393.03265288752,388.55829386632684,394.270526195424,368.87526957232,395.542746679008,389.851585758944,389.206889776864,384.93758491525864,391.1521693101149,391.9124755859375
779,393.05963062512,388.5769066121045,394.308224599776,368.874326378208,395.5684284024,389.860198762208,389.22383057072,384.95163101156123,391.1794822980781,391.9438781738281
780,393.08590372032,388.59551935788227,394.331645593312,368.874017048288,395.59079452848,389.86845839536,389.2373886584,384.9656771078639,391.1985998391777,391.9681396484375
781,393.09959391552,388.61413210366,394.350494795488,368.875204560608,395.611134805728,389.876844906208,389.238293579488,384.9797232041665,391.20266310250213,391.9870910644531
782,393.09511999552,388.63274484943776,394.359747430112,368.878054065888,395.628578916064,389.885422257888,389.237717911264,384.9937693004691,391.20159217495836,392.0010070800781
783,393.11221036992,388.6513575952154,394.35037106352,368.883000723168,395.64204892336,389.894197790432,389.227978737376,385.0078153967718,391.21234768764685,392.0081787109375
784,393.13918810752,388.6699703409932,394.375385892576,368.910031439584,395.660373837536,389.903269021408,389.22495254704,385.02186149307437,391.241151222308,392.02679443359375
785,393.31903969152,388.68858308677096,394.440596834016,369.037142443744,395.683033564896,389.91240421552,389.309569484512,385.03590758937696,391.2761986298702,392.0478515625
786,393.36579215552,388.7071958325486,394.49827270832,369.0487092856,395.736823416544,389.923108079328,389.355787568864,385.04995368567955,391.2991388439792,392.0921325683594
787,393.37366625472,388.7258085783264,394.534761055968,369.050613499616,395.770585466592,389.936587523808,389.355752965856,385.0639997819822,391.30434739107443,392.12066650390625
788,393.36565793792,388.7444213241041,394.559633278688,369.053237036768,395.786750314208,389.952491276,389.364097533664,385.0780458782848,391.3063283624684,392.14129638671875
789,393.38409048832,388.7630340698818,394.567715702496,369.064884618976,395.796581762784,389.969816897248,389.344257427168,385.09209197458745,391.3266843836557,392.1534729003906
790,393.38010869952,388.78164681565954,394.617294472928,369.133072991968,395.814657115872,389.988020176608,389.36364769456,385.10613807089004,391.37242474578534,392.17694091796875
791,393.61387101952,388.8002595614373,394.7217032824,369.288540636896,395.83164194992,390.00649818288,389.510435751648,385.1201841671927,391.4267548708131,392.2120056152344
792,393.61932920192,388.818872307215,394.7654289016,369.285725734624,395.894275491552,390.02681958576,389.528631690976,385.13423026349534,391.46212255941,392.2569885253906
793,393.57178261712,388.83748505299275,394.789139302112,369.274730366688,395.9222703736,390.049749845728,389.518605207264,385.1482763597979,391.46401660750035,392.2820739746094
794,393.50280595552,388.8560977987705,394.760693532384,369.259149575904,395.921773348576,390.073824102112,389.468684601056,385.1623224561005,391.44346746855643,392.2777404785156
795,393.44508120272,388.8747105445482,394.739963184864,369.243799996128,395.908968138464,390.097646700256,389.406421206752,385.1763685524031,391.4267913296355,392.2724609375
796,393.40726539392,388.89332329032595,394.73425473712,369.22443489456,395.904039831264,390.119380535008,389.415361365728,385.19041464870577,391.432595180896,392.283203125
797,393.38556688192,388.91193603610367,394.7526887032,369.204117161696,395.91193141424,390.13851914416,389.3927089784,385.20446074500836,391.4576218685346,392.30535888671875
798,393.38316214992,388.9305487818814,394.754469185248,369.185393264352,395.925726480096,390.154904192736,389.383944980192,385.218506841311,391.4836574814788,392.3239440917969
799,393.34552529792,388.9491615276591,394.723649439456,369.16902289584,395.943785055968,390.16875483312,389.358049347296,385.2325529376136,391.49728421810835,392.32891845703125
800,393.32720459552,388.9677742734369,394.7221227128,369.159803815648,395.953259988704,390.180141319904,389.351942440672,385.24659903391625,391.50235301776445,392.3402404785156
801,393.34974196752,388.98638701921465,394.723848668896,369.1550086776,395.963512964832,390.188916852448,389.338462996192,385.2606451302188,391.51371341567955,392.35205078125
802,393.40209801632,389.0049997649923,394.752325895904,369.154999240416,395.983054227168,390.19593916592,389.354208413408,385.27469122652144,391.53994943873283,392.3783874511719
803,393.43853809472,389.0236125107701,394.795835508448,369.15312386224,396.010797450976,390.202154075872,389.3747259,385.2887373228241,391.5736241834034,392.413330078125
804,393.47749475312,389.0422252565478,394.828238604,369.152413976288,396.03566338224,390.208462309088,389.390175618784,385.3027834191267,391.5991143633683,392.4422607421875
805,393.48380298032,389.0608380023255,394.843581368032,369.154039269088,396.058992101088,390.215445825248,389.390132627168,385.31682951542933,391.6095590913267,392.4613037109375
806,393.49626284752,389.0794507481032,394.85549109424,369.157538891488,396.07493255344,390.223085749984,389.386698540768,385.3308756117319,391.6148754271111,392.47613525390625
807,393.50730224512,389.098063493881,394.852102096608,369.164572739296,396.091202258656,390.231481698016,389.386715317984,385.3449217080346,391.6320186994468,392.4871520996094
808,393.51620534592,389.11667623965866,394.862466221792,369.191469762272,396.108835112672,390.240349505248,389.377046398688,385.35896780433717,391.66717814950937,392.50115966796875
809,393.68701961152,389.13528898543643,394.920467154656,369.299676514016,396.12709920944,390.249486796512,389.440454837984,385.37301390063976,391.7085272913723,392.5218505859375
810,393.72141287152,389.1539017312142,394.965461550816,369.309572450016,396.178536056544,390.260179125984,389.48261388464,385.38705999694236,391.7377055397445,392.5621337890625
811,393.72987976512,389.17251447699186,395.000467212,369.311957960416,396.20990525616,390.273333511904,389.488157705952,385.401106093245,391.7490923556778,392.59075927734375
812,393.73314572672,389.19112722276964,395.014750914272,369.313581156064,396.226439202528,390.288543106784,389.489024878304,385.4151521895476,391.7571906332869,392.6082763671875
813,393.72652432512,389.20973996854735,395.025446389472,369.324709693152,396.240053913312,390.305191347936,389.4763067,385.42919828585025,391.78358428606145,392.623779296875
814,393.73565112192,389.2283527143251,395.059059541728,369.383619741408,396.25342116016,390.32227684528,389.485778487008,385.4432443821529,391.83525720737396,392.6429138183594
815,393.98010611072,389.2469654601028,395.166008002272,369.5371490936,396.271681062624,390.339637069536,389.644450055904,385.4572904784555,391.89539065336777,392.68121337890625
816,393.99187252032,389.26557820588056,395.216700360416,369.534185817824,396.336229304032,390.358885779168,389.664124487392,385.47133657475814,391.9364205629332,392.7298583984375
817,393.96009650352,389.28419095165833,395.245169198816,369.523469371104,396.365662832352,390.38100758704,389.651908576992,385.4853826710607,391.9438339457349,392.75738525390625
818,393.87367155392,389.302803697436,395.231378327264,369.509138482912,396.369745987296,390.40481550512,389.613065127648,385.4994287673633,391.9286640261331,392.76025390625
819,393.82525255472,389.32141644321376,395.195718354656,369.49182701744,396.35214459056,390.428244887264,389.538053146336,385.5134748636659,391.91722553805005,392.7490234375
820,393.81691987872,389.3400291889915,395.186700601056,369.4727403128,396.347063191264,390.450070996704,389.54432782512,385.52752095996857,391.9280991922161,392.7589416503906
821,393.80807270192,389.3586419347692,395.208026539744,369.453867517664,396.36181246128,390.469965629152,389.529078384352,385.54156705627116,391.9579906807523,392.7847900390625
822,393.78858878032,389.3772546805469,395.21877024944,369.4366299768,396.379933951712,390.487761012448,389.529297536736,385.5556131525738,391.98868931614174,392.80865478515625
823,393.75908327792,389.3958674263247,395.184676849376,369.420641289952,396.394282665696,390.503197099744,389.493703624416,385.56965924887646,392.00677019448415,392.8114318847656
824,393.75528044592,389.4144801721024,395.175617152736,369.411286943456,396.403845678816,390.516402865888,389.483551311584,385.58370534517906,392.0160846322315,392.82061767578125
825,393.77417157312,389.4330929178801,395.179840816864,369.413260363488,396.417443612384,390.527550277344,389.48079460528,385.59775144148165,392.0314751195206,392.8343505859375
826,393.78911446592,389.4517056636579,395.216668903136,369.419939792608,396.43700584624,390.53699899568,389.496867178208,385.61179753778424,392.0615101775644,392.86297607421875
827,393.82048782992,389.47031840943555,395.250242209504,369.4216877688,396.456465319648,390.545053107936,389.504559531744,385.6258436340869,392.09874737719196,392.89178466796875
828,393.82889879952,389.4889311552133,395.275307370208,369.422691256032,396.478483318496,390.552576640736,389.525079115488,385.6398897303895,392.1275335838621,392.9180603027344
829,393.83761175872,389.50754390099104,395.282372675296,369.422695450336,396.495824668384,390.559734220512,389.513382250208,385.65393582669213,392.14102549503247,392.9327697753906
830,393.84060928512,389.52615664676875,395.29817890992,369.423921759968,396.511949670112,390.566927451872,389.510352914144,385.6679819229947,392.14914780266605,392.9498291015625
831,393.84562007552,389.5447693925465,395.290666911456,369.42709055664,396.52736164016,390.57407664304,389.506162804448,385.6820280192974,392.1688430032663,392.9598388671875
832,393.85567521072,389.56338213832424,395.295758796512,369.446125881056,396.543765563104,390.581194376928,389.4974617208,385.6960741156,392.20629379183185,392.97369384765625
833,394.03092984192,389.581994884102,395.346881070816,369.53338994864,396.562023368416,390.588369782496,389.555753109216,385.71012021190256,392.2496610738112,392.99609375
834,394.04878078272,389.6006076298797,395.39217326256,369.537010681568,396.613978212064,390.597017388768,389.59304466608,385.7241663082052,392.2805853734142,393.0374755859375
835,394.05182304832,389.61922037565745,395.426432337632,369.534305879776,396.641356531424,390.607895316192,389.589588559584,385.7382124045078,392.29345728624844,393.06524658203125
836,394.04473188512,389.63783312143516,395.446099429088,369.530468091616,396.65521451184,390.62053380272,389.595320076,385.75225850081046,392.3027900761996,393.08526611328125
837,394.04891500032,389.6564458672129,395.438511933152,369.53211855024,396.666002261728,390.634198845152,389.57068902576,385.76630459711305,392.3301787949633,393.0948486328125
838,394.06591589632,389.6750586129906,395.47737006256,369.591677142752,396.681340831456,390.6485098104,389.587699025632,385.7803506934157,392.38258070304516,393.11676025390625
839,394.07629539072,389.69367135876837,395.586910602976,369.751745939168,396.702092150496,390.663171000032,389.740407342816,385.7943967897183,392.44316812042416,393.15521240234375
840,394.08260361792,389.7122841045461,395.607389292256,369.752405231328,396.722845566688,390.67607163056,389.74512488624,385.80844288602094,392.48438300538464,393.180908203125
841,394.08645118912,389.7308968503238,395.594424698592,369.750810609376,396.741828986592,390.689092847328,389.73464436912,385.8224889823235,392.4917394692805,393.18927001953125
842,394.10457056512,389.7495095961016,395.584006047456,369.750733276896,396.759342302944,390.702361528032,389.715961890528,385.8365350786261,392.476296193455,393.1939697265625
843,394.10770230912,389.76812234187923,395.58757540016,369.755862648544,396.779437213408,390.716345337568,389.70503258288,385.8505811749288,392.46437114626445,393.20416259765625
844,394.10915633312,389.786735087657,395.603725567712,369.764486137568,396.79674081456,390.730469656288,389.706976642784,385.86462727123137,392.4745436925993,393.221435546875
845,394.08922501952,389.8053478334347,395.625579988704,369.77109819568,396.812609963744,390.744215439072,389.710952842976,385.878673367534,392.50351680466656,393.2435302734375
846,394.09391145072,389.8239605792125,395.624510441184,369.77548648624,396.823617914592,390.75713704112,389.698262976224,385.8927194638366,392.53309360940654,393.25592041015625
847,394.06420462192,389.8425733249902,395.619938649824,369.77997439152,396.839296222944,390.76938965168,389.685221836512,385.90676556013926,392.5498506074468,393.26629638671875
848,394.03522480512,389.8611860707679,395.625466742496,369.784334632672,396.84916961456,390.780564326112,389.667751511776,385.92081165644186,392.55767420005486,393.277099609375
849,394.01460003392,389.8797988165457,395.618667775712,369.788937357024,396.857681954528,390.790108464864,389.660926330592,385.93485775274445,392.57142141075843,393.2846374511719
850,394.00290073312,389.89841156232336,395.622562186976,369.790547445472,396.868507453152,390.797767263968,389.65255135408,385.94890384904704,392.59966212178176,393.29888916015625
851,394.00195002512,389.91702430810113,395.637166753504,369.790072702688,396.882235410144,390.803727369952,389.662878779104,385.9629499453497,392.63494503561134,393.3199768066406
852,394.01048402752,389.93563705387885,395.652878616288,369.786183010016,396.898779842272,390.808190109408,389.664829130464,385.9769960416523,392.6616548513794,393.3408203125
853,394.02077404352,389.95424979965657,395.659723720416,369.782642231008,396.917459175136,390.811801405152,389.666431354592,385.99104213795493,392.6729611779315,393.35675048828125
854,394.03002387312,389.97286254543434,395.667678217952,369.78021818544,396.936293697248,390.814942938848,389.670494586592,386.0050882342576,392.6788114391313,393.3721618652344
855,394.04041455232,389.99147529121205,395.673420220128,369.783895541472,396.95431033008,390.817946060512,389.669919966944,386.0191343305602,392.696161827052,393.38677978515625
856,394.04475425472,390.01008803698977,395.681785759456,369.846261958368,396.97213612208,390.821022582496,389.662148970208,386.0331804268628,392.7312118275184,393.39337158203125
857,394.20997612032,390.0287007827675,395.760428959456,369.997055575776,396.98863022256,390.824201864928,389.751281075936,386.04722652316536,392.77210521822684,393.41412353515625
858,394.23467215872,390.04731352854526,395.793014507232,370.011297597152,397.037581944544,390.828797773536,389.773019104992,386.061272619468,392.80050812521915,393.446533203125
859,394.24200938752,390.0659262743229,395.822850688736,370.020162258656,397.065526494944,390.835951159008,389.77628332208,386.0753187157706,392.81084286627055,393.47039794921875
860,394.22792772432,390.0845390201007,395.828166969056,370.030879491808,397.080718264032,390.845198550752,389.762165294816,386.08936481207326,392.8176517054205,393.4811096191406
861,394.20185595552,390.10315176587847,395.829196670688,370.050031732448,397.090220459744,390.855737788128,389.739445798624,386.10341090837585,392.8425298828626,393.4896240234375
862,394.19040272032,390.1217645116561,395.842261927648,370.072921097952,397.098428712672,390.866547558112,389.760024102624,386.1174570046785,392.8924474482274,393.5074768066406
863,394.17548219712,390.1403772574339,395.86494472368,370.09174094,397.111668033248,390.87704170672,389.7694623352,386.13150310098115,392.9505753997842,393.5312805175781
864,394.16745151072,390.1589900032116,395.875770222304,370.111225579232,397.126289376992,390.886874203872,389.769386837728,386.14554919728374,392.98937042734025,393.5476379394531
865,394.16335787392,390.1776027489894,395.877288560352,370.131266488032,397.14233049264,390.89590558896,389.763162490592,386.15959529358634,392.99437010331627,393.5555419921875
866,394.15892869312,390.19621549476705,395.892513883872,370.150312036064,397.158927353568,390.904120133344,389.775227406048,386.1736413898889,392.97666237259097,393.56622314453125
867,394.15383960912,390.2148282405448,395.903274370784,370.160684287712,397.17480489136,390.911402493664,389.776592652,386.1876874861916,392.9625873244355,393.5766906738281
868,394.18102985792,390.23344098632253,395.911725893344,370.167583393504,397.189738710752,390.917905762016,389.779503498976,386.20173358249417,392.97072125667967,393.5901184082031
869,394.18984348032,390.25205373210025,395.929922881248,370.171951236832,397.21116950704,390.924200363744,389.787106723552,386.2157796787968,392.9977601010909,393.61199951171875
870,394.16050574992,390.270666477878,395.945813001952,370.1758367352,397.229920143072,390.9306029688,389.794988869344,386.2298257750994,393.0255061151074,393.63262939453125
871,394.08767033232,390.28927922365574,395.936084313824,370.17610018992,397.238713501408,390.93639110832,389.772767446752,386.24387187140206,393.0405741938662,393.6390686035156
872,393.99992557632,390.30789196943346,395.914032760544,370.172409726688,397.235777488608,390.940764718816,389.727773050592,386.2579179677047,393.04686009273127,393.6364440917969
873,393.93031138112,390.3265047152112,395.875149465312,370.163383846624,397.228823332576,390.942639572704,389.689381537504,386.27196406400725,393.05923026378053,393.62908935546875
874,393.90248359872,390.34511746098894,395.853301335776,370.149617878752,397.227697161952,390.941465167584,389.664799770336,386.2860101603099,393.0862539332099,393.63262939453125
875,393.89626484992,390.3637302067666,395.83966355632,370.134612494048,397.23873657008,390.937559221984,389.65707071664,386.3000562566125,393.1204866033429,393.64398193359375
876,393.89834522272,390.3823429525444,395.841018316512,370.120876410592,397.257004861152,390.931571853024,389.66211961008,386.31410235291514,393.14629619206255,393.6612548828125
877,393.90465344992,390.40095569832215,395.846588352224,370.109019899616,397.276713895648,390.924202460896,389.660302427872,386.32814844921774,393.1568786088288,393.6771240234375
878,393.90762860672,390.41956844409987,395.846659655392,370.09976778928,397.295542126304,390.916146251488,389.660996585184,386.3421945455204,393.16219655429256,393.689697265625
879,393.92637433152,390.4381811898776,395.85008640176,370.100623427296,397.31211591856,390.907914929888,389.659065108192,386.356240641823,393.1792065143032,393.7026062011719
880,393.94574640512,390.4567939356553,395.858279974624,370.18753884336,397.331107727072,390.900129253088,389.656009557728,386.3702867381256,393.21408302753105,393.7039489746094
881,394.09749058672,390.47540668143307,395.935515985632,370.354684741344,397.350883870432,390.893306169056,389.737630713568,386.38433283442816,393.2549812617168,393.7198791503906
882,394.04936239232,390.49401942721073,395.969108166368,370.386333910752,397.397551793888,390.888611694304,389.761653589728,386.3983789307308,393.28356085431267,393.7478942871094
883,394.02370446112,390.5126321729885,395.981999359712,370.394833405664,397.407691523808,390.885915805408,389.740948408032,386.41242502703346,393.29425309491387,393.7595520019531
884,394.01486846912,390.5312449187663,395.963924006624,370.393974884064,397.411623683808,390.88455999664,389.718117762784,386.42647112333606,393.3016064630106,393.7604064941406
885,394.01495794752,390.54985766454394,395.9453390456,370.39258919088,397.422296090336,390.884294706912,389.701554456288,386.4405172196387,393.32722075646035,393.76593017578125
886,394.01759756032,390.5684704103217,395.957483652832,370.397084174048,397.438991517408,390.884986767072,389.731239642848,386.4545633159413,393.3780323461036,393.7889099121094
887,394.26052023152,390.5870831560994,395.97519200432,370.405292951264,397.457903634144,390.886360401632,389.724912535264,386.46860941224395,393.43719289334337,393.8128662109375
888,394.26312628992,390.60569590187714,396.001756628704,370.41663959216,397.521822729952,390.892213552864,389.743355938528,386.48265550854654,393.47715341477004,393.8487243652344
889,394.25371987312,390.62430864765486,396.04221698224,370.428262794976,397.5483496056,390.901438924512,389.737429386976,386.49670160484914,393.4834658037507,393.8744201660156
890,394.20992019632,390.64292139343263,396.05750522032,370.444846810848,397.55676967088,390.91292922032,389.727234082528,386.51074770115173,393.467226922154,393.88287353515625
891,394.19798601472,390.6615341392103,396.045809403616,370.468519724768,397.555083560672,390.925221676768,389.685601421024,386.5247937974544,393.4547639365463,393.8770751953125
892,394.19458583552,390.68014688498806,396.0868443768,370.478490371808,397.563832878816,390.93767037104,389.732066969312,386.538839893757,393.4646334834193,393.9030456542969
893,394.21030047952,390.69875963076584,396.128806291168,370.465318946528,397.5801214584,390.949654546144,389.729709770464,386.5528859900596,393.493509059328,393.935546875
894,394.21763770832,390.7173723765435,396.128579798752,370.44946526384,397.60209961136,390.961411180256,389.72671713456,386.56693208636227,393.52317903445805,393.9553527832031
895,394.20375737152,390.73598512232127,396.097174947552,370.4359556728,397.622414722784,390.973194028768,389.69787605168,386.58097818266486,393.5402576789852,393.96002197265625
896,394.20769442112,390.754597868099,396.079114274528,370.424989140704,397.636127999712,390.984956954336,389.685619246816,386.5950242789675,393.54863229878276,393.96697998046875
897,394.23343064592,390.77321061387676,396.06139543728,370.417907844832,397.651680478944,390.996775454432,389.666732295904,386.60907037527005,393.56316636959025,393.9742431640625
898,394.27151488992,390.7918233596544,396.08115060912,370.415991047904,397.672811382496,391.008817301216,389.669824546528,386.6231164715727,393.59240543165663,393.99835205078125
899,394.30260863392,390.8104361054322,396.121508202208,370.419313198816,397.697654245088,391.021209372384,389.681731127008,386.6371625678753,393.62887126589715,394.0310974121094
900,394.33085025392,390.82904885120996,396.152468457184,370.42557870256,397.72101861552,391.034053379808,389.695225251552,386.65120866417794,393.6569417595479,394.05859375
901,394.35041246912,390.8476615969876,396.158030104288,370.4340485752,397.742715750112,391.047455229664,389.694500685536,386.66525476048054,393.66980000363907,394.0733642578125
902,394.36186570432,390.8662743427654,396.185070782176,370.443761272544,397.762215069408,391.061359347424,389.696246564576,386.6793008567832,393.67740464080924,394.09429931640625
903,394.37560063872,390.8848870885431,396.185450366688,370.455911909088,397.779870992096,391.07562627248,389.702663849696,386.69334695308584,393.69669900294315,394.1070556640625
904,394.39595697472,390.9034998343208,396.20509229232,370.482110842592,397.798292375264,391.09001797808,389.695237834464,386.70739304938843,393.7338362577443,394.12603759765625
905,394.58288853712,390.92211258009854,396.270246610656,370.505845360352,397.818964002528,391.104555435744,389.764482647776,386.721439145691,393.7769629029109,394.1670837402344
906,394.60730495552,390.9407253258763,396.296427456224,370.508358272736,397.873338959584,391.12087756976,389.794111211232,386.7354852419936,393.8077026419713,394.20245361328125
907,394.61544748992,390.959338071654,396.335300265696,370.507129603808,397.9024537208,391.140138862304,389.7834608248,386.74953133829626,393.8205050652276,394.23236083984375
908,394.61935098512,390.97795081743175,396.354937997024,370.50460725424,397.917555312352,391.161304368864,389.783101163232,386.76357743459886,393.8299229165035,394.2528076171875
909,394.62575987552,390.9965635632095,396.3529205368,370.506192963296,397.930809312992,391.183458682592,389.7618601592,386.7776235309015,393.85753279488273,394.26611328125
910,394.73065092992,391.01517630898724,396.391367624416,370.539977295584,397.947083212512,391.20594854064,389.778032346848,386.7916696272041,393.91026008840316,394.2941589355469
911,394.97680600832,391.03378905476495,396.513451230944,370.683487504096,397.986457241312,391.229894870752,389.955751298784,386.80571572350675,393.97123407967916,394.34625244140625
912,394.98593280512,391.05240180054267,396.577366132448,370.684588508896,398.057963833056,391.256518215392,389.974938142432,386.8197618198094,394.0129002821604,394.4011535644531
913,394.94079095232,391.07101454632044,396.615332972256,370.677143357152,398.08573431984,391.28652636336,389.967146174176,386.83380791611194,394.0208181023104,394.43206787109375
914,394.87783171312,391.0896272920981,396.609593067232,370.664992720608,398.078954227424,391.317895562976,389.921136756448,386.8478540124146,394.00609366515386,394.4351806640625
915,394.81401124432,391.1082400378759,396.599400908512,370.657621493472,398.062051182304,391.348897760992,389.871540160224,386.8619001087172,393.99505309952326,394.43377685546875
916,394.80487326272,391.12685278365365,396.610499036896,370.650346997472,398.051936618208,391.37768431792,389.875105318624,386.87594620501983,394.00624882237156,394.44744873046875
917,394.80618188432,391.1454655294313,396.645443880672,370.642032576224,398.065991730912,391.403933320928,389.863250118368,386.8899923013224,394.03633079047165,394.4771423339844
918,394.82114714672,391.1640782752091,396.651458512608,370.631185319648,398.086988416736,391.42757032112,389.865636677344,386.9040383976251,394.06708358179594,394.4992980957031
919,394.83686179072,391.1826910209868,396.641989871328,370.622592763616,398.10984108208,391.449058789088,389.850542425824,386.91808449392767,394.085132185951,394.512939453125
920,394.83733155232,391.2013037667645,396.662032352992,370.621080717024,398.130787436256,391.468959712992,389.853747922656,386.9321305902303,394.09438818824856,394.5347595214844
921,394.85896295552,391.2199165125422,396.678761334496,370.625595360992,398.14617424048,391.487216469728,389.851578418912,386.94617668653285,394.10971470179925,394.55340576171875
922,394.89683468832,391.23852925832,396.724636534496,370.631805290208,398.164274759392,391.504114271968,389.864016627424,386.9602227828355,394.1396558945327,394.58563232421875
923,394.92658625632,391.25714200409766,396.765143025376,370.637413598944,398.186951263968,391.520216205024,389.876279723744,386.97426887913815,394.1767330044469,394.6180419921875
924,394.95725497792,391.27575474987543,396.804305241824,370.642958730976,398.20886859952,391.535981545184,389.895683622624,386.98831497544074,394.20533325523354,394.64898681640625
925,394.97994893712,391.2943674956532,396.82524111024,370.64920719536,398.230498625248,391.55174793392,389.892642752224,387.0023610717434,394.2186611643652,394.6697692871094
926,394.98181679872,391.31298024143086,396.847783397088,370.656345900768,398.25061241008,391.567682094816,389.894071961312,387.016407168046,394.2266920953245,394.69000244140625
927,394.99872821632,391.33159298720864,396.847223457504,370.66450854064,398.266206832352,391.58356172976,389.892363831008,387.03045326434864,394.24638668164937,394.702392578125
928,395.02181364352,391.35020573298635,396.854836119264,370.679911073504,398.284745656032,391.599371110112,389.87626504368,387.04449936065123,394.2838982382194,394.71905517578125
929,395.20596019072,391.3688184787641,396.926854416096,370.73793638576,398.306251949792,391.61515008176,389.94424422576,387.0585454569538,394.3273657821146,394.75653076171875
930,395.24233316032,391.3874312245418,396.9608324728,370.742512371424,398.36038783152,391.632239773408,389.983760860896,387.0725915532564,394.35846039276913,394.79473876953125
931,395.26201840832,391.40604397031956,397.001536095968,370.743025125088,398.39201288368,391.651747481312,389.988187948768,387.08663764955907,394.37164917899173,394.82659912109375
932,395.27011620352,391.42465671609733,397.02477463728,370.746140444384,398.41030004912,391.6731782776,390.000454190816,387.1006837458617,394.3815138211771,394.8487548828125
933,395.27454538432,391.443269461875,397.028660659936,370.762874668768,398.425026250464,391.695812839136,389.97536596144,387.1147298421643,394.40964940317343,394.8616638183594
934,395.27821399872,391.46188220765276,397.096061028064,370.860628690656,398.439930709728,391.718940231392,390.0225099384,387.12877593846696,394.46299048337585,394.8896484375
935,395.50783794272,391.4804949534305,397.204796262112,371.0049326712,398.457418860256,391.741216179936,390.18715209904,387.14282203476955,394.52469332041284,394.93109130859375
936,395.51407906112,391.4991076992082,397.252246423264,371.001258198752,398.519609902816,391.76483430576,390.20911452336,387.1568681310722,394.5671880828637,394.97894287109375
937,395.46095126112,391.5177204449859,397.282814510816,370.99038761136,398.547688670944,391.790780270304,390.191090550496,387.17091422737474,394.5760948889332,395.0073547363281
938,395.35068031792,391.5363331907637,397.26398628016,370.975125849824,398.545302111968,391.817573484256,390.148435527392,387.1849603236774,394.56256501192155,395.0074157714844
939,395.29782095312,391.5549459365414,397.21829982384,370.95629054128,398.520496998112,391.842865137376,390.059390453472,387.19900641998,394.55295403897674,394.99151611328125
940,395.28762041552,391.5735586823191,397.216284460768,370.941772220128,398.514335565536,391.865673762528,390.0700890744,387.21305251628263,394.5658180844238,395.00286865234375
941,395.28239711392,391.5921714280969,397.244445017824,370.930358732512,398.529420379872,391.885561054944,390.065896867552,387.2270986125852,394.597826314083,395.03125
942,395.30773068592,391.6107841738746,397.2627175032,370.920704755424,398.548913407712,391.902682203872,390.067413108448,387.2411447088879,394.63078700639494,395.056884765625
943,395.27552964672,391.6293969196523,397.250348500704,370.913101530848,398.573278119648,391.917710395104,390.054367774432,387.2551908051905,394.6513597214515,395.0695495605469
944,395.25242184992,391.64800966543004,397.255819970272,370.906518046432,398.583856154336,391.930400261856,390.051071051488,387.2692369014931,394.6634924959372,395.08416748046875
945,395.25392061312,391.6666224112078,397.25971857584,370.904570578656,398.591544313568,391.94089021616,390.038961047264,387.2832829977957,394.68208386242804,395.0970458984375
946,395.26749896032,391.6852351569855,397.27859294384,370.90434408624,398.60503109808,391.94944659632,390.040422762208,387.2973290940983,394.71568620017166,395.119140625
947,395.28277739712,391.70384790276324,397.308169078496,370.902684976864,398.623217600224,391.956530775776,390.052985751264,387.31137519040095,394.7568379783715,395.1479797363281
948,395.29606493952,391.722460648541,397.33004656816,370.900516521696,398.642523981536,391.962734151392,390.065132455648,387.32542128670354,394.78995225667234,395.1731262207031
949,395.31063873392,391.7410733943187,397.337655035616,370.898536810208,398.66108797104,391.96842582192,390.058165716704,387.3394673830062,394.8082692877389,395.1895751953125
950,395.31785292992,391.75968614009645,397.345024427744,370.897824302816,398.6795533944,391.973981177568,390.059911595744,387.3535134793088,394.82180407186974,395.2054138183594
951,395.34647483312,391.77829888587416,397.34554452144,370.900282427104,398.696542422752,391.979668653792,390.060372969184,387.36755957561144,394.8475334696604,395.21966552734375
952,395.35963934272,391.7969116316519,397.35885095088,370.921681766112,398.718115825376,391.9857587832,390.056534132448,387.3816056719141,394.89162319319735,395.2388000488281
953,395.53550913792,391.8155243774296,397.418781263584,371.029284013792,398.737724196576,391.992245274336,390.12323090608,387.3956517682166,394.9422248238176,395.26287841796875
954,395.59988884672,391.83413712320737,397.475039463136,371.038460364512,398.789207181024,392.000482887392,390.162690918112,387.4096978645193,394.98103102821716,395.3080139160156
955,395.62413749312,391.8527498689851,397.51218421936,371.041546061536,398.82606043312,392.011996251872,390.173486008032,387.42374396082187,395.0025426479731,395.3402099609375
956,395.66176316032,391.8713626147628,397.542114772704,371.043456304864,398.846788683488,392.026323994336,390.19061764272,387.4377900571245,395.0213605230718,395.3665771484375
957,395.67619155232,391.8899753605406,397.554676713184,371.055998584544,398.868095747808,392.043203970784,390.180259808992,387.4518361534271,395.0590992881303,395.3866882324219
958,395.65546611792,391.90858810631823,397.593079760608,371.125594408672,398.887135790816,392.061933635296,390.19377385648,387.46588224972976,395.12268761324464,395.410400390625
959,395.85725109472,391.927200852096,397.705780709088,371.271416202976,398.897128720096,392.081334388448,390.338269726432,387.47992834603235,395.1952601351429,395.45257568359375
960,395.84765453632,391.9458135978737,397.740157224672,371.267848160992,398.9535463032,392.1022555768,390.355373049568,387.493974442335,395.24929706370983,395.49542236328125
961,395.81679567312,391.9644263436515,397.768080803552,371.256814257888,398.977959249632,392.12531376304,390.343576569568,387.50802053863754,395.27042114324416,395.5241394042969
962,395.74356878752,391.9830390894292,397.735553976032,371.242930849504,398.982650578656,392.149508605664,390.298606290656,387.5220666349402,395.269801949611,395.52215576171875
963,395.68881919152,392.0016518352069,397.709805143776,371.232044795616,398.97259892912,392.173386778336,390.231225845472,387.53611273124284,395.2738000168612,395.5184326171875
964,395.66620352592,392.0202645809847,397.710172145376,371.22698436784,398.970027820768,392.19527475376,390.243661956832,387.55015882754543,395.300961831729,395.5318908691406
965,395.65034347952,392.03887732676236,397.733314217696,371.219605276384,398.981337761504,392.214524511968,390.236056635104,387.5642049238481,395.34795657441026,395.55908203125
966,395.66255728112,392.05749007254013,397.755458045664,371.209721136864,398.996802160352,392.231102498528,390.246106187488,387.5782510201507,395.3965545193647,395.5882568359375
967,395.66851877952,392.07610281831785,397.730457896672,371.197070329568,399.017639462624,392.245319091936,390.22770053296,387.5922971164533,395.4334307382536,395.5986022949219
968,395.65236792832,392.09471556409557,397.737466578656,371.189469726432,399.036618688224,392.258069776096,390.22665719984,387.6063432127559,395.46253810671533,395.61859130859375
969,395.66708712512,392.11332830987334,397.746033444576,371.184762406624,399.048534705888,392.269253887712,390.212647175904,387.6203893090585,395.498758049247,395.6374206542969
970,395.67719818432,392.13194105565105,397.759673321184,371.181741459168,399.065098012384,392.279188096736,390.21415293104,387.6344354053611,395.55062730994854,395.661865234375
971,395.68182869152,392.15055380142877,397.782693758688,371.179435902688,399.082399516384,392.288145032928,390.221582092,387.64848150166375,395.6106552777185,395.6913146972656
972,395.67262360112,392.1691665472065,397.798818760416,371.177515960032,399.098467895008,392.296328120032,390.226973869792,387.6625275979664,395.66323537790487,395.7165832519531
973,395.68959094272,392.18777929298426,397.798460147424,371.175860782816,399.111308756704,392.303710095072,390.211829286624,387.676573694269,395.70159414814844,395.73175048828125
974,395.66793716992,392.206392038762,397.806284621536,371.175153518304,399.129614796512,392.310664251104,390.209326335712,387.69061979057165,395.7357297529584,395.7508239746094
975,395.67115839232,392.2250047845397,397.80366737584,371.175680427744,399.141354653408,392.31693054128,390.20777234608,387.70466588687424,395.7826061807663,395.7663879394531
976,395.67460331072,392.24361753031747,397.804541888224,371.192047388384,399.156877772512,392.322485896928,390.195769296608,387.7187119831769,395.8483222311439,395.7837829589844
977,395.83553021312,392.2622302760952,397.851752974048,371.305521923808,399.174099584736,392.327602947808,390.25853915312,387.7327580794794,395.92099519247313,395.8064270019531
978,395.86731741472,392.2808430218729,397.917890856672,371.326924670688,399.223399433952,392.3336238712,390.31011336368,387.7468041757821,395.98228604434905,395.85675048828125
979,395.86380538752,392.2994557676506,397.962667149024,371.334372443872,399.253298530016,392.341528037088,390.312443299552,387.76085027208467,396.02667064955693,395.89239501953125
980,395.85915251072,392.3180685134284,397.991062587104,371.337659205344,399.266414118624,392.350979901152,390.31890567344,387.7748963683873,396.0687312217928,395.9190673828125
981,395.87762980032,392.33668125920605,397.991431685856,371.343910815456,399.277076039392,392.361249654496,390.304725780192,387.7889424646899,396.1300307111303,395.9368896484375
982,395.87924041152,392.3552940049838,398.013963486944,371.405931202272,399.295281415904,392.372387628768,390.317512115936,387.80298856099256,396.21744192383284,395.96197509765625
983,396.05635171952,392.37390675076153,398.108494710496,371.561798878944,399.31306107056,392.384261703392,390.456469407456,387.8170346572952,396.3140429907182,396.0061340332031
984,396.11908726272,392.39251949653925,398.14086844592,371.556902029024,399.366060295904,392.397557647072,390.468887693024,387.8310807535978,396.39226807408795,396.05059814453125
985,396.08749020272,392.411132242317,398.16760713392,371.547331938016,399.404215879392,392.4142069368,390.471500744416,387.8451268499004,396.4377127941136,396.08502197265625
986,395.99701635552,392.42974498809474,398.165497399008,371.535291139808,399.412835174112,392.432791897824,390.442122790624,387.859172946203,396.4614905696448,396.09832763671875
987,395.92827457472,392.44835773387246,398.131521439456,371.524020258528,399.39666403504,392.451393636064,390.366929405664,387.87321904250564,396.48993139406946,396.0932922363281
988,395.90496545152,392.4669704796502,398.121759196896,371.516752316128,399.386392184544,392.468416218848,390.361020679904,387.88726513880823,396.54151443924195,396.1044006347656
989,395.87476649152,392.48558322542794,398.140063139552,371.51130443952,399.396672423648,392.483280832224,390.360772167392,387.9013112351109,396.61282316296945,396.13299560546875
990,395.89351221632,392.5041959712056,398.161208723168,371.50641545392,399.409953687264,392.495683389152,390.358792455904,387.9153573314135,396.68559958742827,396.1632385253906
991,395.88496702912,392.5228087169834,398.145222133472,371.500697306848,399.432674232032,392.506091554528,390.346549282528,387.9294034277161,396.7464607380335,396.17926025390625
992,395.88875867632,392.54142146276115,398.142627956448,371.495097124576,399.449908627168,392.514748597984,390.341357782752,387.9434495240188,396.7993138022774,396.197509765625
993,395.88863564352,392.56003420853887,398.16188190896,371.4934642296,399.4661951096,392.522227042016,390.34378313904,387.9574956203213,396.8589861093089,396.22412109375
994,395.89829931072,392.5786469543166,398.181775492832,371.490411300576,399.480940185312,392.528531080928,390.338811840224,387.97154171662396,396.93395105481005,396.2527770996094
995,395.82658237312,392.5972597000943,398.204426831584,371.487447762656,399.4973378168,392.534099019488,390.347869439712,387.98558781292655,397.0166767436496,396.2843017578125
996,395.79310626672,392.61587244587207,398.210334508768,371.481019991776,399.49620535472,392.537976653536,390.326736439008,387.9996339092292,397.0914525392003,396.30413818359375
997,395.75451870672,392.63448519164973,398.193557292768,371.472722609888,399.50018994352,392.540138817248,390.307443689184,388.0136800055318,397.1514857917008,396.3146667480469
998,395.74269637312,392.6530979374275,398.168460674784,371.461413717728,399.506949064416,392.540205926112,390.286828685024,388.02772610183445,397.20673268542146,396.3222961425781
999,395.73544862272,392.6717106832053,398.15973232816,371.4520913528,399.520746227424,392.538859554528,390.284788156128,388.04177219813704,397.2740863135086,396.339599609375
1000,395.74041467392,392.69032342898294,398.151421314784,371.46884759728,399.537034807008,392.536263280352,390.25934655664,388.0558182944397,397.35960594997056,396.3533020019531
1001,395.90474175552,392.7089361747607,398.194547148512,371.566409991904,399.555405858528,392.532943488736,390.324768261856,388.0698643907422,397.45133899095623,396.37396240234375
1002,395.95883144832,392.7275489205384,398.226161714912,371.5610318456,399.605209024224,392.53063033008,390.35693752496,388.0839104870449,397.5308988676147,396.4164733886719
1003,395.95851827392,392.74616166631614,398.269069444832,371.552223282912,399.639159817952,392.531003623136,390.36658442416,388.0979565833475,397.59272452851707,396.4577941894531
1004,395.95467070272,392.76477441209386,398.27954262192,371.546596099808,399.652940203744,392.53377605808,390.36448727216,388.1120026796501,397.65136126711127,396.48089599609375
1005,395.94424646912,392.78338715787163,398.284802279136,371.560586725088,399.6625933944,392.53833736368,390.35198300336,388.12604877595277,397.7283506483691,396.4991149902344
1006,395.94190884592,392.8019999036494,398.300038088416,371.65814440112,399.673402115808,392.543844484832,390.35778687152,388.14009487225536,397.83046613556695,396.50738525390625
1007,395.93699871872,392.82061264942706,398.381193676512,371.83765733552,399.688522581728,392.550043666144,390.45633728688,388.154140968558,397.94074696207593,396.52850341796875
1008,395.93664080512,392.83922539520483,398.403882764,371.84631922864,399.705157191392,392.555158619872,390.4731354744,388.1681870648606,398.0315911618716,396.5593566894531
1009,395.93428081232,392.85783814098255,398.38802829488,371.839871534816,399.7229389432,392.560072247008,390.4663983736,388.1822331611632,398.0885702492967,396.57330322265625
1010,395.92550074432,392.87645088676027,398.373081892576,371.8346151544,399.740055897824,392.565403207392,390.444600575712,388.1962792574658,398.12280543213365,396.5834655761719
1011,395.93073523072,392.895063632538,398.366412949216,371.833402476256,399.754977134304,392.5713360504,390.42485903536,388.21032535376844,398.1605826987585,396.59613037109375
1012,395.93033257792,392.91367637831576,398.370204600032,371.839895783136,399.772098283232,392.577654769376,390.426098452192,388.2243714500711,398.2203452580284,396.6154479980469
1013,395.92040047552,392.9322891240934,398.390773466848,371.848311916256,399.788418320096,392.583891699424,390.432007177952,388.2384175463737,398.29864159668426,396.64349365234375
1014,395.95628131392,392.9509018698712,398.404568532704,371.860067501792,399.802028836576,392.589918914272,390.439327287008,388.25246364267633,398.3771910975714,396.667724609375
1015,395.95774652272,392.96951461564896,398.41030004912,371.868355315424,399.824950707936,392.595944031968,390.441613182688,388.2665097389789,398.4426185253673,396.68939208984375
1016,395.96241058432,392.9881273614266,398.42405736624,371.875987900128,399.842709391072,392.602141116128,390.442416391904,388.2805558352816,398.4987945204977,396.7120056152344
1017,395.96330536832,393.0067401072044,398.426475382496,371.879489750752,399.858922473184,392.608401114848,390.437314021088,388.2946019315841,398.56055943116655,396.7313232421875
1018,395.92873315152,393.0253528529821,398.433689585376,371.88079968432,399.874349123296,392.614690473696,390.441210529504,388.30864802788676,398.636369236231,396.7552490234375
1019,395.88564930192,393.0439655987598,398.417046587104,371.879407175392,399.882146334432,392.620302452448,390.413718963936,388.32269412418935,398.71865482014556,396.7688903808594
1020,395.84186080992,393.06257834453754,398.406369986272,371.87547095216,399.886848149216,392.625287382752,390.394600277728,388.336740220492,398.7917561758391,396.7835998535156
1021,395.82149328912,393.0811910903153,398.375462160096,371.868446541536,399.892130875104,392.628806403808,390.371814721248,388.3507863167946,398.8488717201821,396.7887268066406
1022,395.80375419632,393.099803836093,398.358011758304,371.860376176352,399.903732319968,392.63093711024,390.3655777912,388.36483241309725,398.89997433476833,396.79998779296875
1023,395.81038678272,393.11841658187075,398.357529413344,371.857211180768,399.917594494688,392.6315767416,390.35919196336,388.3788785093999,398.9619681133869,396.81884765625
1024,395.82622445952,393.1370293276485,398.358890464992,371.922157749984,399.936382879456,392.631234905824,390.349143459552,388.3929246057025,399.0409419529699,396.82745361328125
1025,396.00451017152,393.15564207342624,398.429419783904,372.08106852528,399.957325039328,392.630414919392,390.426619594464,388.4069707020051,399.1249059643052,396.84710693359375
1026,396.01730558272,393.17425481920395,398.486021916384,372.116368705248,400.009508472544,392.630945498848,390.46100869296,388.4210167983077,399.1955192644916,396.88983154296875
1027,396.02010178272,393.19286756498167,398.516208322272,372.117434320608,400.034296809184,392.633545967328,390.457511692,388.4350628946103,399.2472637400864,396.9206848144531
1028,396.01028152832,393.21148031075944,398.521243584224,372.116906493664,400.046116357856,392.638197450464,390.44934852784,388.4491089909129,399.2947283011722,396.93902587890625
1029,395.97739821632,393.2300930565371,398.513446373088,372.11672338608,400.055073294048,392.644245636832,390.429678290656,388.46315508721557,399.35945895656863,396.95416259765625
1030,395.92203345632,393.2487058023149,398.520048207584,372.120018274016,400.061389915872,392.650782459616,390.444253497056,388.47720118351816,399.4482911059139,396.9783020019531
1031,395.91115064592,393.26731854809265,398.519974807264,372.122301286112,400.064206391008,392.656618833632,390.428587771616,388.4912472798208,399.54427396789913,396.99957275390625
1032,395.90921567552,393.2859312938703,398.508077663968,372.125865395936,400.077592512224,392.661647804128,390.423192848096,388.50529337612346,399.61984874574756,397.0151672363281
1033,395.90912619712,393.3045440396481,398.49827557552,372.130445444832,400.096206833376,392.665911314144,390.420950992608,388.519339472426,399.66064493998465,397.0270080566406
1034,395.90966306752,393.3231567854258,398.516157990624,372.13654671536,400.115035064032,392.669562455776,390.422685337312,388.53338556872865,399.6778489714784,397.04595947265625
1035,395.91713451392,393.3417695312035,398.519553279712,372.145806690016,400.132474980064,392.67279626416,390.41907613872,388.54743166503124,399.69779595970294,397.05865478515625
1036,395.92644026752,393.3603822769812,398.532572399328,372.157375104736,400.150137194208,392.675734374112,390.428101232352,388.5614777613339,399.7389740053976,397.0781555175781
1037,395.92447174272,393.378995022759,398.55217238192,372.170682844896,400.167826671328,392.678657804,390.43549683888,388.5755238576365,399.7979685199797,397.1025390625
1038,395.96214214912,393.3976077685368,398.578174969568,372.191902222048,400.182787753696,392.68163575984,390.44995670192,388.58956995393913,399.8565515018727,397.1274108886719
1039,395.97610077952,393.41622051431443,398.584596448992,372.201127724768,400.205757859552,392.684921997024,390.458578093792,388.6036160502417,399.9014019774947,397.1463623046875
1040,395.98375118272,393.4348332600922,398.600729839328,372.2073282168,400.22579404976,392.688917071584,390.464850675424,388.6176621465444,399.9364988416798,397.16766357421875
1041,395.97018402032,393.4534460058699,398.600851474144,372.210713675488,400.243017959136,392.693543388896,390.464320095968,388.6317082428469,399.9767257365474,397.18341064453125
1042,395.93126091632,393.47205875164764,398.5887467128,372.2122761848,400.255219189472,392.698425558752,390.44290502832,388.64575433914956,400.03059426991763,397.1954345703125
1043,395.90711293312,393.49067149742535,398.571535386336,372.2113455736,400.261294638816,392.703108499168,390.424115594976,388.6598004354522,400.0905914240832,397.2058410644531
1044,395.91409224832,393.5092842432031,398.561580205792,372.208393438944,400.270459193056,392.707302803168,390.415667218144,388.6738465317548,400.1411342693484,397.21881103515625
1045,395.90380223232,393.5278969889808,398.544750560992,372.20549386416,400.288440174304,392.711241254624,390.416356132576,388.68789262805745,400.1754684546788,397.2283935546875
1046,395.89252795392,393.54650973475856,398.546640094944,372.203412834016,400.304621799136,392.71465541808,390.411887101664,388.70193872436005,400.2036611212116,397.2436828613281
1047,395.87513558992,393.56512248053633,398.543498561248,372.210445633248,400.31891808432,392.71748657328,390.405097572064,388.7159848206627,400.24268074106226,397.25640869140625
1048,395.87968780352,393.583735226314,398.545172088544,372.287083431648,400.331062691552,392.719430633184,390.391517464288,388.7300309169653,400.2986442413743,397.25933837890625
1049,396.04370171072,393.60234797209176,398.62225920176,372.446148478688,400.347468711648,392.720722478816,390.498435516128,388.7440770132679,400.359663379188,397.27947998046875
1050,396.07439280192,393.6209607178695,398.66617356464,372.45924335792,400.39705796784,392.722895128288,390.521479022304,388.7581231095705,400.40744480023034,397.317626953125
1051,396.05266073552,393.6395734636472,398.7040900728,372.458442376928,400.42646003888,392.727439656672,390.531061958368,388.7721692058731,400.4365458857205,397.3497314453125
1052,396.01824510592,393.6581862094249,398.70158397616,372.451494643424,400.434808800992,392.73350881456,390.510587463392,388.7862153021758,400.46162821953556,397.3622741699219
1053,396.00943148352,393.6767989552027,398.67706826928,372.441350981344,400.437321189088,392.740211312352,390.4767530616,388.80026139847837,400.5042976908615,397.367919921875
1054,396.00440950832,393.6954117009804,398.664342750944,372.43194892464,400.448014567136,392.747331143392,390.476461557472,388.814307494781,400.5714587665516,397.38385009765625
1055,396.19345499792,393.7140244467581,398.681715558112,372.43223204016,400.463843870432,392.754771838688,390.481575462624,388.8283535910836,400.64616472226106,397.4118347167969
1056,396.24954676992,393.7326371925359,398.709198735072,372.434432476896,400.51944775856,392.765079340768,390.495766890208,388.84239968738626,400.70093073600054,397.4481506347656
1057,396.21496336832,393.7512499383136,398.738623874784,372.440455628512,400.557062276832,392.778278815456,390.505247065824,388.8564457836888,400.72146067483357,397.47650146484375
1058,396.15784259472,393.7698626840913,398.75602604208,372.447240308448,400.564198885088,392.792914839264,390.490308003552,388.87049187999145,400.7190100888723,397.49078369140625
1059,396.14335827872,393.78847542986904,398.746184107744,372.45318586544,400.558777747168,392.807446005472,390.446950434528,388.88453797629404,400.71997166249776,397.491943359375
1060,396.13679280112,393.8070881756468,398.760383923936,372.461861914336,400.566593832672,392.821301888736,390.47716724912,388.8985840725967,400.74286452843376,397.5091552734375
