Real_TB,MLP_TB,LSTM_TB,GRU_TB,TFKAN_TB,PINT_TB,EXP_TB,ARIMA_TB,PROPHET_TB,MOE_TB
373.95633,374.01157,373.9983,374.0092,373.98193,374.02014,374.00943,374.0549,375.43170120606777,374.11417
373.93735,373.99805,373.99973,374.01526,373.94873,374.04395,374.0232,374.10175,375.4219977635661,374.10614
373.91443,373.9834,374.00058,374.02686,373.9285,374.0666,374.03696,374.13242,375.38930632005986,374.09567
373.8933,373.9841,374.00314,374.03925,373.9107,374.08774,374.05072,374.15448,375.3598633805971,374.09546
373.8723,373.99237,374.0096,374.0517,373.90405,374.1068,374.06448,374.18396,375.3526598377232,374.10355
373.84363,374.01102,374.01627,374.06357,373.90012,374.12344,374.07828,374.21182,375.36491596957484,374.11987
373.81775,374.02615,374.0207,374.0731,373.90195,374.13736,374.092,374.2404,375.3785633456948,374.13364
373.8279,374.0228,374.02078,374.08243,373.88858,374.1485,374.10577,374.26886,375.3798703836305,374.13315
373.842,374.03165,374.02115,374.09967,373.88815,374.1576,374.11954,374.29688,375.3722963763361,374.14127
373.85278,374.0468,374.022,374.1195,373.8945,374.16528,374.1333,374.32498,375.37062421775994,374.15466
373.87372,374.06683,374.02286,374.13806,373.90536,374.1719,374.14706,374.3531,375.3837455976194,374.17236
373.88794,374.07657,374.02344,374.15787,373.90775,374.17798,374.1608,374.3812,375.40456197748233,374.18353
373.9,374.08932,374.02426,374.17642,373.91083,374.18384,374.17456,374.40927,375.4174511923128,374.19617
373.90686,374.0972,374.02618,374.1942,373.9133,374.1898,374.18832,374.4374,375.41519910247,374.2042
373.91492,374.10022,374.02838,374.21115,373.91397,374.1958,374.2021,374.4655,375.40740255426726,374.20844
373.9342,374.10507,374.0349,374.22855,373.91364,374.20193,374.21585,374.4936,375.411054264136,374.21518
373.95273,374.12415,374.08978,374.249,373.90927,374.20847,374.22958,374.52173,375.43274395676013,374.23636
374.1401,374.20654,374.25626,374.27005,373.99112,374.21542,374.24338,374.5498,375.46099003337395,374.31104
374.20193,374.27057,374.37527,374.3243,374.03766,374.22443,374.25714,374.5779,375.4773641517109,374.37146
374.24255,374.3332,374.4477,374.36124,374.06567,374.2363,374.2709,374.60605,375.4758088614415,374.42413
374.21844,374.371,374.5019,374.38516,374.06693,374.25113,374.28467,374.63412,375.4704557610567,374.45654
374.19165,374.39175,374.5491,374.39194,374.05536,374.26776,374.2984,374.66223,375.48298316075926,374.47632
374.19376,374.41962,374.56122,374.39426,374.07126,374.2847,374.31216,374.69034,375.5209065061699,374.50058
374.1882,374.43503,374.5635,374.40906,374.08063,374.30173,374.32593,374.71844,375.56785814176834,374.51736
374.19904,374.44296,374.5637,374.42685,374.07196,374.31854,374.3397,374.74658,375.59627085532793,374.5275
374.18594,374.4385,374.56647,374.44788,374.05692,374.33527,374.35345,374.77466,375.59114081882876,374.5271
374.16568,374.44077,374.56854,374.4633,374.047,374.3512,374.3672,374.80276,375.5629736060805,374.52908
374.1164,374.44492,374.56915,374.47473,374.03455,374.36603,374.38095,374.8309,375.53798954613575,374.53198
374.10672,374.44193,374.56705,374.4788,374.0157,374.37897,374.3947,374.85898,375.53518133260144,374.53055
374.09702,374.45148,374.56485,374.49045,374.01776,374.39008,374.4085,374.8871,375.5517621603134,374.54028
374.0773,374.45114,374.56442,374.50485,374.01224,374.39963,374.42227,374.9152,375.56966589647993,374.54376
374.08395,374.44986,374.56555,374.51697,374.00546,374.4075,374.43604,374.9433,375.5751745779045,374.54547
374.07788,374.45233,374.56595,374.53375,373.99435,374.4139,374.44977,374.9714,375.5717637132085,374.54932
374.0801,374.45267,374.5653,374.54877,373.99075,374.41904,374.46353,374.9995,375.574227520872,374.55212
374.09808,374.4718,374.56454,374.56458,373.99255,374.42325,374.4773,375.02762,375.5914558654193,374.5688
374.10654,374.4812,374.5632,374.58405,373.99512,374.42694,374.49106,375.0557,375.616344260615,374.5799
374.11325,374.4988,374.56235,374.60217,374.0037,374.43045,374.50482,375.08383,375.63327670954806,374.59586
374.12387,374.4991,374.5624,374.61926,374.00327,374.434,374.51855,375.11194,375.6350661901907,374.599
374.12186,374.49808,374.56448,374.63715,374.00345,374.43765,374.53232,375.14,375.6313204238252,374.60095
374.13718,374.50497,374.57373,374.65274,374.0041,374.4415,374.54608,375.16815,375.63903922879393,374.6094
374.1647,374.51755,374.64233,374.67178,374.00156,374.44553,374.55988,375.19623,375.66481075477554,374.62775
374.3526,374.61115,374.82114,374.69452,374.09998,374.4501,374.57364,375.22437,375.69715282748376,374.71146
374.42816,374.66632,374.8975,374.7493,374.13483,374.45676,374.58737,375.25247,375.7176496209651,374.76282
374.4439,374.73233,374.91803,374.78885,374.16257,374.46695,374.60114,375.28055,375.7202524363448,374.81396
374.4435,374.74225,374.92236,374.8075,374.15024,374.48007,374.6149,375.3087,375.71912252021394,374.8235
374.4498,374.7393,374.93097,374.81873,374.12393,374.49564,374.62866,375.33676,375.73594235427265,374.82513
374.49112,374.7686,374.95,374.832,374.14835,374.5129,374.64243,375.36487,375.77820240922756,374.85223
374.71564,374.80685,374.96844,374.8582,374.16687,374.53152,374.65616,375.393,375.82955135332634,374.88702
374.72842,374.8634,374.97925,374.92197,374.18622,374.55444,374.66992,375.42108,375.8624211231989,374.93573
374.7047,374.9021,374.97778,374.95135,374.17236,374.5803,374.6837,375.4492,375.8618259429265,374.9647
374.6726,374.90567,374.97186,374.956,374.1527,374.6077,374.69745,375.4773,375.83828991445426,374.966
374.66757,374.89035,374.96375,374.95328,374.1046,374.63522,374.7112,375.5054,375.8180404406072,374.95346
374.6798,374.91296,374.9595,374.9627,374.13162,374.6624,374.725,375.5335,375.8200682196044,374.97095
374.70483,374.96466,374.95654,374.9834,374.13504,374.6887,374.73874,375.5616,375.8415727942935,375.0095
374.7338,374.98508,374.95584,375.00806,374.13672,374.71414,374.7525,375.58972,375.8644826004439,375.02826
374.73785,374.98694,374.95975,375.0328,374.13235,374.73907,374.76627,375.6178,375.87509279172787,375.0343
374.76135,374.99847,374.96414,375.05054,374.13696,374.76297,374.78003,375.64594,375.87689454115736,375.04538
374.79346,375.0123,374.97043,375.07007,374.13126,374.78616,374.7938,375.67404,375.8846824065622,375.05847
374.837,375.04962,374.97815,375.09232,374.14542,374.8088,374.80753,375.70212,375.9073361214325,375.08893
374.8749,375.09354,374.9867,375.1176,374.15665,374.8313,374.8213,375.73026,375.9377425541979,375.1244
374.90552,375.12625,374.99637,375.14212,374.16394,374.85388,374.83505,375.75836,375.96028376736615,375.15198
374.94174,375.1411,375.00726,375.16455,374.16025,374.87668,374.84882,375.78647,375.9677786497094,375.16632
374.94745,375.1633,375.01953,375.1879,374.16272,374.89978,374.86258,375.81458,375.9698412432688,375.18542
374.9638,375.1727,375.03302,375.2053,374.16858,374.92285,374.8763,375.84265,375.9834682428551,375.19678
374.99255,375.1914,375.054,375.22394,374.16266,374.94565,374.8901,375.8708,376.01522899867865,375.21588
375.1858,375.26636,375.1439,375.24658,374.2418,374.9681,374.90387,375.8989,376.05362284221593,375.27997
375.2719,375.33142,375.15872,375.30255,374.2956,374.99167,374.91763,375.92697,376.0802270537516,375.33344
375.28635,375.38892,375.16144,375.3451,374.30872,375.01782,374.9314,375.9551,376.08901194652833,375.37708
375.31314,375.4192,375.16174,375.36438,374.3169,375.04605,374.94513,375.9832,376.09413229990986,375.4004
375.33444,375.4273,375.16867,375.3805,374.29855,375.07587,374.9589,376.0113,376.1172601182226,375.41013
375.3421,375.4777,375.21835,375.39752,374.3236,375.10657,374.97266,376.03943,376.165864247445,375.45377
375.5862,375.58813,375.35562,375.41425,374.48474,375.13715,374.98642,376.0675,376.22357202068315,375.5477
375.59818,375.63925,375.3595,375.47897,374.50327,375.16934,375.00018,376.0956,376.2628118934252,375.59192
375.5712,375.6793,375.3554,375.50912,374.4958,375.2039,375.01392,376.12372,376.26857815977195,375.6215
375.51627,375.6751,375.34982,375.5116,374.46558,375.23932,375.02768,376.15182,376.2514186743765,375.61755
375.46057,375.6646,375.3466,375.50122,374.40985,375.2739,375.04147,376.17993,376.2375531846717,375.60785
375.4571,375.6753,375.3468,375.4947,374.42322,375.30603,375.05524,376.20804,376.24594191800867,375.6163
375.47363,375.71277,375.3459,375.50986,374.42264,375.33536,375.069,376.23615,376.27375847749835,375.64478
375.48117,375.74472,375.34384,375.53326,374.43628,375.36212,375.08276,376.26422,376.30291846747895,375.671
375.48492,375.73764,375.34174,375.55435,374.4183,375.3865,375.0965,376.29236,376.31971194822813,375.67047
375.4983,375.7548,375.34418,375.5717,374.42368,375.40887,375.11026,376.32047,376.3276270549069,375.68512
375.53073,375.77676,375.34924,375.58917,374.42682,375.42938,375.12402,376.34857,376.3414473119857,375.70343
375.56116,375.8143,375.3563,375.61075,374.4467,375.4486,375.1378,376.37668,376.3700418363551,375.73383
375.60925,375.8561,375.36322,375.63275,374.457,375.4669,375.15155,376.40475,376.4062570416688,375.76712
375.70544,375.88718,375.37033,375.6582,374.47363,375.48495,375.16528,376.4329,376.434468195922,375.79364
375.74008,375.9222,375.37775,375.69452,374.49493,375.50418,375.17905,376.461,376.44749469598145,375.82275
375.7267,375.95776,375.38528,375.7201,374.49658,375.52448,375.1928,376.48907,376.45494942362933,375.8499
375.74615,375.94785,375.39426,375.73132,374.4828,375.5452,375.2066,376.5172,376.47381393714187,375.84772
375.76804,375.95892,375.41446,375.7482,374.47485,375.5661,375.22037,376.5453,376.5106360873802,375.86176
375.97067,376.03064,375.5092,375.7695,374.55972,375.58698,375.2341,376.5734,376.55389577910626,375.9242
376.0518,376.1144,375.53,375.82755,374.6186,375.60934,375.24786,376.60153,376.5851615913093,375.9897
376.08978,376.1731,375.5347,375.8703,374.62808,375.6344,375.26163,376.6296,376.59840489815235,376.03323
376.094,376.21698,375.5389,375.89523,374.64774,375.66214,375.2754,376.6577,376.60778488965434,376.06592
376.1353,376.23175,375.54718,375.9066,374.6392,375.69128,375.28915,376.68582,376.6349616235042,376.07983
376.1591,376.27652,375.5887,375.9266,374.6547,375.72165,375.3029,376.71393,376.6873794054156,376.1188
376.41513,376.4051,375.72885,375.94852,374.82922,375.7527,375.31665,376.74207,376.748640993053,376.22467
376.4367,376.47488,375.7326,376.0159,374.85464,375.7859,375.3304,376.77014,376.791162737212,376.2798
376.3927,376.51517,375.72824,376.0482,374.84268,375.82193,375.34418,376.79825,376.7999739852682,376.30853
376.28958,376.50183,375.71884,376.04398,374.81378,375.8591,375.35794,376.82632,376.78561683952984,376.29816
376.24344,376.46744,375.70563,376.0165,374.72382,375.89487,375.37173,376.85446,376.77430995039555,376.27002
376.21347,376.46774,375.6935,376.00824,374.7358,375.9281,375.38547,376.88257,376.7850010007949,376.27103
376.2255,376.50412,375.68103,376.0189,374.72906,375.95782,375.39923,376.91068,376.8148495257171,376.29642
376.23566,376.5288,375.66766,376.0413,374.73294,375.9843,375.413,376.93878,376.8457740269711,376.31628
376.23807,376.5172,375.65808,376.06366,374.71487,376.00806,375.42676,376.96686,376.8640541121583,376.31256
376.27155,376.5332,375.65256,376.08124,374.72897,376.02936,375.44052,376.995,376.8732028762295,376.32605
376.28384,376.5604,375.65213,376.10284,374.73895,376.04895,375.45425,377.0231,376.88800849449336,376.34732
376.32104,376.5954,375.655,376.1204,374.74643,376.06696,375.46802,377.05118,376.91732213980754,376.37415
376.36148,376.63324,375.666,376.1418,374.75558,376.0841,375.48178,377.0793,376.95400106538347,376.40436
376.4071,376.68317,375.6768,376.1654,374.7948,376.10086,375.49554,377.1074,376.9824196324721,376.44275
376.4257,376.70908,375.68335,376.19064,374.8035,376.11737,375.5093,377.1355,376.99541172869147,376.46384
376.43222,376.72058,375.6907,376.21042,374.79617,376.13406,375.52307,377.16364,377.002605336247,376.4746
376.43863,376.7147,375.70026,376.2265,374.7938,376.15118,375.53683,377.1917,377.0209965149258,376.47607
376.46088,376.7222,375.7168,376.24283,374.7804,376.1681,375.5506,377.21982,377.05712077032285,376.487
376.6521,376.78397,375.81406,376.2637,374.8591,376.1849,375.56436,377.24792,377.099457508868,376.5421
376.72437,376.85046,375.8339,376.31937,374.90726,376.20294,375.57812,377.27603,377.1295880767192,376.59454
376.71967,376.9097,375.8408,376.3593,374.92764,376.2235,375.59186,377.30417,377.14151115075987,376.63712
376.76016,376.94434,375.84436,376.3738,374.93393,376.24585,375.60562,377.33224,377.1494074625315,376.66144
376.78052,376.9632,375.859,376.39383,374.93378,376.26996,375.6194,377.36035,377.1749476990787,376.67896
376.79245,377.0176,375.9157,376.4138,374.95673,376.29498,375.63315,377.38846,377.2255743816651,376.72403
377.04907,377.1443,376.0604,376.43323,375.1337,376.3204,375.6469,377.41656,377.2848920110239,376.8273
377.0621,377.19565,376.05963,376.49936,375.1494,376.3479,375.66064,377.44467,377.32533117926465,376.86874
377.0438,377.23163,376.05093,376.52948,375.14404,376.37823,375.6744,377.47278,377.3319455816094,376.8933
376.97726,377.2086,376.03912,376.5339,375.0938,376.41034,375.6882,377.5009,377.31530724651935,376.87656
376.944,377.18524,376.02722,376.52002,375.0287,376.44257,375.70197,377.52896,377.30166020919495,376.85748
376.9526,377.18237,376.01627,376.5179,375.03995,376.47336,375.71573,377.5571,377.3099525304452,376.85724
376.9232,377.22556,376.01193,376.53702,375.04178,376.50235,375.7295,377.5852,377.33734055962907,376.88733
376.89178,377.24838,376.0074,376.5509,375.03137,376.52863,375.74323,377.61328,377.365745916005,376.90448
376.88336,377.22284,376.00214,376.56085,374.99377,376.5518,375.757,377.64142,377.3814927667127,376.8908
376.8988,377.23947,375.99976,376.57443,375.0042,376.57217,375.77075,377.6695,377.38810963517517,376.90384
376.91397,377.25555,375.99774,376.59378,375.00974,376.59,375.78452,377.6976,377.4004013742195,376.91727
376.94678,377.28754,376.00128,376.61346,375.01953,376.606,375.79828,377.72574,377.42722633628017,376.94177
376.99185,377.32224,376.00555,376.6358,375.02756,376.62076,375.812,377.7538,377.461456862415,376.96872
377.0384,377.35287,376.00974,376.66086,375.0529,376.635,375.82578,377.78192,377.48745921204426,376.99368
377.06827,377.38092,376.0142,376.68637,375.0566,376.6494,375.83957,377.81003,377.49810288568506,377.01474
377.08658,377.406,376.02075,376.70813,375.0492,376.6643,375.85333,377.83813,377.50304134244476,377.03296
377.1006,377.39825,376.03006,376.72675,375.04846,376.6798,375.8671,377.86627,377.5192740450098,377.03357
377.11896,377.41998,376.04868,376.7446,375.04163,376.6957,375.88083,377.89435,377.5533453349639,377.05292
377.27563,377.47885,376.1417,376.76434,375.1139,376.7118,375.8946,377.92245,377.5937344629541,377.1049
377.34644,377.54062,376.15756,376.81335,375.16058,376.72885,375.90836,377.95056,377.62203496003656,377.15195
377.3665,377.5811,376.16464,376.8519,375.1654,376.7483,375.92212,377.97867,377.63226608794287,377.18143
377.39935,377.6225,376.1757,376.87317,375.18378,376.77008,375.93588,378.00677,377.6386268260955,377.2105
377.43036,377.63702,376.19025,376.8939,375.17868,376.79333,375.94962,378.03488,377.6628042377402,377.22485
377.47046,377.68365,376.2417,376.9167,375.19293,376.81787,375.96338,378.063,377.7122201998223,377.26385
377.69745,377.81982,376.39294,376.94305,375.37985,376.8436,375.97714,378.09106,377.77047122249235,377.37234
377.70355,377.8743,376.40454,377.00595,375.39917,376.8713,375.9909,378.1192,377.8099936064772,377.41504
377.66235,377.91464,376.40637,377.03317,375.3958,376.90182,376.0047,378.1473,377.81586639875974,377.4414
377.6246,377.89783,376.4028,377.03006,375.34933,376.93344,376.01846,378.17538,377.79868313013793,377.42853
377.5892,377.88327,376.39792,377.0234,375.2942,376.96503,376.0322,378.20352,377.7846858399395,377.41635
377.56372,377.89603,376.38953,377.0245,375.31934,376.9951,376.04596,378.2316,377.792813850418,377.42624
377.53787,377.92203,376.3763,377.03598,375.30386,377.0226,376.05972,378.2597,377.8202112913811,377.44318
377.51828,377.91803,376.36465,377.04877,375.28128,377.04752,376.0735,378.28784,377.8487954473088,377.4437
377.532,377.90057,376.35672,377.06207,375.25714,377.06973,376.08725,378.31592,377.86489865275587,377.436
377.5473,377.92178,376.3532,377.08167,375.2656,377.08954,376.10098,378.34402,377.8720501834262,377.45142
377.5656,377.94577,376.35318,377.102,375.26578,377.1072,376.11475,378.37216,377.88505994196777,377.46875
377.58524,377.9789,376.35858,377.12158,375.2761,377.12335,376.1285,378.40024,377.9127700202295,377.4934
377.62558,378.01044,376.3659,377.1405,375.2869,377.13828,376.14227,378.42838,377.94802531301985,377.51797
377.66028,378.043,376.37244,377.1636,375.3097,377.15256,376.15604,378.45645,377.975207416625,377.5434
377.66904,378.065,376.37842,377.18665,375.3134,377.16666,376.1698,378.48456,377.98717772655226,377.5605
377.69592,378.08826,376.38452,377.20383,375.30533,377.18066,376.18356,378.5127,377.9935896515901,377.57645
377.7117,378.084,376.39294,377.224,375.30786,377.19495,376.19733,378.54077,378.0114326829492,377.5798
377.7362,378.09717,376.4151,377.24356,375.30127,377.2094,376.2111,378.56888,378.04723188057505,377.5948
377.91348,378.15735,376.49622,377.26508,375.35748,377.22412,376.22485,378.597,378.0894585035619,377.64484
377.9933,378.20935,376.5153,377.31778,375.40173,377.2405,376.2386,378.6251,378.1196703290689,377.68582
378.0094,378.26498,376.52405,377.35834,375.41754,377.2597,376.25235,378.6532,378.1319034404081,377.7232
378.02905,378.30893,376.53683,377.3782,375.4268,377.28134,376.2661,378.6813,378.14035928811865,377.75204
378.07162,378.32712,376.5571,377.39444,375.41663,377.30457,376.27988,378.7094,378.1666995037607,377.768
378.11545,378.38208,376.63217,377.4184,375.44308,377.32916,376.29364,378.7375,378.218330136842,377.81372
378.1241,378.50543,376.78442,377.4467,375.62387,377.35492,376.30737,378.76562,378.27882038645015,377.91336
378.0978,378.54007,376.7971,377.46796,375.6258,377.3796,376.32117,378.79373,378.320594614735,377.9399
378.08212,378.52652,376.80435,377.47806,375.59213,377.40405,376.33493,378.8218,378.32873209680855,377.93417
378.0722,378.52753,376.81052,377.48978,375.58047,377.42795,376.3487,378.84995,378.3138276638557,377.9354
378.06738,378.53122,376.81537,377.50406,375.57114,377.4507,376.36246,378.87802,378.30211394614355,377.93866
378.0637,378.54,376.81937,377.52017,375.56616,377.47217,376.37622,378.90616,378.3125149965081,377.94696
378.03284,378.55557,376.82358,377.53635,375.5657,377.49207,376.38995,378.93427,378.3421421238126,377.96097
378.0225,378.55603,376.8279,377.54578,375.54675,377.51,376.40372,378.96234,378.3728962146481,377.96545
378.025,378.55737,376.8329,377.55786,375.53778,377.52597,376.41748,378.99048,378.3911079698638,377.97015
378.01895,378.5737,376.83615,377.57394,375.53436,377.53995,376.43124,379.0186,378.40031744951557,377.98227
378.03598,378.5855,376.83878,377.5888,375.53714,377.5521,376.445,379.04666,378.4153208962519,377.99286
378.07184,378.60147,376.84225,377.60788,375.54147,377.56296,376.45874,379.0748,378.4449447690375,378.0076
378.08887,378.6248,376.84714,377.63184,375.55527,377.57324,376.4725,379.10287,378.48201839835315,378.0279
378.1038,378.65195,376.851,377.65225,375.56546,377.58307,376.4863,379.13098,378.51091711300074,378.04874
378.12408,378.657,376.85477,377.67062,375.55814,377.5927,376.50006,379.15912,378.524507887265,378.05548
378.13693,378.66574,376.86053,377.69012,375.565,377.6026,376.51382,379.1872,378.53244470915183,378.06473
378.15222,378.68118,376.87003,377.7088,375.57175,377.61255,376.52756,379.2153,378.551718493925,378.07883
378.16733,378.7036,376.92337,377.72806,375.56738,377.62277,376.54132,379.2434,378.5888381235461,378.1015
378.37003,378.78467,377.0828,377.7477,375.64545,377.63318,376.55508,379.2715,378.63225080666325,378.17014
378.44604,378.8418,377.15314,377.8043,375.69073,377.64557,376.56885,379.29962,378.6635443838212,378.21796
378.47186,378.89847,377.18643,377.84488,375.70712,377.66113,376.5826,379.32773,378.67675626867145,378.25714
378.47476,378.93185,377.24252,377.8661,375.7048,377.6797,376.59634,379.35583,378.6861008000636,378.28387
378.4745,378.95557,377.30923,377.87778,375.6951,377.7002,376.6101,379.3839,378.7132424446066,378.3073
378.45544,378.99933,377.34152,377.88818,375.73422,377.7215,376.62387,379.41205,378.76558098894157,378.34277
378.46222,379.0288,377.34924,377.89752,375.74908,377.7426,376.63763,379.44016,378.8266972569056,378.36755
378.4659,379.03873,377.35254,377.91635,375.73947,377.76346,376.65143,379.46826,378.86898566203536,378.37943
378.45618,379.03998,377.35895,377.93625,375.72647,377.78394,376.6652,379.49637,378.8775718132508,378.3841
378.44626,379.04947,377.3664,377.95227,375.7277,377.8036,376.67892,379.52444,378.86308270340993,378.39136
378.4355,379.06168,377.3717,377.96643,375.71887,377.82196,376.6927,379.55258,378.85176811896673,378.3992
378.4053,379.0725,377.37454,377.97974,375.71994,377.83884,376.70645,379.5807,378.8625458861062,378.40875
378.37973,379.08972,377.375,377.98853,375.71472,377.85385,376.7202,379.60876,378.8925342507399,378.42224
378.3499,379.0944,377.37567,377.99734,375.7039,377.86694,376.73398,379.6369,378.92364865808884,378.4292
378.34894,379.0849,377.37494,378.00592,375.69092,377.87778,376.7477,379.665,378.9422458453855,378.42773
378.3487,379.08502,377.37378,378.02094,375.6814,377.88666,376.76147,379.69308,378.95189520987117,378.4308
378.35028,379.09082,377.3737,378.03772,375.67532,377.89404,376.77524,379.72122,378.9674217720082,378.4378
378.3348,379.1101,377.37317,378.05435,375.68118,377.90005,376.789,379.7493,378.99765746187626,378.4536
378.33664,379.11636,377.36993,378.06668,375.67374,377.9046,376.8028,379.7774,379.03544461044623,378.4621
378.3339,379.1272,377.36646,378.08167,375.67996,377.9082,376.81653,379.80554,379.06518214940075,378.47314
378.3453,379.1266,377.36322,378.09686,375.6831,377.911,376.8303,379.83362,379.07977213533843,378.47708
378.37366,379.13077,377.3609,378.11517,375.68903,377.91348,376.84406,379.86176,379.0889095729967,378.48334
378.4001,379.13828,377.36502,378.13788,375.69266,377.9161,376.85782,379.88983,379.10960425995245,378.4933
378.42804,379.15482,377.41824,378.16074,375.68994,377.91934,376.87158,379.91794,379.1483816255797,378.51416
378.61502,379.24686,377.5999,378.18326,375.79272,377.92346,376.8853,379.94608,379.19370689900404,378.59314
378.66464,379.31204,377.6922,378.2367,375.83228,377.92978,376.89908,379.97415,379.2271964197277,378.64633
378.68472,379.36212,377.72156,378.27017,375.84964,377.9393,376.91284,380.00226,379.24292824761113,378.68066
378.7,379.3881,377.73682,378.28864,375.84515,377.95178,376.9266,380.03036,379.2551495061995,378.6989
378.7297,379.3948,377.75137,378.30484,375.83203,377.96667,376.94037,380.05847,379.28555493968224,378.7088
378.74164,379.4213,377.76782,378.32678,375.85513,377.9836,376.9541,380.08658,379.34155198504146,378.73376
378.9753,379.4547,377.79214,378.34787,375.86963,378.00204,376.9679,380.1147,379.40671455522295,378.76315
378.9924,379.50473,377.8081,378.41125,375.8835,378.02484,376.98166,380.1428,379.4535027427304,378.80142
378.96396,379.54147,377.81595,378.442,375.87738,378.05078,376.99542,380.1709,379.4670626226036,378.82498
378.92075,379.5646,377.81714,378.44547,375.85333,378.07825,377.0092,380.199,379.4580587771831,378.8357
378.92456,379.5567,377.8111,378.4391,375.80713,378.1056,377.02295,380.2271,379.45276672582787,378.8287
378.93262,379.57864,377.8019,378.45004,375.83844,378.13235,377.03668,380.2552,379.47011661630177,378.84503
378.9563,379.62128,377.79517,378.4706,375.84064,378.15836,377.05045,380.28333,379.5072468741445,378.87158
378.9501,379.63712,377.79248,378.4949,375.84012,378.18365,377.0642,380.31143,379.5460642462791,378.88626
378.9489,379.62656,377.79346,378.51187,375.8189,378.20786,377.07797,380.3395,379.57296316570023,378.88562
378.98254,379.63644,377.7937,378.52676,375.81818,378.23053,377.09174,380.36765,379.59154414013165,378.89514
379.06308,379.655,377.79492,378.54892,375.82098,378.25223,377.10547,380.39572,379.61664336298327,378.91028
379.1425,379.6923,377.79758,378.5826,375.83743,378.27405,377.11923,380.42386,379.6571033576024,378.93765
379.25864,379.7448,377.80283,378.61768,375.85785,378.29706,377.13303,380.45197,379.7057665680779,378.9734
379.33676,379.78442,377.8085,378.6587,375.87982,378.32236,377.1468,380.48004,379.7470411761319,379.00327
379.4154,379.8248,377.81708,378.69284,375.88477,378.35025,377.16055,380.50818,379.7738450004217,379.0304
379.48157,379.88168,377.82858,378.72525,375.9038,378.38077,377.1743,380.53625,379.795886283432,379.0657
379.5896,379.91116,377.84354,378.75623,375.91855,378.41364,377.18805,380.56436,379.8301888568165,379.08966
379.6507,379.96725,377.8766,378.7971,375.9428,378.44937,377.2018,380.5925,379.8832487557803,379.13068
379.91104,380.07098,377.9658,378.83066,376.03928,378.4875,377.21558,380.62057,379.9435236096014,379.20428
380.0549,380.1512,377.98987,378.90436,376.08374,378.52948,377.22934,380.64868,379.99262794082085,379.2589
380.12082,380.22418,378.00204,378.97073,376.10635,378.5769,377.24307,380.6768,380.0246464063255,379.3051
380.20657,380.30096,378.0081,379.0026,376.13855,378.6287,377.25684,380.7049,380.0538342280175,379.34946
380.27597,380.35104,378.01862,379.0278,376.14526,378.68405,377.2706,380.733,380.1018654414593,379.38138
380.30444,380.44083,378.05228,379.05093,376.17685,378.74197,377.2844,380.7611,380.17612031754396,379.43683
380.51407,380.57837,378.16046,379.0654,376.36774,378.80106,377.29816,380.7892,380.26014395067034,379.53378
380.52917,380.6491,378.1618,379.12558,376.40372,378.8614,377.31192,380.81732,380.3263910614984,379.5803
380.52075,380.6961,378.1526,379.15057,376.3995,378.92307,377.32565,380.84543,380.35996122752016,379.60617
380.46265,380.70013,378.14548,379.1528,376.38312,378.98465,377.33942,380.87354,380.37153640533705,379.60907
380.43307,380.7094,378.14056,379.13962,376.34332,379.04413,377.35318,380.9016,380.3873685091207,379.61127
380.42615,380.73007,378.1322,379.1371,376.3644,379.0998,377.36694,380.92975,380.42634308869765,379.62674
380.5825,380.78378,378.12244,379.15042,376.37564,379.15125,377.3807,380.95786,380.4855364639995,379.65784
381.05435,380.8353,378.10938,379.20126,376.41333,379.20087,377.39444,380.98596,380.54684081366406,379.69342
381.16483,380.93146,378.1058,379.30325,376.44415,379.2559,377.4082,381.01407,380.59661300255925,379.75037
381.51227,381.0609,378.10626,379.3719,376.4805,379.31592,377.42197,381.04214,380.63842411047773,379.8178
381.95236,381.15573,378.1068,379.46997,376.56857,379.384,377.43573,381.07028,380.6870708402096,379.87897
382.43826,381.2889,378.10162,379.59125,376.68765,379.46356,377.44952,381.0984,380.75136469628575,379.9607
382.807,381.5336,378.08533,379.71335,376.85486,379.55814,377.46326,381.12646,380.8240555146987,380.0902
383.2099,381.70392,378.0438,379.8456,376.96924,379.66776,377.47702,381.1546,380.8895203383543,380.1816
383.55228,381.9275,377.97845,379.99246,377.0599,379.79324,377.49078,381.18268,380.94064150611035,380.28418
383.84167,382.13596,377.8862,380.15436,377.1781,379.93344,377.50455,381.2108,380.98708978580345,380.3794
384.12073,382.3333,377.7689,380.29883,377.39838,380.08643,377.5183,381.23892,381.04582412619334,380.4786
384.4769,382.51187,377.63162,380.42188,377.48694,380.24973,377.53204,381.267,381.12329402498915,380.55444
385.05142,382.77216,377.54358,380.5682,377.7559,380.4231,377.5458,381.2951,381.20788820124534,380.67273
385.43295,383.02048,377.43625,380.7596,377.99493,380.60785,377.55957,381.3232,381.28116881026983,380.7742
385.89548,383.27066,377.27365,380.93658,378.1902,380.80392,377.57333,381.35132,381.337176656108,380.86032
386.43774,383.476,377.08792,381.0916,378.39554,381.01218,377.5871,381.37946,381.39013752241965,380.92706
386.9879,383.73474,376.85806,381.4244,378.62497,381.23312,377.60083,381.40753,381.4616422231181,381.0153
387.6046,384.03055,376.617,382.04205,378.967,381.46747,377.61462,381.43564,381.5590106375601,381.14056
388.26886,384.34265,376.40192,383.10385,379.52032,381.71637,377.6284,381.46378,381.66571486656983,381.3278
388.60287,384.6784,376.02634,384.41376,379.7563,381.97867,377.64215,381.49185,381.754141029032,381.4939
388.6057,384.9829,375.57397,385.54535,380.0804,382.2531,377.6559,381.51996,381.8093894159215,381.61685
388.51028,385.13004,375.05817,385.7085,380.43668,382.53333,377.66968,381.54807,381.84207923484,381.6391
388.81177,385.3843,374.52466,385.9253,380.61322,382.8107,377.6834,381.57617,381.87841162741177,381.66843
389.1093,385.66467,373.99338,386.02798,380.89627,383.0834,377.69717,381.60428,381.93721007240987,381.7134
389.40555,385.86615,373.47586,386.18436,381.0936,383.3506,377.71094,381.6324,382.01551050412843,381.7339
389.59344,386.0737,372.95212,386.32895,381.77856,383.61136,377.7247,381.6605,382.0951043239344,381.8089
389.80167,386.24356,372.4394,386.42297,381.89252,383.86224,377.73846,381.68857,382.1623314256541,381.81174
389.9945,386.50494,371.94244,386.49365,382.2445,384.10593,377.7522,381.7167,382.2207311843689,381.8393
390.3291,386.79727,371.4674,386.55176,382.7002,384.34027,377.766,381.7448,382.2850585951695,381.8779
390.73395,387.11447,371.02893,386.6442,383.12384,384.56696,377.77975,381.7729,382.36405202798164,381.94238
390.99185,387.37286,370.6316,386.77502,383.50214,384.78876,377.79352,381.80103,382.4504482412624,381.98227
391.1897,387.5973,370.25568,386.88626,384.07288,385.00696,377.80728,381.8291,382.5285713398696,382.0459
391.47882,387.803,369.90506,386.95667,384.51605,385.2205,377.821,381.8572,382.5912934069582,382.13696
391.871,388.06003,369.56555,387.043,384.88354,385.43073,377.83478,381.88535,382.6482306663636,382.26562
392.34344,388.31403,369.23157,387.17175,385.2084,385.64035,377.84854,381.91342,382.71633103146695,382.39627
392.78748,388.515,368.9027,387.3357,385.4816,385.85242,377.8623,381.94156,382.80200353841667,382.5335
393.3224,388.8038,368.58063,387.49588,385.93112,386.06824,377.87607,381.96964,382.8936012796727,382.69894
393.71335,389.1268,368.27332,387.7259,386.1545,386.28888,377.8898,381.99774,382.9726693861694,382.88174
394.11792,389.41476,367.96558,387.91647,386.5856,386.5158,377.90356,382.02588,383.0332487066305,383.07846
394.05823,389.6762,367.6631,388.02206,387.20316,386.7481,377.91733,382.05396,383.0895497199552,383.2752
393.91797,389.9422,367.3603,387.9509,387.76974,386.97772,377.93112,382.08206,383.1631762617266,383.46292
393.81924,390.1579,367.06036,387.93802,388.112,387.19736,377.9449,382.1102,383.26144525465673,383.64578
393.9761,390.2132,366.77286,387.94138,388.39825,387.4017,377.95865,382.13828,383.36775391280605,383.75165
393.84958,390.31006,366.5068,388.01523,388.74252,387.5911,377.97238,382.16638,383.45451439017364,383.87943
393.85757,390.39108,366.2108,388.03528,388.77597,387.7649,377.98615,382.1945,383.50685070306,384.00452
393.76822,390.51837,365.93716,388.06296,388.75946,387.92538,377.9999,382.2226,383.5354107724651,384.15146
393.59872,390.6885,365.72083,388.0644,388.93597,388.07172,378.01367,382.2507,383.5664116605094,384.30328
393.36545,390.82962,365.533,388.033,389.03146,388.19858,378.02744,382.2788,383.6186778600331,384.43002
393.06393,390.90515,365.3705,387.98053,389.10925,388.3041,378.04117,382.30692,383.6892234417266,384.51886
392.8406,390.96085,365.2224,387.9145,389.0797,388.3862,378.05493,382.335,383.7599236644195,384.58844
392.68542,390.9871,365.0866,387.86823,389.13736,388.44586,378.0687,382.36313,383.8170924733477,384.64545
392.1534,391.02826,364.9627,387.84592,389.1149,388.48462,378.0825,382.39124,383.864333983813,384.7009
391.96338,390.9863,364.82837,387.7546,388.78952,388.4985,378.09625,382.4193,383.9164387220662,384.701
391.88217,390.901,364.7008,387.71832,388.73108,388.48914,378.11,382.44745,383.9821699429064,384.68942
391.731,390.87802,364.59018,387.72556,388.73352,388.46042,378.12375,382.47552,384.05429123023737,384.7045
391.55676,390.86813,364.49524,387.72525,388.6804,388.41644,378.1375,382.50366,384.11716904067094,384.72327
391.44363,390.76486,364.41696,387.71164,388.55847,388.35977,378.15128,382.53177,384.1637177114491,384.68893
391.26917,390.76904,364.36426,387.70596,388.4959,388.2923,378.16504,382.55984,384.2036445616238,384.70343
391.12418,390.76013,364.34683,387.68948,388.42178,388.21466,378.17877,382.58798,384.2539439238363,384.70435
391.0421,390.71985,364.38025,387.6769,388.29532,388.12787,378.19254,382.6161,384.3210389841645,384.6793
390.94153,390.6715,364.48105,387.68027,388.24167,388.03476,378.2063,382.64417,384.39333703693694,384.64423
390.7586,390.70428,364.64005,387.68387,388.22888,387.93625,378.22006,382.6723,384.4524429960763,384.63782
390.60413,390.68396,364.78653,387.66788,388.14816,387.8336,378.23383,382.70038,384.49247307891414,384.6022
390.56638,390.51877,364.72183,387.65417,388.1095,387.72714,378.2476,382.7285,384.5277124455141,384.53848
390.5546,390.41705,364.71854,387.66785,388.145,387.62274,378.26135,382.75662,384.5798238683799,384.5008
390.49994,390.36972,364.88516,387.69296,388.18802,387.52277,378.27512,382.7847,384.65613908440656,384.46252
390.59778,390.3677,365.05814,387.70697,388.19308,387.42725,378.28888,382.8128,384.7401631521737,384.44208
390.53497,390.32947,365.01437,387.74652,388.21225,387.337,378.30264,382.8409,384.80436286056283,384.443
390.4372,390.3377,364.97403,387.75598,388.202,387.25375,378.31638,382.86902,384.8339049800397,384.45862
390.19525,390.3079,364.94437,387.74683,388.19156,387.17514,378.33014,382.89716,384.839545485176,384.45282
389.98236,390.16064,364.9136,387.70486,388.09604,387.09857,378.3439,382.92523,384.84757141731467,384.38913
389.8805,390.0668,364.8783,387.66846,388.0579,387.02243,378.35767,382.95334,384.8768586456903,384.36136
389.64655,389.919,364.83957,387.66403,388.04352,386.94724,378.37143,382.9814,384.9244687127683,384.32428
389.45572,389.78687,364.78784,387.6417,387.97476,386.87137,378.38516,383.00955,384.97231919544606,384.2945
389.32773,389.6107,364.72778,387.62305,387.93396,386.79327,378.39893,383.03766,385.0068399984025,384.25165
389.14478,389.40778,364.66565,387.62012,387.98425,386.7129,378.41272,383.06577,385.0316878296763,384.2059
389.02243,389.3259,364.58746,387.60892,387.9515,386.63278,378.42648,383.09387,385.06171714217226,384.20108
388.95825,389.24908,364.50833,387.60654,387.91476,386.5507,378.44025,383.12195,385.10575829997,384.20096
388.74744,389.15295,364.43555,387.6179,387.9394,386.46735,378.454,383.1501,385.1565977625335,384.199
388.58664,389.01688,364.36008,387.59854,387.90546,386.38223,378.46774,383.1782,385.1986695953339,384.17487
388.44455,388.8828,364.28195,387.58154,387.84045,386.2956,378.4815,383.20627,385.22495634978657,384.1474
388.25662,388.73514,364.20425,387.57233,387.80295,386.20724,378.49527,383.2344,385.24523076216576,384.11658
388.18036,388.6005,364.12347,387.55627,387.77997,386.1172,378.50903,383.26248,385.276519886655,384.0929
388.16565,388.5048,364.04526,387.5623,387.75967,386.0267,378.5228,383.2906,385.32530964506833,384.08755
388.30334,388.39038,363.97537,387.58633,387.7822,385.93738,378.53653,383.3187,385.3800323639187,384.08002
388.37973,388.31476,363.90927,387.64035,387.8327,385.85345,378.5503,383.3468,385.4223371763088,384.08875
388.38824,388.27313,363.85773,387.68463,387.84583,385.77762,378.56406,383.3749,385.4463957274692,384.1001
388.38254,388.25336,363.95016,387.7039,387.85165,385.70978,378.57782,383.403,385.46653065736325,384.08652
388.38907,388.23035,364.12003,387.71317,387.83875,385.64874,378.5916,383.43112,385.5044434925711,384.0569
388.40033,388.23547,364.24606,387.7261,387.84286,385.59415,378.60535,383.4592,385.56747661722204,384.05176
388.3921,388.27643,364.25256,387.74384,387.87775,385.54614,378.6191,383.48734,385.6391436971964,384.08734
388.40695,388.26123,364.22867,387.7598,387.87033,385.5028,378.63287,383.51544,385.6919215317179,384.1045
388.40668,388.2192,364.2118,387.7805,387.8549,385.46533,378.64664,383.54355,385.7110500708228,384.10675
388.40372,388.1474,364.20236,387.79926,387.83517,385.43335,378.6604,383.57166,385.7072920388705,384.09235
388.40396,388.105,364.20007,387.81622,387.81042,385.40738,378.67413,383.59973,385.70694829571704,384.08743
388.408,388.10187,364.20148,387.83325,387.813,385.38654,378.6879,383.62787,385.72889241826135,384.1015
388.4089,388.08655,364.20615,387.85104,387.82758,385.3694,378.70166,383.65598,385.7701900532594,384.11487
388.4343,388.06305,364.21048,387.86807,387.8075,385.35663,378.71542,383.68405,385.8127281563158,384.12335
388.4468,388.05878,364.21487,387.8899,387.79816,385.34772,378.7292,383.7122,385.8429535949201,384.13803
388.43436,388.0242,364.22034,387.90988,387.78418,385.34195,378.74292,383.74026,385.8645299878435,384.13974
388.39725,387.98932,364.22437,387.92307,387.75803,385.33902,378.7567,383.76837,385.8923029999615,384.1412
388.38107,387.9667,364.22668,387.9293,387.75983,385.33752,378.77048,383.7965,385.93506285621356,384.14987
388.35953,387.91678,364.2288,387.93973,387.73138,385.33655,378.78424,383.8246,385.9855929794366,384.14996
388.32834,387.88403,364.22726,387.95126,387.71387,385.33694,378.798,383.8527,386.02829524325864,384.15802
388.31592,387.8356,364.2222,387.96097,387.6917,385.33777,378.81177,383.8808,386.0561354267799,384.16028
388.3024,387.7718,364.21494,387.97433,387.66275,385.3387,378.8255,383.9089,386.07886581744856,384.1587
388.31024,387.7475,364.20776,387.98834,387.64197,385.3402,378.83926,383.937,386.11349291889456,384.16907
388.3275,387.74802,364.25177,388.00653,387.63022,385.34152,378.85303,383.96512,386.1664377545735,384.1802
388.50574,387.81174,364.3992,388.02722,387.68976,385.34268,378.8668,383.99323,386.2260894411549,384.1958
388.55972,387.87292,364.45685,388.0793,387.73215,385.34543,378.88055,384.0213,386.2740592742833,384.23062
388.57355,387.91302,364.46487,388.1132,387.7432,385.35074,378.8943,384.04944,386.30448709961735,384.26068
388.55515,387.9244,364.47266,388.1297,387.73068,385.35864,378.90805,384.0775,386.33167218365196,384.27783
388.53976,387.92194,364.48563,388.1367,387.70587,385.3682,378.9218,384.10565,386.37725720773085,384.28986
388.54626,387.93808,364.4995,388.14575,387.72726,385.37854,378.9356,384.13376,386.4485221930453,384.31424
388.54184,387.9544,364.51147,388.16312,387.73386,385.38925,378.94937,384.16183,386.52891757884123,384.34048
388.5116,387.96835,364.52887,388.18094,387.73862,385.40018,378.9631,384.18997,386.59088007109165,384.36276
388.49692,387.9629,364.5403,388.19232,387.71835,385.41034,378.97687,384.21805,386.61957318358236,384.37363
388.48895,387.96298,364.55145,388.20523,387.71368,385.4196,378.99063,384.24615,386.6257448364223,384.3848
388.48563,387.96674,364.56363,388.2202,387.71548,385.42792,379.0044,384.2743,386.6356426643941,384.39813
388.47375,387.9842,364.57767,388.2363,387.72226,385.4353,379.01816,384.30237,386.66806772921365,384.4178
388.45688,388.0062,364.59146,388.2501,387.72327,385.44165,379.0319,384.33047,386.71999646909285,384.43973
388.4516,388.02066,364.6024,388.26172,387.7277,385.44693,379.04565,384.35858,386.77327960818315,384.46045
388.4575,388.0218,364.60403,388.27554,387.72897,385.45108,379.05942,384.3867,386.8143033602079,384.47815
388.457,388.02585,364.6023,388.29257,387.72565,385.4545,379.07318,384.4148,386.8466822849037,384.49628
388.46133,388.01474,364.59952,388.30875,387.70978,385.4576,379.08694,384.4429,386.88520530162657,384.51028
388.47095,388.01788,364.59692,388.32535,387.70358,385.46075,379.10068,384.471,386.9386137552182,384.53033
388.48703,388.01645,364.59457,388.3432,387.6965,385.464,379.11447,384.49908,386.9995924226285,384.55035
388.49228,388.01743,364.5933,388.36276,387.6959,385.46765,379.12823,384.52722,387.05249979204564,384.57068
388.47546,388.01102,364.59317,388.38025,387.69107,385.47177,379.142,384.55533,387.09025957580633,384.58652
388.46762,388.00482,364.59354,388.39218,387.68277,385.4759,379.15576,384.5834,387.12258277618673,384.6001
388.47485,388.00528,364.60126,388.40524,387.67862,385.4799,379.16953,384.61154,387.16641002476814,384.616
388.49677,388.01932,364.6748,388.42282,387.67862,385.4837,379.18326,384.63962,387.22811799994787,384.6312
388.64505,388.10968,364.84686,388.44473,387.77472,385.48764,379.19702,384.66776,387.2960317406268,384.6683
388.65826,388.1594,364.89642,388.49265,387.8092,385.4927,379.2108,384.69586,387.351718105934,384.70755
388.63043,388.19073,364.90936,388.51758,387.81677,385.4997,379.22455,384.72394,387.3892839208145,384.73663
388.58878,388.1918,364.91513,388.52414,387.79404,385.50784,379.2383,384.75208,387.4230072514503,384.75128
388.57303,388.1795,364.92142,388.52576,387.76248,385.5163,379.25204,384.78015,387.47447476004834,384.76083
388.5515,388.1928,364.92694,388.53558,387.7836,385.5246,379.2658,384.80826,387.55092020223753,384.78842
388.77777,388.20724,364.92566,388.54816,387.789,385.5321,379.27957,384.8364,387.63574320033956,384.81674
388.77563,388.22943,364.91882,388.60928,387.79544,385.54257,379.29337,384.86447,387.70133801085456,384.85522
388.72644,388.25226,364.91354,388.63547,387.77988,385.5554,379.30713,384.89258,387.73289387216886,384.8798
388.68484,388.25214,364.90607,388.6355,387.7519,385.56888,379.32086,384.9207,387.7411268651906,384.88898
388.65472,388.23367,364.8942,388.6345,387.70764,385.58197,379.33463,384.9488,387.7522659780624,384.8919
388.65744,388.24585,364.87973,388.6404,387.73734,385.5939,379.3484,384.9769,387.7850845606561,384.91672
388.66763,388.27774,364.8678,388.65732,387.72946,385.60492,379.36215,385.005,387.8365322894946,384.94592
388.71198,388.28326,364.86066,388.67838,387.7264,385.6152,379.37592,385.0331,387.8884454388253,384.96902
388.72574,388.27277,364.8589,388.7061,387.72452,385.6255,379.38965,385.0612,387.9272188410841,384.987
388.72687,388.29163,364.86026,388.72714,387.7334,385.6357,379.4034,385.08932,387.9564537622059,385.01117
388.81024,388.294,364.8654,388.74222,387.72876,385.64584,379.41718,385.1174,387.990953356508,385.02823
388.94012,388.32025,364.87286,388.7738,387.7481,385.65707,379.43094,385.14554,388.03943329776433,385.05957
389.06155,388.38882,364.87762,388.819,387.78534,385.67105,379.4447,385.17365,388.09460466355375,385.10858
389.09518,388.4579,364.8771,388.86423,387.81464,385.68884,379.4585,385.20172,388.1408221714215,385.1565
389.1015,388.48047,364.87485,388.8891,387.80316,385.7098,379.47223,385.22986,388.1710302970072,385.18137
389.11133,388.5023,364.8761,388.90204,387.8034,385.73315,379.486,385.25793,388.1949635770916,385.20435
389.1319,388.51532,364.8851,388.91415,387.8122,385.75784,379.49976,385.28604,388.2295800328412,385.22656
389.14703,388.5583,364.9311,388.93356,387.81937,385.78336,379.51352,385.31418,388.2812681278976,385.25568
389.3309,388.62943,364.98532,388.95615,387.8715,385.80896,379.52728,385.34225,388.3383835468294,385.29852
389.3653,388.67035,364.987,389.0122,387.91492,385.83603,379.54102,385.37036,388.3824871466646,385.34357
389.37885,388.70496,364.98364,389.0451,387.91818,385.86523,379.55478,385.39847,388.4077479434107,385.37546
389.37354,388.71353,364.97983,389.06293,387.91672,385.896,379.56854,385.42657,388.4284793781045,385.39676
389.38144,388.71548,364.98233,389.07233,387.89105,385.92734,379.5823,385.45468,388.4663145898944,385.4127
389.3849,388.754,365.00153,389.08643,387.89502,385.95847,379.59607,385.4828,388.5285028641065,385.4443
389.61816,388.85287,365.09167,389.1039,388.05072,385.98892,379.6098,385.5109,388.5984713196397,385.50546
389.64642,388.9006,365.0871,389.16617,388.07828,386.01996,379.62357,385.53897,388.6486557331484,385.55338
389.60052,388.92865,365.07684,389.19858,388.06296,386.05298,379.63736,385.5671,388.6643007142773,385.58102
389.49802,388.91916,365.0633,389.19913,388.0332,386.08652,379.65112,385.5952,388.6561769939317,385.58807
389.45975,388.87637,365.04514,389.17532,387.94168,386.11813,379.6649,385.6233,388.6505723097935,385.57373
389.44333,388.8763,365.0252,389.17142,387.94974,386.14694,379.67862,385.65143,388.66629222930044,385.59073
389.43582,388.90247,365.00565,389.18512,387.93237,386.1725,379.69238,385.6795,388.70031616379475,385.6164
389.45422,388.921,364.98788,389.20316,387.93542,386.1949,379.70615,385.70764,388.7345244267849,385.64307
389.4638,388.89954,364.97385,389.22574,387.9225,386.21448,379.7199,385.73575,388.7553639002655,385.65533
389.46805,388.91306,364.9674,389.24545,387.93597,386.232,379.73367,385.76382,388.76651881413824,385.6777
389.48047,388.9426,364.98987,389.26144,387.94452,386.24783,379.7474,385.79196,388.782831388964,385.70026
389.5069,388.98663,365.0388,389.27795,387.97662,386.26175,379.76117,385.82004,388.8130600805303,385.7282
389.53857,389.04324,365.06274,389.29797,388.00824,386.27393,379.77493,385.84814,388.8499578984009,385.76373
389.56247,389.07977,365.06653,389.3202,388.0338,386.28513,379.7887,385.87625,388.8779350590494,385.79465
389.5694,389.08878,365.0707,389.3411,388.0237,386.2964,379.80246,385.90436,388.8899793925074,385.81165
389.567,389.10175,365.07602,389.3579,388.02255,386.30786,379.81625,385.93246,388.89589624404107,385.82898
389.578,389.09988,365.08255,389.37216,388.02274,386.31918,379.83,385.96057,388.9126900493988,385.84396
389.59326,389.10797,365.10226,389.38968,388.01257,386.33038,379.84375,385.98868,388.9467817591742,385.8637
389.7702,389.16733,365.19873,389.40967,388.0903,386.34158,379.8575,386.01675,388.986545354332,385.9048
389.82053,389.22098,365.20477,389.46237,388.12994,386.35397,379.87128,386.0449,389.0136237415465,385.95178
389.8358,389.26508,365.20563,389.49686,388.14038,386.36902,379.88504,386.073,389.0222237951578,385.9869
389.83704,389.2862,365.2051,389.5149,388.1523,386.3862,379.89877,386.10107,389.0267095394009,386.01154
389.84763,389.2911,365.21194,389.5275,388.13443,386.40482,379.91254,386.1292,389.0487514164016,386.02872
389.87088,389.33167,365.26837,389.5439,388.14798,386.42422,379.9263,386.1573,389.09563903161535,386.06088
390.09103,389.44254,365.4244,389.5659,388.30652,386.4442,379.94006,386.1854,389.1507910022255,386.12558
390.08255,389.49524,365.42242,389.62744,388.33252,386.46594,379.95383,386.21353,389.18668695903983,386.1757
390.03537,389.51636,365.4115,389.65146,388.3134,386.48987,379.96756,386.2416,389.18862140701765,386.19922
389.91852,389.4826,365.39627,389.6493,388.25946,386.51483,379.98132,386.26974,389.16741703392546,386.19366
389.82925,389.44757,365.3795,389.6236,388.17786,386.53867,379.99512,386.29782,389.1493809443632,386.17987
389.78973,389.43265,365.36255,389.608,388.17133,386.5592,380.00888,386.32593,389.1533324936681,386.18604
389.66385,389.4432,365.3478,389.61542,388.14883,386.57608,380.02264,386.35406,389.17625993544846,386.20496
389.60144,389.43512,365.33087,389.60822,388.1042,386.58774,380.03638,386.38214,389.2000587511678,386.2122
389.55783,389.39014,365.30844,389.6101,388.06146,386.59396,380.05014,386.41025,389.21119911465115,386.20813
389.52914,389.3758,365.28528,389.6189,388.05032,386.59543,380.0639,386.43835,389.21338859408024,386.21692
389.5382,389.38437,365.26587,389.63098,388.0481,386.59296,380.07767,386.46646,389.2214833516668,386.23453
389.56564,389.3972,365.25116,389.6501,388.04327,386.58774,380.09143,386.49457,389.24423920039493,386.25598
389.6006,389.42224,365.23782,389.673,388.06046,386.58102,380.10516,386.52267,389.2744013769248,386.28537
389.6362,389.44217,365.22598,389.69647,388.0822,386.57404,380.11893,386.55078,389.2963766753181,386.3125
389.65198,389.4531,365.2176,389.71902,388.0778,386.56772,380.1327,386.57886,389.303179873321,386.33127
389.65564,389.46237,365.21307,389.73676,388.0713,386.5626,380.14645,386.607,389.3046114306165,386.3473
389.6576,389.45108,365.21353,389.75113,388.0691,386.55875,380.16022,386.6351,389.31766869523415,386.35815
389.67413,389.4478,365.24506,389.76578,388.04944,386.5559,380.174,386.66318,389.3487543431546,386.36963
389.8483,389.49036,365.37732,389.78497,388.1062,386.5542,380.18774,386.6913,389.38622274993116,386.39703
389.88156,389.53018,365.39642,389.83743,388.14178,386.55496,380.2015,386.7194,389.4117094171409,386.4344
389.9007,389.56308,365.40393,389.86877,388.13898,386.559,380.21527,386.7475,389.4194036702137,386.4603
389.91537,389.579,365.41342,389.88766,388.14423,386.566,380.22903,386.77563,389.42367473863976,386.4791
389.93112,389.59555,365.44522,389.90448,388.12958,386.5755,380.2428,386.8037,389.44616939303404,386.4959
389.94727,389.6574,365.562,389.9234,388.15015,386.58685,380.25653,386.83185,389.4941204097016,386.524
390.16992,389.7714,365.72272,389.94418,388.3025,386.59952,380.2703,386.85992,389.5509369085873,386.5774
390.19675,389.81506,365.72,390.00558,388.3166,386.61484,380.28406,386.88803,389.58906288213643,386.62082
390.1656,389.84842,365.71097,390.0377,388.31476,386.634,380.29782,386.91614,389.59377734766525,386.6502
390.06702,389.82016,365.6972,390.04242,388.27045,386.65552,380.31158,386.94424,389.57588673896714,386.64908
390.02243,389.7762,365.67764,390.02115,388.1818,386.67734,380.32532,386.97235,389.561669453201,386.63397
389.99908,389.76382,365.65573,390.0158,388.199,386.69812,380.33908,387.00046,389.5699081204893,386.64694
390.00516,389.76358,365.6327,390.02798,388.17285,386.71695,380.35287,387.02856,389.5975369926096,386.6643
390.02075,389.76416,365.613,390.04907,388.1651,386.73474,380.36664,387.05664,389.6264107547187,386.68552
390.01758,389.7399,365.59964,390.07217,388.1403,386.75128,380.3804,387.08478,389.6429753369265,386.6954
390.02493,389.74146,365.5926,390.08914,388.14072,386.7665,380.39413,387.11288,389.6509156565111,386.71237
390.05423,389.7545,365.5927,390.1053,388.13562,386.78052,380.4079,387.14096,389.6650512300311,386.73163
390.09103,389.78937,365.59875,390.12592,388.14496,386.79364,380.42166,387.1691,389.6940915475042,386.76093
390.1328,389.82904,365.60587,390.1492,388.16016,386.8064,380.43542,387.19717,389.73073577058204,386.79367
390.15683,389.86386,365.61264,390.17377,388.18378,386.81924,380.4492,387.22528,389.75935284771555,386.82532
390.16318,389.88095,365.61902,390.1945,388.17752,386.83237,380.46292,387.25342,389.7729305215927,386.8456
390.16693,389.89255,365.6255,390.21054,388.17657,386.84576,380.47668,387.2815,389.7812361383406,386.86328
390.18143,389.88617,365.63342,390.22583,388.16956,386.85925,380.49045,387.30963,389.80123374682785,386.87616
390.18744,389.89618,365.65564,390.24448,388.163,386.87283,380.5042,387.3377,389.8392744538641,386.89523
390.368,389.95346,365.74008,390.2627,388.2321,386.88626,380.518,387.3658,389.88366341415855,386.9285
390.406,390.00357,365.74854,390.3157,388.26898,386.9009,380.53177,387.39395,389.9159986141141,386.97043
390.40555,390.0464,365.7525,390.34793,388.27652,386.9179,380.5455,387.42203,389.9304632514425,387.00043
390.42273,390.07547,365.7551,390.36203,388.28732,386.93637,380.55927,387.45013,389.94139227286945,387.02362
390.43423,390.08362,365.76382,390.3777,388.27408,386.95596,380.57303,387.47824,389.97039717555316,387.03967
390.44745,390.1325,365.82547,390.39557,388.29672,386.9761,380.5868,387.50635,390.0246661621183,387.0663
390.69305,390.23843,365.98367,390.4154,388.44608,386.99655,380.60056,387.53445,390.0875820817201,387.11023
390.6953,390.28964,365.982,390.47983,388.46738,387.019,380.6143,387.56256,390.13151961014927,387.15546
390.6471,390.3202,365.97128,390.50677,388.4586,387.04398,380.62805,387.59067,390.14176621770787,387.18173
390.56683,390.29257,365.95575,390.504,388.40295,387.07007,380.6418,387.61874,390.12912202874236,387.1785
390.5187,390.26126,365.93976,390.4865,388.33154,387.09573,380.65558,387.64688,390.11984422635317,387.17004
390.50662,390.25964,365.92532,390.4826,388.34265,387.1194,380.66934,387.67496,390.13267177247485,387.1852
390.49948,390.288,365.91528,390.49713,388.33255,387.14075,380.68307,387.70306,390.1645072138548,387.2108
390.52057,390.30273,365.90524,390.51553,388.33307,387.1595,380.69687,387.7312,390.19718348906673,387.23447
390.5211,390.2828,365.89734,390.5388,388.31757,387.17627,380.71063,387.75928,390.21713615247734,387.24518
390.5167,390.302,365.89523,390.55664,388.32477,387.19138,380.7244,387.78738,390.2280436091726,387.26642
390.51544,390.31747,365.90048,390.57034,388.32306,387.20486,380.73816,387.8155,390.2447192870493,387.2841
390.51978,390.34082,365.90585,390.58368,388.3242,387.21674,380.7519,387.8436,390.275843180719,387.30597
390.54037,390.37222,365.9078,390.59872,388.33102,387.22723,380.76566,387.87173,390.3140945391499,387.3324
390.55832,390.3979,365.9072,390.61807,388.34555,387.23682,380.77942,387.8998,390.34383374256805,387.35892
390.55505,390.40643,365.907,390.638,388.33932,387.24594,380.79318,387.92792,390.3580524252749,387.3761
390.56055,390.41745,365.9073,390.653,388.32956,387.25476,380.80695,387.956,390.366528829233,387.39185
390.5693,390.40857,365.90967,390.66888,388.32935,387.26328,380.82068,387.98413,390.3862170686195,387.40424
390.58463,390.41556,365.9244,390.6864,388.3175,387.27158,380.83444,388.01224,390.4234573198147,387.42035
390.75848,390.47522,366.01526,390.706,388.38467,387.27985,380.8482,388.04034,390.46654678693676,387.4488
390.7749,390.52664,366.019,390.75766,388.42667,387.28943,380.86197,388.06845,390.49708751042635,387.49112
390.783,390.56375,366.01746,390.78424,388.42444,387.3011,380.87576,388.09653,390.50927933401954,387.5183
390.80005,390.58484,366.01688,390.7989,388.43167,387.31458,380.88953,388.12466,390.5174705308892,387.5392
390.808,390.59006,366.02277,390.81522,388.4177,387.32935,380.90326,388.15277,390.54328213106675,387.55478
390.82175,390.62592,366.0816,390.83252,388.4352,387.34497,380.91702,388.18085,390.5938919961572,387.57736
390.8403,390.7409,366.23135,390.85226,388.59625,387.36108,380.9308,388.20898,390.6526595797204,387.62476
390.83337,390.758,366.23178,390.87418,388.5982,387.37567,380.94455,388.23706,390.6920121526306,387.64935
390.83936,390.7469,366.2309,390.89053,388.58054,387.3904,380.9583,388.26517,390.697244875132,387.6583
390.84457,390.7405,366.23175,390.90796,388.56308,387.40546,380.97205,388.2933,390.67918506406784,387.6654
390.8478,390.73874,366.23672,390.92572,388.54895,387.42084,380.9858,388.32138,390.66410718837426,387.67392
390.85913,390.74957,366.24786,390.9429,388.55286,387.43613,380.99957,388.3495,390.67075618479566,387.68994
390.85718,390.77206,366.2602,390.96146,388.55667,387.45096,381.01334,388.3776,390.6960471757112,387.71173
390.8706,390.78998,366.27167,390.97726,388.56244,387.46515,381.0271,388.4057,390.72180902899714,387.7321
390.86926,390.79803,366.27945,390.99554,388.56143,387.47864,381.04083,388.43384,390.7345120701971,387.74823
390.8479,390.81088,366.2856,391.01138,388.55362,387.4915,381.05463,388.4619,390.73786804861857,387.76343
390.79788,390.80576,366.29025,391.022,388.54224,387.50336,381.0684,388.49002,390.74670562116575,387.77307
390.78006,390.80267,366.29205,391.02548,388.51944,387.51346,381.08215,388.51813,390.76972267581607,387.78284
390.77133,390.80646,366.29138,391.0355,388.51578,387.52176,381.09592,388.54623,390.799607193408,387.7992
390.7657,390.8196,366.28772,391.05035,388.5246,387.5283,381.10965,388.57434,390.8207400385306,387.81976
390.7586,390.82376,366.28265,391.06656,388.51962,387.53333,381.1234,388.60245,390.82614202687336,387.8344
390.75748,390.82715,366.27838,391.08188,388.51358,387.5372,381.13718,388.63055,390.82562019143234,387.84763
390.76633,390.82544,366.2796,391.0977,388.51193,387.54022,381.15094,388.65863,390.83615362458687,387.86035
390.77872,390.83783,366.33777,391.1155,388.50787,387.54266,381.1647,388.68677,390.8640862436323,387.87015
390.95074,390.9181,366.4821,391.1343,388.5984,387.54486,381.17844,388.71484,390.89772350408265,387.89642
390.97403,390.9542,366.49857,391.18488,388.6189,387.5484,381.1922,388.74295,390.91869012326737,387.9279
390.97055,390.98526,366.5132,391.2122,388.6218,387.55447,381.20596,388.7711,390.92122012113407,387.94965
390.9766,391.001,366.5322,391.22403,388.61066,387.5624,381.21976,388.79916,390.91969635593335,387.96136
390.9586,390.9999,366.55182,391.2369,388.59317,387.57172,381.23352,388.82727,390.93575054078957,387.97012
390.9512,391.0172,366.57224,391.2478,388.61563,387.58157,381.24728,388.85538,390.97656591062645,387.99152
390.9484,391.04443,366.5895,391.2621,388.6295,387.59155,381.26102,388.88348,391.02550769345913,388.0171
390.94788,391.0466,366.6015,391.2791,388.62347,387.60132,381.27478,388.9116,391.05502034470993,388.03198
390.95697,391.05093,366.6188,391.297,388.62198,387.61084,381.28854,388.9397,391.05042196195154,388.0426
390.9578,391.06808,366.6369,391.31653,388.63113,387.62012,381.3023,388.9678,391.0225764761015,388.05508
390.9718,391.07828,366.65417,391.33383,388.63272,387.62906,381.31607,388.99588,390.9977797939328,388.06488
390.98206,391.0938,366.67154,391.3528,388.64374,387.63785,381.3298,389.02402,390.994775396512,388.08047
390.9441,391.1203,366.68536,391.37122,388.653,387.6465,381.34357,389.05212,391.01046457158344,388.10205
390.91162,391.13364,366.69354,391.3784,388.6474,387.65442,381.35733,389.08023,391.0267013693882,388.11703
390.9035,391.12302,366.6942,391.38446,388.63214,387.66104,381.3711,389.10834,391.02996924277676,388.1233
390.90228,391.11844,366.6915,391.3973,388.62448,387.6665,381.38486,389.1364,391.02399921936507,388.13263
390.9126,391.1043,366.6877,391.41403,388.61154,387.67126,381.39862,389.16455,391.02363023993917,388.1402
390.91943,391.111,366.68503,391.4335,388.60205,387.67584,381.41238,389.19266,391.037565822266,388.1564
390.9016,391.11374,366.68286,391.45203,388.59503,387.6802,381.42615,389.22073,391.0584811233759,388.17245
390.868,391.1166,366.68024,391.4641,388.59106,387.68402,381.4399,389.24887,391.0707647811855,388.18646
390.84445,391.11032,366.6765,391.4711,388.57755,387.6869,381.45367,389.27695,391.067455441838,388.19385
390.83038,391.10355,366.6725,391.4802,388.57236,387.6887,381.4674,389.30505,391.0583763865083,388.20157
390.82727,391.1081,366.67468,391.49295,388.57657,387.68945,381.48117,389.3332,391.0605026885157,388.21472
390.83118,391.11176,366.7451,391.50912,388.5714,387.68936,381.49493,389.36127,391.0801730246831,388.21814
391.01047,391.18155,366.89987,391.52713,388.65408,387.6887,381.5087,389.38937,391.1056851022797,388.2373
391.00137,391.21704,366.91516,391.57962,388.67233,387.68927,381.52246,389.41748,391.11866607662176,388.26764
390.95615,391.24857,366.91656,391.60056,388.66385,387.69183,381.5362,389.4456,391.1133607569826,388.2879
390.90787,391.24722,366.9137,391.6011,388.64108,387.6954,381.54996,389.47366,391.10416043098246,388.29358
390.894,391.22394,366.90482,391.5998,388.60965,387.6988,381.56372,389.5018,391.1126991396259,388.29504
390.87714,391.23175,366.90207,391.6099,388.63538,387.702,381.5775,389.5299,391.14613879602393,388.31628
391.10245,391.24216,366.90607,391.62405,388.6376,387.70468,381.59128,389.55798,391.1878236026878,388.33633
391.10764,391.26456,366.9129,391.68536,388.64618,387.7105,381.60504,389.58612,391.21019558768825,388.36664
391.06546,391.2883,366.92276,391.7129,388.64078,387.71884,381.61877,389.6142,391.19859360476784,388.3844
391.02728,391.29642,366.92847,391.71466,388.6226,387.7282,381.63254,389.64233,391.16388946613296,388.38895
391.01675,391.28305,366.9265,391.71448,388.58157,387.73764,381.6463,389.67044,391.13237343886584,388.38623
391.01974,391.30887,366.9138,391.72458,388.62457,387.74664,381.66006,389.69852,391.12277433077924,388.41068
391.0304,391.34222,366.89816,391.74225,388.6184,387.7552,381.67383,389.72665,391.13197622035983,388.43634
391.05527,391.3415,366.88913,391.763,388.61194,387.76385,381.68756,389.75473,391.1418247723043,388.45166
391.06247,391.32373,366.8889,391.78625,388.60144,387.7728,381.70132,389.78284,391.1388030558215,388.45908
391.07047,391.33865,366.89346,391.80502,388.60522,387.78186,381.7151,389.81097,391.1266510927612,388.47455
391.09076,391.34402,366.89764,391.822,388.6049,387.79092,381.72885,389.83905,391.1202060208484,388.48724
391.1237,391.3624,366.89883,391.84137,388.6133,387.8001,381.7426,389.86716,391.12814906301634,388.5075
391.1511,391.40015,366.9001,391.86432,388.6227,387.8098,381.75638,389.89526,391.14314892788866,388.53525
391.17865,391.43063,366.90356,391.8868,388.63272,387.82043,381.77014,389.92337,391.14958741339876,388.55945
391.18896,391.42465,366.9097,391.90878,388.62646,387.83218,381.7839,389.95148,391.1405069168297,388.56882
391.18726,391.44394,366.9171,391.92697,388.62604,387.8447,381.79767,389.97958,391.1257342654208,388.58444
391.19836,391.43713,366.92627,391.9418,388.62772,387.85757,381.81143,390.0077,391.1222391064018,388.59344
391.21268,391.45273,366.95157,391.9595,388.61588,387.87054,381.82516,390.03577,391.1363464423426,388.60782
391.38986,391.52866,367.00784,391.97922,388.69708,387.88358,381.83893,390.0639,391.15634644464586,388.64587
391.43115,391.56326,367.00906,392.03192,388.73364,387.89783,381.8527,390.092,391.1638505920869,388.68094
391.434,391.5964,367.0065,392.06448,388.72836,387.91483,381.86646,390.12012,391.15312294212623,388.70532
391.4405,391.59955,367.00198,392.07928,388.72168,387.93396,381.88022,390.14822,391.138566395374,388.7174
391.44498,391.5949,367.00253,392.09256,388.69916,387.95456,381.89395,390.1763,391.14180376608346,388.72687
391.45444,391.62018,367.03442,392.10815,388.70657,387.97568,381.9077,390.20444,391.16998320543985,388.7472
391.67474,391.72235,367.17316,392.12692,388.8589,387.99692,381.92148,390.23254,391.2064374526465,388.78983
391.69836,391.76556,367.171,392.18777,388.87912,388.0195,381.93527,390.26062,391.2236087777957,388.82965
391.6545,391.79178,367.16254,392.2191,388.86914,388.0446,381.94904,390.28876,391.2068488643156,388.85205
391.57486,391.7878,367.15366,392.22116,388.83292,388.07077,381.9628,390.31683,391.1670436798444,388.85406
391.54428,391.76648,367.14615,392.20535,388.76868,388.096,381.97653,390.34494,391.1304796683804,388.84476
391.53262,391.77377,367.14252,392.20624,388.78867,388.11926,381.9903,390.37308,391.1158992732308,388.8582
391.5432,391.80945,367.1395,392.22122,388.7891,388.14023,382.00406,390.40115,391.12015875059114,388.88284
391.56912,391.83258,367.13696,392.24292,388.79706,388.15918,382.01782,390.42926,391.1251018233367,388.90594
391.57,391.82208,367.13428,392.26758,388.786,388.1765,382.0316,390.45737,391.1172289868206,388.91608
391.57175,391.83932,367.13492,392.28528,388.79572,388.1925,382.04532,390.48547,391.1002937392277,388.93307
391.59106,391.8529,367.14,392.3,388.79108,388.20718,382.05908,390.51355,391.08913783264546,388.94696
391.62317,391.88287,367.1469,392.3181,388.8012,388.22095,382.07285,390.5417,391.09243952978795,388.96942
391.6525,391.92047,367.15283,392.34024,388.81454,388.23416,382.0866,390.5698,391.102864280617,388.99634
391.67072,391.955,367.15814,392.36255,388.83215,388.24728,382.10037,390.59787,391.1047977075362,389.0218
391.67865,391.96344,367.16336,392.38214,388.8242,388.26044,382.11414,390.626,391.09129631810237,389.03427
391.67886,391.97424,367.16882,392.39896,388.82156,388.2736,382.1279,390.65408,391.0722076159474,389.04675
391.67972,391.97394,367.1759,392.41403,388.82175,388.2867,382.14166,390.68222,391.06450588020186,389.05713
391.697,391.98126,367.1963,392.4296,388.8101,388.29944,382.15543,390.71033,391.0745080846771,389.06982
391.87204,392.0426,367.28906,392.4495,388.8813,388.31192,382.1692,390.7384,391.09049384984354,389.10147
391.89795,392.0962,367.29526,392.50208,388.92447,388.32547,382.18292,390.76654,391.0940984802961,389.14215
391.92047,392.1363,367.29507,392.53122,388.92566,388.341,382.1967,390.79462,391.07959818589785,389.16843
391.92303,392.15787,367.29498,392.5497,388.93594,388.3584,382.21045,390.82272,391.06141198694183,389.18698
391.93597,392.16193,367.30026,392.56332,388.91864,388.37692,382.2242,390.85086,391.06116727721457,389.19897
391.95245,392.20374,367.35583,392.58047,388.93704,388.39612,382.23798,390.87894,391.086006286408,389.22522
392.19083,392.30734,367.5103,392.60092,389.0791,388.41568,382.2517,390.90704,391.1192645383946,389.26944
392.19632,392.35794,367.5086,392.6645,389.10474,388.43726,382.26547,390.93515,391.1333673011807,389.31158
392.14816,392.3848,367.49866,392.692,389.0896,388.4614,382.27927,390.96326,391.11370066293864,389.33286
392.05865,392.3645,367.4847,392.68988,389.03964,388.48682,382.29303,390.99136,391.0711765853527,389.32892
391.9989,392.33374,367.47162,392.67017,388.9675,388.51154,382.3068,391.01947,391.03209816208704,389.31744
391.98914,392.3347,367.462,392.66275,388.9768,388.53387,382.32056,391.04758,391.01517644725163,389.32562
391.99896,392.361,367.45554,392.6774,388.9695,388.5537,382.3343,391.07565,391.0172721559749,389.3475
392.01672,392.38263,367.4487,392.70007,388.98102,388.57117,382.34805,391.1038,391.0202301682767,389.3711
391.99884,392.37094,367.44122,392.7237,388.96613,388.58667,382.36182,391.1319,391.0105624423042,389.38
391.96936,392.37805,367.43713,392.737,388.96323,388.6004,382.37558,391.15997,390.99203038878613,389.39188
391.98187,392.38086,367.43762,392.74393,388.9504,388.61203,382.38934,391.1881,390.9794936625153,389.40057
391.99524,392.40405,367.439,392.75934,388.95557,388.62204,382.40308,391.2162,390.9816167518025,389.42117
392.00012,392.43774,367.43823,392.77792,388.96518,388.63077,382.41684,391.24432,390.991054181385,389.44745
392.04172,392.45792,367.43573,392.7948,388.97202,388.63852,382.4306,391.2724,390.99219430394925,389.4676
392.05798,392.46365,367.43478,392.8188,388.9668,388.6462,382.44437,391.3005,390.9781070948084,389.48102
392.0885,392.47946,367.43576,392.83905,388.9734,388.65414,382.45816,391.32864,390.9586454069286,389.49652
392.10373,392.4763,367.4407,392.86087,388.97113,388.6627,382.4719,391.35672,390.9507812942709,389.50705
392.081,392.48727,367.46243,392.8801,388.96094,388.6719,382.48566,391.38483,390.96082023056226,389.52148
392.19327,392.54028,367.54825,392.89035,389.01544,388.6809,382.49942,391.41293,390.97703087265654,389.54175
392.20142,392.5778,367.5565,392.92807,389.045,388.69025,382.51318,391.44104,390.9810455386723,389.5713
392.09897,392.59714,367.56238,392.9513,389.05414,388.70078,382.52695,391.46915,390.96714686606083,389.58856
392.05124,392.59116,367.56238,392.9428,389.0203,388.71045,382.54068,391.49725,390.9497666719635,389.5898
392.06482,392.56836,367.5676,392.94135,388.98718,388.7186,382.55444,391.52536,390.9505236561903,389.58948
392.0548,392.58798,367.6264,392.95947,389.00528,388.72556,382.5682,391.55344,390.9765350486432,389.6048
392.26865,392.69272,367.7762,392.97757,389.15616,388.73132,382.58197,391.58157,391.011104563219,389.64026
392.29788,392.72964,367.76492,393.03687,389.1656,388.73776,382.59573,391.60968,391.02667493330637,389.67773
392.24124,392.7479,367.7485,393.06796,389.16556,388.74677,382.60947,391.63776,391.00862757132785,389.6985
392.11356,392.72998,367.7291,393.06653,389.1296,388.75714,382.62323,391.6659,390.96787924102324,389.6965
391.94086,392.67633,367.70862,393.0403,389.03586,388.76675,382.63702,391.69397,390.9307262506795,389.676
391.85538,392.6429,367.68973,393.00314,388.98254,388.7726,382.6508,391.72208,390.91585922638495,389.66528
391.82416,392.6311,367.66708,392.99612,388.9495,388.77383,382.66455,391.7502,390.9201212028314,389.67188
391.79254,392.61075,367.63693,393.0098,388.94037,388.7708,382.6783,391.7783,390.9253340389296,389.68216
391.76605,392.57382,367.60425,393.02637,388.90103,388.7641,382.69205,391.80643,390.91801007284533,389.68427
391.73398,392.55637,367.57776,393.04077,388.87473,388.75473,382.7058,391.83453,390.9019187367043,389.69
391.72586,392.5512,367.56244,393.05084,388.86972,388.74326,382.71957,391.8626,390.8918967192088,389.69904
391.73364,392.56042,367.55246,393.06387,388.87726,388.73013,382.73334,391.89075,390.89659336570173,389.7154
391.7537,392.57538,367.54733,393.08078,388.88577,388.71634,382.7471,391.91885,390.90864268251937,389.73483
391.77505,392.6016,367.555,393.1007,388.91107,388.70282,382.76083,391.94693,390.91242076088014,389.75595
391.7658,392.60995,367.5579,393.121,388.9175,388.68997,382.7746,391.97507,390.90099375257677,389.7687
391.74966,392.61523,367.56006,393.13428,388.91388,388.67807,382.78836,392.00314,390.88420642850843,389.77783
391.75302,392.5931,367.56815,393.1446,388.89682,388.66678,382.80212,392.03125,390.87902965051677,389.77817
391.7441,392.58533,367.59644,393.1599,388.87866,388.65646,382.81592,392.0594,390.89173724951996,389.78403
391.90363,392.61243,367.61566,393.17465,388.90616,388.6473,382.82965,392.08746,390.91057295092486,389.80554
391.91714,392.6314,367.60785,393.22357,388.94595,388.64075,382.8434,392.11557,390.91716137325824,389.83423
391.88693,392.62585,367.59756,393.25015,388.9404,388.63733,382.85718,392.14368,390.9057902975257,389.84595
391.86636,392.61752,367.59122,393.2571,388.93027,388.63684,382.87094,392.17178,390.8908857171097,389.85156
391.87625,392.61514,367.6125,393.26367,388.91608,388.6379,382.8847,392.19992,390.8940528702868,389.85797
391.9055,392.63812,367.71802,393.2802,388.92755,388.6399,382.89844,392.228,390.92238552049986,389.86798
392.10574,392.74118,367.88016,393.3046,389.05212,388.64316,382.9122,392.2561,390.95917420987666,389.90405
392.07336,392.79105,367.86868,393.3631,389.07474,388.64883,382.92596,392.28424,390.9768264654238,389.94656
392.01874,392.8026,367.85013,393.38,389.04303,388.657,382.93973,392.31232,390.960743614049,389.96143
391.92432,392.75687,367.82733,393.37708,389.00214,388.66672,382.95352,392.34042,390.9218537921413,389.9508
391.8812,392.69037,367.80014,393.36105,388.92932,388.6765,382.9673,392.36856,390.8864487812338,389.93054
391.84766,392.66815,367.77457,393.36307,388.92874,388.68594,382.98102,392.39664,390.8731977492862,389.9348
391.79776,392.68066,367.75208,393.37363,388.90967,388.69385,382.99478,392.42474,390.87891407466867,389.95328
391.7806,392.6666,367.72943,393.38193,388.88748,388.69928,383.00854,392.45285,390.8854181494557,389.96277
391.77478,392.6258,367.70898,393.3954,388.85986,388.70258,383.0223,392.48096,390.8792247953594,389.96222
391.85477,392.62405,367.69263,393.4117,388.8606,388.7041,383.03607,392.50906,390.86410871979785,389.97388
391.83316,392.64105,367.68433,393.44525,388.86957,388.70578,383.0498,392.53717,390.85490408930156,389.99518
391.82626,392.67175,367.68143,393.45938,388.86502,388.70718,383.06357,392.56528,390.8602548521212,390.01758
391.83325,392.68658,367.67828,393.46967,388.86234,388.7082,383.07733,392.59335,390.87277668765154,390.03558
391.83316,392.69202,367.67316,393.48395,388.87363,388.70905,383.0911,392.6215,390.87684495203865,390.051
391.83176,392.69067,367.66718,393.49896,388.86835,388.7098,383.1049,392.6496,390.86553875547776,390.06125
391.82907,392.69226,367.6626,393.51422,388.8433,388.71072,383.11862,392.67767,390.848719737895,390.0703
391.83624,392.67194,367.66196,393.52957,388.84613,388.71188,383.1324,392.7058,390.84334645629457,390.07538
391.8393,392.6737,367.6884,393.54736,388.82993,388.71323,383.14615,392.73392,390.8556904311299,390.08603
391.9979,392.72583,367.76868,393.56473,388.893,388.7149,383.1599,392.76202,390.8739905145901,390.11023
392.0306,392.75378,367.7664,393.61337,388.92438,388.71808,383.17368,392.79013,390.87987761491075,390.14108
392.00296,392.78052,367.76166,393.64328,388.9223,388.7239,383.1874,392.81824,390.867650791331,390.16342
391.99136,392.79926,367.76035,393.651,388.91925,388.73163,383.20117,392.84634,390.8517634474132,390.1775
391.9853,392.79248,367.77628,393.659,388.8937,388.74045,383.21494,392.87445,390.853823227314,390.18314
391.98386,392.82452,367.86664,393.67194,388.90872,388.74957,383.2287,392.90253,390.88091257484473,390.19803
391.98407,392.92676,367.98727,393.68854,389.03497,388.75858,383.2425,392.93066,390.91630435004294,390.23816
391.9591,392.9161,367.9804,393.70654,389.02045,388.76587,383.25626,392.95877,390.9324419748304,390.25067
391.93152,392.8922,367.973,393.71866,388.99902,388.77307,383.27,392.98685,390.9147388550575,390.25204
391.92163,392.86917,367.96518,393.72824,388.96768,388.7798,383.28375,393.01498,390.8741468517713,390.24896
391.9127,392.8597,367.95877,393.7416,388.95374,388.78625,383.29752,393.04306,390.83697100563694,390.2521
391.90503,392.8538,367.95303,393.75626,388.94885,388.79205,383.31128,393.07117,390.8218819773744,390.2605
391.91144,392.85883,367.94858,393.771,388.94696,388.7971,383.325,393.0993,390.8256949287904,390.2753
391.9104,392.8568,367.95264,393.78833,388.9407,388.8018,383.33878,393.12738,390.83023289881345,390.28723
391.846,392.8502,367.96335,393.80435,388.9269,388.806,383.35254,393.15552,390.8220339000328,390.29407
391.77444,392.87906,367.97504,393.80545,388.92935,388.8088,383.3663,393.18362,390.8049000029384,390.3078
391.75507,392.8427,367.96674,393.80206,388.8915,388.80862,383.38007,393.2117,390.7936814647703,390.30182
391.7142,392.82855,367.9571,393.81155,388.88446,388.8067,383.39386,393.23984,390.7970192523233,390.30945
391.68964,392.8269,367.94577,393.82074,388.8821,388.80286,383.4076,393.26794,390.8075383260723,390.3224
391.68668,392.82443,367.93253,393.8325,388.8739,388.79715,383.42136,393.29602,390.8096277245446,390.33398
391.6841,392.80936,367.9202,393.84906,388.86896,388.79028,383.43512,393.32416,390.7963887740432,390.3404
391.68597,392.8057,367.91025,393.86606,388.87405,388.78275,383.44888,393.35223,390.7777047823895,390.34964
391.6826,392.8121,367.91263,393.88297,388.87256,388.77502,383.46265,393.38034,390.7705465744419,390.36185
391.6931,392.8106,368.0031,393.89816,388.86304,388.76733,383.47638,393.40848,390.7811938737139,390.36218
391.86215,392.88214,368.16168,393.91574,388.93506,388.76004,383.49014,393.43655,390.7978797093515,390.38138
391.8639,392.92126,368.1789,393.9658,388.9647,388.75485,383.5039,393.46466,390.802251136279,390.4126
391.83597,392.93088,368.17883,393.98856,388.95026,388.7523,383.51767,393.49277,390.7886409333958,390.42615
391.79807,392.92203,368.18576,393.99414,388.9263,388.7519,383.53143,393.52087,390.7715162755168,390.4283
391.78543,392.90903,368.19632,393.99658,388.8989,388.7525,383.5452,393.54898,390.7724951174456,390.43085
391.78668,392.91083,368.20428,394.00754,388.92294,388.7536,383.55896,393.5771,390.79865819009603,390.44678
391.7806,392.93073,368.20676,394.02554,388.93433,388.75504,383.57272,393.6052,390.83327718938364,390.47128
391.77365,392.93494,368.2062,394.0432,388.9283,388.75662,383.5865,393.63333,390.8488059087019,390.48743
391.7518,392.9119,368.21042,394.05942,388.9136,388.7584,383.60025,393.6614,390.83067950762677,390.4884
391.74484,392.9187,368.22052,394.07126,388.91528,388.76004,383.61398,393.6895,390.78985956911924,390.4939
391.7303,392.9265,368.23227,394.0851,388.91437,388.76135,383.62775,393.71765,390.7526898180984,390.50037
391.7282,392.9322,368.24155,394.09802,388.91504,388.76218,383.6415,393.74573,390.7378237159029,390.50995
391.72083,392.9516,368.24237,394.11325,388.92487,388.76273,383.65527,393.77383,390.7420622282626,390.5288
391.74686,392.95154,368.2384,394.1278,388.9276,388.76285,383.66904,393.80194,390.747235514714,390.54208
391.72836,392.9366,368.2345,394.14923,388.9171,388.76318,383.68277,393.83005,390.7398946552053,390.54965
391.71875,392.92,368.2311,394.16226,388.88843,388.764,383.69656,393.85815,390.72385499550654,390.55252
391.69168,392.9046,368.22824,394.1746,388.8787,388.7652,383.71033,393.88626,390.7139711458039,390.55746
391.68054,392.8883,368.22388,394.1838,388.85605,388.766,383.7241,393.91437,390.71887837171766,390.56326
391.67163,392.88174,368.21936,394.19638,388.85043,388.76648,383.73785,393.94244,390.7311944105246,390.57486
391.66812,392.8936,368.21558,394.21097,388.8505,388.7666,383.75162,393.97058,390.7353076031374,390.59134
391.6658,392.8815,368.212,394.22696,388.8494,388.76633,383.76535,393.9987,390.7243258148816,390.59833
391.66888,392.8821,368.2098,394.24323,388.8511,388.76578,383.7791,394.02676,390.7081460341379,390.60834
391.67767,392.88242,368.2168,394.2603,388.84982,388.7651,383.79288,394.0549,390.70373504853006,390.619
391.702,392.89325,368.307,394.27856,388.84604,388.76465,383.80664,394.083,390.71735021612545,390.62534
391.8874,392.9779,368.45242,394.30014,388.94067,388.76468,383.8204,394.1111,390.7372183702409,390.65317
391.87805,393.01053,368.45502,394.35376,388.95782,388.7669,383.83417,394.13922,390.74498308707126,390.68567
391.84235,393.03018,368.45074,394.3742,388.9448,388.77188,383.84793,394.16733,390.7349826254733,390.70337
391.81522,393.01245,368.4461,394.37668,388.90918,388.77856,383.8617,394.19543,390.7216872183684,390.7041
391.7657,392.9967,368.44687,394.3809,388.88138,388.7861,383.87546,394.22354,390.72670567103876,390.70758
391.75247,393.00226,368.4482,394.38443,388.89825,388.79318,383.88922,394.25162,390.7571094058045,390.72302
391.9746,393.01627,368.44498,394.39758,388.89673,388.79944,383.90295,394.27975,390.79612720298474,390.74387
391.9712,393.03644,368.4372,394.45914,388.91202,388.8086,383.91672,394.30786,390.8162102478748,390.77832
391.92322,393.0643,368.4262,394.48544,388.9027,388.81982,383.93048,394.33594,390.8028034570656,390.80115
391.85776,393.06525,368.41666,394.4859,388.87064,388.83182,383.94424,394.36407,390.76689089477674,390.80383
391.8485,393.0389,368.40472,394.47925,388.82285,388.84302,383.958,394.39215,390.7347810682343,390.79547
391.85812,393.05396,368.3988,394.48843,388.8609,388.85336,383.97174,394.42026,390.72511629061967,390.81342
391.87323,393.09366,368.39313,394.508,388.8561,388.86285,383.98553,394.4484,390.7346745915506,390.8407
391.9031,393.10507,368.3896,394.5303,388.86627,388.8719,383.9993,394.47647,390.74527198308226,390.8603
391.908,393.08472,368.38193,394.5546,388.8493,388.8806,384.01306,394.50458,390.7434559857086,390.86688
391.9329,393.09827,368.37708,394.57248,388.853,388.88947,384.02682,394.5327,390.73303747853237,390.88306
391.95883,393.09073,368.3748,394.59235,388.8437,388.89865,384.0406,394.5608,390.7288702485826,390.89206
391.9845,393.10944,368.3761,394.61334,388.8455,388.9085,384.05432,394.58893,390.73956436818213,390.9122
392.0123,393.14423,368.38007,394.63458,388.8545,388.91913,384.06808,394.61703,390.75771372432644,390.93884
392.0533,393.17383,368.3863,394.65637,388.86823,388.93057,384.08185,394.6451,390.76769657861905,390.96283
392.05704,393.17755,368.39484,394.6813,388.86862,388.9431,384.0956,394.67325,390.76262408732845,390.97565
392.0563,393.2026,368.40448,394.6989,388.8701,388.95633,384.10938,394.70132,390.75238749376183,390.99292
392.06473,393.1991,368.41574,394.71368,388.8729,388.96982,384.12314,394.72943,390.7539417671277,391.00146
392.08936,393.21512,368.44733,394.7309,388.86755,388.9833,384.1369,394.75757,390.7735242093288,391.01486
392.26813,393.30057,368.51962,394.7529,388.961,388.99686,384.15067,394.78564,390.79934324439387,391.05322
392.4242,393.34558,368.5221,394.80655,388.99344,389.01172,384.16443,394.81375,390.8130358564095,391.09308
392.43936,393.39502,368.51587,394.8646,389.00687,389.03134,384.1782,394.84186,390.8089362066731,391.13364
392.4426,393.42618,368.5041,394.88757,389.018,389.05463,384.19193,394.86996,390.80152598515025,391.16052
392.4367,393.41135,368.4943,394.896,388.98572,389.08032,384.2057,394.89807,390.8124024934785,391.1674
392.44046,393.43314,368.52756,394.90106,388.97626,389.10742,384.21945,394.92618,390.8485997595603,391.18243
392.67334,393.54324,368.65558,394.9135,389.1334,389.13486,384.23322,394.95428,390.89334558600007,391.22458
392.68002,393.59042,368.64212,394.97745,389.14734,389.16376,384.24698,394.98242,390.9190803193374,391.27213
392.62067,393.62027,368.6238,395.0072,389.13672,389.19498,384.2607,395.0105,390.9112558808705,391.30032
392.5402,393.58963,368.60532,395.00238,389.08505,389.22668,384.2745,395.0386,390.8808647445494,391.294
392.46677,393.56696,368.5947,394.9848,389.02246,389.257,384.28827,395.06674,390.8542134785446,391.28506
392.44318,393.5648,368.58914,394.97473,389.02707,389.28403,384.30203,395.09482,390.84993301981467,391.29187
392.43774,393.59772,368.58215,394.98538,389.01535,389.30743,384.3158,395.12292,390.8647851937953,391.31644
392.4676,393.62332,368.57553,395.0038,389.02304,389.32748,384.32956,395.15103,390.880574519776,391.34186
392.49655,393.61084,368.56894,395.02936,389.01697,389.34497,384.3433,395.17914,390.88385861283473,391.35345
392.51462,393.63324,368.56735,395.05374,389.0314,389.3609,384.35706,395.20724,390.87846483284955,391.3756
392.53027,393.6583,368.56738,395.07312,389.03403,389.37552,384.37082,395.23535,390.8792402711542,391.39682
392.55792,393.68042,368.56927,395.08984,389.03802,389.38928,384.38458,395.26346,390.89479040700377,391.4181
392.59296,393.71106,368.57184,395.10907,389.04813,389.40253,384.39835,395.29153,390.9177023218353,391.4441
392.62125,393.74167,368.57523,395.1313,389.06543,389.41583,384.41208,395.31967,390.9323565868955,391.47025
392.65338,393.75717,368.57928,395.15308,389.0602,389.4293,384.42587,395.34778,390.9318742047111,391.48718
392.6541,393.7669,368.58554,395.17572,389.0576,389.44342,384.43964,395.37585,390.92616232833893,391.50162
392.6562,393.76132,368.5932,395.192,389.05777,389.4579,384.4534,395.404,390.9321801766602,391.51093
392.7156,393.76956,368.6098,395.2074,389.04367,389.4723,384.46716,395.4321,390.95615516867383,391.52414
392.9222,393.8344,368.71246,395.23602,389.1052,389.4873,384.4809,395.46017,390.9862883238894,391.5495
392.9807,393.9386,368.7797,395.29572,389.1847,389.5045,384.49466,395.4883,391.00422409214985,391.60236
392.98138,394.0027,368.78372,395.33276,389.19345,389.52405,384.50842,395.51642,391.0043251869493,391.6408
392.9803,394.02692,368.78424,395.34674,389.1957,389.546,384.5222,395.54453,391.00108291429325,391.66052
392.9957,394.02792,368.78958,395.35403,389.1772,389.56943,384.53595,395.57263,391.0160992281675,391.67087
393.00137,394.07175,368.84143,395.3689,389.19055,389.59378,384.54968,395.6007,391.05640274174334,391.69415
393.2238,394.18146,368.97852,395.3874,389.35068,389.61832,384.56345,395.62885,391.10522934380623,391.7359
393.23138,394.2267,368.97156,395.44928,389.36487,389.64423,384.57724,395.65695,391.13499514054166,391.78146
393.19305,394.25528,368.95828,395.47778,389.34372,389.6724,384.591,395.68503,391.13119253546813,391.80743
393.09827,394.23404,368.9415,395.47946,389.3049,389.70157,384.60477,395.71317,391.1048420440832,391.8068
393.07108,394.19156,368.92206,395.45978,389.2256,389.72968,384.61853,395.74124,391.0822617452462,391.7917
393.0382,394.19528,368.9078,395.4607,389.24243,389.75595,384.63226,395.76935,391.0820735497276,391.80618
393.0151,394.2249,368.90073,395.47128,389.23038,389.77933,384.64603,395.7975,391.10103017567747,391.83038
393.009,394.24527,368.89868,395.48465,389.22665,389.79965,384.6598,395.82556,391.1209455474673,391.8517
392.97018,394.23325,368.89365,395.50107,389.2069,389.81683,384.67355,395.85367,391.1283925959972,391.86023
392.97464,394.23444,368.88586,395.50955,389.2086,389.83075,384.68732,395.8818,391.1272157117922,391.872
392.98578,394.2442,368.87927,395.52454,389.20206,389.8421,384.70105,395.90988,391.13227408460386,391.88797
393.03265,394.2705,368.87527,395.54272,389.2069,389.8516,384.71484,395.93802,391.1521693101149,391.91248
393.05963,394.30823,368.87433,395.56845,389.22388,389.86023,384.7286,395.96613,391.1794822980781,391.94388
393.0859,394.33167,368.87405,395.5908,389.23743,389.86847,384.74237,395.9942,391.1985998391777,391.96814
393.0996,394.35052,368.8752,395.6111,389.2383,389.87686,384.75613,396.02234,391.20266310250213,391.9871
393.09512,394.35974,368.87805,395.62857,389.23773,389.88544,384.76987,396.0504,391.20159217495836,392.001
393.1122,394.35037,368.88303,395.64206,389.228,389.89423,384.78363,396.07852,391.21234768764685,392.00818
393.1392,394.37537,368.91003,395.66037,389.22498,389.90326,384.7974,396.10666,391.241151222308,392.0268
393.31906,394.4406,369.03717,395.683,389.3096,389.9124,384.81116,396.13474,391.2761986298702,392.04785
393.3658,394.4983,369.04874,395.73682,389.3558,389.9231,384.82492,396.16284,391.2991388439792,392.09213
393.3737,394.53476,369.05063,395.77057,389.35577,389.93658,384.83865,396.19095,391.30434739107443,392.12064
393.3657,394.55966,369.05325,395.78674,389.36414,389.95248,384.85242,396.21906,391.3063283624684,392.1413
393.3841,394.56772,369.0649,395.79657,389.3443,389.96982,384.8662,396.24716,391.3266843836557,392.15347
393.38013,394.6173,369.13312,395.81467,389.36365,389.98804,384.87997,396.27527,391.37242474578534,392.17694
393.6139,394.7217,369.28857,395.83163,389.51044,390.00653,384.89374,396.30338,391.4267548708131,392.212
393.61935,394.76544,369.28577,395.8943,389.52863,390.02682,384.9075,396.33148,391.46212255941,392.257
393.5718,394.78912,369.27475,395.92227,389.51865,390.04977,384.92123,396.3596,391.46401660750035,392.28207
393.50284,394.7607,369.2592,395.92175,389.46872,390.07382,384.935,396.3877,391.44346746855643,392.27774
393.4451,394.74,369.2438,395.90897,389.40643,390.09766,384.94876,396.41583,391.4267913296355,392.27246
393.4073,394.73428,369.22446,395.90405,389.4154,390.1194,384.96252,396.4439,391.432595180896,392.2832
393.3856,394.7527,369.20416,395.91193,389.39273,390.13852,384.9763,396.47202,391.4576218685346,392.30536
393.38318,394.7545,369.18542,395.92572,389.38394,390.1549,384.99002,396.50012,391.4836574814788,392.32394
393.34552,394.72366,369.16904,395.9438,389.3581,390.16876,385.0038,396.52823,391.49728421810835,392.32892
393.3272,394.72214,369.15982,395.95328,389.35196,390.18018,385.01758,396.55634,391.50235301776445,392.34024
393.34976,394.72388,369.15503,395.9635,389.33847,390.18893,385.03134,396.58444,391.51371341567955,392.35205
393.4021,394.75232,369.15503,395.98306,389.35422,390.19592,385.0451,396.61255,391.53994943873283,392.3784
393.43854,394.79584,369.15314,396.01077,389.37476,390.20218,385.05884,396.64062,391.5736241834034,392.41336
393.47754,394.82825,369.15244,396.03564,389.3902,390.2085,385.0726,396.66876,391.5991143633683,392.44226
393.48383,394.8436,369.15405,396.059,389.39017,390.21545,385.08636,396.69687,391.6095590913267,392.4613
393.49628,394.8555,369.15756,396.07495,389.3867,390.22308,385.10013,396.72495,391.6148754271111,392.47614
393.50732,394.8521,369.16458,396.09122,389.38675,390.2315,385.1139,396.75308,391.6320186994468,392.48715
393.5162,394.8625,369.1915,396.10883,389.37708,390.24036,385.12762,396.7812,391.66717814950937,392.50116
393.68704,394.92047,369.2997,396.12708,389.44046,390.24948,385.1414,396.80927,391.7085272913723,392.52185
393.72144,394.96545,369.3096,396.17853,389.48264,390.2602,385.15518,396.8374,391.7377055397445,392.56213
393.7299,395.00046,369.31198,396.2099,389.48816,390.27335,385.16895,396.8655,391.7490923556778,392.59076
393.73315,395.01474,369.3136,396.22644,389.48904,390.28854,385.1827,396.89362,391.7571906332869,392.60828
393.72653,395.02545,369.32474,396.24005,389.47632,390.30518,385.19647,396.92172,391.78358428606145,392.62378
393.73566,395.05908,369.38364,396.25342,389.48578,390.32227,385.2102,396.9498,391.83525720737396,392.6429
393.9801,395.16602,369.53717,396.27167,389.64447,390.33966,385.22397,396.97794,391.89539065336777,392.6812
393.99188,395.2167,369.5342,396.33624,389.66412,390.35892,385.23773,397.00604,391.9364205629332,392.72986
393.9601,395.24518,369.5235,396.36566,389.65192,390.381,385.2515,397.03412,391.9438339457349,392.7574
393.87366,395.23138,369.50916,396.36975,389.6131,390.40482,385.26526,397.06226,391.9286640261331,392.76025
393.82526,395.1957,369.49185,396.35214,389.53806,390.42825,385.279,397.09033,391.91722553805005,392.74902
393.81693,395.1867,369.47275,396.34708,389.54434,390.45007,385.29276,397.11844,391.9280991922161,392.75894
393.80807,395.20804,369.4539,396.3618,389.5291,390.46997,385.30655,397.14658,391.9579906807523,392.7848
393.7886,395.21875,369.43665,396.3799,389.5293,390.48776,385.3203,397.17465,391.98868931614174,392.80865
393.7591,395.18466,369.4207,396.3943,389.4937,390.5032,385.33408,397.20276,392.00677019448415,392.81143
393.75528,395.17563,369.41132,396.40384,389.48358,390.51642,385.3478,397.2309,392.0160846322315,392.82062
393.77417,395.17984,369.4133,396.41742,389.48083,390.52756,385.36157,397.25897,392.0314751195206,392.83435
393.78912,395.21667,369.41998,396.43698,389.4969,390.53702,385.37534,397.28708,392.0615101775644,392.86298
393.8205,395.25024,369.42172,396.45645,389.50458,390.54507,385.3891,397.31522,392.09874737719196,392.89178
393.82892,395.2753,369.42273,396.4785,389.5251,390.55258,385.40286,397.3433,392.1275335838621,392.91806
393.83762,395.28238,369.42273,396.49582,389.5134,390.55972,385.4166,397.37143,392.14102549503247,392.93277
393.8406,395.2982,369.42395,396.51196,389.51038,390.56696,385.43036,397.3995,392.14914780266605,392.94983
393.8456,395.29068,369.42712,396.52734,389.5062,390.5741,385.44412,397.4276,392.1688430032663,392.95984
393.85568,395.29578,369.44614,396.54376,389.49747,390.5812,385.45792,397.45575,392.20629379183185,392.9737
394.03094,395.34686,369.53342,396.562,389.5558,390.58838,385.47168,397.48383,392.2496610738112,392.9961
394.0488,395.39218,369.53705,396.61398,389.59305,390.59702,385.48544,397.51193,392.2805853734142,393.0375
394.05185,395.42642,369.53433,396.64133,389.5896,390.6079,385.49918,397.54004,392.29345728624844,393.06525
394.04474,395.4461,369.5305,396.65518,389.59534,390.62054,385.51294,397.56815,392.3027900761996,393.08527
394.04892,395.4385,369.53214,396.66602,389.5707,390.6342,385.5267,397.59625,392.3301787949633,393.09485
394.06595,395.47736,369.5917,396.68134,389.58774,390.64853,385.54047,397.62436,392.38258070304516,393.11676
394.0763,395.5869,369.75177,396.70212,389.74045,390.66318,385.55423,397.65247,392.44316812042416,393.1552
394.0826,395.6074,369.75244,396.72284,389.74512,390.67606,385.56796,397.68057,392.48438300538464,393.1809
394.08646,395.59445,369.75085,396.74182,389.73465,390.6891,385.58173,397.70868,392.4917394692805,393.18927
394.10458,395.584,369.75076,396.75934,389.71597,390.70236,385.59552,397.7368,392.476296193455,393.19397
394.1077,395.5876,369.7559,396.77945,389.70508,390.71637,385.60928,397.76492,392.46437114626445,393.20416
394.10916,395.60373,369.7645,396.79672,389.707,390.7305,385.62305,397.793,392.4745436925993,393.22144
394.08923,395.62558,369.77112,396.8126,389.71097,390.7442,385.63678,397.8211,392.50351680466656,393.24353
394.09393,395.6245,369.7755,396.8236,389.6983,390.75714,385.65054,397.8492,392.53309360940654,393.25592
394.0642,395.61993,369.78,396.83926,389.68524,390.76938,385.6643,397.87732,392.5498506074468,393.2663
394.03525,395.6255,369.78436,396.84918,389.66776,390.78055,385.67807,397.90543,392.55767420005486,393.2771
394.0146,395.61865,369.78897,396.85767,389.66095,390.79013,385.69183,397.93353,392.57142141075843,393.28467
394.00293,395.62256,369.7906,396.8685,389.6526,390.79776,385.70557,397.96164,392.59966212178176,393.2989
394.00198,395.63718,369.7901,396.88223,389.6629,390.80374,385.71933,397.98972,392.63494503561134,393.31998
394.0105,395.6529,369.78622,396.89877,389.66483,390.8082,385.7331,398.01785,392.6616548513794,393.34082
394.02078,395.65973,369.78265,396.91745,389.66644,390.8118,385.7469,398.04596,392.6729611779315,393.35675
394.03003,395.6677,369.78024,396.93628,389.6705,390.81494,385.76065,398.07404,392.6788114391313,393.37216
394.04044,395.67343,369.78394,396.9543,389.66992,390.81796,385.7744,398.10217,392.696161827052,393.38678
394.04477,395.6818,369.84628,396.9721,389.66217,390.821,385.78815,398.13028,392.7312118275184,393.39337
394.21,395.76044,369.99707,396.98862,389.7513,390.82422,385.8019,398.15836,392.77210521822684,393.4141
394.23468,395.79303,370.01132,397.0376,389.77304,390.8288,385.81567,398.1865,392.80050812521915,393.44653
394.24203,395.82285,370.0202,397.06552,389.7763,390.83594,385.82944,398.2146,392.81084286627055,393.4704
394.22794,395.8282,370.03088,397.0807,389.76218,390.8452,385.8432,398.24268,392.8176517054205,393.4811
394.20187,395.82922,370.05005,397.09024,389.73947,390.85574,385.85693,398.2708,392.8425298828626,393.48962
394.19043,395.8423,370.07294,397.09842,389.76004,390.86655,385.8707,398.2989,392.8924474482274,393.50748
394.17548,395.86496,370.09177,397.11166,389.7695,390.87704,385.8845,398.32703,392.9505753997842,393.53128
394.16748,395.8758,370.11127,397.1263,389.76938,390.8869,385.89825,398.35513,392.98937042734025,393.54767
394.1634,395.87732,370.1313,397.14233,389.76318,390.8959,385.91202,398.3832,392.99437010331627,393.55554
394.15894,395.89255,370.15036,397.1589,389.77527,390.90414,385.92575,398.41135,392.97666237259097,393.56622
394.15384,395.9033,370.1607,397.17477,389.7766,390.9114,385.9395,398.43942,392.9625873244355,393.5767
394.18103,395.91174,370.1676,397.18973,389.7795,390.91794,385.95328,398.46753,392.97072125667967,393.59012
394.18985,395.92993,370.172,397.21115,389.78714,390.9242,385.96704,398.49567,392.9977601010909,393.612
394.16052,395.94583,370.17584,397.22992,389.79498,390.9306,385.9808,398.52374,393.0255061151074,393.6326
394.08768,395.9361,370.17612,397.2387,389.77277,390.93637,385.99454,398.55185,393.0405741938662,393.63907
393.99994,395.91403,370.17242,397.23575,389.72778,390.94077,386.0083,398.58,393.04686009273127,393.63644
393.9303,395.87515,370.1634,397.22882,389.6894,390.94266,386.02206,398.60806,393.05923026378053,393.6291
393.9025,395.8533,370.14966,397.2277,389.6648,390.94147,386.03586,398.63617,393.0862539332099,393.6326
393.89627,395.8397,370.13464,397.23874,389.65707,390.93756,386.04962,398.6643,393.1204866033429,393.64398
393.89838,395.84103,370.12088,397.257,389.66214,390.93158,386.0634,398.69238,393.14629619206255,393.66125
393.90466,395.8466,370.10904,397.2767,389.6603,390.9242,386.07712,398.72052,393.1568786088288,393.67715
393.90765,395.84668,370.0998,397.29556,389.661,390.91614,386.09088,398.7486,393.16219655429256,393.6897
393.9264,395.8501,370.10065,397.31213,389.6591,390.90793,386.10464,398.7767,393.1792065143032,393.7026
393.94577,395.85828,370.18756,397.33112,389.65604,390.90015,386.1184,398.80484,393.21408302753105,393.70395
394.0975,395.93552,370.3547,397.3509,389.73764,390.8933,386.13217,398.83292,393.2549812617168,393.71988
394.0494,395.96912,370.38638,397.39755,389.7617,390.88864,386.1459,398.86102,393.28356085431267,393.7479
394.0237,395.982,370.39487,397.40768,389.74097,390.88593,386.15967,398.88913,393.29425309491387,393.75955
394.0149,395.96393,370.39398,397.41162,389.71814,390.88458,386.17343,398.91724,393.3016064630106,393.76044
394.01495,395.94534,370.3926,397.42227,389.70157,390.8843,386.18723,398.94534,393.32722075646035,393.76593
394.0176,395.9575,370.3971,397.439,389.73126,390.885,386.201,398.97345,393.3780323461036,393.7889
394.26056,395.97522,370.40533,397.4579,389.72495,390.88635,386.21472,399.00156,393.43719289334337,393.81287
394.26312,396.00177,370.41666,397.52182,389.74338,390.8922,386.2285,399.02966,393.47715341477004,393.84872
394.25375,396.04224,370.42828,397.54834,389.73746,390.90146,386.24225,399.05777,393.4834658037507,393.87442
394.20996,396.05753,370.44485,397.55676,389.72723,390.91293,386.256,399.08588,393.467226922154,393.88287
394.198,396.0458,370.46854,397.55508,389.6856,390.92523,386.26978,399.11398,393.4547639365463,393.8771
394.1946,396.08685,370.47852,397.5638,389.7321,390.93768,386.2835,399.1421,393.4646334834193,393.90308
394.21033,396.1288,370.46536,397.58014,389.72974,390.94968,386.29727,399.1702,393.493509059328,393.93555
394.21768,396.1286,370.4495,397.6021,389.72675,390.96143,386.31104,399.19827,393.52317903445805,393.95535
394.20377,396.0972,370.43597,397.6224,389.69788,390.97318,386.3248,399.2264,393.5402576789852,393.96005
394.2077,396.07913,370.42502,397.63614,389.68564,390.98495,386.3386,399.25452,393.54863229878276,393.96698
394.23343,396.06143,370.41794,397.65167,389.66675,390.99677,386.35236,399.28262,393.56316636959025,393.97424
394.2715,396.08115,370.416,397.6728,389.66983,391.00882,386.3661,399.31073,393.59240543165663,393.99835
394.30264,396.12152,370.4193,397.69766,389.68173,391.0212,386.37985,399.3388,393.62887126589715,394.0311
394.33087,396.1525,370.4256,397.721,389.69522,391.03406,386.39362,399.36694,393.6569417595479,394.0586
394.35043,396.15805,370.43408,397.7427,389.69452,391.04745,386.40738,399.39505,393.66980000363907,394.07336
394.36188,396.18506,370.4438,397.76224,389.6963,391.06137,386.42114,399.42313,393.67740464080924,394.0943
394.3756,396.18546,370.45593,397.77988,389.7027,391.07562,386.43488,399.45126,393.69669900294315,394.10703
394.39597,396.2051,370.48215,397.7983,389.69528,391.09003,386.44864,399.47937,393.7338362577443,394.12604
394.58292,396.27026,370.50586,397.81897,389.7645,391.10455,386.4624,399.50745,393.7769629029109,394.16705
394.60733,396.29645,370.50836,397.87332,389.79413,391.1209,386.4762,399.53558,393.8077026419713,394.20245
394.61545,396.33533,370.50717,397.90244,389.78348,391.14017,386.48996,399.5637,393.8205050652276,394.23236
394.6194,396.35495,370.5046,397.91754,389.7831,391.1613,386.5037,399.59177,393.8299229165035,394.2528
394.6258,396.35294,370.50623,397.93082,389.76187,391.18347,386.51746,399.6199,393.85753279488273,394.2661
394.73068,396.3914,370.54,397.94708,389.77805,391.20596,386.53122,399.64798,393.91026008840316,394.29416
394.97684,396.51346,370.68353,397.98645,389.95578,391.22992,386.54498,399.67612,393.97123407967916,394.34625
394.98596,396.5774,370.6846,398.05798,389.97495,391.25653,386.55875,399.70422,394.0129002821604,394.40115
394.9408,396.61533,370.67715,398.08572,389.96716,391.28653,386.57248,399.7323,394.0208181023104,394.43207
394.87784,396.6096,370.665,398.07895,389.92114,391.3179,386.58624,399.76044,394.00609366515386,394.43518
394.81403,396.59943,370.65765,398.06204,389.87155,391.3489,386.6,399.7885,393.99505309952326,394.4338
394.8049,396.6105,370.6504,398.05194,389.87512,391.3777,386.61377,399.81662,394.00624882237156,394.44745
394.8062,396.64548,370.64206,398.06598,389.86328,391.40393,386.62756,399.84476,394.03633079047165,394.47714
394.82117,396.65146,370.63123,398.087,389.86566,391.42758,386.64133,399.87283,394.06708358179594,394.4993
394.83688,396.642,370.62262,398.10986,389.85056,391.44907,386.65506,399.90094,394.085132185951,394.51294
394.83734,396.66205,370.62112,398.1308,389.8538,391.46896,386.66882,399.92908,394.09438818824856,394.53476
394.859,396.67877,370.6256,398.14615,389.8516,391.4872,386.6826,399.95715,394.10971470179925,394.5534
394.89685,396.72464,370.63184,398.16428,389.86404,391.50412,386.69635,399.98526,394.1396558945327,394.58563
394.9266,396.76517,370.63742,398.18695,389.87628,391.52023,386.7101,400.0134,394.1767330044469,394.61804
394.95728,396.80432,370.643,398.20886,389.8957,391.536,386.72385,400.04147,394.20533325523354,394.649
394.97995,396.82526,370.64923,398.2305,389.89267,391.55176,386.7376,400.06958,394.2186611643652,394.66977
394.98184,396.8478,370.65637,398.2506,389.89407,391.5677,386.75137,400.0977,394.2266920953245,394.69
394.99875,396.84723,370.66455,398.2662,389.89236,391.5836,386.76517,400.1258,394.24638668164937,394.7024
395.02182,396.85486,370.67993,398.28473,389.87628,391.5994,386.77893,400.15393,394.2838982382194,394.71902
395.206,396.92685,370.73795,398.30624,389.94427,391.61514,386.79266,400.182,394.3273657821146,394.75653
395.24234,396.96085,370.74255,398.3604,389.98376,391.63223,386.80643,400.2101,394.35846039276913,394.79474
395.26205,397.00156,370.74304,398.392,389.9882,391.65176,386.8202,400.23822,394.37164917899173,394.8266
395.27014,397.0248,370.7462,398.4103,390.0005,391.67316,386.83395,400.26633,394.3815138211771,394.84875
395.27457,397.02866,370.76288,398.42502,389.97537,391.69583,386.84772,400.29443,394.40964940317343,394.86166
395.27823,397.09607,370.86066,398.4399,390.02252,391.71893,386.86145,400.32254,394.46299048337585,394.88965
395.50787,397.2048,371.00494,398.4574,390.18716,391.7412,386.8752,400.35065,394.52469332041284,394.9311
395.5141,397.25226,371.00128,398.51962,390.20914,391.76483,386.88898,400.37875,394.5671880828637,394.97894
395.46097,397.28284,370.99042,398.5477,390.1911,391.79077,386.90274,400.40686,394.5760948889332,395.00732
395.3507,397.264,370.97516,398.5453,390.14847,391.8176,386.91653,400.43497,394.56256501192155,395.00742
395.29785,397.2183,370.95633,398.52048,390.0594,391.8429,386.9303,400.46307,394.55295403897674,394.9915
395.28766,397.2163,370.9418,398.51434,390.0701,391.86566,386.94403,400.49118,394.5658180844238,395.00287
395.2824,397.24445,370.9304,398.52942,390.06592,391.88556,386.9578,400.5193,394.597826314083,395.03125
395.30774,397.26273,370.92072,398.54892,390.0674,391.90268,386.97156,400.54736,394.63078700639494,395.0569
395.27554,397.25037,370.91315,398.57327,390.0544,391.91772,386.98532,400.5755,394.6513597214515,395.06955
395.25244,397.25583,370.90652,398.58383,390.0511,391.9304,386.99908,400.6036,394.6634924959372,395.08417
395.25394,397.25974,370.90457,398.59155,390.03897,391.9409,387.01282,400.6317,394.68208386242804,395.09702
395.26752,397.2786,370.9044,398.60504,390.04044,391.94946,387.02658,400.65982,394.71568620017166,395.11914
395.28278,397.30817,370.9027,398.62323,390.05298,391.95654,387.04034,400.6879,394.7568379783715,395.14798
395.29608,397.33005,370.9005,398.64252,390.06512,391.96274,387.0541,400.71603,394.78995225667234,395.17313
395.31067,397.33765,370.89856,398.66107,390.0582,391.96844,387.0679,400.74414,394.8082692877389,395.18958
395.31787,397.34503,370.89783,398.67953,390.05994,391.974,387.08163,400.77222,394.82180407186974,395.2054
395.3465,397.34555,370.90033,398.69653,390.06036,391.97968,387.0954,400.80035,394.8475334696604,395.21967
395.35965,397.35886,370.9217,398.7181,390.05655,391.98575,387.10916,400.82846,394.89162319319735,395.2388
395.53552,397.4188,371.0293,398.73773,390.12326,391.99225,387.12292,400.85654,394.9422248238176,395.26288
395.5999,397.47507,371.0385,398.78918,390.16272,392.0005,387.1367,400.88467,394.98103102821716,395.308
395.62418,397.5122,371.0416,398.82608,390.17352,392.012,387.15042,400.91278,395.0025426479731,395.3402
395.66177,397.54214,371.04346,398.84677,390.19064,392.02634,387.16418,400.94086,395.0213605230718,395.36658
395.6762,397.5547,371.05603,398.86807,390.18027,392.0432,387.17795,400.969,395.0590992881303,395.38672
395.6555,397.5931,371.1256,398.88715,390.1938,392.06192,387.1917,400.99707,395.12268761324464,395.4104
395.85727,397.70578,371.27142,398.89713,390.3383,392.08133,387.20547,401.02518,395.1952601351429,395.45258
395.8477,397.74017,371.26788,398.95355,390.35538,392.10226,387.21927,401.0533,395.24929706370983,395.49542
395.8168,397.7681,371.25684,398.97797,390.3436,392.1253,387.233,401.0814,395.27042114324416,395.52414
395.7436,397.7356,371.24295,398.98264,390.2986,392.1495,387.24677,401.10953,395.269801949611,395.52216
395.68884,397.7098,371.2321,398.9726,390.23123,392.1734,387.26053,401.1376,395.2738000168612,395.51843
395.6662,397.71017,371.22702,398.97,390.24368,392.19528,387.2743,401.1657,395.300961831729,395.5319
395.6504,397.73334,371.21964,398.98132,390.23605,392.21454,387.28806,401.19385,395.34795657441026,395.55908
395.6626,397.7555,371.20978,398.9968,390.24612,392.2311,387.3018,401.22192,395.3965545193647,395.58826
395.66852,397.73047,371.19708,399.01764,390.22772,392.24533,387.31555,401.25003,395.4334307382536,395.5986
395.65237,397.7375,371.18948,399.03662,390.22668,392.2581,387.3293,401.27817,395.46253810671533,395.6186
395.6671,397.74606,371.18478,399.04852,390.21268,392.26926,387.34308,401.30624,395.498758049247,395.63742
395.67722,397.75967,371.1818,399.06512,390.2142,392.2792,387.35687,401.33435,395.55062730994854,395.66187
395.68185,397.78268,371.17947,399.0824,390.22162,392.28815,387.3706,401.3625,395.6106552777185,395.6913
395.67267,397.79883,371.17755,399.09845,390.22702,392.29636,387.38437,401.39056,395.66323537790487,395.71658
395.6896,397.79846,371.17587,399.11133,390.21185,392.3037,387.39813,401.41867,395.70159414814844,395.73175
395.66797,397.8063,371.17517,399.1296,390.20935,392.31067,387.4119,401.44678,395.7357297529584,395.75082
395.67117,397.8037,371.17572,399.14136,390.2078,392.31696,387.42566,401.47488,395.7826061807663,395.7664
395.67462,397.80457,371.19208,399.1569,390.1958,392.32248,387.4394,401.50302,395.8483222311439,395.78378
395.83557,397.85178,371.30557,399.1741,390.25854,392.3276,387.45316,401.5311,395.92099519247313,395.80643
395.86734,397.9179,371.32693,399.2234,390.31012,392.33362,387.46692,401.5592,395.98228604434905,395.85675
395.86383,397.96268,371.33438,399.2533,390.31247,392.34155,387.48068,401.5873,396.02667064955693,395.8924
395.8592,397.99106,371.33768,399.2664,390.3189,392.35098,387.49445,401.61542,396.0687312217928,395.91907
395.87766,397.99142,371.34393,399.27707,390.30475,392.36124,387.50824,401.64352,396.1300307111303,395.9369
395.87924,398.01398,371.40594,399.2953,390.31754,392.37238,387.52197,401.67163,396.21744192383284,395.96198
396.0564,398.10852,371.56183,399.31305,390.45648,392.38425,387.53574,401.69974,396.3140429907182,396.00613
396.1191,398.1409,371.55692,399.36606,390.4689,392.39758,387.5495,401.72784,396.39226807408795,396.0506
396.08752,398.16763,371.54736,399.4042,390.47153,392.4142,387.56326,401.75595,396.4377127941136,396.085
395.99704,398.16553,371.5353,399.41284,390.44217,392.4328,387.57703,401.78406,396.4614905696448,396.09833
395.9283,398.13153,371.52405,399.39667,390.36697,392.4514,387.59076,401.81216,396.48993139406946,396.0933
395.905,398.12177,371.51678,399.38638,390.36105,392.4684,387.60452,401.84027,396.54151443924195,396.1044
395.8748,398.14008,371.51132,399.39667,390.36078,392.48328,387.6183,401.86838,396.61282316296945,396.133
395.89355,398.16122,371.50644,399.40994,390.3588,392.4957,387.63205,401.89645,396.68559958742827,396.16327
395.88498,398.14523,371.5007,399.43268,390.34656,392.5061,387.64584,401.9246,396.7464607380335,396.17926
395.8888,398.14264,371.49512,399.44992,390.3414,392.51474,387.65958,401.9527,396.7993138022774,396.1975
395.88864,398.1619,371.4935,399.4662,390.3438,392.52222,387.67334,401.98077,396.8589861093089,396.22412
395.89832,398.1818,371.49045,399.48096,390.33884,392.52853,387.6871,402.0089,396.93395105481005,396.25278
395.8266,398.20444,371.48746,399.4973,390.3479,392.53412,387.70087,402.037,397.0166767436496,396.28427
395.79312,398.21036,371.48105,399.49622,390.32675,392.53796,387.71463,402.06512,397.0914525392003,396.30414
395.75452,398.19357,371.47278,399.5002,390.30746,392.54016,387.72836,402.09323,397.1514857917008,396.31467
395.7427,398.16846,371.46146,399.50696,390.28683,392.54022,387.74213,402.1213,397.20673268542146,396.3223
395.73547,398.15973,371.45212,399.52075,390.28482,392.53888,387.7559,402.14944,397.2740863135086,396.33957
395.74045,398.15143,371.46887,399.53705,390.25934,392.53625,387.76965,402.17755,397.35960594997056,396.3533
395.90475,398.19458,371.56644,399.55542,390.3248,392.53293,387.78342,402.20563,397.45133899095623,396.37396
395.95883,398.2262,371.56104,399.6052,390.35696,392.5306,387.7972,402.23376,397.5308988676147,396.41644
395.95853,398.2691,371.55225,399.63916,390.3666,392.53104,387.81094,402.26187,397.59272452851707,396.4578
395.95468,398.27957,371.54663,399.65295,390.3645,392.53378,387.8247,402.28995,397.65136126711127,396.4809
395.94427,398.2848,371.5606,399.66263,390.352,392.53833,387.83847,402.31808,397.7283506483691,396.4991
395.94193,398.30005,371.65817,399.67343,390.3578,392.54385,387.85223,402.34616,397.83046613556695,396.5074
395.93704,398.3812,371.83768,399.6885,390.45636,392.55005,387.866,402.37427,397.94074696207593,396.5285
395.93668,398.4039,371.84634,399.70517,390.47318,392.55515,387.87973,402.4024,398.0315911618716,396.55936
395.93433,398.38806,371.83987,399.72293,390.46643,392.5601,387.8935,402.43048,398.0885702492967,396.5733
395.92554,398.37308,371.83466,399.74005,390.4446,392.56543,387.90726,402.45862,398.12280543213365,396.58347
395.93076,398.36642,371.83344,399.75497,390.42487,392.57135,387.92102,402.4867,398.1605826987585,396.59613
395.93036,398.37024,371.8399,399.7721,390.42612,392.57767,387.93478,402.5148,398.2203452580284,396.61545
395.9204,398.3908,371.84833,399.78842,390.43204,392.5839,387.94855,402.54294,398.29864159668426,396.6435
395.9563,398.4046,371.86008,399.80203,390.43933,392.5899,387.9623,402.571,398.3771910975714,396.66772
395.95776,398.41034,371.86838,399.82495,390.44162,392.59595,387.97607,402.59912,398.4426185253673,396.6894
395.96243,398.42407,371.876,399.8427,390.4424,392.60214,387.98984,402.62726,398.4987945204977,396.712
395.96335,398.4265,371.87952,399.85895,390.43732,392.6084,388.0036,402.65533,398.56055943116655,396.73132
395.92874,398.43372,371.88083,399.87433,390.44122,392.61472,388.01733,402.68344,398.636369236231,396.75525
395.88565,398.41708,371.87946,399.88217,390.41373,392.6203,388.0311,402.71158,398.71865482014556,396.7689
395.84186,398.40637,371.8755,399.88687,390.39462,392.62527,388.04486,402.73965,398.7917561758391,396.7836
395.8215,398.37546,371.86847,399.89212,390.37183,392.62878,388.05862,402.76776,398.8488717201821,396.78876
395.80377,398.35803,371.8604,399.90375,390.3656,392.63095,388.0724,402.79587,398.89997433476833,396.8
395.8104,398.35754,371.85724,399.9176,390.35922,392.6316,388.08612,402.82397,398.9619681133869,396.81885
395.82623,398.3589,371.92218,399.93637,390.34918,392.63126,388.0999,402.85208,399.0409419529699,396.82745
396.00455,398.4294,372.08112,399.95734,390.42667,392.6304,388.11368,402.8802,399.1249059643052,396.8471
396.01733,398.48602,372.1164,400.0095,390.46103,392.63095,388.12744,402.9083,399.1955192644916,396.88983
396.0201,398.51624,372.11743,400.0343,390.45752,392.63358,388.1412,402.93637,399.2472637400864,396.9207
396.0103,398.52127,372.11694,400.0461,390.44937,392.63818,388.15497,402.9645,399.2947283011722,396.93903
395.97742,398.5135,372.11673,400.05505,390.42972,392.64423,388.1687,402.9926,399.35945895656863,396.95416
395.92206,398.52005,372.12006,400.06137,390.44427,392.6508,388.18246,403.02072,399.4482911059139,396.9783
395.91116,398.52,372.12234,400.06418,390.4286,392.65662,388.19623,403.04883,399.54427396789913,396.99957
395.90924,398.50812,372.1259,400.07758,390.4232,392.66165,388.21,403.07693,399.61984874574756,397.01517
395.90915,398.49826,372.13046,400.0962,390.421,392.66592,388.22375,403.10504,399.66064493998465,397.027
395.9097,398.51614,372.13657,400.11502,390.4227,392.66956,388.23752,403.13315,399.6778489714784,397.04596
395.91718,398.5196,372.14584,400.13248,390.4191,392.6728,388.25128,403.16125,399.69779595970294,397.05865
395.92645,398.5326,372.1574,400.15012,390.42813,392.67575,388.26505,403.18936,399.7389740053976,397.07816
395.92447,398.5522,372.1707,400.16785,390.43552,392.67865,388.2788,403.21747,399.7979685199797,397.10254
395.96216,398.5782,372.19193,400.18277,390.44998,392.68164,388.29257,403.24554,399.8565515018727,397.1274
395.97614,398.58463,372.20117,400.20575,390.4586,392.68494,388.3063,403.27368,399.9014019774947,397.14636
395.98376,398.60074,372.20737,400.2258,390.46487,392.68893,388.32007,403.3018,399.9364988416798,397.16766
395.9702,398.60086,372.21072,400.24304,390.46432,392.69357,388.33383,403.32986,399.9767257365474,397.1834
395.9313,398.58878,372.2123,400.25522,390.44293,392.69843,388.3476,403.358,400.03059426991763,397.19543
395.90714,398.57156,372.21136,400.2613,390.42413,392.70312,388.36136,403.38608,400.0905914240832,397.2058
395.91412,398.56158,372.2084,400.27045,390.41568,392.7073,388.3751,403.4142,400.1411342693484,397.2188
395.9038,398.54477,372.20554,400.28845,390.41638,392.71124,388.3889,403.44232,400.1754684546788,397.2284
395.89255,398.54666,372.20343,400.3046,390.41193,392.71466,388.40265,403.4704,400.2036611212116,397.24368
395.87515,398.54352,372.21045,400.3189,390.40512,392.71747,388.4164,403.49854,400.24268074106226,397.25644
395.87973,398.5452,372.2871,400.33105,390.3915,392.71942,388.43018,403.52664,400.2986442413743,397.25934
396.04373,398.62225,372.44617,400.34747,390.49847,392.72073,388.4439,403.55472,400.359663379188,397.27948
396.0744,398.66617,372.45926,400.39706,390.5215,392.7229,388.45767,403.58286,400.40744480023034,397.31763
396.0527,398.7041,372.45847,400.42645,390.53107,392.72745,388.47144,403.61096,400.4365458857205,397.34973
396.01828,398.70163,372.4515,400.4348,390.51062,392.73352,388.4852,403.63904,400.46162821953556,397.36227
396.00943,398.6771,372.44138,400.43732,390.47678,392.7402,388.49896,403.66718,400.5042976908615,397.36792
396.00446,398.66437,372.43198,400.44803,390.47647,392.74734,388.5127,403.69525,400.5714587665516,397.38385
396.19348,398.6817,372.43225,400.46387,390.4816,392.75476,388.5265,403.72336,400.64616472226106,397.41183
396.24954,398.7092,372.43448,400.51947,390.4958,392.7651,388.54025,403.7515,400.70093073600054,397.44815
396.215,398.73862,372.44046,400.55707,390.50528,392.7783,388.55402,403.77957,400.72146067483357,397.4765
396.15787,398.75604,372.4473,400.56418,390.49036,392.7929,388.56778,403.80768,400.7190100888723,397.49078
396.1434,398.74622,372.45322,400.55878,390.44696,392.80743,388.58154,403.8358,400.71997166249776,397.49194
396.1368,398.7604,372.46188,400.5666,390.4772,392.8213,388.59528,403.8639,400.74286452843376,397.50916
