step,forecast_tb
1,396.18524959373866
2,396.2320775449555
3,396.2627495716662
4,396.28479109983937
5,396.31429290671406
6,396.3421309352252
7,396.3707412536408
8,396.39917474552874
9,396.4271970176059
10,396.4553399431205
11,396.48341361572767
12,396.5115163895357
13,396.5396284736417
14,396.56773236016767
15,396.59584001702314
16,396.62394493638783
17,396.65205009809324
18,396.6801555355362
19,396.708260781204
20,396.7363661925961
21,396.76447154500687
22,396.79257689779126
23,396.820682255902
24,396.84878760587696
25,396.8768929606072
26,396.90499831419413
27,396.93310366790723
28,396.9612090218773
29,396.9893143755709
30,397.0174197293772
31,397.04552508314833
32,397.07363043692055
33,397.101735790704
34,397.12984114448005
35,397.1579464982593
36,397.18605185203756
37,397.21415720581564
38,397.24226255959405
39,397.27036791337224
40,397.29847326715054
41,397.3265786209289
42,397.35468397470714
43,397.38278932848544
44,397.4108946822637
45,397.439000036042
46,397.46710538982023
47,397.4952107435986
48,397.52331609737683
49,397.55142145115514
50,397.5795268049334
51,397.6076321587117
52,397.63573751249
53,397.6638428662682
54,397.6919482200466
55,397.7200535738248
56,397.74815892760313
57,397.7762642813814
58,397.8043696351597
59,397.8324749889379
60,397.8605803427163
61,397.8886856964945
62,397.9167910502728
63,397.94489640405106
64,397.97300175782937
65,398.00110711160767
66,398.0292124653859
67,398.05731781916427
68,398.0854231729425
69,398.1135285267208
70,398.14163388049906
71,398.16973923427736
72,398.1978445880556
73,398.22594994183396
74,398.2540552956122
75,398.2821606493905
76,398.31026600316875
77,398.33837135694705
78,398.36647671072535
79,398.39458206450365
80,398.42268741828195
81,398.4507927720602
82,398.4788981258385
83,398.50700347961674
84,398.53510883339504
85,398.5632141871733
86,398.59131954095164
87,398.6194248947299
88,398.6475302485082
89,398.6756356022865
90,398.70374095606473
91,398.73184630984304
92,398.75995166362134
93,398.78805701739964
94,398.8161623711779
95,398.8442677249562
96,398.8723730787344
97,398.9004784325127
98,398.928583786291
99,398.95668914006933
100,398.9847944938476
101,399.0128998476259
102,399.0410052014042
103,399.0691105551824
104,399.0972159089608
105,399.125321262739
106,399.1534266165173
107,399.18153197029557
108,399.20963732407387
109,399.2377426778521
110,399.2658480316304
111,399.2939533854087
112,399.322058739187
113,399.35016409296526
114,399.37826944674356
115,399.40637480052186
116,399.4344801543001
117,399.46258550807846
118,399.4906908618567
119,399.518796215635
120,399.54690156941325
121,399.57500692319155
122,399.6031122769698
123,399.6312176307481
124,399.6593229845264
125,399.6874283383047
126,399.71553369208294
127,399.74363904586124
128,399.77174439963954
129,399.7998497534178
130,399.82795510719615
131,399.8560604609744
132,399.8841658147527
133,399.91227116853094
134,399.94037652230924
135,399.9684818760875
136,399.99658722986584
137,400.0246925836441
138,400.0527979374224
139,400.0809032912006
140,400.1090086449789
141,400.13711399875723
142,400.1652193525355
143,400.19332470631383
144,400.2214300600921
145,400.2495354138704
146,400.2776407676486
147,400.3057461214269
148,400.33385147520517
149,400.3619568289835
150,400.39006218276177
151,400.41816753654007
152,400.4462728903183
153,400.4743782440966
154,400.5024835978749
155,400.5305889516532
156,400.5586943054315
157,400.58679965920976
158,400.61490501298806
159,400.6430103667663
160,400.6711157205446
161,400.69922107432285
162,400.7273264281012
163,400.75543178187945
164,400.78353713565775
165,400.811642489436
166,400.8397478432143
167,400.86785319699254
168,400.8959585507709
169,400.9240639045492
170,400.95216925832744
171,400.98027461210575
172,401.008379965884
173,401.0364853196623
174,401.06459067344053
175,401.0926960272189
176,401.12080138099714
177,401.14890673477544
178,401.1770120885537
179,401.205117442332
180,401.2332227961102
181,401.2613281498886
182,401.2894335036668
183,401.31753885744513
184,401.3456442112234
185,401.3737495650017
186,401.40185491878
187,401.4299602725583
188,401.4580656263366
189,401.4861709801148
190,401.5142763338931
191,401.54238168767137
192,401.57048704144967
193,401.5985923952279
194,401.62669774900627
195,401.6548031027845
196,401.6829084565628
197,401.71101381034106
198,401.73911916411936
199,401.7672245178976
200,401.79532987167596
201,401.82343522545426
202,401.8515405792325
203,401.8796459330108
204,401.90775128678905
205,401.93585664056735
206,401.96396199434565
207,401.99206734812395
208,402.0201727019022
209,402.0482780556805
210,402.07638340945874
211,402.10448876323704
212,402.1325941170153
213,402.16069947079365
214,402.1888048245719
215,402.2169101783502
216,402.24501553212843
217,402.27312088590674
218,402.30122623968504
219,402.32933159346334
220,402.35743694724164
221,402.3855423010199
222,402.4136476547982
223,402.4417530085764
224,402.4698583623547
225,402.497963716133
226,402.52606906991133
227,402.5541744236896
228,402.5822797774679
229,402.6103851312461
230,402.6384904850244
231,402.66659583880266
232,402.694701192581
233,402.7228065463593
234,402.75091190013757
235,402.77901725391587
236,402.8071226076941
237,402.8352279614724
238,402.8633333152507
239,402.891438669029
240,402.91954402280726
241,402.94764937658556
242,402.9757547303638
243,403.0038600841421
244,403.03196543792035
245,403.0600707916987
246,403.08817614547695
247,403.11628149925525
248,403.1443868530335
249,403.1724922068118
250,403.2005975605901
251,403.2287029143684
252,403.2568082681467
253,403.28491362192494
254,403.31301897570324
255,403.3411243294815
256,403.3692296832598
257,403.3973350370381
258,403.4254403908164
259,403.45354574459463
260,403.48165109837294
261,403.5097564521512
262,403.5378618059295
263,403.5659671597077
264,403.5940725134861
265,403.6221778672644
266,403.6502832210426
267,403.67838857482093
268,403.7064939285992
269,403.7345992823775
270,403.7627046361558
271,403.7908099899341
272,403.8189153437123
273,403.8470206974906
274,403.87512605126886
275,403.90323140504717
276,403.9313367588254
277,403.95944211260377
278,403.987547466382
279,404.0156528201603
280,404.04375817393856
281,404.07186352771686
282,404.0999688814952
283,404.12807423527346
284,404.15617958905176
285,404.18428494283
286,404.2123902966083
287,404.24049565038655
288,404.26860100416485
289,404.29670635794315
290,404.32481171172145
291,404.3529170654997
292,404.381022419278
293,404.40912777305624
294,404.43723312683454
295,404.4653384806128
296,404.49344383439114
297,404.52154918816944
298,404.5496545419477
299,404.577759895726
300,404.60586524950423
301,404.63397060328253
302,404.66207595706084
303,404.69018131083914
304,404.7182866646174
305,404.7463920183957
306,404.7744973721739
307,404.8026027259522
308,404.8307080797305
309,404.85881343350883
310,404.8869187872871
311,404.9150241410654
312,404.9431294948436
313,404.9712348486219
314,404.9993402024003
315,405.0274455561785
316,405.0555509099568
317,405.08365626373507
318,405.11176161751337
319,405.1398669712916
320,405.1679723250699
321,405.1960776788482
322,405.2241830326265
323,405.25228838640476
324,405.28039374018306
325,405.3084990939613
326,405.3366044477396
327,405.36470980151785
328,405.3928151552962
329,405.4209205090745
330,405.44902586285275
331,405.47713121663105
332,405.5052365704093
333,405.53334192418765
334,405.5614472779659
335,405.5895526317442
336,405.61765798552244
337,405.64576333930074
338,405.673868693079
339,405.7019740468573
340,405.7300794006356
341,405.7581847544139
342,405.78629010819213
343,405.81439546197043
344,405.84250081574874
345,405.870606169527
346,405.89871152330534
347,405.9268168770836
348,405.9549222308619
349,405.9830275846401
350,406.0111329384184
351,406.03923829219667
352,406.067343645975
353,406.0954489997533
354,406.1235543535316
355,406.1516597073098
356,406.1797650610881
357,406.20787041486636
358,406.23597576864466
359,406.26408112242297
360,406.29218647620127
361,406.32029182997957
362,406.3483971837578
363,406.3765025375361
364,406.40460789131436
365,406.4327132450927
366,406.46081859887096
367,406.48892395264926
368,406.5170293064275
369,406.5451346602058
370,406.57324001398405
371,406.60134536776235
372,406.62945072154065
373,406.65755607531895
374,406.6856614290972
375,406.7137667828755
376,406.74187213665374
377,406.76997749043204
378,406.7980828442104
379,406.82618819798864
380,406.85429355176694
381,406.8823989055452
382,406.9105042593235
383,406.93860961310173
384,406.9667149668801
385,406.99482032065833
386,407.02292567443664
387,407.0510310282149
388,407.0791363819932
389,407.1072417357714
390,407.1353470895497
391,407.163452443328
392,407.1915577971063
393,407.2196631508846
394,407.2477685046629
395,407.2758738584412
396,407.3039792122194
397,407.3320845659978
398,407.360189919776
399,407.3882952735543
400,407.41640062733256
401,407.44450598111086
402,407.4726113348891
403,407.5007166886674
404,407.5288220424457
405,407.556927396224
406,407.58503275000226
407,407.61313810378056
408,407.64124345755886
409,407.6693488113371
410,407.69745416511546
411,407.7255595188937
412,407.753664872672
413,407.78177022645025
414,407.80987558022855
415,407.8379809340068
416,407.86608628778515
417,407.8941916415634
418,407.9222969953417
419,407.95040234911994
420,407.97850770289824
421,408.0066130566765
422,408.0347184104548
423,408.0628237642331
424,408.0909291180114
425,408.1190344717897
426,408.14713982556793
427,408.17524517934623
428,408.2033505331245
429,408.23145588690284
430,408.2595612406811
431,408.2876665944594
432,408.3157719482376
433,408.3438773020159
434,408.37198265579417
435,408.4000880095725
436,408.4281933633508
437,408.4562987171291
438,408.4844040709073
439,408.5125094246856
440,408.54061477846386
441,408.56872013224216
442,408.5968254860205
443,408.62493083979876
444,408.65303619357707
445,408.6811415473553
446,408.7092469011336
447,408.73735225491185
448,408.7654576086902
449,408.79356296246846
450,408.82166831624676
451,408.849773670025
452,408.8778790238033
453,408.90598437758155
454,408.93408973135985
455,408.96219508513815
456,408.99030043891645
457,409.01840579269475
458,409.046511146473
459,409.0746165002513
460,409.10272185402954
461,409.1308272078079
462,409.15893256158614
463,409.18703791536444
464,409.2151432691427
465,409.243248622921
466,409.27135397669923
467,409.2994593304776
468,409.32756468425583
469,409.35567003803413
470,409.3837753918124
471,409.4118807455907
472,409.439986099369
473,409.4680914531472
474,409.4961968069256
475,409.5243021607038
476,409.5524075144821
477,409.58051286826037
478,409.6086182220387
479,409.6367235758169
480,409.6648289295953
481,409.6929342833735
482,409.7210396371518
483,409.74914499093006
484,409.77725034470836
485,409.8053556984866
486,409.83346105226497
487,409.8615664060432
488,409.8896717598215
489,409.9177771135998
490,409.94588246737806
491,409.97398782115636
492,410.0020931749346
493,410.03019852871296
494,410.0583038824912
495,410.0864092362695
496,410.11451459004775
497,410.14261994382605
498,410.1707252976043
499,410.19883065138265
500,410.2269360051609
501,410.2550413589392
502,410.28314671271744
503,410.31125206649574
504,410.339357420274
505,410.3674627740523
506,410.39556812783064
507,410.4236734816089
508,410.4517788353872
509,410.47988418916543
510,410.50798954294373
511,410.536094896722
512,410.56420025050033
513,410.5923056042786
514,410.6204109580569
515,410.6485163118351
516,410.6766216656134
517,410.70472701939167
518,410.73283237317
519,410.76093772694827
520,410.7890430807266
521,410.8171484345049
522,410.8452537882831
523,410.8733591420614
524,410.90146449583966
525,410.929569849618
526,410.95767520339626
527,410.98578055717456
528,411.0138859109528
529,411.0419912647311
530,411.07009661850935
531,411.0982019722877
532,411.12630732606596
533,411.15441267984426
534,411.1825180336225
535,411.2106233874008
536,411.2387287411791
537,411.2668340949574
538,411.2949394487357
539,411.32304480251395
540,411.35115015629225
541,411.3792555100705
542,411.4073608638488
543,411.43546621762704
544,411.4635715714054
545,411.49167692518364
546,411.51978227896194
547,411.5478876327402
548,411.5759929865185
549,411.60409834029673
550,411.6322036940751
551,411.66030904785333
552,411.68841440163163
553,411.71651975540993
554,411.7446251091882
555,411.7727304629665
556,411.8008358167447
557,411.8289411705231
558,411.8570465243013
559,411.8851518780796
560,411.91325723185787
561,411.94136258563617
562,411.9694679394144
563,411.9975732931928
564,412.025678646971
565,412.0537840007493
566,412.08188935452756
567,412.10999470830586
568,412.1381000620841
569,412.16620541586246
570,412.19431076964077
571,412.222416123419
572,412.2505214771973
573,412.27862683097555
574,412.30673218475386
575,412.3348375385321
576,412.36294289231046
577,412.3910482460887
578,412.419153599867
579,412.44725895364525
580,412.47536430742355
581,412.5034696612018
582,412.53157501498015
583,412.5596803687584
584,412.5877857225367
585,412.615891076315
586,412.64399643009324
587,412.67210178387154
588,412.70020713764984
589,412.72831249142814
590,412.7564178452064
591,412.7845231989847
592,412.81262855276293
593,412.84073390654123
594,412.8688392603195
595,412.89694461409783
596,412.9250499678761
597,412.9531553216544
598,412.9812606754326
599,413.0093660292109
600,413.0374713829892
601,413.0655767367675
602,413.0936820905458
603,413.12178744432407
604,413.14989279810237
605,413.1779981518806
606,413.2061035056589
607,413.23420885943716
608,413.2623142132155
609,413.29041956699376
610,413.31852492077206
611,413.3466302745503
612,413.3747356283286
613,413.40284098210685
614,413.4309463358852
615,413.45905168966345
616,413.48715704344175
617,413.51526239722006
618,413.5433677509983
619,413.5714731047766
620,413.5995784585549
621,413.6276838123332
622,413.65578916611145
623,413.68389451988975
624,413.711999873668
625,413.7401052274463
626,413.76821058122454
627,413.7963159350029
628,413.82442128878114
629,413.85252664255944
630,413.88063199633774
631,413.908737350116
632,413.9368427038943
633,413.9649480576726
634,413.9930534114509
635,414.02115876522913
636,414.04926411900743
637,414.07736947278573
638,414.105474826564
639,414.13358018034234
640,414.1616855341206
641,414.1897908878989
642,414.2178962416771
643,414.2460015954554
644,414.2741069492337
645,414.302212303012
646,414.3303176567903
647,414.3584230105686
648,414.3865283643469
649,414.4146337181251
650,414.4427390719034
651,414.47084442568166
652,414.49894977946
653,414.5270551332383
654,414.55516048701656
655,414.58326584079487
656,414.6113711945731
657,414.6394765483514
658,414.6675819021297
659,414.695687255908
660,414.72379260968626
661,414.75189796346456
662,414.78000331724286
663,414.8081086710211
664,414.83621402479946
665,414.8643193785777
666,414.892424732356
667,414.92053008613425
668,414.94863543991255
669,414.97674079369085
670,415.00484614746915
671,415.03295150124745
672,415.0610568550257
673,415.089162208804
674,415.11726756258224
675,415.14537291636054
676,415.1734782701389
677,415.20158362391714
678,415.22968897769545
679,415.2577943314737
680,415.285899685252
681,415.31400503903023
682,415.34211039280854
683,415.37021574658684
684,415.39832110036514
685,415.42642645414344
686,415.4545318079217
687,415.4826371617
688,415.5107425154782
689,415.5388478692566
690,415.56695322303483
691,415.59505857681313
692,415.6231639305914
693,415.6512692843697
694,415.679374638148
695,415.7074799919263
696,415.7355853457046
697,415.7636906994828
698,415.7917960532611
699,415.81990140703937
700,415.84800676081767
701,415.876112114596
702,415.90421746837427
703,415.93232282215257
704,415.9604281759308
705,415.9885335297091
706,416.01663888348736
707,416.04474423726566
708,416.072849591044
709,416.10095494482226
710,416.12906029860056
711,416.1571656523788
712,416.1852710061571
713,416.21337635993535
714,416.2414817137137
715,416.26958706749195
716,416.29769242127026
717,416.32579777504856
718,416.3539031288268
719,416.3820084826051
720,416.4101138363834
721,416.4382191901617
722,416.46632454393995
723,416.49442989771825
724,416.5225352514965
725,416.5506406052748
726,416.57874595905315
727,416.6068513128314
728,416.6349566666097
729,416.66306202038794
730,416.69116737416624
731,416.7192727279445
732,416.7473780817228
733,416.77548343550114
734,416.8035887892794
735,416.8316941430577
736,416.85979949683593
737,416.88790485061423
738,416.9160102043925
739,416.94411555817084
740,416.97222091194914
741,417.0003262657274
742,417.0284316195057
743,417.0565369732839
744,417.0846423270622
745,417.1127476808405
746,417.14085303461883
747,417.1689583883971
748,417.1970637421754
749,417.2251690959537
750,417.2532744497319
751,417.2813798035103
752,417.3094851572885
753,417.3375905110668
754,417.36569586484507
755,417.39380121862337
756,417.4219065724016
757,417.4500119261799
758,417.47811727995827
759,417.5062226337365
760,417.5343279875148
761,417.56243334129306
762,417.59053869507136
763,417.6186440488496
764,417.64674940262796
765,417.67485475640626
766,417.7029601101845
767,417.7310654639628
768,417.75917081774105
769,417.78727617151935
770,417.81538152529765
771,417.84348687907595
772,417.87159223285425
773,417.8996975866325
774,417.9278029404108
775,417.95590829418904
776,417.9840136479674
777,418.01211900174565
778,418.04022435552395
779,418.0683297093022
780,418.0964350630805
781,418.1245404168588
782,418.15264577063704
783,418.1807511244154
784,418.20885647819364
785,418.23696183197194
786,418.2650671857502
787,418.2931725395285
788,418.3212778933067
789,418.3493832470851
790,418.3774886008634
791,418.40559395464163
792,418.43369930841993
793,418.4618046621982
794,418.4899100159765
795,418.5180153697548
796,418.5461207235331
797,418.5742260773114
798,418.6023314310896
799,418.6304367848679
800,418.65854213864617
801,418.6866474924245
802,418.71475284620277
803,418.7428581999811
804,418.7709635537594
805,418.7990689075376
806,418.8271742613159
807,418.85527961509416
808,418.8833849688725
809,418.91149032265076
810,418.93959567642906
811,418.9677010302073
812,418.9958063839856
813,419.0239117377639
814,419.0520170915422
815,419.0801224453205
816,419.10822779909876
817,419.13633315287706
818,419.1644385066553
819,419.1925438604336
820,419.2206492142119
821,419.2487545679902
822,419.2768599217685
823,419.30496527554675
824,419.33307062932505
825,419.3611759831033
826,419.38928133688165
827,419.4173866906599
828,419.4454920444382
829,419.4735973982165
830,419.50170275199474
831,419.52980810577304
832,419.5579134595513
833,419.58601881332964
834,419.6141241671079
835,419.6422295208862
836,419.6703348746645
837,419.69844022844273
838,419.72654558222104
839,419.75465093599934
840,419.78275628977764
841,419.8108616435559
842,419.8389669973342
843,419.8670723511124
844,419.8951777048907
845,419.9232830586691
846,419.95138841244733
847,419.97949376622563
848,420.0075991200039
849,420.0357044737822
850,420.0638098275604
851,420.0919151813388
852,420.120020535117
853,420.1481258888953
854,420.1762312426736
855,420.20433659645187
856,420.23244195023017
857,420.2605473040084
858,420.28865265778677
859,420.316758011565
860,420.3448633653433
861,420.3729687191216
862,420.40107407289986
863,420.42917942667816
864,420.45728478045646
865,420.48539013423476
866,420.513495488013
867,420.5416008417913
868,420.5697061955696
869,420.59781154934785
870,420.6259169031262
871,420.65402225690445
872,420.68212761068276
873,420.710232964461
874,420.7383383182393
875,420.76644367201754
876,420.7945490257959
877,420.8226543795742
878,420.85075973335245
879,420.87886508713075
880,420.906970440909
881,420.9350757946873
882,420.96318114846554
883,420.9912865022439
884,421.01939185602214
885,421.04749720980044
886,421.07560256357874
887,421.103707917357
888,421.1318132711353
889,421.1599186249136
890,421.1880239786919
891,421.21612933247013
892,421.24423468624843
893,421.27234004002673
894,421.300445393805
895,421.32855074758334
896,421.3566561013616
897,421.3847614551399
898,421.4128668089181
899,421.4409721626964
900,421.4690775164747
901,421.497182870253
902,421.5252882240313
903,421.5533935778096
904,421.5814989315879
905,421.6096042853661
906,421.6377096391444
907,421.66581499292266
908,421.693920346701
909,421.7220257004793
910,421.75013105425757
911,421.77823640803587
912,421.8063417618141
913,421.8344471155924
914,421.8625524693707
915,421.890657823149
916,421.91876317692726
917,421.94686853070556
918,421.97497388448386
919,422.0030792382621
920,422.03118459204046
921,422.0592899458187
922,422.087395299597
923,422.11550065337525
924,422.14360600715355
925,422.17171136093185
926,422.19981671471015
927,422.22792206848845
928,422.2560274222667
929,422.284132776045
930,422.31223812982324
931,422.34034348360154
932,422.3684488373799
933,422.39655419115815
934,422.42465954493645
935,422.4527648987147
936,422.480870252493
937,422.50897560627124
938,422.53708096004954
939,422.56518631382784
940,422.59329166760614
941,422.62139702138444
942,422.6495023751627
943,422.677607728941
944,422.7057130827192
945,422.7338184364976
946,422.76192379027583
947,422.79002914405413
948,422.8181344978324
949,422.8462398516107
950,422.874345205389
951,422.9024505591673
952,422.9305559129456
953,422.9586612667238
954,422.9867666205021
955,423.01487197428037
956,423.04297732805867
957,423.071082681837
958,423.09918803561527
959,423.12729338939357
960,423.1553987431718
961,423.1835040969501
962,423.21160945072836
963,423.23971480450666
964,423.267820158285
965,423.29592551206326
966,423.32403086584156
967,423.3521362196198
968,423.3802415733981
969,423.40834692717635
970,423.4364522809547
971,423.46455763473296
972,423.49266298851126
973,423.52076834228956
974,423.5488736960678
975,423.5769790498461
976,423.6050844036244
977,423.6331897574027
978,423.66129511118095
979,423.68940046495925
980,423.7175058187375
981,423.7456111725158
982,423.77371652629415
983,423.8018218800724
984,423.8299272338507
985,423.85803258762894
986,423.88613794140724
987,423.9142432951855
988,423.9423486489638
989,423.97045400274214
990,423.9985593565204
991,424.0266647102987
992,424.05477006407693
993,424.08287541785523
994,424.1109807716335
995,424.13908612541184
996,424.16719147919014
997,424.1952968329684
998,424.2234021867467
999,424.2515075405249
1000,424.2796128943032
1001,424.3077182480815
1002,424.33582360185983
1003,424.3639289556381
1004,424.3920343094164
1005,424.4201396631947
1006,424.4482450169729
1007,424.4763503707513
1008,424.5044557245295
1009,424.5325610783078
1010,424.56066643208607
1011,424.58877178586437
1012,424.6168771396426
1013,424.6449824934209
1014,424.67308784719927
1015,424.7011932009775
1016,424.7292985547558
1017,424.75740390853406
1018,424.78550926231236
1019,424.8136146160906
1020,424.84171996986896
1021,424.86982532364726
1022,424.8979306774255
1023,424.9260360312038
1024,424.95414138498205
1025,424.98224673876035
1026,425.01035209253865
1027,425.03845744631695
1028,425.06656280009526
1029,425.0946681538735
1030,425.1227735076518
1031,425.15087886143004
1032,425.1789842152084
1033,425.20708956898665
1034,425.23519492276495
1035,425.2633002765432
1036,425.2914056303215
1037,425.3195109840998
1038,425.34761633787804
1039,425.3757216916564
1040,425.40382704543464
1041,425.43193239921294
1042,425.4600377529912
1043,425.4881431067695
1044,425.51624846054773
1045,425.5443538143261
1046,425.5724591681044
1047,425.60056452188263
1048,425.62866987566093
1049,425.6567752294392
1050,425.6848805832175
1051,425.7129859369957
1052,425.7410912907741
1053,425.7691966445524
1054,425.7973019983306
1055,425.8254073521089
1056,425.85351270588717
1057,425.8816180596655
1058,425.90972341344377
1059,425.9378287672221
1060,425.9659341210004
1061,425.9940394747786
1062,426.0221448285569
1063,426.05025018233516
1064,426.0783555361135
1065,426.10646088989176
1066,426.13456624367006
1067,426.1626715974483
1068,426.1907769512266
1069,426.2188823050049
1070,426.2469876587832
1071,426.2750930125615
1072,426.30319836633976
1073,426.33130372011806
1074,426.3594090738963
1075,426.3875144276746
1076,426.41561978145285
1077,426.4437251352312
1078,426.4718304890095
1079,426.49993584278775
1080,426.52804119656605
1081,426.5561465503443
1082,426.58425190412265
1083,426.6123572579009
1084,426.6404626116792
1085,426.6685679654575
1086,426.69667331923574
1087,426.72477867301404
1088,426.7528840267923
1089,426.78098938057065
1090,426.8090947343489
1091,426.8372000881272
1092,426.8653054419055
1093,426.89341079568374
1094,426.92151614946204
1095,426.94962150324034
1096,426.97772685701864
1097,427.0058322107969
1098,427.0339375645752
1099,427.0620429183534
1100,427.0901482721317
1101,427.1182536259101
1102,427.14635897968833
1103,427.17446433346663
1104,427.2025696872449
1105,427.2306750410232
1106,427.2587803948014
1107,427.2868857485798
1108,427.314991102358
1109,427.3430964561363
1110,427.3712018099146
1111,427.39930716369287
1112,427.42741251747117
1113,427.4555178712494
1114,427.48362322502777
1115,427.511728578806
1116,427.5398339325843
1117,427.5679392863626
1118,427.59604464014086
1119,427.62414999391916
1120,427.65225534769746
1121,427.68036070147576
1122,427.708466055254
1123,427.7365714090323
1124,427.7646767628106
1125,427.79278211658885
1126,427.8208874703672
1127,427.84899282414545
1128,427.87709817792376
1129,427.905203531702
1130,427.9333088854803
1131,427.96141423925854
1132,427.9895195930369
1133,428.0176249468152
1134,428.04573030059345
1135,428.07383565437175
1136,428.10194100815
1137,428.1300463619283
1138,428.15815171570654
1139,428.1862570694849
1140,428.21436242326314
1141,428.24246777704144
1142,428.27057313081974
1143,428.298678484598
1144,428.3267838383763
1145,428.3548891921546
1146,428.3829945459329
1147,428.41109989971113
1148,428.43920525348943
1149,428.46731060726773
1150,428.495415961046
1151,428.52352131482434
1152,428.5516266686026
1153,428.5797320223809
1154,428.6078373761591
1155,428.6359427299374
1156,428.6640480837157
1157,428.692153437494
1158,428.72025879127233
1159,428.7483641450506
1160,428.7764694988289
1161,428.8045748526071
1162,428.8326802063854
1163,428.86078556016366
1164,428.888890913942
1165,428.9169962677203
1166,428.94510162149857
1167,428.97320697527687
1168,429.0013123290551
1169,429.0294176828334
1170,429.0575230366117
1171,429.08562839039
1172,429.11373374416826
1173,429.14183909794656
1174,429.16994445172486
1175,429.1980498055031
1176,429.22615515928146
1177,429.2542605130597
1178,429.282365866838
1179,429.31047122061625
1180,429.33857657439455
1181,429.36668192817285
1182,429.39478728195115
1183,429.42289263572945
1184,429.4509979895077
1185,429.479103343286
1186,429.50720869706424
1187,429.53531405084254
1188,429.5634194046209
1189,429.59152475839915
1190,429.61963011217745
1191,429.6477354659557
1192,429.675840819734
1193,429.70394617351224
1194,429.73205152729054
1195,429.76015688106884
1196,429.78826223484714
1197,429.81636758862544
1198,429.8444729424037
1199,429.872578296182
1200,429.90068364996023
1201,429.9287890037386
1202,429.95689435751683
1203,429.98499971129513
1204,430.0131050650734
1205,430.0412104188517
1206,430.06931577263
1207,430.0974211264083
1208,430.1255264801866
1209,430.1536318339648
1210,430.1817371877431
1211,430.20984254152137
1212,430.23794789529967
1213,430.266053249078
1214,430.29415860285627
1215,430.3222639566346
1216,430.3503693104128
1217,430.3784746641911
1218,430.40658001796936
1219,430.43468537174766
1220,430.462790725526
1221,430.49089607930426
1222,430.51900143308256
1223,430.5471067868608
1224,430.5752121406391
1225,430.60331749441735
1226,430.6314228481957
1227,430.65952820197396
1228,430.68763355575226
1229,430.71573890953056
1230,430.7438442633088
1231,430.7719496170871
1232,430.80005497086535
1233,430.8281603246437
1234,430.85626567842195
1235,430.88437103220025
1236,430.9124763859785
1237,430.9405817397568
1238,430.96868709353515
1239,430.9967924473134
1240,431.0248978010917
1241,431.05300315486994
1242,431.08110850864824
1243,431.1092138624265
1244,431.1373192162048
1245,431.16542456998314
1246,431.1935299237614
1247,431.2216352775397
1248,431.24974063131793
1249,431.27784598509623
1250,431.3059513388745
1251,431.33405669265284
1252,431.3621620464311
1253,431.3902674002094
1254,431.4183727539876
1255,431.4464781077659
1256,431.47458346154417
1257,431.5026888153225
1258,431.5307941691008
1259,431.5588995228791
1260,431.5870048766573
1261,431.6151102304356
1262,431.64321558421386
1263,431.67132093799216
1264,431.69942629177046
1265,431.72753164554877
1266,431.755636999327
1267,431.7837423531053
1268,431.81184770688355
1269,431.83995306066186
1270,431.8680584144401
1271,431.89616376821846
1272,431.9242691219967
1273,431.952374475775
1274,431.98047982955325
1275,432.00858518333155
1276,432.0366905371098
1277,432.06479589088815
1278,432.0929012446664
1279,432.1210065984447
1280,432.14911195222294
1281,432.17721730600124
1282,432.2053226597795
1283,432.2334280135578
1284,432.2615333673361
1285,432.2896387211144
1286,432.31774407489263
1287,432.34584942867093
1288,432.3739547824492
1289,432.4020601362275
1290,432.4301654900058
1291,432.4582708437841
1292,432.4863761975623
1293,432.5144815513406
1294,432.54258690511887
1295,432.57069225889717
1296,432.5987976126754
1297,432.62690296645377
1298,432.655008320232
1299,432.6831136740103
1300,432.71121902778856
1301,432.73932438156686
1302,432.7674297353451
1303,432.79553508912346
1304,432.8236404429017
1305,432.85174579668
1306,432.87985115045825
1307,432.90795650423655
1308,432.9360618580148
1309,432.9641672117931
1310,432.9922725655714
1311,433.0203779193497
1312,433.04848327312794
1313,433.07658862690624
1314,433.1046939806845
1315,433.1327993344628
1316,433.1609046882411
1317,433.1890100420194
1318,433.21711539579763
1319,433.24522074957594
1320,433.2733261033542
1321,433.3014314571325
1322,433.3295368109107
1323,433.3576421646891
1324,433.3857475184673
1325,433.4138528722456
1326,433.44195822602387
1327,433.4700635798022
1328,433.4981689335804
1329,433.5262742873588
1330,433.554379641137
1331,433.5824849949153
1332,433.61059034869356
1333,433.63869570247186
1334,433.6668010562501
1335,433.69490641002847
1336,433.7230117638067
1337,433.751117117585
1338,433.77922247136325
1339,433.80732782514156
1340,433.8354331789198
1341,433.8635385326981
1342,433.8916438864764
1343,433.9197492402547
1344,433.94785459403295
1345,433.97595994781125
1346,434.0040653015895
1347,434.0321706553678
1348,434.06027600914604
1349,434.0883813629244
1350,434.11648671670264
1351,434.14459207048094
1352,434.1726974242592
1353,434.2008027780375
1354,434.22890813181573
1355,434.2570134855941
1356,434.28511883937233
1357,434.31322419315063
1358,434.3413295469289
1359,434.3694349007072
1360,434.3975402544854
1361,434.4256456082638
1362,434.453750962042
1363,434.4818563158203
1364,434.50996166959857
1365,434.53806702337687
1366,434.5661723771551
1367,434.5942777309334
1368,434.6223830847117
1369,434.65048843849
1370,434.67859379226826
1371,434.70669914604656
1372,434.7348044998248
1373,434.7629098536031
1374,434.79101520738135
1375,434.8191205611597
1376,434.84722591493795
1377,434.87533126871625
1378,434.9034366224945
1379,434.9315419762728
1380,434.95964733005104
1381,434.9877526838294
1382,435.01585803760764
1383,435.04396339138594
1384,435.0720687451642
1385,435.1001740989425
1386,435.12827945272073
1387,435.1563848064991
1388,435.18449016027733
1389,435.21259551405564
1390,435.2407008678339
1391,435.2688062216122
1392,435.2969115753904
1393,435.3250169291687
1394,435.353122282947
1395,435.3812276367253
1396,435.4093329905036
1397,435.4374383442819
1398,435.4655436980601
1399,435.4936490518384
1400,435.52175440561666
1401,435.549859759395
1402,435.57796511317326
1403,435.60607046695156
1404,435.6341758207298
1405,435.6622811745081
1406,435.69038652828635
1407,435.7184918820647
1408,435.74659723584296
1409,435.77470258962126
1410,435.8028079433995
1411,435.8309132971778
1412,435.85901865095605
1413,435.8871240047344
1414,435.91522935851265
1415,435.94333471229095
1416,435.9714400660692
1417,435.9995454198475
1418,436.02765077362574
1419,436.05575612740404
1420,436.08386148118234
1421,436.11196683496064
1422,436.1400721887389
1423,436.1681775425172
1424,436.19628289629543
1425,436.22438825007373
1426,436.252493603852
1427,436.28059895763033
1428,436.3087043114086
1429,436.3368096651869
1430,436.3649150189651
1431,436.3930203727434
1432,436.42112572652167
1433,436.4492310803
1434,436.47733643407827
1435,436.50544178785657
1436,436.5335471416348
1437,436.5616524954131
1438,436.58975784919136
1439,436.6178632029697
1440,436.64596855674796
1441,436.67407391052626
1442,436.7021792643045
1443,436.7302846180828
1444,436.75838997186105
1445,436.78649532563935
1446,436.81460067941765
1447,436.84270603319595
1448,436.8708113869742
1449,436.8989167407525
1450,436.92702209453074
1451,436.95512744830904
1452,436.9832328020873
1453,437.01133815586564
1454,437.0394435096439
1455,437.0675488634222
1456,437.09565421720043
1457,437.12375957097873
1458,437.151864924757
1459,437.17997027853534
1460,437.2080756323136
1461,437.2361809860919
1462,437.2642863398701
1463,437.2923916936484
1464,437.32049704742667
1465,437.348602401205
1466,437.3767077549833
1467,437.4048131087616
1468,437.4329184625398
1469,437.4610238163181
1470,437.48912917009636
1471,437.51723452387466
1472,437.54533987765296
1473,437.57344523143126
1474,437.6015505852095
1475,437.6296559389878
1476,437.65776129276605
1477,437.68586664654435
1478,437.7139720003226
1479,437.74207735410096
1480,437.7701827078792
1481,437.7982880616575
1482,437.82639341543575
1483,437.85449876921405
1484,437.8826041229923
1485,437.91070947677065
1486,437.9388148305489
1487,437.9669201843272
1488,437.99502553810544
1489,438.02313089188374
1490,438.051236245662
1491,438.07934159944034
1492,438.1074469532186
1493,438.1355523069969
1494,438.16365766077513
1495,438.19176301455343
1496,438.2198683683317
1497,438.24797372211
1498,438.2760790758883
1499,438.3041844296666
1500,438.3322897834448
1501,438.3603951372231
1502,438.38850049100137
1503,438.41660584477967
1504,438.4447111985579
1505,438.47281655233627
1506,438.5009219061145
1507,438.5290272598928
1508,438.55713261367106
1509,438.58523796744936
1510,438.6133433212276
1511,438.64144867500596
1512,438.6695540287842
1513,438.6976593825625
1514,438.72576473634075
1515,438.75387009011905
1516,438.7819754438973
1517,438.81008079767565
1518,438.8381861514539
1519,438.8662915052322
1520,438.89439685901044
1521,438.92250221278874
1522,438.950607566567
1523,438.9787129203453
1524,439.0068182741236
1525,439.0349236279019
1526,439.06302898168013
1527,439.09113433545843
1528,439.1192396892367
1529,439.147345043015
1530,439.1754503967932
1531,439.2035557505716
1532,439.2316611043498
1533,439.2597664581281
1534,439.28787181190637
1535,439.31597716568467
1536,439.3440825194629
1537,439.3721878732413
1538,439.4002932270195
1539,439.4283985807978
1540,439.45650393457606
1541,439.48460928835436
1542,439.5127146421326
1543,439.54081999591097
1544,439.5689253496892
1545,439.5970307034675
1546,439.62513605724575
1547,439.65324141102406
1548,439.6813467648023
1549,439.7094521185806
1550,439.7375574723589
1551,439.7656628261372
1552,439.79376817991545
1553,439.82187353369375
1554,439.849978887472
1555,439.8780842412503
1556,439.90618959502854
1557,439.9342949488069
1558,439.96240030258514
1559,439.99050565636344
1560,440.0186110101417
1561,440.04671636392
1562,440.0748217176982
1563,440.1029270714766
1564,440.13103242525483
1565,440.15913777903313
1566,440.1872431328114
1567,440.2153484865897
1568,440.2434538403679
1569,440.2715591941463
1570,440.2996645479245
1571,440.3277699017028
1572,440.35587525548107
1573,440.38398060925937
1574,440.4120859630376
1575,440.4401913168159
1576,440.4682966705942
1577,440.4964020243725
1578,440.52450737815076
1579,440.55261273192906
1580,440.5807180857073
1581,440.6088234394856
1582,440.63692879326385
1583,440.6650341470422
1584,440.69313950082045
1585,440.72124485459875
1586,440.749350208377
1587,440.7774555621553
1588,440.80556091593354
1589,440.8336662697119
1590,440.86177162349014
1591,440.88987697726844
1592,440.9179823310467
1593,440.946087684825
1594,440.97419303860323
1595,441.0022983923816
1596,441.03040374615983
1597,441.05850909993814
1598,441.0866144537164
1599,441.1147198074947
1600,441.1428251612729
1601,441.1709305150512
1602,441.1990358688295
1603,441.2271412226078
1604,441.25524657638607
1605,441.2833519301644
1606,441.3114572839426
1607,441.3395626377209
1608,441.36766799149916
1609,441.3957733452775
1610,441.42387869905576
1611,441.45198405283406
1612,441.4800894066123
1613,441.5081947603906
1614,441.53630011416885
1615,441.5644054679472
1616,441.59251082172545
1617,441.62061617550376
1618,441.648721529282
1619,441.6768268830603
1620,441.70493223683854
1621,441.7330375906169
1622,441.76114294439515
1623,441.78924829817345
1624,441.8173536519517
1625,441.84545900573
1626,441.87356435950824
1627,441.90166971328654
1628,441.92977506706484
1629,441.95788042084314
1630,441.9859857746214
1631,442.0140911283997
1632,442.0421964821779
1633,442.07030183595623
1634,442.0984071897345
1635,442.12651254351283
1636,442.1546178972911
1637,442.1827232510694
1638,442.2108286048476
1639,442.2389339586259
1640,442.26703931240417
1641,442.2951446661825
1642,442.32325001996077
1643,442.35135537373907
1644,442.3794607275173
1645,442.4075660812956
1646,442.43567143507386
1647,442.4637767888522
1648,442.49188214263046
1649,442.51998749640876
1650,442.548092850187
1651,442.5761982039653
1652,442.60430355774355
1653,442.63240891152185
1654,442.66051426530015
1655,442.68861961907845
1656,442.7167249728567
1657,442.744830326635
1658,442.77293568041324
1659,442.80104103419154
1660,442.8291463879698
1661,442.85725174174814
1662,442.8853570955264
1663,442.9134624493047
1664,442.94156780308293
1665,442.96967315686123
1666,442.9977785106395
1667,443.02588386441784
1668,443.0539892181961
1669,443.0820945719744
1670,443.1101999257526
1671,443.1383052795309
1672,443.16641063330917
1673,443.1945159870875
1674,443.22262134086577
1675,443.2507266946441
1676,443.2788320484223
1677,443.3069374022006
1678,443.33504275597886
1679,443.36314810975716
1680,443.39125346353546
1681,443.41935881731376
1682,443.447464171092
1683,443.4755695248703
1684,443.50367487864855
1685,443.53178023242685
1686,443.5598855862051
1687,443.58799093998346
1688,443.6160962937617
1689,443.64420164754
1690,443.67230700131825
1691,443.70041235509655
1692,443.7285177088748
1693,443.75662306265315
1694,443.7847284164314
1695,443.8128337702097
1696,443.84093912398794
1697,443.86904447776624
1698,443.8971498315445
1699,443.92525518532284
1700,443.9533605391011
1701,443.9814658928794
1702,444.00957124665763
1703,444.03767660043593
1704,444.0657819542142
1705,444.0938873079925
1706,444.1219926617708
1707,444.1500980155491
1708,444.1782033693273
1709,444.2063087231056
1710,444.23441407688387
1711,444.26251943066217
1712,444.2906247844404
1713,444.31873013821877
1714,444.346835491997
1715,444.3749408457753
1716,444.40304619955356
1717,444.43115155333186
1718,444.4592569071101
1719,444.48736226088846
1720,444.5154676146667
1721,444.543572968445
1722,444.57167832222325
1723,444.59978367600155
1724,444.6278890297798
1725,444.65599438355815
1726,444.6840997373364
1727,444.7122050911147
1728,444.74031044489294
1729,444.76841579867124
1730,444.7965211524495
1731,444.8246265062278
1732,444.8527318600061
1733,444.8808372137844
1734,444.90894256756263
1735,444.93704792134093
1736,444.9651532751192
1737,444.9932586288975
1738,445.0213639826757
1739,445.0494693364541
1740,445.0775746902323
1741,445.1056800440106
1742,445.13378539778887
1743,445.16189075156717
1744,445.1899961053454
1745,445.2181014591238
1746,445.246206812902
1747,445.2743121666803
1748,445.30241752045856
1749,445.33052287423686
1750,445.3586282280151
1751,445.38673358179346
1752,445.4148389355717
1753,445.44294428935
1754,445.47104964312825
1755,445.49915499690655
1756,445.5272603506848
1757,445.5553657044631
1758,445.5834710582414
1759,445.6115764120197
1760,445.63968176579795
1761,445.66778711957625
1762,445.6958924733545
1763,445.7239978271328
1764,445.75210318091104
1765,445.7802085346894
1766,445.80831388846764
1767,445.83641924224594
1768,445.8645245960242
1769,445.8926299498025
1770,445.9207353035807
1771,445.9488406573591
1772,445.97694601113733
1773,446.00505136491563
1774,446.0331567186939
1775,446.0612620724722
1776,446.0893674262504
1777,446.1174727800288
1778,446.145578133807
1779,446.1736834875853
1780,446.20178884136357
1781,446.22989419514187
1782,446.2579995489201
1783,446.2861049026984
1784,446.3142102564767
1785,446.342315610255
1786,446.37042096403326
1787,446.39852631781156
1788,446.4266316715898
1789,446.4547370253681
1790,446.48284237914635
1791,446.5109477329247
1792,446.53905308670295
1793,446.56715844048125
1794,446.5952637942595
1795,446.6233691480378
1796,446.65147450181604
1797,446.6795798555944
1798,446.70768520937264
1799,446.73579056315094
1800,446.7638959169292
1801,446.7920012707075
1802,446.82010662448573
1803,446.8482119782641
1804,446.87631733204233
1805,446.90442268582063
1806,446.9325280395989
1807,446.9606333933772
1808,446.9887387471554
1809,447.0168441009337
1810,447.044949454712
1811,447.0730548084903
1812,447.10116016226857
1813,447.12926551604687
1814,447.1573708698251
1815,447.1854762236034
1816,447.21358157738166
1817,447.24168693116
1818,447.26979228493826
1819,447.29789763871656
1820,447.3260029924948
1821,447.3541083462731
1822,447.38221370005135
1823,447.4103190538297
1824,447.43842440760795
1825,447.46652976138625
1826,447.4946351151645
1827,447.5227404689428
1828,447.55084582272104
1829,447.5789511764994
1830,447.60705653027765
1831,447.63516188405595
1832,447.6632672378342
1833,447.6913725916125
1834,447.71947794539074
1835,447.74758329916904
1836,447.77568865294734
1837,447.80379400672564
1838,447.8318993605039
1839,447.8600047142822
1840,447.8881100680604
1841,447.91621542183873
1842,447.944320775617
1843,447.97242612939533
1844,448.0005314831736
1845,448.0286368369519
1846,448.0567421907301
1847,448.0848475445084
1848,448.11295289828666
1849,448.141058252065
1850,448.16916360584327
1851,448.19726895962157
1852,448.2253743133998
1853,448.2534796671781
1854,448.28158502095636
1855,448.3096903747347
1856,448.33779572851296
1857,448.36590108229126
1858,448.3940064360695
1859,448.4221117898478
1860,448.45021714362605
1861,448.47832249740435
1862,448.50642785118265
1863,448.53453320496095
1864,448.5626385587392
1865,448.5907439125175
1866,448.61884926629574
1867,448.64695462007404
1868,448.6750599738523
1869,448.70316532763064
1870,448.7312706814089
1871,448.7593760351872
1872,448.78748138896543
1873,448.81558674274373
1874,448.843692096522
1875,448.87179745030033
1876,448.8999028040786
1877,448.9280081578569
1878,448.9561135116351
1879,448.9842188654134
1880,449.01232421919167
1881,449.04042957297
1882,449.06853492674827
1883,449.0966402805266
1884,449.1247456343048
1885,449.1528509880831
1886,449.18095634186136
1887,449.20906169563966
1888,449.23716704941796
1889,449.26527240319626
1890,449.2933777569745
1891,449.3214831107528
1892,449.34958846453105
1893,449.37769381830935
1894,449.4057991720876
1895,449.43390452586596
1896,449.4620098796442
1897,449.4901152334225
1898,449.51822058720074
1899,449.54632594097905
1900,449.5744312947573
1901,449.60253664853565
1902,449.6306420023139
1903,449.6587473560922
1904,449.68685270987044
1905,449.71495806364874
1906,449.743063417427
1907,449.77116877120534
1908,449.7992741249836
1909,449.8273794787619
1910,449.8554848325401
1911,449.88359018631843
1912,449.9116955400967
1913,449.939800893875
1914,449.9679062476533
1915,449.9960116014316
1916,450.0241169552098
1917,450.0522223089881
1918,450.08032766276636
1919,450.10843301654467
1920,450.1365383703229
1921,450.16464372410127
1922,450.1927490778795
1923,450.2208544316578
1924,450.24895978543606
1925,450.27706513921436
1926,450.3051704929926
1927,450.33327584677096
1928,450.3613812005492
1929,450.3894865543275
1930,450.41759190810575
1931,450.44569726188405
1932,450.4738026156623
1933,450.50190796944065
1934,450.5300133232189
1935,450.5581186769972
1936,450.58622403077544
1937,450.61432938455374
1938,450.642434738332
1939,450.6705400921103
1940,450.6986454458886
1941,450.7267507996669
1942,450.75485615344513
1943,450.78296150722343
1944,450.8110668610017
1945,450.83917221478
1946,450.8672775685582
1947,450.8953829223366
1948,450.9234882761148
1949,450.9515936298931
1950,450.97969898367137
1951,451.00780433744967
1952,451.0359096912279
1953,451.0640150450063
1954,451.0921203987845
1955,451.1202257525628
1956,451.14833110634106
1957,451.17643646011936
1958,451.2045418138976
1959,451.23264716767596
1960,451.2607525214542
1961,451.2888578752325
1962,451.31696322901075
1963,451.34506858278905
1964,451.3731739365673
1965,451.4012792903456
1966,451.4293846441239
1967,451.4574899979022
1968,451.48559535168044
1969,451.51370070545875
1970,451.541806059237
1971,451.5699114130153
1972,451.59801676679353
1973,451.6261221205719
1974,451.65422747435014
1975,451.68233282812844
1976,451.7104381819067
1977,451.738543535685
1978,451.7666488894632
1979,451.7947542432416
1980,451.82285959701983
1981,451.85096495079813
1982,451.8790703045764
1983,451.9071756583547
1984,451.9352810121329
1985,451.9633863659113
1986,451.9914917196895
1987,452.0195970734678
1988,452.04770242724607
1989,452.07580778102437
1990,452.1039131348026
1991,452.1320184885809
1992,452.1601238423592
1993,452.1882291961375
1994,452.21633454991576
1995,452.24443990369406
1996,452.2725452574723
1997,452.3006506112506
1998,452.32875596502885
1999,452.3568613188072
2000,452.38496667258545
2001,452.41307202636375
2002,452.441177380142
2003,452.4692827339203
2004,452.49738808769854
2005,452.5254934414769
2006,452.55359879525514
2007,452.58170414903344
2008,452.6098095028117
2009,452.63791485659
2010,452.66602021036823
2011,452.6941255641466
2012,452.72223091792483
2013,452.75033627170313
2014,452.7784416254814
2015,452.8065469792597
2016,452.8346523330379
2017,452.8627576868162
2018,452.8908630405945
2019,452.9189683943728
2020,452.94707374815107
2021,452.97517910192937
2022,453.0032844557076
2023,453.0313898094859
2024,453.05949516326416
2025,453.0876005170425
2026,453.11570587082076
2027,453.14381122459906
2028,453.1719165783773
2029,453.2000219321556
2030,453.22812728593385
2031,453.2562326397122
2032,453.28433799349045
2033,453.31244334726875
2034,453.340548701047
2035,453.3686540548253
2036,453.39675940860354
2037,453.4248647623819
2038,453.45297011616015
2039,453.48107546993845
2040,453.5091808237167
2041,453.537286177495
2042,453.56539153127324
2043,453.59349688505154
2044,453.62160223882984
2045,453.64970759260814
2046,453.6778129463864
2047,453.7059183001647
2048,453.7340236539429
2049,453.7621290077212
2050,453.7902343614995
2051,453.81833971527783
2052,453.8464450690561
2053,453.8745504228344
2054,453.9026557766126
2055,453.9307611303909
2056,453.95886648416916
2057,453.9869718379475
2058,454.01507719172577
2059,454.04318254550407
2060,454.0712878992823
2061,454.0993932530606
2062,454.12749860683886
2063,454.1556039606172
2064,454.18370931439546
2065,454.21181466817376
2066,454.239920021952
2067,454.2680253757303
2068,454.29613072950855
2069,454.32423608328685
2070,454.35234143706515
2071,454.38044679084345
2072,454.4085521446217
2073,454.4366574984
2074,454.46476285217824
2075,454.49286820595654
2076,454.5209735597348
2077,454.54907891351314
2078,454.5771842672914
2079,454.6052896210697
2080,454.63339497484793
2081,454.66150032862623
2082,454.6896056824045
2083,454.71771103618283
2084,454.7458163899611
2085,454.7739217437394
2086,454.8020270975176
2087,454.8301324512959
2088,454.85823780507417
2089,454.8863431588525
2090,454.91444851263077
2091,454.94255386640907
2092,454.9706592201873
2093,454.9987645739656
2094,455.02686992774386
2095,455.05497528152216
2096,455.08308063530046
2097,455.11118598907876
2098,455.139291342857
2099,455.1673966966353
2100,455.19550205041355
2101,455.22360740419185
2102,455.2517127579701
2103,455.27981811174845
2104,455.3079234655267
2105,455.336028819305
2106,455.36413417308324
2107,455.39223952686154
2108,455.4203448806398
2109,455.44845023441815
2110,455.4765555881964
2111,455.5046609419747
2112,455.53276629575294
2113,455.56087164953124
2114,455.5889770033095
2115,455.61708235708784
2116,455.6451877108661
2117,455.6732930646444
2118,455.7013984184226
2119,455.7295037722009
2120,455.7576091259792
2121,455.7857144797575
2122,455.8138198335358
2123,455.8419251873141
2124,455.8700305410923
2125,455.8981358948706
2126,455.92624124864886
2127,455.95434660242717
2128,455.9824519562054
2129,456.01055730998377
2130,456.038662663762
2131,456.0667680175403
2132,456.09487337131856
2133,456.12297872509686
2134,456.1510840788751
2135,456.17918943265346
2136,456.2072947864317
2137,456.23540014021
2138,456.26350549398825
2139,456.29161084776655
2140,456.3197162015448
2141,456.34782155532315
2142,456.3759269091014
2143,456.4040322628797
2144,456.43213761665794
2145,456.46024297043624
2146,456.4883483242145
2147,456.5164536779928
2148,456.5445590317711
2149,456.5726643855494
2150,456.60076973932763
2151,456.62887509310593
2152,456.6569804468842
2153,456.6850858006625
2154,456.7131911544407
2155,456.7412965082191
2156,456.7694018619973
2157,456.7975072157756
2158,456.82561256955387
2159,456.85371792333217
2160,456.8818232771104
2161,456.90992863088877
2162,456.938033984667
2163,456.9661393384453
2164,456.99424469222356
2165,457.02235004600186
2166,457.0504553997801
2167,457.07856075355846
2168,457.1066661073367
2169,457.134771461115
2170,457.16287681489325
2171,457.19098216867155
2172,457.2190875224498
2173,457.2471928762281
2174,457.2752982300064
2175,457.3034035837847
2176,457.33150893756294
2177,457.35961429134125
2178,457.3877196451195
2179,457.4158249988978
2180,457.44393035267603
2181,457.4720357064544
2182,457.50014106023264
2183,457.52824641401094
2184,457.5563517677892
2185,457.5844571215675
2186,457.6125624753457
2187,457.6406678291241
2188,457.6687731829023
2189,457.69687853668063
2190,457.7249838904589
2191,457.7530892442372
2192,457.7811945980154
2193,457.8092999517938
2194,457.837405305572
2195,457.8655106593503
2196,457.89361601312856
2197,457.92172136690687
2198,457.9498267206851
2199,457.9779320744634
2200,458.0060374282417
2201,458.03414278202
2202,458.06224813579826
2203,458.09035348957656
2204,458.1184588433548
2205,458.1465641971331
2206,458.1746695509114
2207,458.2027749046897
2208,458.23088025846795
2209,458.25898561224625
2210,458.2870909660245
2211,458.3151963198028
2212,458.34330167358104
2213,458.3714070273594
2214,458.39951238113764
2215,458.42761773491594
2216,458.4557230886942
2217,458.4838284424725
2218,458.51193379625073
2219,458.5400391500291
2220,458.56814450380733
2221,458.59624985758563
2222,458.6243552113639
2223,458.6524605651422
2224,458.6805659189204
2225,458.7086712726987
2226,458.736776626477
2227,458.7648819802553
2228,458.79298733403357
2229,458.82109268781187
2230,458.8491980415901
2231,458.8773033953684
2232,458.9054087491467
2233,458.933514102925
2234,458.96161945670326
2235,458.98972481048156
2236,459.0178301642598
2237,459.0459355180381
2238,459.07404087181635
2239,459.1021462255947
2240,459.13025157937295
2241,459.15835693315125
2242,459.1864622869295
2243,459.2145676407078
2244,459.24267299448604
2245,459.2707783482644
2246,459.29888370204264
2247,459.32698905582095
2248,459.3550944095992
2249,459.3831997633775
2250,459.41130511715573
2251,459.43941047093404
2252,459.46751582471234
2253,459.49562117849064
2254,459.5237265322689
2255,459.5518318860472
2256,459.5799372398254
2257,459.6080425936037
2258,459.636147947382
2259,459.66425330116033
2260,459.6923586549386
2261,459.7204640087169
2262,459.7485693624951
2263,459.7766747162734
2264,459.80478007005166
2265,459.83288542383
2266,459.86099077760827
2267,459.88909613138657
2268,459.9172014851648
2269,459.9453068389431
2270,459.97341219272136
2271,460.0015175464997
2272,460.02962290027796
2273,460.05772825405626
2274,460.0858336078345
2275,460.1139389616128
2276,460.14204431539105
2277,460.17014966916935
2278,460.19825502294765
2279,460.22636037672595
2280,460.2544657305042
2281,460.2825710842825
2282,460.31067643806074
2283,460.33878179183904
2284,460.36688714561734
2285,460.39499249939564
2286,460.4230978531739
2287,460.4512032069522
2288,460.47930856073043
2289,460.50741391450873
2290,460.535519268287
2291,460.56362462206533
2292,460.5917299758436
2293,460.6198353296219
2294,460.6479406834001
2295,460.6760460371784
2296,460.70415139095667
2297,460.732256744735
2298,460.76036209851327
2299,460.78846745229157
2300,460.8165728060698
2301,460.8446781598481
2302,460.87278351362636
2303,460.90088886740466
2304,460.92899422118296
2305,460.95709957496126
2306,460.9852049287395
2307,461.0133102825178
2308,461.04141563629605
2309,461.06952099007435
2310,461.09762634385265
2311,461.12573169763095
2312,461.1538370514092
2313,461.1819424051875
2314,461.21004775896574
2315,461.23815311274404
2316,461.2662584665223
2317,461.29436382030065
2318,461.3224691740789
2319,461.3505745278572
2320,461.37867988163543
2321,461.40678523541374
2322,461.434890589192
2323,461.46299594297034
2324,461.4911012967486
2325,461.5192066505269
2326,461.5473120043051
2327,461.5754173580834
2328,461.6035227118617
2329,461.63162806564
2330,461.6597334194183
2331,461.6878387731966
2332,461.7159441269748
2333,461.7440494807531
2334,461.77215483453136
2335,461.80026018830966
2336,461.82836554208797
2337,461.85647089586627
2338,461.8845762496445
2339,461.9126816034228
2340,461.94078695720106
2341,461.96889231097936
2342,461.9969976647576
2343,462.02510301853596
2344,462.0532083723142
2345,462.0813137260925
2346,462.10941907987075
2347,462.13752443364905
2348,462.1656297874273
2349,462.19373514120565
2350,462.2218404949839
2351,462.2499458487622
2352,462.27805120254044
2353,462.30615655631874
2354,462.334261910097
2355,462.3623672638753
2356,462.3904726176536
2357,462.4185779714319
2358,462.44668332521013
2359,462.47478867898843
2360,462.5028940327667
2361,462.530999386545
2362,462.5591047403233
2363,462.5872100941016
2364,462.6153154478798
2365,462.6434208016581
2366,462.67152615543637
2367,462.69963150921467
2368,462.7277368629929
2369,462.75584221677127
2370,462.7839475705495
2371,462.8120529243278
2372,462.84015827810606
2373,462.86826363188436
2374,462.8963689856626
2375,462.92447433944096
2376,462.9525796932192
2377,462.9806850469975
2378,463.00879040077575
2379,463.03689575455405
2380,463.0650011083323
2381,463.0931064621106
2382,463.1212118158889
2383,463.1493171696672
2384,463.17742252344544
2385,463.20552787722374
2386,463.233633231002
2387,463.2617385847803
2388,463.2898439385586
2389,463.3179492923369
2390,463.34605464611514
2391,463.37415999989344
2392,463.4022653536717
2393,463.43037070745
2394,463.4584760612282
2395,463.4865814150066
2396,463.5146867687848
2397,463.5427921225631
2398,463.5708974763414
2399,463.5990028301197
2400,463.6271081838979
2401,463.6552135376763
2402,463.6833188914545
2403,463.7114242452328
2404,463.73952959901106
2405,463.76763495278936
2406,463.7957403065676
2407,463.8238456603459
2408,463.8519510141242
2409,463.8800563679025
2410,463.90816172168076
2411,463.93626707545906
2412,463.9643724292373
2413,463.9924777830156
2414,464.0205831367939
2415,464.0486884905722
2416,464.07679384435045
2417,464.10489919812875
2418,464.133004551907
2419,464.1611099056853
2420,464.18921525946354
2421,464.2173206132419
2422,464.24542596702014
2423,464.27353132079844
2424,464.3016366745767
2425,464.329742028355
2426,464.35784738213323
2427,464.3859527359116
2428,464.41405808968983
2429,464.44216344346813
2430,464.4702687972464
2431,464.4983741510247
2432,464.5264795048029
2433,464.5545848585812
2434,464.5826902123595
2435,464.6107955661378
2436,464.63890091991607
2437,464.66700627369437
2438,464.6951116274726
2439,464.7232169812509
2440,464.7513223350292
2441,464.7794276888075
2442,464.80753304258576
2443,464.83563839636406
2444,464.8637437501423
2445,464.8918491039206
2446,464.91995445769885
2447,464.9480598114772
2448,464.97616516525545
2449,465.00427051903375
2450,465.032375872812
2451,465.0604812265903
2452,465.08858658036854
2453,465.1166919341469
2454,465.14479728792514
2455,465.17290264170344
2456,465.2010079954817
2457,465.22911334926
2458,465.25721870303823
2459,465.28532405681653
2460,465.31342941059484
2461,465.34153476437314
2462,465.3696401181514
2463,465.3977454719297
2464,465.4258508257079
2465,465.4539561794862
2466,465.4820615332645
2467,465.5101668870428
2468,465.5382722408211
2469,465.5663775945994
2470,465.5944829483776
2471,465.6225883021559
2472,465.65069365593416
2473,465.6787990097125
2474,465.70690436349076
2475,465.73500971726907
2476,465.7631150710473
2477,465.7912204248256
2478,465.81932577860385
2479,465.8474311323822
2480,465.87553648616046
2481,465.90364183993876
2482,465.931747193717
2483,465.9598525474953
2484,465.98795790127355
2485,466.01606325505185
2486,466.04416860883015
2487,466.07227396260845
2488,466.1003793163867
2489,466.128484670165
2490,466.15659002394324
2491,466.18469537772154
2492,466.21280073149984
2493,466.24090608527814
2494,466.2690114390564
2495,466.2971167928347
2496,466.32522214661293
2497,466.35332750039123
2498,466.3814328541695
2499,466.40953820794783
2500,466.4376435617261
2501,466.4657489155044
2502,466.4938542692826
2503,466.5219596230609
2504,466.5500649768392
2505,466.5781703306175
2506,466.60627568439577
2507,466.63438103817407
2508,466.66248639195237
2509,466.6905917457306
2510,466.71869709950886
2511,466.74680245328716
2512,466.7749078070655
2513,466.80301316084376
2514,466.831118514622
2515,466.8592238684003
2516,466.8873292221786
2517,466.91543457595685
2518,466.94353992973515
2519,466.97164528351345
2520,466.99975063729175
2521,467.02785599107
2522,467.05596134484824
2523,467.08406669862654
2524,467.1121720524049
2525,467.14027740618315
2526,467.1683827599614
2527,467.1964881137397
2528,467.224593467518
2529,467.25269882129624
2530,467.2808041750745
2531,467.30890952885284
2532,467.33701488263114
2533,467.3651202364094
2534,467.3932255901876
2535,467.4213309439659
2536,467.4494362977442
2537,467.4775416515225
2538,467.5056470053008
2539,467.5337523590791
2540,467.5618577128574
2541,467.5899630666356
2542,467.61806842041386
2543,467.64617377419216
2544,467.6742791279705
2545,467.70238448174877
2546,467.730489835527
2547,467.7585951893053
2548,467.7867005430836
2549,467.81480589686186
2550,467.8429112506401
2551,467.87101660441846
2552,467.89912195819676
2553,467.927227311975
2554,467.95533266575325
2555,467.98343801953155
2556,468.01154337330985
2557,468.03964872708815
2558,468.0677540808664
2559,468.0958594346447
2560,468.123964788423
2561,468.15207014220124
2562,468.1801754959795
2563,468.2082808497578
2564,468.23638620353614
2565,468.2644915573144
2566,468.29259691109263
2567,468.32070226487093
2568,468.34880761864923
2569,468.3769129724275
2570,468.4050183262058
2571,468.4331236799841
2572,468.4612290337624
2573,468.4893343875406
2574,468.51743974131887
2575,468.54554509509717
2576,468.5736504488755
2577,468.60175580265377
2578,468.629861156432
2579,468.6579665102103
2580,468.6860718639886
2581,468.71417721776686
2582,468.7422825715451
2583,468.77038792532346
2584,468.79849327910176
2585,468.82659863288
2586,468.85470398665825
2587,468.88280934043655
2588,468.91091469421485
2589,468.9390200479931
2590,468.9671254017714
2591,468.9952307555497
2592,469.023336109328
2593,469.05144146310624
2594,469.0795468168845
2595,469.1076521706628
2596,469.13575752444115
2597,469.1638628782194
2598,469.19196823199763
2599,469.22007358577594
2600,469.24817893955424
2601,469.2762842933325
2602,469.3043896471107
2603,469.3324950008891
2604,469.3606003546674
2605,469.3887057084456
2606,469.41681106222387
2607,469.4449164160022
2608,469.4730217697805
2609,469.5011271235588
2610,469.529232477337
2611,469.5573378311153
2612,469.5854431848936
2613,469.61354853867186
2614,469.6416538924501
2615,469.6697592462284
2616,469.69786460000677
2617,469.725969953785
2618,469.75407530756326
2619,469.78218066134156
2620,469.81028601511986
2621,469.8383913688981
2622,469.8664967226764
2623,469.8946020764547
2624,469.922707430233
2625,469.95081278401125
2626,469.9789181377895
2627,470.0070234915678
2628,470.03512884534615
2629,470.0632341991244
2630,470.09133955290264
2631,470.11944490668094
2632,470.14755026045924
2633,470.1756556142375
2634,470.20376096801573
2635,470.2318663217941
2636,470.2599716755724
2637,470.28807702935063
2638,470.3161823831289
2639,470.3442877369072
2640,470.3723930906855
2641,470.4004984444637
2642,470.428603798242
2643,470.4567091520203
2644,470.4848145057986
2645,470.51291985957687
2646,470.5410252133551
2647,470.5691305671334
2648,470.59723592091177
2649,470.62534127469
2650,470.65344662846826
2651,470.68155198224656
2652,470.70965733602486
2653,470.7377626898031
2654,470.76586804358135
2655,470.7939733973597
2656,470.822078751138
2657,470.85018410491625
2658,470.8782894586945
2659,470.9063948124728
2660,470.9345001662511
2661,470.9626055200294
2662,470.99071087380764
2663,471.01881622758594
2664,471.04692158136424
2665,471.0750269351425
2666,471.10313228892073
2667,471.1312376426991
2668,471.1593429964774
2669,471.18744835025564
2670,471.2155537040339
2671,471.2436590578122
2672,471.2717644115905
2673,471.2998697653687
2674,471.327975119147
2675,471.3560804729253
2676,471.38418582670363
2677,471.4122911804819
2678,471.4403965342601
2679,471.4685018880384
2680,471.4966072418168
2681,471.524712595595
2682,471.55281794937326
2683,471.58092330315156
2684,471.60902865692987
2685,471.6371340107081
2686,471.66523936448635
2687,471.6933447182647
2688,471.721450072043
2689,471.74955542582126
2690,471.7776607795995
2691,471.8057661333778
2692,471.8338714871561
2693,471.8619768409344
2694,471.89008219471265
2695,471.91818754849095
2696,471.94629290226925
2697,471.9743982560475
2698,472.00250360982574
2699,472.03060896360404
2700,472.0587143173824
2701,472.08681967116064
2702,472.1149250249389
2703,472.1430303787172
2704,472.1711357324955
2705,472.19924108627373
2706,472.227346440052
2707,472.25545179383033
2708,472.28355714760863
2709,472.3116625013869
2710,472.3397678551651
2711,472.3678732089434
2712,472.3959785627217
2713,472.4240839165
2714,472.45218927027827
2715,472.48029462405657
2716,472.50839997783487
2717,472.5365053316131
2718,472.56461068539136
2719,472.5927160391697
2720,472.620821392948
2721,472.64892674672626
2722,472.6770321005045
2723,472.7051374542828
2724,472.7332428080611
2725,472.76134816183935
2726,472.78945351561765
2727,472.81755886939595
2728,472.84566422317425
2729,472.8737695769525
2730,472.90187493073074
2731,472.92998028450904
2732,472.9580856382874
2733,472.98619099206564
2734,473.0142963458439
2735,473.0424016996222
2736,473.0705070534005
2737,473.09861240717873
2738,473.126717760957
2739,473.15482311473534
2740,473.18292846851364
2741,473.2110338222919
2742,473.2391391760701
2743,473.2672445298484
2744,473.2953498836267
2745,473.323455237405
2746,473.3515605911833
2747,473.3796659449616
2748,473.4077712987399
2749,473.4358766525181
2750,473.46398200629636
2751,473.49208736007466
2752,473.520192713853
2753,473.54829806763126
2754,473.5764034214095
2755,473.6045087751878
2756,473.6326141289661
2757,473.66071948274435
2758,473.6888248365226
2759,473.71693019030096
2760,473.74503554407926
2761,473.7731408978575
2762,473.80124625163575
2763,473.82935160541405
2764,473.85745695919235
2765,473.88556231297065
2766,473.9136676667489
2767,473.9417730205272
2768,473.9698783743055
2769,473.99798372808374
2770,474.026089081862
2771,474.05419443564034
2772,474.08229978941864
2773,474.1104051431969
2774,474.13851049697513
2775,474.16661585075343
2776,474.19472120453173
2777,474.22282655831
2778,474.2509319120883
2779,474.2790372658666
2780,474.3071426196449
2781,474.3352479734231
2782,474.36335332720137
2783,474.39145868097967
2784,474.419564034758
2785,474.44766938853627
2786,474.4757747423145
2787,474.5038800960928
2788,474.5319854498711
2789,474.56009080364936
2790,474.5881961574276
2791,474.61630151120596
2792,474.64440686498426
2793,474.6725122187625
2794,474.70061757254075
2795,474.72872292631905
2796,474.75682828009735
2797,474.78493363387565
2798,474.8130389876539
2799,474.8411443414322
2800,474.8692496952105
2801,474.89735504898874
2802,474.925460402767
2803,474.9535657565453
2804,474.98167111032365
2805,475.0097764641019
2806,475.03788181788013
2807,475.06598717165843
2808,475.09409252543674
2809,475.122197879215
2810,475.1503032329932
2811,475.1784085867716
2812,475.2065139405499
2813,475.2346192943281
2814,475.26272464810637
2815,475.2908300018847
2816,475.318935355663
2817,475.3470407094413
2818,475.3751460632195
2819,475.4032514169978
2820,475.4313567707761
2821,475.45946212455436
2822,475.4875674783326
2823,475.51567283211097
2824,475.54377818588927
2825,475.5718835396675
2826,475.59998889344575
2827,475.62809424722406
2828,475.65619960100236
2829,475.6843049547806
2830,475.7124103085589
2831,475.7405156623372
2832,475.7686210161155
2833,475.79672636989375
2834,475.824831723672
2835,475.8529370774503
2836,475.88104243122865
2837,475.9091477850069
2838,475.93725313878514
2839,475.96535849256344
2840,475.99346384634174
2841,476.02156920012
2842,476.0496745538982
2843,476.0777799076766
2844,476.1058852614549
2845,476.13399061523313
2846,476.1620959690114
2847,476.1902013227897
2848,476.218306676568
2849,476.2464120303463
2850,476.2745173841245
2851,476.3026227379028
2852,476.3307280916811
2853,476.35883344545937
2854,476.3869387992376
2855,476.4150441530159
2856,476.44314950679427
2857,476.4712548605725
2858,476.49936021435076
2859,476.52746556812906
2860,476.55557092190736
2861,476.5836762756856
2862,476.61178162946385
2863,476.6398869832422
2864,476.6679923370205
2865,476.69609769079875
2866,476.724203044577
2867,476.7523083983553
2868,476.7804137521336
2869,476.8085191059119
2870,476.83662445969014
2871,476.86472981346844
2872,476.89283516724674
2873,476.920940521025
2874,476.94904587480323
2875,476.9771512285816
2876,477.0052565823599
2877,477.03336193613814
2878,477.0614672899164
2879,477.0895726436947
2880,477.117677997473
2881,477.1457833512512
2882,477.1738887050295
2883,477.2019940588078
2884,477.2300994125861
2885,477.2582047663644
2886,477.2863101201426
2887,477.3144154739209
2888,477.3425208276993
2889,477.3706261814775
2890,477.39873153525576
2891,477.42683688903406
2892,477.45494224281236
2893,477.4830475965906
2894,477.51115295036885
2895,477.5392583041472
2896,477.5673636579255
2897,477.59546901170376
2898,477.623574365482
2899,477.6516797192603
2900,477.6797850730386
2901,477.7078904268169
2902,477.73599578059515
2903,477.76410113437345
2904,477.79220648815175
2905,477.82031184193
2906,477.84841719570824
2907,477.87652254948654
2908,477.9046279032649
2909,477.93273325704314
2910,477.9608386108214
2911,477.9889439645997
2912,478.017049318378
2913,478.04515467215623
2914,478.0732600259345
2915,478.10136537971283
2916,478.12947073349113
2917,478.1575760872694
2918,478.1856814410476
2919,478.2137867948259
2920,478.2418921486042
2921,478.2699975023825
2922,478.29810285616077
2923,478.32620820993907
2924,478.35431356371737
2925,478.3824189174956
2926,478.41052427127386
2927,478.4386296250522
2928,478.4667349788305
2929,478.49484033260876
2930,478.522945686387
2931,478.5510510401653
2932,478.5791563939436
2933,478.60726174772185
2934,478.63536710150015
2935,478.66347245527845
2936,478.69157780905675
2937,478.719683162835
2938,478.74778851661324
2939,478.77589387039154
2940,478.8039992241699
2941,478.83210457794814
2942,478.8602099317264
2943,478.8883152855047
2944,478.916420639283
2945,478.94452599306123
2946,478.9726313468395
2947,479.00073670061784
2948,479.02884205439614
2949,479.0569474081744
2950,479.0850527619526
2951,479.1131581157309
2952,479.1412634695092
2953,479.1693688232875
2954,479.19747417706577
2955,479.2255795308441
2956,479.2536848846224
2957,479.2817902384006
2958,479.30989559217886
2959,479.33800094595716
2960,479.3661062997355
2961,479.39421165351376
2962,479.422317007292
2963,479.4504223610703
2964,479.4785277148486
2965,479.50663306862685
2966,479.5347384224051
2967,479.56284377618346
2968,479.59094912996176
2969,479.61905448374
2970,479.64715983751825
2971,479.67526519129655
2972,479.70337054507485
2973,479.73147589885315
2974,479.7595812526314
2975,479.7876866064097
2976,479.815791960188
2977,479.84389731396624
2978,479.8720026677445
2979,479.90010802152284
2980,479.92821337530114
2981,479.9563187290794
2982,479.98442408285763
2983,480.01252943663593
2984,480.04063479041423
2985,480.0687401441925
2986,480.0968454979708
2987,480.1249508517491
2988,480.1530562055274
2989,480.1811615593056
2990,480.20926691308387
2991,480.23737226686217
2992,480.2654776206405
2993,480.29358297441877
2994,480.321688328197
2995,480.3497936819753
2996,480.3778990357536
2997,480.40600438953186
2998,480.4341097433101
2999,480.46221509708846
3000,480.49032045086676
3001,480.518425804645
3002,480.54653115842325
3003,480.57463651220155
3004,480.60274186597985
3005,480.63084721975815
3006,480.6589525735364
3007,480.6870579273147
3008,480.715163281093
3009,480.74326863487124
3010,480.7713739886495
3011,480.7994793424278
3012,480.82758469620615
3013,480.8556900499844
3014,480.88379540376263
3015,480.91190075754093
3016,480.94000611131924
3017,480.9681114650975
3018,480.9962168188757
3019,481.0243221726541
3020,481.0524275264324
3021,481.0805328802106
3022,481.10863823398887
3023,481.13674358776717
3024,481.1648489415455
3025,481.1929542953238
3026,481.221059649102
3027,481.2491650028803
3028,481.2772703566586
3029,481.30537571043686
3030,481.3334810642151
3031,481.36158641799346
3032,481.38969177177177
3033,481.41779712555
3034,481.44590247932825
3035,481.47400783310655
3036,481.50211318688486
3037,481.5302185406631
3038,481.5583238944414
3039,481.5864292482197
3040,481.614534601998
3041,481.64263995577625
3042,481.6707453095545
3043,481.6988506633328
3044,481.72695601711115
3045,481.7550613708894
3046,481.78316672466764
3047,481.81127207844594
3048,481.83937743222424
3049,481.8674827860025
3050,481.8955881397807
3051,481.9236934935591
3052,481.9517988473374
3053,481.97990420111563
3054,482.0080095548939
3055,482.0361149086722
3056,482.0642202624505
3057,482.0923256162288
3058,482.120430970007
3059,482.1485363237853
3060,482.1766416775636
3061,482.20474703134187
3062,482.2328523851201
3063,482.2609577388984
3064,482.28906309267677
3065,482.317168446455
3066,482.34527380023326
3067,482.37337915401156
3068,482.40148450778986
3069,482.4295898615681
3070,482.45769521534635
3071,482.4858005691247
3072,482.513905922903
3073,482.54201127668125
3074,482.5701166304595
3075,482.5982219842378
3076,482.6263273380161
3077,482.6544326917944
3078,482.68253804557264
3079,482.71064339935094
3080,482.73874875312924
3081,482.7668541069075
3082,482.79495946068573
3083,482.8230648144641
3084,482.8511701682424
3085,482.87927552202063
3086,482.9073808757989
3087,482.9354862295772
3088,482.9635915833555
3089,482.9916969371337
3090,483.019802290912
3091,483.0479076446903
3092,483.0760129984686
3093,483.10411835224687
3094,483.1322237060251
3095,483.1603290598034
3096,483.1884344135818
3097,483.21653976736
3098,483.24464512113826
3099,483.27275047491656
3100,483.30085582869486
3101,483.3289611824731
3102,483.35706653625135
3103,483.3851718900297
3104,483.413277243808
3105,483.44138259758626
3106,483.4694879513645
3107,483.4975933051428
3108,483.5256986589211
3109,483.5538040126994
3110,483.58190936647765
3111,483.61001472025595
3112,483.63812007403425
3113,483.6662254278125
3114,483.69433078159074
3115,483.72243613536904
3116,483.7505414891474
3117,483.77864684292564
3118,483.8067521967039
3119,483.8348575504822
3120,483.8629629042605
3121,483.89106825803873
3122,483.919173611817
3123,483.94727896559533
3124,483.97538431937363
3125,484.0034896731519
3126,484.0315950269301
3127,484.0597003807084
3128,484.0878057344868
3129,484.115911088265
3130,484.14401644204327
3131,484.17212179582157
3132,484.20022714959987
3133,484.2283325033781
3134,484.25643785715636
3135,484.2845432109347
3136,484.312648564713
3137,484.34075391849126
3138,484.3688592722695
3139,484.3969646260478
3140,484.4250699798261
3141,484.45317533360435
3142,484.48128068738265
3143,484.50938604116095
3144,484.53749139493925
3145,484.5655967487175
3146,484.59370210249574
3147,484.62180745627404
3148,484.6499128100524
3149,484.67801816383064
3150,484.7061235176089
3151,484.7342288713872
3152,484.7623342251655
3153,484.79043957894373
3154,484.818544932722
3155,484.84665028650033
3156,484.87475564027864
3157,484.9028609940569
3158,484.9309663478351
3159,484.9590717016134
3160,484.9871770553917
3161,485.01528240917
3162,485.04338776294827
3163,485.0714931167266
3164,485.0995984705049
3165,485.1277038242831
3166,485.15580917806136
3167,485.18391453183966
3168,485.212019885618
3169,485.24012523939626
3170,485.2682305931745
3171,485.2963359469528
3172,485.3244413007311
3173,485.35254665450935
3174,485.3806520082876
3175,485.40875736206596
3176,485.43686271584426
3177,485.4649680696225
3178,485.49307342340074
3179,485.52117877717905
3180,485.5492841309574
3181,485.57738948473565
3182,485.6054948385139
3183,485.6336001922922
3184,485.6617055460705
3185,485.68981089984874
3186,485.717916253627
3187,485.74602160740534
3188,485.77412696118364
3189,485.8022323149619
3190,485.8303376687401
3191,485.85844302251843
3192,485.88654837629673
3193,485.914653730075
3194,485.9427590838533
3195,485.9708644376316
3196,485.9989697914099
3197,486.0270751451881
3198,486.05518049896637
3199,486.08328585274467
3200,486.111391206523
3201,486.13949656030127
3202,486.1676019140795
3203,486.1957072678578
3204,486.2238126216361
3205,486.25191797541436
3206,486.2800233291926
3207,486.30812868297096
3208,486.33623403674926
3209,486.3643393905275
3210,486.39244474430575
3211,486.42055009808405
3212,486.44865545186235
3213,486.47676080564065
3214,486.5048661594189
3215,486.5329715131972
3216,486.5610768669755
3217,486.58918222075374
3218,486.617287574532
3219,486.6453929283103
3220,486.67349828208864
3221,486.7016036358669
3222,486.72970898964513
3223,486.75781434342343
3224,486.78591969720173
3225,486.81402505098
3226,486.8421304047582
3227,486.8702357585366
3228,486.8983411123149
3229,486.9264464660931
3230,486.95455181987137
3231,486.98265717364967
3232,487.010762527428
3233,487.0388678812063
3234,487.0669732349845
3235,487.0950785887628
3236,487.1231839425411
3237,487.15128929631936
3238,487.1793946500976
3239,487.20750000387596
3240,487.23560535765426
3241,487.2637107114325
3242,487.29181606521075
3243,487.31992141898905
3244,487.34802677276735
3245,487.3761321265456
3246,487.4042374803239
3247,487.4323428341022
3248,487.4604481878805
3249,487.48855354165875
3250,487.516658895437
3251,487.5447642492153
3252,487.57286960299365
3253,487.6009749567719
3254,487.62908031055014
3255,487.65718566432844
3256,487.68529101810674
3257,487.713396371885
3258,487.7415017256632
3259,487.7696070794416
3260,487.7977124332199
3261,487.82581778699813
3262,487.8539231407764
3263,487.8820284945547
3264,487.910133848333
3265,487.9382392021113
3266,487.9663445558895
3267,487.9944499096678
3268,488.0225552634461
3269,488.05066061722437
3270,488.0787659710026
3271,488.1068713247809
3272,488.13497667855927
3273,488.1630820323375
3274,488.19118738611576
3275,488.21929273989406
3276,488.24739809367236
3277,488.2755034474506
3278,488.30360880122885
3279,488.3317141550072
3280,488.3598195087855
3281,488.38792486256375
3282,488.416030216342
3283,488.4441355701203
3284,488.47224092389865
3285,488.5003462776769
3286,488.52845163145514
3287,488.55655698523344
3288,488.58466233901174
3289,488.61276769279
3290,488.64087304656823
3291,488.6689784003466
3292,488.6970837541249
3293,488.72518910790313
3294,488.7532944616814
3295,488.7813998154597
3296,488.809505169238
3297,488.8376105230162
3298,488.8657158767945
3299,488.8938212305728
3300,488.9219265843511
3301,488.95003193812937
3302,488.9781372919076
3303,489.0062426456859
3304,489.0343479994643
3305,489.0624533532425
3306,489.09055870702076
3307,489.11866406079906
3308,489.14676941457736
3309,489.1748747683556
3310,489.20298012213385
3311,489.2310854759122
3312,489.2591908296905
3313,489.28729618346875
3314,489.315401537247
3315,489.3435068910253
3316,489.3716122448036
3317,489.3997175985819
3318,489.42782295236015
3319,489.45592830613845
3320,489.48403365991675
3321,489.512139013695
3322,489.54024436747324
3323,489.56834972125154
3324,489.5964550750299
3325,489.62456042880814
3326,489.6526657825864
3327,489.6807711363647
3328,489.708876490143
3329,489.7369818439212
3330,489.7650871976995
3331,489.79319255147783
3332,489.82129790525613
3333,489.8494032590344
3334,489.8775086128126
3335,489.9056139665909
3336,489.9337193203693
3337,489.9618246741475
3338,489.98993002792577
3339,490.01803538170407
3340,490.04614073548237
3341,490.0742460892606
3342,490.10235144303886
3343,490.1304567968172
3344,490.1585621505955
3345,490.18666750437376
3346,490.214772858152
3347,490.2428782119303
3348,490.2709835657086
3349,490.29908891948685
3350,490.32719427326515
3351,490.35529962704345
3352,490.38340498082175
3353,490.4115103346
3354,490.43961568837824
3355,490.46772104215654
3356,490.4958263959349
3357,490.52393174971314
3358,490.5520371034914
3359,490.5801424572697
3360,490.608247811048
3361,490.63635316482623
3362,490.6644585186045
3363,490.69256387238283
3364,490.72066922616114
3365,490.7487745799394
3366,490.7768799337176
3367,490.8049852874959
3368,490.8330906412742
3369,490.8611959950525
3370,490.88930134883077
3371,490.91740670260907
3372,490.9455120563874
3373,490.9736174101656
3374,491.00172276394386
3375,491.02982811772216
3376,491.0579334715005
3377,491.08603882527876
3378,491.114144179057
3379,491.1422495328353
3380,491.1703548866136
3381,491.19846024039185
3382,491.2265655941701
3383,491.25467094794845
3384,491.28277630172676
3385,491.310881655505
3386,491.33898700928324
3387,491.36709236306154
3388,491.3951977168399
3389,491.42330307061815
3390,491.4514084243964
3391,491.4795137781747
3392,491.507619131953
3393,491.53572448573124
3394,491.5638298395095
3395,491.59193519328784
3396,491.62004054706614
3397,491.6481459008444
3398,491.6762512546226
3399,491.70435660840093
3400,491.73246196217923
3401,491.7605673159575
3402,491.7886726697358
3403,491.8167780235141
3404,491.8448833772924
3405,491.8729887310706
3406,491.90109408484886
3407,491.92919943862717
3408,491.9573047924055
3409,491.98541014618377
3410,492.013515499962
3411,492.0416208537403
3412,492.0697262075186
3413,492.09783156129686
3414,492.1259369150751
3415,492.15404226885346
3416,492.18214762263176
3417,492.21025297641
3418,492.23835833018825
3419,492.26646368396655
3420,492.29456903774485
3421,492.32267439152315
3422,492.3507797453014
3423,492.3788850990797
3424,492.406990452858
3425,492.43509580663624
3426,492.4632011604145
3427,492.4913065141928
3428,492.51941186797114
3429,492.5475172217494
3430,492.57562257552763
3431,492.60372792930593
3432,492.63183328308423
3433,492.6599386368625
3434,492.6880439906407
3435,492.7161493444191
3436,492.7442546981974
3437,492.7723600519756
3438,492.80046540575387
3439,492.82857075953217
3440,492.8566761133105
3441,492.88478146708877
3442,492.912886820867
3443,492.9409921746453
3444,492.9690975284236
3445,492.99720288220186
3446,493.0253082359801
3447,493.05341358975846
3448,493.08151894353676
3449,493.109624297315
3450,493.13772965109325
3451,493.16583500487155
3452,493.19394035864985
3453,493.2220457124281
3454,493.2501510662064
3455,493.2782564199847
3456,493.306361773763
3457,493.33446712754125
3458,493.3625724813195
3459,493.3906778350978
3460,493.41878318887615
3461,493.4468885426544
3462,493.47499389643264
3463,493.50309925021094
3464,493.53120460398924
3465,493.5593099577675
3466,493.5874153115457
3467,493.6155206653241
3468,493.6436260191024
3469,493.67173137288063
3470,493.6998367266589
3471,493.7279420804372
3472,493.7560474342155
3473,493.7841527879938
3474,493.812258141772
3475,493.8403634955503
3476,493.8684688493286
3477,493.89657420310687
3478,493.9246795568851
3479,493.9527849106634
3480,493.98089026444177
3481,494.00899561822
3482,494.03710097199826
3483,494.06520632577656
3484,494.09331167955486
3485,494.1214170333331
3486,494.14952238711135
3487,494.1776277408897
3488,494.205733094668
3489,494.23383844844625
3490,494.2619438022245
3491,494.2900491560028
3492,494.31815450978115
3493,494.3462598635594
3494,494.37436521733764
3495,494.40247057111594
3496,494.43057592489424
3497,494.4586812786725
3498,494.48678663245073
3499,494.5148919862291
3500,494.5429973400074
3501,494.57110269378563
3502,494.5992080475639
3503,494.6273134013422
3504,494.6554187551205
3505,494.6835241088987
3506,494.711629462677
3507,494.7397348164553
3508,494.7678401702336
3509,494.79594552401187
3510,494.8240508777901
3511,494.8521562315684
3512,494.8802615853468
3513,494.908366939125
3514,494.93647229290326
3515,494.96457764668156
3516,494.99268300045986
3517,495.0207883542381
3518,495.04889370801635
3519,495.0769990617947
3520,495.105104415573
3521,495.13320976935125
3522,495.1613151231295
3523,495.1894204769078
3524,495.2175258306861
3525,495.2456311844644
3526,495.27373653824264
3527,495.30184189202095
3528,495.32994724579925
3529,495.3580525995775
3530,495.38615795335573
3531,495.41426330713404
3532,495.4423686609124
3533,495.47047401469064
3534,495.4985793684689
3535,495.5266847222472
3536,495.5547900760255
3537,495.5828954298037
3538,495.611000783582
3539,495.63910613736033
3540,495.66721149113863
3541,495.6953168449169
3542,495.7234221986951
3543,495.7515275524734
3544,495.7796329062518
3545,495.80773826003
3546,495.83584361380827
3547,495.86394896758657
3548,495.89205432136487
3549,495.9201596751431
3550,495.94826502892136
3551,495.9763703826997
3552,496.004475736478
3553,496.03258109025626
3554,496.0606864440345
3555,496.0887917978128
3556,496.1168971515911
3557,496.14500250536935
3558,496.17310785914765
3559,496.20121321292595
3560,496.22931856670425
3561,496.2574239204825
3562,496.28552927426074
3563,496.31363462803904
3564,496.3417399818174
3565,496.36984533559564
3566,496.3979506893739
3567,496.4260560431522
3568,496.4541613969305
3569,496.48226675070873
3570,496.510372104487
3571,496.53847745826533
3572,496.56658281204363
3573,496.5946881658219
3574,496.6227935196001
3575,496.6508988733784
3576,496.6790042271567
3577,496.707109580935
3578,496.73521493471327
3579,496.76332028849157
3580,496.79142564226987
3581,496.8195309960481
3582,496.84763634982636
3583,496.87574170360466
3584,496.903847057383
3585,496.93195241116126
3586,496.9600577649395
3587,496.9881631187178
3588,497.0162684724961
3589,497.04437382627435
3590,497.07247918005265
3591,497.10058453383095
3592,497.12868988760926
3593,497.1567952413875
3594,497.18490059516574
3595,497.21300594894404
3596,497.2411113027224
3597,497.26921665650065
3598,497.2973220102789
3599,497.3254273640572
3600,497.3535327178355
3601,497.38163807161374
3602,497.409743425392
3603,497.43784877917034
3604,497.46595413294864
3605,497.4940594867269
3606,497.5221648405051
3607,497.5502701942834
3608,497.57837554806173
3609,497.60648090184
3610,497.6345862556183
3611,497.6626916093966
3612,497.6907969631749
3613,497.7189023169531
3614,497.74700767073136
3615,497.77511302450966
3616,497.803218378288
3617,497.83132373206627
3618,497.8594290858445
3619,497.8875344396228
3620,497.9156397934011
3621,497.94374514717936
3622,497.9718505009576
3623,497.99995585473596
3624,498.02806120851426
3625,498.0561665622925
3626,498.08427191607075
3627,498.11237726984905
3628,498.14048262362735
3629,498.16858797740565
3630,498.1966933311839
3631,498.2247986849622
3632,498.2529040387405
3633,498.28100939251874
3634,498.309114746297
3635,498.3372201000753
3636,498.36532545385364
3637,498.3934308076319
3638,498.42153616141013
3639,498.44964151518843
3640,498.47774686896673
3641,498.505852222745
3642,498.5339575765233
3643,498.5620629303016
3644,498.5901682840799
3645,498.6182736378581
3646,498.64637899163637
3647,498.67448434541467
3648,498.702589699193
3649,498.73069505297127
3650,498.7588004067495
3651,498.7869057605278
3652,498.8150111143061
3653,498.84311646808436
3654,498.8712218218626
3655,498.89932717564096
3656,498.92743252941926
3657,498.9555378831975
3658,498.98364323697575
3659,499.01174859075405
3660,499.03985394453235
3661,499.0679592983106
3662,499.0960646520889
3663,499.1241700058672
3664,499.1522753596455
3665,499.18038071342374
3666,499.208486067202
3667,499.2365914209803
3668,499.26469677475865
3669,499.2928021285369
3670,499.32090748231514
3671,499.34901283609344
3672,499.37711818987174
3673,499.40522354365
3674,499.4333288974282
3675,499.4614342512066
3676,499.4895396049849
3677,499.5176449587631
3678,499.5457503125414
3679,499.5738556663197
3680,499.601961020098
3681,499.6300663738763
3682,499.6581717276545
3683,499.6862770814328
3684,499.7143824352111
3685,499.74248778898937
3686,499.7705931427676
3687,499.7986984965459
3688,499.82680385032427
3689,499.8549092041025
3690,499.88301455788076
3691,499.91111991165906
3692,499.93922526543736
3693,499.9673306192156
3694,499.9954359729939
3695,500.0235413267722
3696,500.0516466805505
3697,500.07975203432875
3698,500.107857388107
3699,500.1359627418853
3700,500.16406809566365
3701,500.1921734494419
3702,500.22027880322014
3703,500.24838415699844
3704,500.27648951077674
3705,500.304594864555
3706,500.33270021833323
3707,500.3608055721116
3708,500.3889109258899
3709,500.41701627966813
3710,500.4451216334464
3711,500.4732269872247
3712,500.501332341003
3713,500.5294376947812
3714,500.5575430485595
3715,500.5856484023378
3716,500.6137537561161
3717,500.64185910989437
3718,500.6699644636726
3719,500.6980698174509
3720,500.7261751712293
3721,500.7542805250075
3722,500.78238587878576
3723,500.81049123256406
3724,500.83859658634236
3725,500.8667019401206
3726,500.89480729389885
3727,500.9229126476772
3728,500.9510180014555
3729,500.97912335523375
3730,501.007228709012
3731,501.0353340627903
3732,501.0634394165686
3733,501.0915447703469
3734,501.11965012412514
3735,501.14775547790344
3736,501.17586083168175
3737,501.20396618546
3738,501.23207153923823
3739,501.26017689301653
3740,501.2882822467949
3741,501.31638760057314
3742,501.3444929543514
3743,501.3725983081297
3744,501.400703661908
3745,501.4288090156862
3746,501.4569143694645
3747,501.48501972324283
3748,501.51312507702113
3749,501.5412304307994
3750,501.5693357845776
3751,501.5974411383559
3752,501.6255464921343
3753,501.6536518459125
3754,501.68175719969076
3755,501.70986255346907
3756,501.73796790724737
3757,501.7660732610256
3758,501.79417861480385
3759,501.8222839685822
3760,501.8503893223605
3761,501.87849467613876
3762,501.906600029917
3763,501.9347053836953
3764,501.9628107374736
3765,501.99091609125185
3766,502.01902144503015
3767,502.04712679880845
3768,502.07523215258675
3769,502.103337506365
3770,502.13144286014324
3771,502.15954821392154
3772,502.1876535676999
3773,502.21575892147814
3774,502.2438642752564
3775,502.2719696290347
3776,502.300074982813
3777,502.32818033659123
3778,502.3562856903695
3779,502.38439104414783
3780,502.41249639792613
3781,502.4406017517044
3782,502.4687071054826
3783,502.4968124592609
3784,502.5249178130392
3785,502.5530231668175
3786,502.58112852059577
3787,502.60923387437407
3788,502.63733922815237
3789,502.6654445819306
3790,502.69354993570886
3791,502.72165528948716
3792,502.7497606432655
3793,502.77786599704376
3794,502.805971350822
3795,502.8340767046003
3796,502.8621820583786
3797,502.89028741215685
3798,502.91839276593515
3799,502.94649811971345
3800,502.97460347349175
3801,503.00270882727
3802,503.03081418104824
3803,503.05891953482654
3804,503.0870248886049
3805,503.11513024238315
3806,503.1432355961614
3807,503.1713409499397
3808,503.199446303718
3809,503.22755165749624
3810,503.2556570112745
3811,503.28376236505284
3812,503.31186771883114
3813,503.3399730726094
3814,503.3680784263876
3815,503.3961837801659
3816,503.4242891339442
3817,503.4523944877225
3818,503.4804998415008
3819,503.5086051952791
3820,503.5367105490574
3821,503.5648159028356
3822,503.59292125661386
3823,503.62102661039216
3824,503.6491319641705
3825,503.67723731794877
3826,503.705342671727
3827,503.7334480255053
3828,503.7615533792836
3829,503.78965873306186
3830,503.8177640868401
3831,503.84586944061846
3832,503.87397479439676
3833,503.902080148175
3834,503.93018550195325
3835,503.95829085573155
3836,503.98639620950985
3837,504.01450156328815
3838,504.0426069170664
3839,504.0707122708447
3840,504.098817624623
3841,504.12692297840124
3842,504.1550283321795
3843,504.1831336859578
3844,504.21123903973614
3845,504.2393443935144
3846,504.26744974729263
3847,504.29555510107093
3848,504.32366045484923
3849,504.3517658086275
3850,504.3798711624058
3851,504.4079765161841
3852,504.4360818699624
3853,504.4641872237406
3854,504.49229257751887
3855,504.52039793129717
3856,504.5485032850755
3857,504.57660863885377
3858,504.604713992632
3859,504.6328193464103
3860,504.6609247001886
3861,504.68903005396686
3862,504.7171354077451
3863,504.74524076152346
3864,504.77334611530176
3865,504.80145146908
3866,504.82955682285825
3867,504.85766217663655
3868,504.88576753041485
3869,504.9138728841931
3870,504.9419782379714
3871,504.9700835917497
3872,504.998188945528
3873,505.02629429930624
3874,505.0543996530845
3875,505.0825050068628
3876,505.11061036064115
3877,505.1387157144194
3878,505.16682106819763
3879,505.19492642197594
3880,505.22303177575424
3881,505.2511371295325
3882,505.2792424833107
3883,505.3073478370891
3884,505.3354531908674
3885,505.3635585446456
3886,505.3916638984239
3887,505.4197692522022
3888,505.4478746059805
3889,505.4759799597588
3890,505.504085313537
3891,505.5321906673153
3892,505.5602960210936
3893,505.58840137487186
3894,505.6165067286501
3895,505.6446120824284
3896,505.67271743620677
3897,505.700822789985
3898,505.72892814376326
3899,505.75703349754156
3900,505.78513885131986
3901,505.8132442050981
3902,505.8413495588764
3903,505.8694549126547
3904,505.897560266433
3905,505.92566562021125
3906,505.9537709739895
3907,505.9818763277678
3908,506.00998168154615
3909,506.0380870353244
3910,506.06619238910264
3911,506.09429774288094
3912,506.12240309665924
3913,506.1505084504375
3914,506.17861380421573
3915,506.2067191579941
3916,506.2348245117724
3917,506.26292986555063
3918,506.2910352193289
3919,506.3191405731072
3920,506.3472459268855
3921,506.3753512806637
3922,506.403456634442
3923,506.4315619882203
3924,506.4596673419986
3925,506.48777269577687
3926,506.5158780495551
3927,506.5439834033334
3928,506.57208875711177
3929,506.60019411089
3930,506.62829946466826
3931,506.65640481844656
3932,506.68451017222486
3933,506.7126155260031
3934,506.74072087978135
3935,506.7688262335597
3936,506.796931587338
3937,506.82503694111625
3938,506.8531422948945
3939,506.8812476486728
3940,506.9093530024511
3941,506.9374583562294
3942,506.96556371000764
3943,506.99366906378594
3944,507.02177441756425
3945,507.0498797713425
3946,507.07798512512073
3947,507.10609047889903
3948,507.1341958326774
3949,507.16230118645564
3950,507.1904065402339
3951,507.2185118940122
3952,507.2466172477905
3953,507.2747226015687
3954,507.302827955347
3955,507.3309333091253
3956,507.35903866290363
3957,507.3871440166819
3958,507.4152493704601
3959,507.4433547242384
3960,507.4714600780168
3961,507.499565431795
3962,507.52767078557326
3963,507.55577613935156
3964,507.58388149312987
3965,507.6119868469081
3966,507.64009220068635
3967,507.6681975544647
3968,507.696302908243
3969,507.72440826202126
3970,507.7525136157995
3971,507.7806189695778
3972,507.8087243233561
3973,507.83682967713435
3974,507.86493503091265
3975,507.89304038469095
3976,507.92114573846925
3977,507.9492510922475
3978,507.97735644602574
3979,508.00546179980404
3980,508.0335671535824
3981,508.06167250736064
3982,508.0897778611389
3983,508.1178832149172
3984,508.1459885686955
3985,508.17409392247373
3986,508.202199276252
3987,508.23030463003033
3988,508.25840998380863
3989,508.2865153375869
3990,508.3146206913651
3991,508.3427260451434
3992,508.3708313989217
3993,508.3989367527
3994,508.42704210647827
3995,508.45514746025657
3996,508.48325281403487
3997,508.5113581678131
3998,508.53946352159136
3999,508.5675688753697
4000,508.595674229148
4001,508.62377958292626
4002,508.6518849367045
4003,508.6799902904828
4004,508.7080956442611
4005,508.73620099803935
4006,508.76430635181765
4007,508.79241170559595
4008,508.82051705937425
4009,508.8486224131525
4010,508.87672776693074
4011,508.90483312070904
4012,508.9329384744874
4013,508.96104382826564
4014,508.9891491820439
4015,509.0172545358222
4016,509.0453598896005
4017,509.07346524337873
4018,509.101570597157
4019,509.12967595093534
4020,509.15778130471364
4021,509.1858866584919
4022,509.2139920122701
4023,509.2420973660484
4024,509.2702027198267
4025,509.298308073605
4026,509.3264134273833
4027,509.3545187811616
4028,509.3826241349399
4029,509.4107294887181
4030,509.43883484249636
4031,509.46694019627466
4032,509.495045550053
4033,509.52315090383127
4034,509.5512562576095
4035,509.5793616113878
4036,509.6074669651661
4037,509.63557231894436
4038,509.6636776727226
4039,509.69178302650096
4040,509.71988838027926
4041,509.7479937340575
4042,509.77609908783575
4043,509.80420444161405
4044,509.83230979539235
4045,509.86041514917065
4046,509.8885205029489
4047,509.9166258567272
4048,509.9447312105055
4049,509.97283656428374
4050,510.000941918062
4051,510.02904727184034
4052,510.05715262561864
4053,510.0852579793969
4054,510.11336333317513
4055,510.14146868695343
4056,510.16957404073173
4057,510.19767939451
4058,510.2257847482883
4059,510.2538901020666
4060,510.2819954558449
4061,510.3101008096231
4062,510.33820616340137
4063,510.36631151717967
4064,510.394416870958
4065,510.42252222473627
4066,510.4506275785145
4067,510.4787329322928
4068,510.5068382860711
4069,510.53494363984936
4070,510.5630489936276
4071,510.59115434740596
4072,510.61925970118426
4073,510.6473650549625
4074,510.67547040874075
4075,510.70357576251905
4076,510.73168111629735
4077,510.75978647007565
4078,510.7878918238539
4079,510.8159971776322
4080,510.8441025314105
4081,510.87220788518874
4082,510.900313238967
4083,510.9284185927453
4084,510.95652394652365
4085,510.9846293003019
4086,511.01273465408013
4087,511.04084000785844
4088,511.06894536163674
4089,511.097050715415
4090,511.1251560691932
4091,511.1532614229716
4092,511.1813667767499
4093,511.2094721305281
4094,511.23757748430637
4095,511.2656828380847
4096,511.293788191863
4097,511.3218935456413
4098,511.3499988994195
4099,511.3781042531978
4100,511.4062096069761
4101,511.43431496075436
4102,511.4624203145326
4103,511.49052566831097
4104,511.51863102208927
4105,511.5467363758675
4106,511.57484172964575
4107,511.60294708342406
4108,511.63105243720236
4109,511.6591577909806
4110,511.6872631447589
4111,511.7153684985372
4112,511.7434738523155
4113,511.77157920609375
4114,511.799684559872
4115,511.8277899136503
4116,511.85589526742865
4117,511.8840006212069
4118,511.91210597498514
4119,511.94021132876344
4120,511.96831668254174
4121,511.99642203632
4122,512.0245273900982
4123,512.0526327438765
4124,512.0807380976548
4125,512.1088434514331
4126,512.1369488052113
4127,512.1650541589897
4128,512.193159512768
4129,512.2212648665462
4130,512.2493702203245
4131,512.2774755741028
4132,512.3055809278811
4133,512.3336862816594
4134,512.3617916354376
4135,512.3898969892159
4136,512.4180023429942
4137,512.4461076967725
4138,512.4742130505507
4139,512.5023184043291
4140,512.5304237581074
4141,512.5585291118856
4142,512.5866344656639
4143,512.6147398194422
4144,512.6428451732205
4145,512.6709505269987
4146,512.699055880777
4147,512.7271612345553
4148,512.7552665883336
4149,512.7833719421119
4150,512.8114772958901
4151,512.8395826496684
4152,512.8676880034468
4153,512.895793357225
4154,512.9238987110033
4155,512.9520040647816
4156,512.9801094185599
4157,513.0082147723381
4158,513.0363201261164
4159,513.0644254798947
4160,513.092530833673
4161,513.1206361874513
4162,513.1487415412295
4163,513.1768468950078
4164,513.2049522487861
4165,513.2330576025644
4166,513.2611629563427
4167,513.289268310121
4168,513.3173736638993
4169,513.3454790176775
4170,513.3735843714558
4171,513.4016897252341
4172,513.4297950790124
4173,513.4579004327907
4174,513.4860057865689
4175,513.5141111403472
4176,513.5422164941255
4177,513.5703218479038
4178,513.598427201682
4179,513.6265325554604
4180,513.6546379092387
4181,513.6827432630168
4182,513.7108486167951
4183,513.7389539705734
4184,513.7670593243517
4185,513.79516467813
4186,513.8232700319082
4187,513.8513753856865
4188,513.8794807394648
4189,513.9075860932431
4190,513.9356914470213
4191,513.9637968007997
4192,513.991902154578
4193,514.0200075083562
4194,514.0481128621345
4195,514.0762182159128
4196,514.1043235696911
4197,514.1324289234693
4198,514.1605342772476
4199,514.1886396310259
4200,514.2167449848042
4201,514.2448503385825
4202,514.2729556923607
4203,514.301061046139
4204,514.3291663999174
4205,514.3572717536956
4206,514.3853771074739
4207,514.4134824612522
4208,514.4415878150305
4209,514.4696931688087
4210,514.497798522587
4211,514.5259038763653
4212,514.5540092301436
4213,514.5821145839219
4214,514.6102199377001
4215,514.6383252914784
4216,514.6664306452567
4217,514.694535999035
4218,514.7226413528133
4219,514.7507467065916
4220,514.7788520603699
4221,514.8069574141481
4222,514.8350627679264
4223,514.8631681217047
4224,514.891273475483
4225,514.9193788292613
4226,514.9474841830395
4227,514.9755895368178
4228,515.0036948905961
4229,515.0318002443744
4230,515.0599055981527
4231,515.088010951931
4232,515.1161163057093
4233,515.1442216594875
4234,515.1723270132658
4235,515.2004323670441
4236,515.2285377208224
4237,515.2566430746007
4238,515.2847484283789
4239,515.3128537821572
4240,515.3409591359355
4241,515.3690644897138
4242,515.397169843492
4243,515.4252751972704
4244,515.4533805510487
4245,515.4814859048269
4246,515.5095912586052
4247,515.5376966123835
4248,515.5658019661618
4249,515.59390731994
4250,515.6220126737182
4251,515.6501180274965
4252,515.6782233812748
4253,515.7063287350531
4254,515.7344340888313
4255,515.7625394426096
4256,515.790644796388
4257,515.8187501501662
4258,515.8468555039445
4259,515.8749608577228
4260,515.9030662115011
4261,515.9311715652793
4262,515.9592769190576
4263,515.9873822728359
4264,516.0154876266142
4265,516.0435929803925
4266,516.0716983341707
4267,516.099803687949
4268,516.1279090417273
4269,516.1560143955056
4270,516.1841197492839
4271,516.2122251030622
4272,516.2403304568405
4273,516.2684358106187
4274,516.296541164397
4275,516.3246465181753
4276,516.3527518719536
4277,516.3808572257319
4278,516.4089625795101
4279,516.4370679332884
4280,516.4651732870667
4281,516.493278640845
4282,516.5213839946233
4283,516.5494893484016
4284,516.5775947021799
4285,516.6057000559581
4286,516.6338054097364
4287,516.6619107635147
4288,516.690016117293
4289,516.7181214710713
4290,516.7462268248495
4291,516.7743321786278
4292,516.8024375324061
4293,516.8305428861844
4294,516.8586482399626
4295,516.886753593741
4296,516.9148589475193
4297,516.9429643012975
4298,516.9710696550758
4299,516.9991750088541
4300,517.0272803626324
4301,517.0553857164106
4302,517.0834910701889
4303,517.1115964239672
4304,517.1397017777455
4305,517.1678071315238
4306,517.195912485302
4307,517.2240178390803
4308,517.2521231928587
4309,517.2802285466369
4310,517.3083339004152
4311,517.3364392541935
4312,517.3645446079718
4313,517.39264996175
4314,517.4207553155283
4315,517.4488606693066
4316,517.4769660230849
4317,517.5050713768632
4318,517.5331767306413
4319,517.5612820844196
4320,517.589387438198
4321,517.6174927919762
4322,517.6455981457545
4323,517.6737034995328
4324,517.7018088533111
4325,517.7299142070893
4326,517.7580195608676
4327,517.7861249146459
4328,517.8142302684242
4329,517.8423356222025
4330,517.8704409759807
4331,517.898546329759
4332,517.9266516835373
4333,517.9547570373156
4334,517.9828623910939
4335,518.0109677448722
4336,518.0390730986505
4337,518.0671784524287
4338,518.095283806207
4339,518.1233891599853
4340,518.1514945137636
4341,518.1795998675419
4342,518.2077052213201
4343,518.2358105750984
4344,518.2639159288767
4345,518.292021282655
4346,518.3201266364332
4347,518.3482319902116
4348,518.3763373439899
4349,518.4044426977681
4350,518.4325480515464
4351,518.4606534053247
4352,518.488758759103
4353,518.5168641128812
4354,518.5449694666595
4355,518.5730748204378
4356,518.6011801742161
4357,518.6292855279944
4358,518.6573908817726
4359,518.6854962355509
4360,518.7136015893293
4361,518.7417069431075
4362,518.7698122968858
4363,518.7979176506641
4364,518.8260230044424
4365,518.8541283582206
4366,518.8822337119989
4367,518.9103390657772
4368,518.9384444195555
4369,518.9665497733338
4370,518.994655127112
4371,519.0227604808903
4372,519.0508658346686
4373,519.0789711884469
4374,519.1070765422252
4375,519.1351818960035
4376,519.1632872497818
4377,519.19139260356
4378,519.2194979573383
4379,519.2476033111166
4380,519.2757086648949
4381,519.3038140186732
4382,519.3319193724514
4383,519.3600247262297
4384,519.388130080008
4385,519.4162354337863
4386,519.4443407875646
4387,519.4724461413429
4388,519.5005514951212
4389,519.5286568488993
4390,519.5567622026776
4391,519.584867556456
4392,519.6129729102342
4393,519.6410782640125
4394,519.6691836177907
4395,519.697288971569
4396,519.7253943253473
4397,519.7534996791256
4398,519.7816050329038
4399,519.8097103866822
4400,519.8378157404605
4401,519.8659210942387
4402,519.894026448017
4403,519.9221318017953
4404,519.9502371555736
4405,519.9783425093518
4406,520.0064478631301
4407,520.0345532169084
4408,520.0626585706867
4409,520.090763924465
4410,520.1188692782432
4411,520.1469746320215
4412,520.1750799857999
4413,520.2031853395781
4414,520.2312906933564
4415,520.2593960471347
4416,520.287501400913
4417,520.3156067546912
4418,520.3437121084695
4419,520.3718174622478
4420,520.3999228160261
4421,520.4280281698044
4422,520.4561335235826
4423,520.4842388773609
4424,520.5123442311392
4425,520.5404495849175
4426,520.5685549386958
4427,520.5966602924741
4428,520.6247656462524
4429,520.6528710000306
4430,520.6809763538089
4431,520.7090817075872
4432,520.7371870613655
4433,520.7652924151438
4434,520.793397768922
4435,520.8215031227003
4436,520.8496084764786
4437,520.8777138302569
4438,520.9058191840352
4439,520.9339245378135
4440,520.9620298915918
4441,520.99013524537
4442,521.0182405991483
4443,521.0463459529266
4444,521.0744513067049
4445,521.1025566604832
4446,521.1306620142614
4447,521.1587673680397
4448,521.186872721818
4449,521.2149780755963
4450,521.2430834293745
4451,521.2711887831529
4452,521.2992941369312
4453,521.3273994907094
4454,521.3555048444877
4455,521.383610198266
4456,521.4117155520443
4457,521.4398209058224
4458,521.4679262596007
4459,521.496031613379
4460,521.5241369671573
4461,521.5522423209356
4462,521.5803476747138
4463,521.6084530284921
4464,521.6365583822706
4465,521.6646637360487
4466,521.692769089827
4467,521.7208744436053
4468,521.7489797973836
4469,521.7770851511618
4470,521.8051905049401
4471,521.8332958587184
4472,521.8614012124967
4473,521.889506566275
4474,521.9176119200532
4475,521.9457172738315
4476,521.9738226276098
4477,522.0019279813881
4478,522.0300333351664
4479,522.0581386889447
4480,522.086244042723
4481,522.1143493965012
4482,522.1424547502795
4483,522.1705601040578
4484,522.1986654578361
4485,522.2267708116144
4486,522.2548761653926
4487,522.2829815191709
4488,522.3110868729492
4489,522.3391922267275
4490,522.3672975805058
4491,522.3954029342841
4492,522.4235082880624
4493,522.4516136418406
4494,522.4797189956189
4495,522.5078243493972
4496,522.5359297031755
4497,522.5640350569538
4498,522.592140410732
4499,522.6202457645103
4500,522.6483511182886
4501,522.6764564720669
4502,522.7045618258451
4503,522.7326671796235
4504,522.7607725334018
4505,522.78887788718
4506,522.8169832409583
4507,522.8450885947366
4508,522.8731939485149
4509,522.9012993022931
4510,522.9294046560714
4511,522.9575100098497
4512,522.985615363628
4513,523.0137207174063
4514,523.0418260711845
4515,523.0699314249628
4516,523.0980367787412
4517,523.1261421325194
4518,523.1542474862977
4519,523.182352840076
4520,523.2104581938543
4521,523.2385635476325
4522,523.2666689014108
4523,523.294774255189
4524,523.3228796089674
4525,523.3509849627457
4526,523.3790903165238
4527,523.4071956703021
4528,523.4353010240804
4529,523.4634063778587
4530,523.491511731637
4531,523.5196170854153
4532,523.5477224391936
4533,523.5758277929718
4534,523.6039331467501
4535,523.6320385005284
4536,523.6601438543067
4537,523.688249208085
4538,523.7163545618632
4539,523.7444599156415
4540,523.7725652694198
4541,523.8006706231981
4542,523.8287759769764
4543,523.8568813307547
4544,523.884986684533
4545,523.9130920383112
4546,523.9411973920895
4547,523.9693027458678
4548,523.9974080996461
4549,524.0255134534244
4550,524.0536188072026
4551,524.0817241609809
4552,524.1098295147592
4553,524.1379348685375
4554,524.1660402223157
4555,524.1941455760941
4556,524.2222509298724
4557,524.2503562836506
4558,524.2784616374289
4559,524.3065669912072
4560,524.3346723449855
4561,524.3627776987637
4562,524.390883052542
4563,524.4189884063203
4564,524.4470937600986
4565,524.4751991138769
4566,524.5033044676551
4567,524.5314098214334
4568,524.5595151752118
4569,524.58762052899
4570,524.6157258827683
4571,524.6438312365466
4572,524.6719365903249
4573,524.7000419441031
4574,524.7281472978814
4575,524.7562526516597
4576,524.784358005438
4577,524.8124633592163
4578,524.8405687129945
4579,524.8686740667728
4580,524.8967794205511
4581,524.9248847743294
4582,524.9529901281077
4583,524.981095481886
4584,525.0092008356643
4585,525.0373061894425
4586,525.0654115432208
4587,525.0935168969991
4588,525.1216222507774
4589,525.1497276045557
4590,525.1778329583339
4591,525.2059383121122
4592,525.2340436658905
4593,525.2621490196688
4594,525.290254373447
4595,525.3183597272254
4596,525.3464650810037
4597,525.3745704347818
4598,525.4026757885601
4599,525.4307811423384
4600,525.4588864961167
4601,525.486991849895
4602,525.5150972036732
4603,525.5432025574515
4604,525.5713079112298
4605,525.5994132650081
4606,525.6275186187863
4607,525.6556239725647
4608,525.683729326343
4609,525.7118346801212
4610,525.7399400338995
4611,525.7680453876778
4612,525.7961507414561
4613,525.8242560952343
4614,525.8523614490126
4615,525.8804668027909
4616,525.9085721565692
4617,525.9366775103475
4618,525.9647828641257
4619,525.992888217904
4620,526.0209935716824
4621,526.0490989254606
4622,526.0772042792389
4623,526.1053096330172
4624,526.1334149867955
4625,526.1615203405737
4626,526.189625694352
4627,526.2177310481303
4628,526.2458364019086
4629,526.2739417556869
4630,526.3020471094651
4631,526.3301524632434
4632,526.3582578170217
4633,526.3863631708
4634,526.4144685245783
4635,526.4425738783566
4636,526.4706792321349
4637,526.4987845859131
4638,526.5268899396914
4639,526.5549952934697
4640,526.583100647248
4641,526.6112060010263
4642,526.6393113548045
4643,526.6674167085828
4644,526.6955220623611
4645,526.7236274161394
4646,526.7517327699177
4647,526.779838123696
4648,526.8079434774743
4649,526.8360488312525
4650,526.8641541850308
4651,526.8922595388091
4652,526.9203648925874
4653,526.9484702463657
4654,526.9765756001439
4655,527.0046809539222
4656,527.0327863077005
4657,527.0608916614788
4658,527.088997015257
4659,527.1171023690354
4660,527.1452077228137
4661,527.1733130765919
4662,527.2014184303702
4663,527.2295237841485
4664,527.2576291379268
4665,527.285734491705
4666,527.3138398454832
4667,527.3419451992615
4668,527.3700505530398
4669,527.3981559068181
4670,527.4262612605963
4671,527.4543666143746
4672,527.482471968153
4673,527.5105773219312
4674,527.5386826757095
4675,527.5667880294878
4676,527.5948933832661
4677,527.6229987370443
4678,527.6511040908226
4679,527.6792094446009
4680,527.7073147983792
4681,527.7354201521575
4682,527.7635255059357
4683,527.791630859714
4684,527.8197362134923
4685,527.8478415672706
4686,527.8759469210489
4687,527.9040522748272
4688,527.9321576286055
4689,527.9602629823837
4690,527.988368336162
4691,528.0164736899403
4692,528.0445790437186
4693,528.0726843974969
4694,528.1007897512751
4695,528.1288951050534
4696,528.1570004588317
4697,528.18510581261
4698,528.2132111663883
4699,528.2413165201666
4700,528.2694218739449
4701,528.2975272277231
4702,528.3256325815014
4703,528.3537379352797
4704,528.381843289058
4705,528.4099486428363
4706,528.4380539966145
4707,528.4661593503928
4708,528.4942647041711
4709,528.5223700579494
4710,528.5504754117276
4711,528.578580765506
4712,528.6066861192843
4713,528.6347914730625
4714,528.6628968268408
4715,528.6910021806191
4716,528.7191075343974
4717,528.7472128881757
4718,528.7753182419539
4719,528.8034235957322
4720,528.8315289495105
4721,528.8596343032888
4722,528.887739657067
4723,528.9158450108453
4724,528.9439503646237
4725,528.9720557184019
4726,529.0001610721802
4727,529.0282664259585
4728,529.0563717797368
4729,529.084477133515
4730,529.1125824872933
4731,529.1406878410716
4732,529.1687931948499
4733,529.1968985486282
4734,529.2250039024063
4735,529.2531092561846
4736,529.281214609963
4737,529.3093199637412
4738,529.3374253175195
4739,529.3655306712978
4740,529.3936360250761
4741,529.4217413788543
4742,529.4498467326326
4743,529.4779520864109
4744,529.5060574401892
4745,529.5341627939675
4746,529.5622681477457
4747,529.590373501524
4748,529.6184788553023
4749,529.6465842090806
4750,529.6746895628589
4751,529.7027949166372
4752,529.7309002704155
4753,529.7590056241937
4754,529.787110977972
4755,529.8152163317503
4756,529.8433216855286
4757,529.8714270393069
4758,529.8995323930851
4759,529.9276377468634
4760,529.9557431006417
4761,529.98384845442
4762,530.0119538081982
4763,530.0400591619766
4764,530.0681645157549
4765,530.0962698695331
4766,530.1243752233114
4767,530.1524805770897
4768,530.180585930868
4769,530.2086912846463
4770,530.2367966384245
4771,530.2649019922028
4772,530.2930073459811
4773,530.3211126997594
4774,530.3492180535376
4775,530.3773234073159
4776,530.4054287610943
4777,530.4335341148725
4778,530.4616394686508
4779,530.4897448224291
4780,530.5178501762074
4781,530.5459555299856
4782,530.5740608837639
4783,530.6021662375422
4784,530.6302715913205
4785,530.6583769450988
4786,530.686482298877
4787,530.7145876526553
4788,530.7426930064336
4789,530.7707983602119
4790,530.7989037139902
4791,530.8270090677685
4792,530.8551144215468
4793,530.883219775325
4794,530.9113251291033
4795,530.9394304828816
4796,530.9675358366599
4797,530.9956411904382
4798,531.0237465442164
4799,531.0518518979947
4800,531.079957251773
4801,531.1080626055513
4802,531.1361679593296
4803,531.1642733131079
4804,531.1923786668862
4805,531.2204840206643
4806,531.2485893744426
4807,531.276694728221
4808,531.3048000819992
4809,531.3329054357775
4810,531.3610107895557
4811,531.389116143334
4812,531.4172214971123
4813,531.4453268508906
4814,531.4734322046688
4815,531.5015375584472
4816,531.5296429122255
4817,531.5577482660037
4818,531.585853619782
4819,531.6139589735603
4820,531.6420643273386
4821,531.6701696811169
4822,531.6982750348951
4823,531.7263803886734
4824,531.7544857424517
4825,531.78259109623
4826,531.8106964500082
4827,531.8388018037865
4828,531.8669071575649
4829,531.8950125113431
4830,531.9231178651214
4831,531.9512232188997
4832,531.979328572678
4833,532.0074339264562
4834,532.0355392802345
4835,532.0636446340128
4836,532.0917499877911
4837,532.1198553415694
4838,532.1479606953476
4839,532.1760660491259
4840,532.2041714029042
4841,532.2322767566825
4842,532.2603821104608
4843,532.2884874642391
4844,532.3165928180174
4845,532.3446981717956
4846,532.3728035255739
4847,532.4009088793522
4848,532.4290142331305
4849,532.4571195869088
4850,532.485224940687
4851,532.5133302944653
4852,532.5414356482436
4853,532.5695410020219
4854,532.5976463558002
4855,532.6257517095785
4856,532.6538570633568
4857,532.681962417135
4858,532.7100677709133
4859,532.7381731246916
4860,532.7662784784699
4861,532.7943838322482
4862,532.8224891860264
4863,532.8505945398047
4864,532.878699893583
4865,532.9068052473613
4866,532.9349106011394
4867,532.9630159549179
4868,532.9911213086962
4869,533.0192266624744
4870,533.0473320162527
4871,533.075437370031
4872,533.1035427238093
4873,533.1316480775876
4874,533.1597534313657
4875,533.187858785144
4876,533.2159641389223
4877,533.2440694927006
4878,533.2721748464788
4879,533.3002802002571
4880,533.3283855540355
4881,533.3564909078137
4882,533.384596261592
4883,533.4127016153703
4884,533.4408069691486
4885,533.4689123229268
4886,533.4970176767051
4887,533.5251230304834
4888,533.5532283842617
4889,533.58133373804
4890,533.6094390918182
4891,533.6375444455965
4892,533.6656497993748
4893,533.6937551531531
4894,533.7218605069314
4895,533.7499658607097
4896,533.778071214488
4897,533.8061765682662
4898,533.8342819220445
4899,533.8623872758228
4900,533.8904926296011
4901,533.9185979833794
4902,533.9467033371576
4903,533.9748086909359
4904,534.0029140447142
4905,534.0310193984925
4906,534.0591247522708
4907,534.0872301060491
4908,534.1153354598274
4909,534.1434408136056
4910,534.1715461673839
4911,534.1996515211622
4912,534.2277568749405
4913,534.2558622287188
4914,534.283967582497
4915,534.3120729362753
4916,534.3401782900536
4917,534.3682836438319
4918,534.3963889976101
4919,534.4244943513885
4920,534.4525997051668
4921,534.480705058945
4922,534.5088104127233
4923,534.5369157665016
4924,534.5650211202799
4925,534.5931264740582
4926,534.6212318278364
4927,534.6493371816147
4928,534.677442535393
4929,534.7055478891713
4930,534.7336532429495
4931,534.7617585967278
4932,534.7898639505062
4933,534.8179693042844
4934,534.8460746580627
4935,534.874180011841
4936,534.9022853656193
4937,534.9303907193975
4938,534.9584960731758
4939,534.986601426954
4940,535.0147067807324
4941,535.0428121345107
4942,535.0709174882888
4943,535.0990228420671
4944,535.1271281958454
4945,535.1552335496237
4946,535.183338903402
4947,535.2114442571803
4948,535.2395496109586
4949,535.2676549647368
4950,535.2957603185151
4951,535.3238656722934
4952,535.3519710260717
4953,535.38007637985
4954,535.4081817336282
4955,535.4362870874065
4956,535.4643924411848
4957,535.4924977949631
4958,535.5206031487414
4959,535.5487085025197
4960,535.576813856298
4961,535.6049192100762
4962,535.6330245638545
4963,535.6611299176328
4964,535.6892352714111
4965,535.7173406251894
4966,535.7454459789676
4967,535.7735513327459
4968,535.8016566865242
4969,535.8297620403025
4970,535.8578673940807
4971,535.8859727478591
4972,535.9140781016374
4973,535.9421834554156
4974,535.9702888091939
4975,535.9983941629722
4976,536.0264995167505
4977,536.0546048705288
4978,536.082710224307
4979,536.1108155780853
4980,536.1389209318636
4981,536.1670262856419
4982,536.1951316394201
4983,536.2232369931984
4984,536.2513423469768
4985,536.279447700755
4986,536.3075530545333
4987,536.3356584083116
4988,536.3637637620899
4989,536.3918691158681
4990,536.4199744696464
4991,536.4480798234247
4992,536.476185177203
4993,536.5042905309813
4994,536.5323958847595
4995,536.5605012385378
4996,536.5886065923161
4997,536.6167119460944
4998,536.6448172998727
4999,536.672922653651
5000,536.7010280074293
5001,536.7291333612075
5002,536.7572387149858
5003,536.7853440687641
5004,536.8134494225424
5005,536.8415547763207
5006,536.8696601300989
5007,536.8977654838772
5008,536.9258708376555
5009,536.9539761914338
5010,536.982081545212
5011,537.0101868989904
5012,537.0382922527687
5013,537.0663976065468
5014,537.0945029603251
5015,537.1226083141034
5016,537.1507136678817
5017,537.17881902166
5018,537.2069243754382
5019,537.2350297292165
5020,537.2631350829948
5021,537.2912404367731
5022,537.3193457905513
5023,537.3474511443297
5024,537.375556498108
5025,537.4036618518862
5026,537.4317672056645
5027,537.4598725594428
5028,537.4879779132211
5029,537.5160832669994
5030,537.5441886207776
5031,537.5722939745559
5032,537.6003993283342
5033,537.6285046821125
5034,537.6566100358907
5035,537.684715389669
5036,537.7128207434474
5037,537.7409260972256
5038,537.7690314510039
5039,537.7971368047822
5040,537.8252421585605
5041,537.8533475123387
5042,537.881452866117
5043,537.9095582198953
5044,537.9376635736736
5045,537.9657689274519
5046,537.9938742812301
5047,538.0219796350084
5048,538.0500849887867
5049,538.078190342565
5050,538.1062956963433
5051,538.1344010501216
5052,538.1625064038999
5053,538.1906117576781
5054,538.2187171114564
5055,538.2468224652347
5056,538.274927819013
5057,538.3030331727913
5058,538.3311385265695
5059,538.3592438803478
5060,538.3873492341261
5061,538.4154545879044
5062,538.4435599416827
5063,538.471665295461
5064,538.4997706492393
5065,538.5278760030175
5066,538.5559813567958
5067,538.5840867105741
5068,538.6121920643524
5069,538.6402974181307
5070,538.6684027719089
5071,538.6965081256872
5072,538.7246134794655
5073,538.7527188332438
5074,538.780824187022
5075,538.8089295408004
5076,538.8370348945787
5077,538.8651402483569
5078,538.8932456021352
5079,538.9213509559135
5080,538.9494563096918
5081,538.97756166347
5082,539.0056670172482
5083,539.0337723710265
5084,539.0618777248048
5085,539.0899830785831
5086,539.1180884323613
5087,539.1461937861396
5088,539.174299139918
5089,539.2024044936962
5090,539.2305098474745
5091,539.2586152012528
5092,539.2867205550311
5093,539.3148259088093
5094,539.3429312625876
5095,539.3710366163659
5096,539.3991419701442
5097,539.4272473239225
5098,539.4553526777007
5099,539.483458031479
5100,539.5115633852573
5101,539.5396687390356
5102,539.5677740928139
5103,539.5958794465922
5104,539.6239848003705
5105,539.6520901541487
5106,539.680195507927
5107,539.7083008617053
5108,539.7364062154836
5109,539.7645115692619
5110,539.7926169230401
5111,539.8207222768184
5112,539.8488276305967
5113,539.876932984375
5114,539.9050383381533
5115,539.9331436919316
5116,539.9612490457099
5117,539.9893543994881
5118,540.0174597532664
5119,540.0455651070447
5120,540.073670460823
5121,540.1017758146013
5122,540.1298811683795
5123,540.1579865221578
5124,540.1860918759361
5125,540.2141972297144
5126,540.2423025834926
5127,540.270407937271
5128,540.2985132910493
5129,540.3266186448275
5130,540.3547239986058
5131,540.3828293523841
5132,540.4109347061624
5133,540.4390400599407
5134,540.4671454137189
5135,540.4952507674972
5136,540.5233561212755
5137,540.5514614750538
5138,540.579566828832
5139,540.6076721826103
5140,540.6357775363887
5141,540.6638828901669
5142,540.6919882439452
5143,540.7200935977235
5144,540.7481989515018
5145,540.77630430528
5146,540.8044096590583
5147,540.8325150128366
5148,540.8606203666149
5149,540.8887257203932
5150,540.9168310741713
5151,540.9449364279496
5152,540.973041781728
5153,541.0011471355062
5154,541.0292524892845
5155,541.0573578430628
5156,541.0854631968411
5157,541.1135685506193
5158,541.1416739043976
5159,541.1697792581759
5160,541.1978846119542
5161,541.2259899657325
5162,541.2540953195107
5163,541.282200673289
5164,541.3103060270673
5165,541.3384113808456
5166,541.3665167346239
5167,541.3946220884022
5168,541.4227274421805
5169,541.4508327959587
5170,541.478938149737
5171,541.5070435035153
5172,541.5351488572936
5173,541.5632542110719
5174,541.5913595648501
5175,541.6194649186284
5176,541.6475702724067
5177,541.675675626185
5178,541.7037809799632
5179,541.7318863337416
5180,541.7599916875199
5181,541.7880970412981
5182,541.8162023950764
5183,541.8443077488547
5184,541.872413102633
5185,541.9005184564113
5186,541.9286238101895
5187,541.9567291639678
5188,541.9848345177461
5189,542.0129398715244
5190,542.0410452253026
5191,542.0691505790809
5192,542.0972559328593
5193,542.1253612866375
5194,542.1534666404158
5195,542.1815719941941
5196,542.2096773479724
5197,542.2377827017506
5198,542.2658880555289
5199,542.2939934093072
5200,542.3220987630855
5201,542.3502041168638
5202,542.378309470642
5203,542.4064148244203
5204,542.4345201781987
5205,542.4626255319769
5206,542.4907308857552
5207,542.5188362395335
5208,542.5469415933118
5209,542.57504694709
5210,542.6031523008683
5211,542.6312576546466
5212,542.6593630084249
5213,542.6874683622032
5214,542.7155737159813
5215,542.7436790697597
5216,542.771784423538
5217,542.7998897773163
5218,542.8279951310946
5219,542.8561004848729
5220,542.8842058386512
5221,542.9123111924293
5222,542.9404165462076
5223,542.968521899986
5224,542.9966272537642
5225,543.0247326075425
5226,543.0528379613207
5227,543.080943315099
5228,543.1090486688773
5229,543.1371540226556
5230,543.1652593764338
5231,543.1933647302122
5232,543.2214700839905
5233,543.2495754377687
5234,543.277680791547
5235,543.3057861453253
5236,543.3338914991036
5237,543.3619968528819
5238,543.3901022066601
5239,543.4182075604384
5240,543.4463129142167
5241,543.474418267995
5242,543.5025236217732
5243,543.5306289755515
5244,543.5587343293299
5245,543.5868396831081
5246,543.6149450368864
5247,543.6430503906647
5248,543.671155744443
5249,543.6992610982212
5250,543.7273664519995
5251,543.7554718057778
5252,543.7835771595561
5253,543.8116825133344
5254,543.8397878671126
5255,543.8678932208909
5256,543.8959985746693
5257,543.9241039284475
5258,543.9522092822258
5259,543.9803146360041
5260,544.0084199897824
5261,544.0365253435606
5262,544.0646306973389
5263,544.0927360511172
5264,544.1208414048955
5265,544.1489467586738
5266,544.177052112452
5267,544.2051574662303
5268,544.2332628200086
5269,544.2613681737869
5270,544.2894735275652
5271,544.3175788813435
5272,544.3456842351218
5273,544.3737895889
5274,544.4018949426783
5275,544.4300002964566
5276,544.4581056502349
5277,544.4862110040132
5278,544.5143163577914
5279,544.5424217115697
5280,544.570527065348
5281,544.5986324191263
5282,544.6267377729044
5283,544.6548431266829
5284,544.6829484804612
5285,544.7110538342394
5286,544.7391591880177
5287,544.767264541796
5288,544.7953698955743
5289,544.8234752493526
5290,544.8515806031307
5291,544.879685956909
5292,544.9077913106873
5293,544.9358966644656
5294,544.9640020182438
5295,544.9921073720221
5296,545.0202127258005
5297,545.0483180795787
5298,545.076423433357
5299,545.1045287871353
5300,545.1326341409136
5301,545.1607394946918
5302,545.1888448484701
5303,545.2169502022484
5304,545.2450555560267
5305,545.273160909805
5306,545.3012662635832
5307,545.3293716173615
5308,545.3574769711399
5309,545.3855823249181
5310,545.4136876786964
5311,545.4417930324747
5312,545.469898386253
5313,545.4980037400312
5314,545.5261090938095
5315,545.5542144475878
5316,545.5823198013661
5317,545.6104251551444
5318,545.6385305089226
5319,545.6666358627009
5320,545.6947412164792
5321,545.7228465702575
5322,545.7509519240358
5323,545.7790572778141
5324,545.8071626315924
5325,545.8352679853706
5326,545.8633733391489
5327,545.8914786929272
5328,545.9195840467055
5329,545.9476894004838
5330,545.975794754262
5331,546.0039001080403
5332,546.0320054618186
5333,546.0601108155969
5334,546.0882161693751
5335,546.1163215231535
5336,546.1444268769318
5337,546.17253223071
5338,546.2006375844883
5339,546.2287429382666
5340,546.2568482920449
5341,546.2849536458232
5342,546.3130589996014
5343,546.3411643533797
5344,546.369269707158
5345,546.3973750609363
5346,546.4254804147145
5347,546.4535857684928
5348,546.4816911222712
5349,546.5097964760494
5350,546.5379018298277
5351,546.566007183606
5352,546.5941125373843
5353,546.6222178911624
5354,546.6503232449408
5355,546.678428598719
5356,546.7065339524974
5357,546.7346393062757
5358,546.7627446600538
5359,546.7908500138321
5360,546.8189553676106
5361,546.8470607213887
5362,546.875166075167
5363,546.9032714289453
5364,546.9313767827236
5365,546.9594821365018
5366,546.9875874902801
5367,547.0156928440584
5368,547.0437981978367
5369,547.071903551615
5370,547.1000089053932
5371,547.1281142591715
5372,547.1562196129498
5373,547.1843249667281
5374,547.2124303205064
5375,547.2405356742847
5376,547.268641028063
5377,547.2967463818412
5378,547.3248517356195
5379,547.3529570893978
5380,547.3810624431761
5381,547.4091677969544
5382,547.4372731507326
5383,547.4653785045109
5384,547.4934838582892
5385,547.5215892120675
5386,547.5496945658457
5387,547.5777999196241
5388,547.6059052734024
5389,547.6340106271806
5390,547.6621159809589
5391,547.6902213347372
5392,547.7183266885155
5393,547.7464320422938
5394,547.774537396072
5395,547.8026427498503
5396,547.8307481036286
5397,547.8588534574069
5398,547.8869588111851
5399,547.9150641649634
5400,547.9431695187418
5401,547.97127487252
5402,547.9993802262983
5403,548.0274855800766
5404,548.0555909338549
5405,548.0836962876331
5406,548.1118016414114
5407,548.1399069951897
5408,548.168012348968
5409,548.1961177027463
5410,548.2242230565245
5411,548.2523284103028
5412,548.2804337640812
5413,548.3085391178594
5414,548.3366444716377
5415,548.364749825416
5416,548.3928551791943
5417,548.4209605329725
5418,548.4490658867508
5419,548.4771712405291
5420,548.5052765943074
5421,548.5333819480857
5422,548.5614873018638
5423,548.5895926556422
5424,548.6176980094205
5425,548.6458033631988
5426,548.673908716977
5427,548.7020140707554
5428,548.7301194245337
5429,548.7582247783118
5430,548.7863301320901
5431,548.8144354858684
5432,548.8425408396467
5433,548.870646193425
5434,548.8987515472032
5435,548.9268569009815
5436,548.9549622547598
5437,548.9830676085381
5438,549.0111729623163
5439,549.0392783160947
5440,549.067383669873
5441,549.0954890236512
5442,549.1235943774295
5443,549.1516997312078
5444,549.1798050849861
5445,549.2079104387644
5446,549.2360157925426
5447,549.2641211463209
5448,549.2922265000992
5449,549.3203318538775
5450,549.3484372076557
5451,549.376542561434
5452,549.4046479152124
5453,549.4327532689906
5454,549.4608586227689
5455,549.4889639765472
5456,549.5170693303255
5457,549.5451746841037
5458,549.573280037882
5459,549.6013853916603
5460,549.6294907454386
5461,549.6575960992169
5462,549.6857014529951
5463,549.7138068067734
5464,549.7419121605518
5465,549.77001751433
5466,549.7981228681083
5467,549.8262282218866
5468,549.8543335756649
5469,549.8824389294431
5470,549.9105442832214
5471,549.9386496369997
5472,549.966754990778
5473,549.9948603445563
5474,550.0229656983345
5475,550.0510710521128
5476,550.0791764058911
5477,550.1072817596694
5478,550.1353871134477
5479,550.163492467226
5480,550.1915978210043
5481,550.2197031747825
5482,550.2478085285608
5483,550.2759138823391
5484,550.3040192361174
5485,550.3321245898957
5486,550.3602299436739
5487,550.3883352974522
5488,550.4164406512305
5489,550.4445460050088
5490,550.472651358787
5491,550.5007567125654
5492,550.5288620663437
5493,550.5569674201219
5494,550.5850727739002
5495,550.6131781276785
5496,550.6412834814568
5497,550.669388835235
5498,550.6974941890132
5499,550.7255995427915
5500,550.7537048965698
5501,550.7818102503481
5502,550.8099156041263
5503,550.8380209579046
5504,550.866126311683
5505,550.8942316654612
5506,550.9223370192395
5507,550.9504423730178
5508,550.9785477267961
5509,551.0066530805743
5510,551.0347584343526
5511,551.0628637881309
5512,551.0909691419092
5513,551.1190744956875
5514,551.1471798494657
5515,551.175285203244
5516,551.2033905570224
5517,551.2314959108006
5518,551.2596012645789
5519,551.2877066183572
5520,551.3158119721355
5521,551.3439173259137
5522,551.372022679692
5523,551.4001280334703
5524,551.4282333872486
5525,551.4563387410269
5526,551.4844440948051
5527,551.5125494485834
5528,551.5406548023617
5529,551.56876015614
5530,551.5968655099183
5531,551.6249708636966
5532,551.6530762174749
5533,551.6811815712531
5534,551.7092869250314
5535,551.7373922788097
5536,551.765497632588
5537,551.7936029863663
5538,551.8217083401445
5539,551.8498136939228
5540,551.8779190477011
5541,551.9060244014794
5542,551.9341297552576
5543,551.962235109036
5544,551.9903404628143
5545,552.0184458165925
5546,552.0465511703708
5547,552.0746565241491
5548,552.1027618779274
5549,552.1308672317057
5550,552.1589725854839
5551,552.1870779392622
5552,552.2151832930405
5553,552.2432886468188
5554,552.271394000597
5555,552.2994993543753
5556,552.3276047081537
5557,552.3557100619319
5558,552.3838154157102
5559,552.4119207694885
5560,552.4400261232668
5561,552.468131477045
5562,552.4962368308232
5563,552.5243421846016
5564,552.5524475383799
5565,552.5805528921582
5566,552.6086582459363
5567,552.6367635997146
5568,552.664868953493
5569,552.6929743072712
5570,552.7210796610495
5571,552.7491850148278
5572,552.7772903686061
5573,552.8053957223843
5574,552.8335010761626
5575,552.8616064299409
5576,552.8897117837192
5577,552.9178171374975
5578,552.9459224912757
5579,552.974027845054
5580,553.0021331988323
5581,553.0302385526106
5582,553.0583439063889
5583,553.0864492601672
5584,553.1145546139455
5585,553.1426599677237
5586,553.170765321502
5587,553.1988706752803
5588,553.2269760290586
5589,553.2550813828369
5590,553.2831867366151
5591,553.3112920903934
5592,553.3393974441717
5593,553.36750279795
5594,553.3956081517282
5595,553.4237135055066
5596,553.4518188592849
5597,553.4799242130631
5598,553.5080295668414
5599,553.5361349206197
5600,553.564240274398
5601,553.5923456281763
5602,553.6204509819545
5603,553.6485563357328
5604,553.6766616895111
5605,553.7047670432894
5606,553.7328723970676
5607,553.7609777508459
5608,553.7890831046243
5609,553.8171884584025
5610,553.8452938121808
5611,553.8733991659591
5612,553.9015045197374
5613,553.9296098735156
5614,553.9577152272939
5615,553.9858205810722
5616,554.0139259348505
5617,554.0420312886288
5618,554.070136642407
5619,554.0982419961853
5620,554.1263473499637
5621,554.1544527037419
5622,554.1825580575202
5623,554.2106634112985
5624,554.2387687650768
5625,554.266874118855
5626,554.2949794726333
5627,554.3230848264116
5628,554.3511901801899
5629,554.3792955339682
5630,554.4074008877463
5631,554.4355062415246
5632,554.463611595303
5633,554.4917169490813
5634,554.5198223028596
5635,554.5479276566379
5636,554.5760330104162
5637,554.6041383641943
5638,554.6322437179726
5639,554.6603490717509
5640,554.6884544255292
5641,554.7165597793075
5642,554.7446651330857
5643,554.772770486864
5644,554.8008758406423
5645,554.8289811944206
5646,554.8570865481988
5647,554.8851919019772
5648,554.9132972557555
5649,554.9414026095337
5650,554.969507963312
5651,554.9976133170903
5652,555.0257186708686
5653,555.0538240246469
5654,555.0819293784251
5655,555.1100347322034
5656,555.1381400859817
5657,555.16624543976
5658,555.1943507935382
5659,555.2224561473165
5660,555.2505615010949
5661,555.2786668548731
5662,555.3067722086514
5663,555.3348775624297
5664,555.362982916208
5665,555.3910882699862
5666,555.4191936237645
5667,555.4472989775428
5668,555.4754043313211
5669,555.5035096850994
5670,555.5316150388776
5671,555.5597203926559
5672,555.5878257464343
5673,555.6159311002125
5674,555.6440364539908
5675,555.6721418077691
5676,555.7002471615474
5677,555.7283525153256
5678,555.7564578691039
5679,555.7845632228822
5680,555.8126685766605
5681,555.8407739304388
5682,555.868879284217
5683,555.8969846379953
5684,555.9250899917736
5685,555.9531953455519
5686,555.9813006993302
5687,556.0094060531085
5688,556.0375114068868
5689,556.065616760665
5690,556.0937221144433
5691,556.1218274682216
5692,556.1499328219999
5693,556.1780381757782
5694,556.2061435295564
5695,556.2342488833347
5696,556.262354237113
5697,556.2904595908913
5698,556.3185649446694
5699,556.3466702984479
5700,556.3747756522262
5701,556.4028810060043
5702,556.4309863597827
5703,556.459091713561
5704,556.4871970673393
5705,556.5153024211176
5706,556.5434077748957
5707,556.571513128674
5708,556.5996184824523
5709,556.6277238362306
5710,556.6558291900088
5711,556.6839345437871
5712,556.7120398975655
5713,556.7401452513437
5714,556.768250605122
5715,556.7963559589003
5716,556.8244613126786
5717,556.8525666664568
5718,556.8806720202351
5719,556.9087773740134
5720,556.9368827277917
5721,556.96498808157
5722,556.9930934353482
5723,557.0211987891265
5724,557.0493041429049
5725,557.0774094966831
5726,557.1055148504614
5727,557.1336202042397
5728,557.161725558018
5729,557.1898309117962
5730,557.2179362655745
5731,557.2460416193528
5732,557.2741469731311
5733,557.3022523269094
5734,557.3303576806876
5735,557.3584630344659
5736,557.3865683882442
5737,557.4146737420225
5738,557.4427790958008
5739,557.4708844495791
5740,557.4989898033574
5741,557.5270951571356
5742,557.5552005109139
5743,557.5833058646922
5744,557.6114112184705
5745,557.6395165722488
5746,557.667621926027
5747,557.6957272798053
5748,557.7238326335836
5749,557.7519379873619
5750,557.7800433411401
5751,557.8081486949185
5752,557.8362540486968
5753,557.864359402475
5754,557.8924647562533
5755,557.9205701100316
5756,557.9486754638099
5757,557.9767808175882
5758,558.0048861713664
5759,558.0329915251447
5760,558.061096878923
5761,558.0892022327013
5762,558.1173075864795
5763,558.1454129402578
5764,558.1735182940362
5765,558.2016236478144
5766,558.2297290015927
5767,558.257834355371
5768,558.2859397091493
5769,558.3140450629274
5770,558.3421504167057
5771,558.370255770484
5772,558.3983611242624
5773,558.4264664780407
5774,558.4545718318188
5775,558.4826771855971
5776,558.5107825393756
5777,558.5388878931537
5778,558.566993246932
5779,558.5950986007103
5780,558.6232039544886
5781,558.6513093082668
5782,558.6794146620451
5783,558.7075200158234
5784,558.7356253696017
5785,558.76373072338
5786,558.7918360771582
5787,558.8199414309365
5788,558.8480467847148
5789,558.8761521384931
5790,558.9042574922714
5791,558.9323628460497
5792,558.960468199828
5793,558.9885735536062
5794,559.0166789073845
5795,559.0447842611628
5796,559.0728896149411
5797,559.1009949687194
5798,559.1291003224976
5799,559.1572056762759
5800,559.1853110300542
5801,559.2134163838325
5802,559.2415217376107
5803,559.2696270913891
5804,559.2977324451674
5805,559.3258377989456
5806,559.3539431527239
5807,559.3820485065022
5808,559.4101538602805
5809,559.4382592140588
5810,559.466364567837
5811,559.4944699216153
5812,559.5225752753936
5813,559.5506806291719
5814,559.5787859829501
5815,559.6068913367284
5816,559.6349966905068
5817,559.663102044285
5818,559.6912073980633
5819,559.7193127518416
5820,559.7474181056199
5821,559.7755234593981
5822,559.8036288131764
5823,559.8317341669547
5824,559.859839520733
5825,559.8879448745113
5826,559.9160502282895
5827,559.9441555820678
5828,559.9722609358462
5829,560.0003662896244
5830,560.0284716434027
5831,560.056576997181
5832,560.0846823509593
5833,560.1127877047375
5834,560.1408930585158
5835,560.1689984122941
5836,560.1971037660724
5837,560.2252091198507
5838,560.2533144736288
5839,560.2814198274071
5840,560.3095251811854
5841,560.3376305349638
5842,560.365735888742
5843,560.3938412425204
5844,560.4219465962987
5845,560.4500519500768
5846,560.4781573038551
5847,560.5062626576334
5848,560.5343680114117
5849,560.56247336519
5850,560.5905787189682
5851,560.6186840727465
5852,560.6467894265248
5853,560.6748947803031
5854,560.7030001340813
5855,560.7311054878597
5856,560.759210841638
5857,560.7873161954162
5858,560.8154215491945
5859,560.8435269029728
5860,560.8716322567511
5861,560.8997376105294
5862,560.9278429643076
5863,560.9559483180859
5864,560.9840536718642
5865,561.0121590256425
5866,561.0402643794207
5867,561.068369733199
5868,561.0964750869774
5869,561.1245804407556
5870,561.1526857945339
5871,561.1807911483122
5872,561.2088965020905
5873,561.2370018558687
5874,561.265107209647
5875,561.2932125634253
5876,561.3213179172036
5877,561.3494232709819
5878,561.3775286247601
5879,561.4056339785384
5880,561.4337393323168
5881,561.461844686095
5882,561.4899500398733
5883,561.5180553936516
5884,561.5461607474299
5885,561.5742661012081
5886,561.6023714549864
5887,561.6304768087647
5888,561.658582162543
5889,561.6866875163213
5890,561.7147928700995
5891,561.7428982238778
5892,561.7710035776561
5893,561.7991089314344
5894,561.8272142852127
5895,561.855319638991
5896,561.8834249927693
5897,561.9115303465475
5898,561.9396357003258
5899,561.9677410541041
5900,561.9958464078824
5901,562.0239517616607
5902,562.0520571154389
5903,562.0801624692172
5904,562.1082678229955
5905,562.1363731767738
5906,562.164478530552
5907,562.1925838843304
5908,562.2206892381087
5909,562.2487945918868
5910,562.2768999456651
5911,562.3050052994435
5912,562.3331106532218
5913,562.361216007
5914,562.3893213607782
5915,562.4174267145565
5916,562.4455320683348
5917,562.4736374221131
5918,562.5017427758913
5919,562.5298481296696
5920,562.557953483448
5921,562.5860588372262
5922,562.6141641910045
5923,562.6422695447828
5924,562.6703748985611
5925,562.6984802523393
5926,562.7265856061176
5927,562.7546909598959
5928,562.7827963136742
5929,562.8109016674525
5930,562.8390070212307
5931,562.867112375009
5932,562.8952177287874
5933,562.9233230825656
5934,562.9514284363439
5935,562.9795337901222
5936,563.0076391439005
5937,563.0357444976787
5938,563.063849851457
5939,563.0919552052352
5940,563.1200605590136
5941,563.1481659127919
5942,563.1762712665701
5943,563.2043766203485
5944,563.2324819741267
5945,563.260587327905
5946,563.2886926816833
5947,563.3167980354615
5948,563.3449033892399
5949,563.3730087430181
5950,563.4011140967964
5951,563.4292194505748
5952,563.457324804353
5953,563.4854301581313
5954,563.5135355119095
5955,563.5416408656878
5956,563.5697462194661
5957,563.5978515732444
5958,563.6259569270226
5959,563.654062280801
5960,563.6821676345793
5961,563.7102729883575
5962,563.7383783421358
5963,563.766483695914
5964,563.7945890496924
5965,563.8226944034707
5966,563.8507997572489
5967,563.8789051110273
5968,563.9070104648055
5969,563.9351158185838
5970,563.963221172362
5971,563.9913265261403
5972,564.0194318799187
5973,564.0475372336969
5974,564.0756425874752
5975,564.1037479412535
5976,564.1318532950318
5977,564.15995864881
5978,564.1880640025882
5979,564.2161693563665
5980,564.2442747101449
5981,564.2723800639232
5982,564.3004854177013
5983,564.3285907714798
5984,564.356696125258
5985,564.3848014790362
5986,564.4129068328145
5987,564.4410121865927
5988,564.4691175403711
5989,564.4972228941493
5990,564.5253282479276
5991,564.553433601706
5992,564.5815389554842
5993,564.6096443092625
5994,564.6377496630407
5995,564.665855016819
5996,564.6939603705973
5997,564.7220657243756
5998,564.7501710781539
5999,564.7782764319322
6000,564.8063817857105
6001,564.8344871394887
6002,564.862592493267
6003,564.8906978470452
6004,564.9188032008236
6005,564.9469085546019
6006,564.9750139083801
6007,565.0031192621585
6008,565.0312246159367
6009,565.059329969715
6010,565.0874353234932
6011,565.1155406772715
6012,565.1436460310499
6013,565.1717513848281
6014,565.1998567386064
6015,565.2279620923847
6016,565.256067446163
6017,565.2841727999413
6018,565.3122781537195
6019,565.3403835074978
6020,565.3684888612761
6021,565.3965942150544
6022,565.4246995688326
6023,565.452804922611
6024,565.4809102763893
6025,565.5090156301675
6026,565.5371209839458
6027,565.565226337724
6028,565.5933316915024
6029,565.6214370452806
6030,565.6495423990589
6031,565.6776477528373
6032,565.7057531066155
6033,565.7338584603938
6034,565.761963814172
6035,565.7900691679503
6036,565.8181745217287
6037,565.8462798755069
6038,565.8743852292852
6039,565.9024905830635
6040,565.9305959368418
6041,565.95870129062
6042,565.9868066443983
6043,566.0149119981764
6044,566.0430173519549
6045,566.0711227057332
6046,566.0992280595113
6047,566.1273334132898
6048,566.155438767068
6049,566.1835441208462
6050,566.2116494746246
6051,566.2397548284027
6052,566.2678601821812
6053,566.2959655359593
6054,566.3240708897376
6055,566.352176243516
6056,566.3802815972942
6057,566.4083869510725
6058,566.4364923048507
6059,566.464597658629
6060,566.4927030124073
6061,566.5208083661856
6062,566.5489137199638
6063,566.5770190737422
6064,566.6051244275205
6065,566.6332297812987
6066,566.661335135077
6067,566.6894404888552
6068,566.7175458426336
6069,566.7456511964119
6070,566.7737565501901
6071,566.8018619039685
6072,566.8299672577467
6073,566.858072611525
6074,566.8861779653032
6075,566.9142833190815
6076,566.9423886728599
6077,566.9704940266381
6078,566.9985993804164
6079,567.0267047341947
6080,567.054810087973
6081,567.0829154417512
6082,567.1110207955295
6083,567.1391261493078
6084,567.1672315030861
6085,567.1953368568644
6086,567.2234422106426
6087,567.251547564421
6088,567.2796529181993
6089,567.3077582719775
6090,567.3358636257558
6091,567.363968979534
6092,567.3920743333124
6093,567.4201796870906
6094,567.4482850408689
6095,567.4763903946473
6096,567.5044957484255
6097,567.5326011022038
6098,567.560706455982
6099,567.5888118097603
6100,567.6169171635386
6101,567.6450225173169
6102,567.6731278710952
6103,567.7012332248735
6104,567.7293385786518
6105,567.75744393243
6106,567.7855492862083
6107,567.8136546399865
6108,567.8417599937649
6109,567.8698653475432
6110,567.8979707013214
6111,567.9260760550998
6112,567.954181408878
6113,567.9822867626563
6114,568.0103921164344
6115,568.0384974702127
6116,568.0666028239912
6117,568.0947081777693
6118,568.1228135315476
6119,568.150918885326
6120,568.1790242391043
6121,568.2071295928826
6122,568.2352349466607
6123,568.263340300439
6124,568.2914456542173
6125,568.3195510079956
6126,568.3476563617738
6127,568.3757617155522
6128,568.4038670693305
6129,568.4319724231087
6130,568.460077776887
6131,568.4881831306652
6132,568.5162884844436
6133,568.5443938382218
6134,568.5724991920001
6135,568.6006045457785
6136,568.6287098995567
6137,568.656815253335
6138,568.6849206071132
6139,568.7130259608915
6140,568.7411313146699
6141,568.7692366684481
6142,568.7973420222264
6143,568.8254473760047
6144,568.853552729783
6145,568.8816580835612
6146,568.9097634373395
6147,568.9378687911177
6148,568.9659741448961
6149,568.9940794986744
6150,569.0221848524526
6151,569.050290206231
6152,569.0783955600092
6153,569.1065009137875
6154,569.1346062675658
6155,569.162711621344
6156,569.1908169751224
6157,569.2189223289006
6158,569.2470276826789
6159,569.2751330364573
6160,569.3032383902355
6161,569.3313437440138
6162,569.359449097792
6163,569.3875544515703
6164,569.4156598053486
6165,569.4437651591269
6166,569.4718705129051
6167,569.4999758666835
6168,569.5280812204618
6169,569.55618657424
6170,569.5842919280183
6171,569.6123972817965
6172,569.6405026355749
6173,569.6686079893532
6174,569.6967133431314
6175,569.7248186969098
6176,569.752924050688
6177,569.7810294044663
6178,569.8091347582445
6179,569.8372401120228
6180,569.8653454658012
6181,569.8934508195794
6182,569.9215561733577
6183,569.949661527136
6184,569.9777668809143
6185,570.0058722346924
6186,570.0339775884707
6187,570.062082942249
6188,570.0901882960273
6189,570.1182936498057
6190,570.1463990035838
6191,570.1745043573623
6192,570.2026097111406
6193,570.2307150649187
6194,570.258820418697
6195,570.2869257724752
6196,570.3150311262536
6197,570.3431364800318
6198,570.3712418338101
6199,570.3993471875885
6200,570.4274525413667
6201,570.455557895145
6202,570.4836632489232
6203,570.5117686027015
6204,570.5398739564798
6205,570.5679793102581
6206,570.5960846640364
6207,570.6241900178147
6208,570.652295371593
6209,570.6804007253712
6210,570.7085060791495
6211,570.7366114329277
6212,570.7647167867061
6213,570.7928221404844
6214,570.8209274942626
6215,570.849032848041
6216,570.8771382018192
6217,570.9052435555975
6218,570.9333489093757
6219,570.961454263154
6220,570.9895596169324
6221,571.0176649707106
6222,571.0457703244889
6223,571.0738756782672
6224,571.1019810320455
6225,571.1300863858238
6226,571.158191739602
6227,571.1862970933803
6228,571.2144024471586
6229,571.2425078009369
6230,571.2706131547151
6231,571.2987185084935
6232,571.3268238622718
6233,571.35492921605
6234,571.3830345698283
6235,571.4111399236065
6236,571.4392452773849
6237,571.4673506311631
6238,571.4954559849414
6239,571.5235613387198
6240,571.551666692498
6241,571.5797720462763
6242,571.6078774000545
6243,571.6359827538328
6244,571.6640881076112
6245,571.6921934613894
6246,571.7202988151677
6247,571.748404168946
6248,571.7765095227243
6249,571.8046148765025
6250,571.8327202302808
6251,571.860825584059
6252,571.8889309378374
6253,571.9170362916157
6254,571.9451416453938
6255,571.9732469991723
6256,572.0013523529504
6257,572.0294577067287
6258,572.057563060507
6259,572.0856684142852
6260,572.1137737680637
6261,572.1418791218418
6262,572.1699844756201
6263,572.1980898293986
6264,572.2261951831767
6265,572.254300536955
6266,572.2824058907332
6267,572.3105112445115
6268,572.3386165982898
6269,572.3667219520681
6270,572.3948273058463
6271,572.4229326596247
6272,572.451038013403
6273,572.4791433671812
6274,572.5072487209595
6275,572.5353540747377
6276,572.5634594285161
6277,572.5915647822944
6278,572.6196701360726
6279,572.647775489851
6280,572.6758808436292
6281,572.7039861974075
6282,572.7320915511857
6283,572.760196904964
6284,572.7883022587424
6285,572.8164076125206
6286,572.8445129662989
6287,572.8726183200772
6288,572.9007236738555
6289,572.9288290276337
6290,572.956934381412
6291,572.9850397351903
6292,573.0131450889686
6293,573.0412504427469
6294,573.0693557965251
6295,573.0974611503035
6296,573.1255665040818
6297,573.15367185786
6298,573.1817772116383
6299,573.2098825654165
6300,573.2379879191949
6301,573.2660932729731
6302,573.2941986267514
6303,573.3223039805298
6304,573.350409334308
6305,573.3785146880863
6306,573.4066200418645
6307,573.4347253956428
6308,573.4628307494211
6309,573.4909361031994
6310,573.5190414569777
6311,573.547146810756
6312,573.5752521645343
6313,573.6033575183125
6314,573.6314628720908
6315,573.659568225869
6316,573.6876735796474
6317,573.7157789334257
6318,573.7438842872039
6319,573.7719896409823
6320,573.8000949947605
6321,573.8282003485388
6322,573.856305702317
6323,573.8844110560952
6324,573.9125164098737
6325,573.9406217636518
6326,573.9687271174301
6327,573.9968324712084
6328,574.0249378249868
6329,574.053043178765
6330,574.0811485325432
6331,574.1092538863215
6332,574.1373592400998
6333,574.1654645938781
6334,574.1935699476563
6335,574.2216753014347
6336,574.249780655213
6337,574.2778860089912
6338,574.3059913627695
6339,574.3340967165477
6340,574.3622020703261
6341,574.3903074241043
6342,574.4184127778826
6343,574.446518131661
6344,574.4746234854392
6345,574.5027288392175
6346,574.5308341929957
6347,574.558939546774
6348,574.5870449005524
6349,574.6151502543306
6350,574.6432556081089
6351,574.6713609618872
6352,574.6994663156655
6353,574.7275716694437
6354,574.755677023222
6355,574.7837823770002
6356,574.8118877307786
6357,574.8399930845569
6358,574.8680984383351
6359,574.8962037921135
6360,574.9243091458917
6361,574.95241449967
6362,574.9805198534483
6363,575.0086252072265
6364,575.0367305610049
6365,575.0648359147831
6366,575.0929412685614
6367,575.1210466223398
6368,575.149151976118
6369,575.1772573298963
6370,575.2053626836745
6371,575.2334680374528
6372,575.2615733912311
6373,575.2896787450094
6374,575.3177840987876
6375,575.345889452566
6376,575.3739948063443
6377,575.4021001601225
6378,575.4302055139008
6379,575.458310867679
6380,575.4864162214574
6381,575.5145215752357
6382,575.5426269290139
6383,575.5707322827923
6384,575.5988376365705
6385,575.6269429903488
6386,575.655048344127
6387,575.6831536979053
6388,575.7112590516837
6389,575.7393644054619
6390,575.7674697592402
6391,575.7955751130185
6392,575.8236804667968
6393,575.851785820575
6394,575.8798911743532
6395,575.9079965281315
6396,575.9361018819098
6397,575.9642072356881
6398,575.9923125894663
6399,576.0204179432448
6400,576.048523297023
6401,576.0766286508012
6402,576.1047340045795
6403,576.1328393583577
6404,576.1609447121361
6405,576.1890500659143
6406,576.2171554196926
6407,576.245260773471
6408,576.2733661272492
6409,576.3014714810275
6410,576.3295768348057
6411,576.357682188584
6412,576.3857875423623
6413,576.4138928961406
6414,576.4419982499189
6415,576.4701036036972
6416,576.4982089574755
6417,576.5263143112537
6418,576.554419665032
6419,576.5825250188102
6420,576.6106303725886
6421,576.6387357263669
6422,576.6668410801451
6423,576.6949464339235
6424,576.7230517877017
6425,576.75115714148
6426,576.7792624952582
6427,576.8073678490365
6428,576.8354732028149
6429,576.8635785565931
6430,576.8916839103714
6431,576.9197892641497
6432,576.947894617928
6433,576.9759999717063
6434,577.0041053254845
6435,577.0322106792628
6436,577.0603160330411
6437,577.0884213868194
6438,577.1165267405976
6439,577.144632094376
6440,577.1727374481543
6441,577.2008428019325
6442,577.2289481557108
6443,577.257053509489
6444,577.2851588632674
6445,577.3132642170456
6446,577.3413695708239
6447,577.3694749246023
6448,577.3975802783805
6449,577.4256856321588
6450,577.453790985937
6451,577.4818963397153
6452,577.5100016934937
6453,577.5381070472719
6454,577.5662124010502
6455,577.5943177548285
6456,577.6224231086068
6457,577.650528462385
6458,577.6786338161633
6459,577.7067391699416
6460,577.7348445237199
6461,577.7629498774982
6462,577.7910552312763
6463,577.8191605850548
6464,577.847265938833
6465,577.8753712926112
6466,577.9034766463895
6467,577.9315820001677
6468,577.9596873539462
6469,577.9877927077243
6470,578.0158980615026
6471,578.044003415281
6472,578.0721087690592
6473,578.1002141228375
6474,578.1283194766157
6475,578.156424830394
6476,578.1845301841723
6477,578.2126355379506
6478,578.2407408917288
6479,578.2688462455072
6480,578.2969515992855
6481,578.3250569530637
6482,578.353162306842
6483,578.3812676606202
6484,578.4093730143986
6485,578.4374783681769
6486,578.4655837219551
6487,578.4936890757335
6488,578.5217944295117
6489,578.54989978329
6490,578.5780051370682
6491,578.6061104908465
6492,578.6342158446249
6493,578.6623211984031
6494,578.6904265521814
6495,578.7185319059597
6496,578.746637259738
6497,578.7747426135162
6498,578.8028479672945
6499,578.8309533210728
6500,578.8590586748511
6501,578.8871640286294
6502,578.9152693824076
6503,578.943374736186
6504,578.9714800899643
6505,578.9995854437425
6506,579.0276907975208
6507,579.055796151299
6508,579.0839015050774
6509,579.1120068588556
6510,579.1401122126339
6511,579.1682175664123
6512,579.1963229201905
6513,579.2244282739688
6514,579.252533627747
6515,579.2806389815253
6516,579.3087443353036
6517,579.3368496890819
6518,579.3649550428602
6519,579.3930603966385
6520,579.4211657504168
6521,579.449271104195
6522,579.4773764579733
6523,579.5054818117515
6524,579.5335871655299
6525,579.5616925193082
6526,579.5897978730864
6527,579.6179032268648
6528,579.646008580643
6529,579.6741139344213
6530,579.7022192881994
6531,579.7303246419777
6532,579.7584299957562
6533,579.7865353495343
6534,579.8146407033126
6535,579.842746057091
6536,579.8708514108692
6537,579.8989567646476
6538,579.9270621184257
6539,579.955167472204
6540,579.9832728259823
6541,580.0113781797606
6542,580.0394835335388
6543,580.0675888873172
6544,580.0956942410955
6545,580.1237995948737
6546,580.151904948652
6547,580.1800103024302
6548,580.2081156562086
6549,580.2362210099868
6550,580.2643263637651
6551,580.2924317175435
6552,580.3205370713217
6553,580.3486424251
6554,580.3767477788782
6555,580.4048531326565
6556,580.4329584864349
6557,580.4610638402131
6558,580.4891691939914
6559,580.5172745477697
6560,580.545379901548
6561,580.5734852553262
6562,580.6015906091045
6563,580.6296959628828
6564,580.6578013166611
6565,580.6859066704394
6566,580.7140120242176
6567,580.742117377996
6568,580.7702227317742
6569,580.7983280855525
6570,580.8264334393308
6571,580.854538793109
6572,580.8826441468874
6573,580.9107495006656
6574,580.9388548544439
6575,580.9669602082223
6576,580.9950655620005
6577,581.0231709157788
6578,581.051276269557
6579,581.0793816233353
6580,581.1074869771136
6581,581.1355923308919
6582,581.1636976846701
6583,581.1918030384485
6584,581.2199083922268
6585,581.248013746005
6586,581.2761190997833
6587,581.3042244535615
6588,581.3323298073399
6589,581.3604351611182
6590,581.3885405148964
6591,581.4166458686748
6592,581.444751222453
6593,581.4728565762313
6594,581.5009619300095
6595,581.5290672837878
6596,581.5571726375662
6597,581.5852779913444
6598,581.6133833451227
6599,581.641488698901
6600,581.6695940526793
6601,581.6976994064574
6602,581.7258047602357
6603,581.753910114014
6604,581.7820154677923
6605,581.8101208215706
6606,581.8382261753488
6607,581.8663315291273
6608,581.8944368829056
6609,581.9225422366837
6610,581.950647590462
6611,581.9787529442402
6612,582.0068582980186
6613,582.0349636517968
6614,582.0630690055751
6615,582.0911743593535
6616,582.1192797131317
6617,582.14738506691
6618,582.1754904206882
6619,582.2035957744665
6620,582.2317011282448
6621,582.2598064820231
6622,582.2879118358014
6623,582.3160171895797
6624,582.344122543358
6625,582.3722278971362
6626,582.4003332509145
6627,582.4284386046927
6628,582.4565439584711
6629,582.4846493122494
6630,582.5127546660276
6631,582.540860019806
6632,582.5689653735842
6633,582.5970707273625
6634,582.6251760811407
6635,582.653281434919
6636,582.6813867886974
6637,582.7094921424756
6638,582.7375974962539
6639,582.7657028500322
6640,582.7938082038105
6641,582.8219135575888
6642,582.850018911367
6643,582.8781242651453
6644,582.9062296189236
6645,582.9343349727019
6646,582.9624403264801
6647,582.9905456802585
6648,583.0186510340368
6649,583.046756387815
6650,583.0748617415933
6651,583.1029670953715
6652,583.1310724491499
6653,583.1591778029281
6654,583.1872831567064
6655,583.2153885104848
6656,583.243493864263
6657,583.2715992180413
6658,583.2997045718195
6659,583.3278099255978
6660,583.3559152793762
6661,583.3840206331544
6662,583.4121259869327
6663,583.440231340711
6664,583.4683366944893
6665,583.4964420482675
6666,583.5245474020458
6667,583.552652755824
6668,583.5807581096024
6669,583.6088634633807
6670,583.6369688171588
6671,583.6650741709373
6672,583.6931795247154
6673,583.7212848784937
6674,583.749390232272
6675,583.7774955860502
6676,583.8056009398287
6677,583.8337062936068
6678,583.8618116473851
6679,583.8899170011636
6680,583.9180223549417
6681,583.94612770872
6682,583.9742330624982
6683,584.0023384162765
6684,584.0304437700548
6685,584.0585491238331
6686,584.0866544776113
6687,584.1147598313897
6688,584.142865185168
6689,584.1709705389462
6690,584.1990758927245
6691,584.2271812465027
6692,584.2552866002811
6693,584.2833919540594
6694,584.3114973078376
6695,584.339602661616
6696,584.3677080153942
6697,584.3958133691725
6698,584.4239187229507
6699,584.452024076729
6700,584.4801294305074
6701,584.5082347842856
6702,584.5363401380639
6703,584.5644454918422
6704,584.5925508456205
6705,584.6206561993987
6706,584.648761553177
6707,584.6768669069553
6708,584.7049722607336
6709,584.7330776145119
6710,584.7611829682901
6711,584.7892883220685
6712,584.8173936758468
6713,584.845499029625
6714,584.8736043834033
6715,584.9017097371815
6716,584.9298150909599
6717,584.9579204447381
6718,584.9860257985164
6719,585.0141311522948
6720,585.042236506073
6721,585.0703418598513
6722,585.0984472136295
6723,585.1265525674078
6724,585.1546579211861
6725,585.1827632749644
6726,585.2108686287427
6727,585.238973982521
6728,585.2670793362993
6729,585.2951846900775
6730,585.3232900438558
6731,585.351395397634
6732,585.3795007514124
6733,585.4076061051907
6734,585.4357114589689
6735,585.4638168127473
6736,585.4919221665255
6737,585.5200275203038
6738,585.548132874082
6739,585.5762382278602
6740,585.6043435816387
6741,585.6324489354168
6742,585.6605542891951
6743,585.6886596429734
6744,585.7167649967517
6745,585.74487035053
6746,585.7729757043082
6747,585.8010810580865
6748,585.8291864118648
6749,585.8572917656431
6750,585.8853971194213
6751,585.9135024731997
6752,585.941607826978
6753,585.9697131807562
6754,585.9978185345345
6755,586.0259238883127
6756,586.0540292420911
6757,586.0821345958693
6758,586.1102399496476
6759,586.138345303426
6760,586.1664506572042
6761,586.1945560109825
6762,586.2226613647607
6763,586.250766718539
6764,586.2788720723174
6765,586.3069774260956
6766,586.3350827798739
6767,586.3631881336522
6768,586.3912934874305
6769,586.4193988412087
6770,586.447504194987
6771,586.4756095487653
6772,586.5037149025436
6773,586.5318202563219
6774,586.5599256101001
6775,586.5880309638785
6776,586.6161363176567
6777,586.644241671435
6778,586.6723470252133
6779,586.7004523789915
6780,586.7285577327699
6781,586.7566630865481
6782,586.7847684403264
6783,586.8128737941048
6784,586.840979147883
6785,586.8690845016613
6786,586.8971898554395
6787,586.9252952092178
6788,586.9534005629961
6789,586.9815059167744
6790,587.0096112705526
6791,587.037716624331
6792,587.0658219781093
6793,587.0939273318875
6794,587.1220326856658
6795,587.150138039444
6796,587.1782433932224
6797,587.2063487470007
6798,587.2344541007789
6799,587.2625594545573
6800,587.2906648083355
6801,587.3187701621138
6802,587.346875515892
6803,587.3749808696703
6804,587.4030862234487
6805,587.4311915772269
6806,587.4592969310052
6807,587.4874022847835
6808,587.5155076385618
6809,587.54361299234
6810,587.5717183461182
6811,587.5998236998965
6812,587.6279290536748
6813,587.6560344074531
6814,587.6841397612313
6815,587.7122451150098
6816,587.740350468788
6817,587.7684558225662
6818,587.7965611763445
6819,587.8246665301227
6820,587.8527718839011
6821,587.8808772376793
6822,587.9089825914576
6823,587.937087945236
6824,587.9651932990142
6825,587.9932986527925
6826,588.0214040065707
6827,588.049509360349
6828,588.0776147141273
6829,588.1057200679056
6830,588.1338254216839
6831,588.1619307754622
6832,588.1900361292405
6833,588.2181414830187
6834,588.246246836797
6835,588.2743521905752
6836,588.3024575443536
6837,588.3305628981319
6838,588.3586682519101
6839,588.3867736056885
6840,588.4148789594667
6841,588.442984313245
6842,588.4710896670232
6843,588.4991950208015
6844,588.5273003745799
6845,588.5554057283581
6846,588.5835110821364
6847,588.6116164359147
6848,588.639721789693
6849,588.6678271434713
6850,588.6959324972495
6851,588.7240378510278
6852,588.7521432048061
6853,588.7802485585844
6854,588.8083539123626
6855,588.836459266141
6856,588.8645646199193
6857,588.8926699736975
6858,588.9207753274758
6859,588.948880681254
6860,588.9769860350324
6861,589.0050913888106
6862,589.0331967425889
6863,589.0613020963673
6864,589.0894074501455
6865,589.1175128039238
6866,589.145618157702
6867,589.1737235114803
6868,589.2018288652587
6869,589.2299342190369
6870,589.2580395728152
6871,589.2861449265935
6872,589.3142502803718
6873,589.34235563415
6874,589.3704609879283
6875,589.3985663417066
6876,589.4266716954849
6877,589.4547770492632
6878,589.4828824030413
6879,589.5109877568198
6880,589.539093110598
6881,589.5671984643762
6882,589.5953038181545
6883,589.6234091719327
6884,589.6515145257111
6885,589.6796198794893
6886,589.7077252332676
6887,589.735830587046
6888,589.7639359408242
6889,589.7920412946025
6890,589.8201466483807
6891,589.848252002159
6892,589.8763573559373
6893,589.9044627097156
6894,589.9325680634939
6895,589.9606734172722
6896,589.9887787710505
6897,590.0168841248287
6898,590.044989478607
6899,590.0730948323852
6900,590.1012001861636
6901,590.1293055399419
6902,590.1574108937201
6903,590.1855162474985
6904,590.2136216012767
6905,590.241726955055
6906,590.2698323088332
6907,590.2979376626115
6908,590.3260430163899
6909,590.3541483701681
6910,590.3822537239464
6911,590.4103590777247
6912,590.438464431503
6913,590.4665697852812
6914,590.4946751390595
6915,590.5227804928378
6916,590.5508858466161
6917,590.5789912003944
6918,590.6070965541726
6919,590.635201907951
6920,590.6633072617293
6921,590.6914126155075
6922,590.7195179692858
6923,590.747623323064
6924,590.7757286768424
6925,590.8038340306206
6926,590.8319393843989
6927,590.8600447381773
6928,590.8881500919555
6929,590.9162554457338
6930,590.944360799512
6931,590.9724661532903
6932,591.0005715070686
6933,591.0286768608469
6934,591.0567822146252
6935,591.0848875684035
6936,591.1129929221818
6937,591.14109827596
6938,591.1692036297383
6939,591.1973089835165
6940,591.2254143372949
6941,591.2535196910732
6942,591.2816250448514
6943,591.3097303986298
6944,591.337835752408
6945,591.3659411061863
6946,591.3940464599646
6947,591.4221518137427
6948,591.4502571675212
6949,591.4783625212993
6950,591.5064678750776
6951,591.534573228856
6952,591.5626785826342
6953,591.5907839364125
6954,591.6188892901907
6955,591.646994643969
6956,591.6750999977473
6957,591.7032053515256
6958,591.7313107053038
6959,591.7594160590822
6960,591.7875214128605
6961,591.8156267666387
6962,591.843732120417
6963,591.8718374741952
6964,591.8999428279736
6965,591.9280481817518
6966,591.9561535355301
6967,591.9842588893085
6968,592.0123642430867
6969,592.040469596865
6970,592.0685749506432
6971,592.0966803044215
6972,592.1247856581999
6973,592.1528910119781
6974,592.1809963657564
6975,592.2091017195347
6976,592.237207073313
6977,592.2653124270912
6978,592.2934177808695
6979,592.3215231346478
6980,592.3496284884261
6981,592.3777338422044
6982,592.4058391959826
6983,592.433944549761
6984,592.4620499035392
6985,592.4901552573175
6986,592.5182606110958
6987,592.546365964874
6988,592.5744713186524
6989,592.6025766724306
6990,592.6306820262089
6991,592.6587873799873
6992,592.6868927337655
6993,592.7149980875438
6994,592.743103441322
6995,592.7712087951003
6996,592.7993141488786
6997,592.8274195026569
6998,592.8555248564352
6999,592.8836302102135
7000,592.9117355639918
7001,592.93984091777
7002,592.9679462715483
7003,592.9960516253265
7004,593.0241569791049
7005,593.0522623328832
7006,593.0803676866614
7007,593.1084730404398
7008,593.136578394218
7009,593.1646837479963
7010,593.1927891017745
7011,593.2208944555528
7012,593.2489998093312
7013,593.2771051631094
7014,593.3052105168877
7015,593.333315870666
7016,593.3614212244443
7017,593.3895265782224
7018,593.4176319320007
7019,593.445737285779
7020,593.4738426395573
7021,593.5019479933356
7022,593.5300533471138
7023,593.5581587008922
7024,593.5862640546706
7025,593.6143694084487
7026,593.642474762227
7027,593.6705801160052
7028,593.6986854697836
7029,593.7267908235618
7030,593.7548961773401
7031,593.7830015311185
7032,593.8111068848967
7033,593.839212238675
7034,593.8673175924532
7035,593.8954229462315
7036,593.9235283000098
7037,593.9516336537881
7038,593.9797390075664
7039,594.0078443613447
7040,594.035949715123
7041,594.0640550689012
7042,594.0921604226795
7043,594.1202657764577
7044,594.1483711302361
7045,594.1764764840144
7046,594.2045818377926
7047,594.232687191571
7048,594.2607925453492
7049,594.2888978991275
7050,594.3170032529058
7051,594.345108606684
7052,594.3732139604624
7053,594.4013193142406
7054,594.4294246680189
7055,594.4575300217972
7056,594.4856353755755
7057,594.5137407293538
7058,594.541846083132
7059,594.5699514369103
7060,594.5980567906886
7061,594.6261621444669
7062,594.6542674982451
7063,594.6823728520235
7064,594.7104782058018
7065,594.73858355958
7066,594.7666889133583
7067,594.7947942671365
7068,594.8228996209149
7069,594.8510049746931
7070,594.8791103284714
7071,594.9072156822498
7072,594.935321036028
7073,594.9634263898063
7074,594.9915317435845
7075,595.0196370973628
7076,595.0477424511412
7077,595.0758478049194
7078,595.1039531586977
7079,595.132058512476
7080,595.1601638662543
7081,595.1882692200325
7082,595.2163745738108
7083,595.244479927589
7084,595.2725852813674
7085,595.3006906351457
7086,595.3287959889238
7087,595.3569013427023
7088,595.3850066964804
7089,595.4131120502587
7090,595.441217404037
7091,595.4693227578152
7092,595.4974281115936
7093,595.5255334653718
7094,595.5536388191501
7095,595.5817441729286
7096,595.6098495267067
7097,595.637954880485
7098,595.6660602342632
7099,595.6941655880415
7100,595.7222709418198
7101,595.7503762955981
7102,595.7784816493764
7103,595.8065870031547
7104,595.834692356933
7105,595.8627977107112
7106,595.8909030644895
7107,595.9190084182677
7108,595.9471137720461
7109,595.9752191258244
7110,596.0033244796026
7111,596.031429833381
7112,596.0595351871592
7113,596.0876405409375
7114,596.1157458947157
7115,596.143851248494
7116,596.1719566022724
7117,596.2000619560506
7118,596.2281673098289
7119,596.2562726636072
7120,596.2843780173855
7121,596.3124833711637
7122,596.340588724942
7123,596.3686940787203
7124,596.3967994324986
7125,596.4249047862769
7126,596.4530101400551
7127,596.4811154938335
7128,596.5092208476118
7129,596.53732620139
7130,596.5654315551683
7131,596.5935369089465
7132,596.6216422627249
7133,596.6497476165031
7134,596.6778529702814
7135,596.7059583240598
7136,596.734063677838
7137,596.7621690316163
7138,596.7902743853945
7139,596.8183797391728
7140,596.8464850929511
7141,596.8745904467294
7142,596.9026958005077
7143,596.930801154286
7144,596.9589065080643
7145,596.9870118618425
7146,597.0151172156208
7147,597.043222569399
7148,597.0713279231774
7149,597.0994332769557
7150,597.1275386307339
7151,597.1556439845123
7152,597.1837493382905
7153,597.2118546920688
7154,597.239960045847
7155,597.2680653996252
7156,597.2961707534037
7157,597.3242761071818
7158,597.3523814609601
7159,597.3804868147384
7160,597.4085921685167
7161,597.436697522295
7162,597.4648028760732
7163,597.4929082298515
7164,597.5210135836298
7165,597.5491189374081
7166,597.5772242911863
7167,597.6053296449647
7168,597.633434998743
7169,597.6615403525212
7170,597.6896457062995
7171,597.7177510600777
7172,597.7458564138561
7173,597.7739617676343
7174,597.8020671214126
7175,597.830172475191
7176,597.8582778289692
7177,597.8863831827475
7178,597.9144885365257
7179,597.942593890304
7180,597.9706992440824
7181,597.9988045978606
7182,598.0269099516389
7183,598.0550153054172
7184,598.0831206591955
7185,598.1112260129737
7186,598.139331366752
7187,598.1674367205303
7188,598.1955420743086
7189,598.2236474280869
7190,598.2517527818651
7191,598.2798581356435
7192,598.3079634894217
7193,598.3360688432
7194,598.3641741969783
7195,598.3922795507565
7196,598.4203849045349
7197,598.4484902583131
7198,598.4765956120914
7199,598.5047009658698
7200,598.532806319648
7201,598.5609116734263
7202,598.5890170272045
7203,598.6171223809828
7204,598.6452277347611
7205,598.6733330885394
7206,598.7014384423177
7207,598.729543796096
7208,598.7576491498743
7209,598.7857545036525
7210,598.8138598574308
7211,598.841965211209
7212,598.8700705649874
7213,598.8981759187657
7214,598.9262812725439
7215,598.9543866263223
7216,598.9824919801005
7217,599.0105973338788
7218,599.038702687657
7219,599.0668080414353
7220,599.0949133952137
7221,599.1230187489919
7222,599.1511241027702
7223,599.1792294565485
7224,599.2073348103268
7225,599.235440164105
7226,599.2635455178832
7227,599.2916508716615
7228,599.3197562254398
7229,599.3478615792181
7230,599.3759669329963
7231,599.4040722867747
7232,599.432177640553
7233,599.4602829943312
7234,599.4883883481095
7235,599.5164937018877
7236,599.5445990556661
7237,599.5727044094443
7238,599.6008097632226
7239,599.628915117001
7240,599.6570204707792
7241,599.6851258245575
7242,599.7132311783357
7243,599.741336532114
7244,599.7694418858923
7245,599.7975472396706
7246,599.8256525934489
7247,599.8537579472272
7248,599.8818633010055
7249,599.9099686547837
7250,599.938074008562
7251,599.9661793623402
7252,599.9942847161186
7253,600.0223900698969
7254,600.0504954236751
7255,600.0786007774535
7256,600.1067061312317
7257,600.13481148501
7258,600.1629168387883
7259,600.1910221925665
7260,600.2191275463449
7261,600.2472329001231
7262,600.2753382539014
7263,600.3034436076797
7264,600.331548961458
7265,600.3596543152363
7266,600.3877596690145
7267,600.4158650227928
7268,600.4439703765711
7269,600.4720757303494
7270,600.5001810841276
7271,600.528286437906
7272,600.5563917916843
7273,600.5844971454625
7274,600.6126024992408
7275,600.640707853019
7276,600.6688132067974
7277,600.6969185605756
7278,600.7250239143539
7279,600.7531292681323
7280,600.7812346219105
7281,600.8093399756888
7282,600.837445329467
7283,600.8655506832453
7284,600.8936560370237
7285,600.9217613908019
7286,600.9498667445802
7287,600.9779720983585
7288,601.0060774521368
7289,601.034182805915
7290,601.0622881596933
7291,601.0903935134716
7292,601.1184988672499
7293,601.1466042210282
7294,601.1747095748063
7295,601.2028149285848
7296,601.230920282363
7297,601.2590256361412
7298,601.2871309899195
7299,601.3152363436977
7300,601.3433416974761
7301,601.3714470512543
7302,601.3995524050326
7303,601.427657758811
7304,601.4557631125892
7305,601.4838684663675
7306,601.5119738201457
7307,601.540079173924
7308,601.5681845277023
7309,601.5962898814806
7310,601.6243952352589
7311,601.6525005890372
7312,601.6806059428155
7313,601.7087112965937
7314,601.736816650372
7315,601.7649220041502
7316,601.7930273579286
7317,601.8211327117069
7318,601.8492380654851
7319,601.8773434192635
7320,601.9054487730417
7321,601.93355412682
7322,601.9616594805982
7323,601.9897648343765
7324,602.0178701881549
7325,602.0459755419331
7326,602.0740808957114
7327,602.1021862494897
7328,602.130291603268
7329,602.1583969570462
7330,602.1865023108245
7331,602.2146076646028
7332,602.2427130183811
7333,602.2708183721594
7334,602.2989237259376
7335,602.327029079716
7336,602.3551344334943
7337,602.3832397872725
7338,602.4113451410508
7339,602.439450494829
7340,602.4675558486074
7341,602.4956612023856
7342,602.5237665561639
7343,602.5518719099423
7344,602.5799772637205
7345,602.6080826174988
7346,602.636187971277
7347,602.6642933250553
7348,602.6923986788336
7349,602.7205040326119
7350,602.7486093863902
7351,602.7767147401685
7352,602.8048200939468
7353,602.832925447725
7354,602.8610308015033
7355,602.8891361552814
7356,602.9172415090599
7357,602.9453468628382
7358,602.9734522166164
7359,603.0015575703948
7360,603.029662924173
7361,603.0577682779513
7362,603.0858736317296
7363,603.1139789855077
7364,603.1420843392862
7365,603.1701896930643
7366,603.1982950468426
7367,603.226400400621
7368,603.2545057543992
7369,603.2826111081775
7370,603.3107164619557
7371,603.338821815734
7372,603.3669271695123
7373,603.3950325232906
7374,603.4231378770688
7375,603.4512432308472
7376,603.4793485846255
7377,603.5074539384037
7378,603.535559292182
7379,603.5636646459602
7380,603.5917699997386
7381,603.6198753535169
7382,603.6479807072951
7383,603.6760860610735
7384,603.7041914148517
7385,603.73229676863
7386,603.7604021224082
7387,603.7885074761865
7388,603.8166128299649
7389,603.8447181837431
7390,603.8728235375214
7391,603.9009288912997
7392,603.929034245078
7393,603.9571395988562
7394,603.9852449526345
7395,604.0133503064128
7396,604.0414556601911
7397,604.0695610139694
7398,604.0976663677476
7399,604.125771721526
7400,604.1538770753042
7401,604.1819824290825
7402,604.2100877828608
7403,604.238193136639
7404,604.2662984904174
7405,604.2944038441956
7406,604.3225091979739
7407,604.3506145517523
7408,604.3787199055305
7409,604.4068252593088
7410,604.434930613087
7411,604.4630359668653
7412,604.4911413206436
7413,604.5192466744219
7414,604.5473520282002
7415,604.5754573819785
7416,604.6035627357568
7417,604.631668089535
7418,604.6597734433133
7419,604.6878787970915
7420,604.7159841508699
7421,604.7440895046482
7422,604.7721948584264
7423,604.8003002122048
7424,604.828405565983
7425,604.8565109197613
7426,604.8846162735395
7427,604.9127216273178
7428,604.9408269810962
7429,604.9689323348744
7430,604.9970376886527
7431,605.025143042431
7432,605.0532483962093
7433,605.0813537499876
7434,605.1094591037657
7435,605.137564457544
7436,605.1656698113223
7437,605.1937751651006
7438,605.2218805188788
7439,605.2499858726572
7440,605.2780912264355
7441,605.3061965802137
7442,605.334301933992
7443,605.3624072877702
7444,605.3905126415486
7445,605.4186179953268
7446,605.4467233491051
7447,605.4748287028835
7448,605.5029340566617
7449,605.53103941044
7450,605.5591447642182
7451,605.5872501179965
7452,605.6153554717748
7453,605.6434608255531
7454,605.6715661793314
7455,605.6996715331097
7456,605.727776886888
7457,605.7558822406662
7458,605.7839875944445
7459,605.8120929482227
7460,605.8401983020011
7461,605.8683036557794
7462,605.8964090095576
7463,605.924514363336
7464,605.9526197171142
7465,605.9807250708925
7466,606.0088304246708
7467,606.036935778449
7468,606.0650411322274
7469,606.0931464860056
7470,606.1212518397839
7471,606.1493571935622
7472,606.1774625473405
7473,606.2055679011188
7474,606.233673254897
7475,606.2617786086753
7476,606.2898839624536
7477,606.3179893162319
7478,606.3460946700101
7479,606.3742000237885
7480,606.4023053775668
7481,606.430410731345
7482,606.4585160851233
7483,606.4866214389015
7484,606.5147267926799
7485,606.5428321464582
7486,606.5709375002364
7487,606.5990428540148
7488,606.627148207793
7489,606.6552535615713
7490,606.6833589153495
7491,606.7114642691278
7492,606.7395696229062
7493,606.7676749766844
7494,606.7957803304627
7495,606.823885684241
7496,606.8519910380193
7497,606.8800963917975
7498,606.9082017455758
7499,606.936307099354
7500,606.9644124531324
7501,606.9925178069107
7502,607.0206231606888
7503,607.0487285144673
7504,607.0768338682454
7505,607.1049392220237
7506,607.133044575802
7507,607.1611499295802
7508,607.1892552833586
7509,607.2173606371368
7510,607.2454659909151
7511,607.2735713446936
7512,607.3016766984717
7513,607.32978205225
7514,607.3578874060282
7515,607.3859927598065
7516,607.4140981135848
7517,607.4422034673631
7518,607.4703088211414
7519,607.4984141749197
7520,607.526519528698
7521,607.5546248824762
7522,607.5827302362545
7523,607.6108355900327
7524,607.6389409438111
7525,607.6670462975894
7526,607.6951516513676
7527,607.723257005146
7528,607.7513623589242
7529,607.7794677127025
7530,607.8075730664807
7531,607.835678420259
7532,607.8637837740374
7533,607.8918891278156
7534,607.9199944815939
7535,607.9480998353722
7536,607.9762051891505
7537,608.0043105429288
7538,608.032415896707
7539,608.0605212504853
7540,608.0886266042636
7541,608.1167319580419
7542,608.1448373118201
7543,608.1729426655985
7544,608.2010480193768
7545,608.229153373155
7546,608.2572587269333
7547,608.2853640807115
7548,608.3134694344899
7549,608.3415747882681
7550,608.3696801420464
7551,608.3977854958248
7552,608.425890849603
7553,608.4539962033813
7554,608.4821015571595
7555,608.5102069109378
7556,608.5383122647161
7557,608.5664176184944
7558,608.5945229722727
7559,608.622628326051
7560,608.6507336798293
7561,608.6788390336075
7562,608.7069443873858
7563,608.735049741164
7564,608.7631550949424
7565,608.7912604487207
7566,608.8193658024989
7567,608.8474711562773
7568,608.8755765100555
7569,608.9036818638338
7570,608.931787217612
7571,608.9598925713902
7572,608.9879979251687
7573,609.0161032789468
7574,609.0442086327251
7575,609.0723139865034
7576,609.1004193402817
7577,609.12852469406
7578,609.1566300478382
7579,609.1847354016165
7580,609.2128407553948
7581,609.2409461091731
7582,609.2690514629513
7583,609.2971568167297
7584,609.325262170508
7585,609.3533675242862
7586,609.3814728780645
7587,609.4095782318427
7588,609.4376835856211
7589,609.4657889393994
7590,609.4938942931776
7591,609.521999646956
7592,609.5501050007342
7593,609.5782103545125
7594,609.6063157082907
7595,609.634421062069
7596,609.6625264158474
7597,609.6906317696256
7598,609.7187371234039
7599,609.7468424771822
7600,609.7749478309605
7601,609.8030531847387
7602,609.831158538517
7603,609.8592638922953
7604,609.8873692460736
7605,609.9154745998519
7606,609.9435799536301
7607,609.9716853074085
7608,609.9997906611867
7609,610.027896014965
7610,610.0560013687433
7611,610.0841067225215
7612,610.1122120762999
7613,610.1403174300781
7614,610.1684227838564
7615,610.1965281376348
7616,610.224633491413
7617,610.2527388451913
7618,610.2808441989695
7619,610.3089495527478
7620,610.3370549065261
7621,610.3651602603044
7622,610.3932656140827
7623,610.421370967861
7624,610.4494763216393
7625,610.4775816754175
7626,610.5056870291958
7627,610.533792382974
7628,610.5618977367524
7629,610.5900030905307
7630,610.6181084443089
7631,610.6462137980873
7632,610.6743191518655
7633,610.7024245056438
7634,610.730529859422
7635,610.7586352132003
7636,610.7867405669787
7637,610.8148459207569
7638,610.8429512745352
7639,610.8710566283135
7640,610.8991619820918
7641,610.92726733587
7642,610.9553726896482
7643,610.9834780434265
7644,611.0115833972048
7645,611.0396887509831
7646,611.0677941047613
7647,611.0958994585397
7648,611.124004812318
7649,611.1521101660962
7650,611.1802155198745
7651,611.2083208736527
7652,611.2364262274311
7653,611.2645315812093
7654,611.2926369349876
7655,611.320742288766
7656,611.3488476425442
7657,611.3769529963225
7658,611.4050583501007
7659,611.433163703879
7660,611.4612690576573
7661,611.4893744114356
7662,611.5174797652139
7663,611.5455851189922
7664,611.5736904727705
7665,611.6017958265487
7666,611.629901180327
7667,611.6580065341052
7668,611.6861118878836
7669,611.7142172416619
7670,611.7423225954401
7671,611.7704279492185
7672,611.7985333029967
7673,611.826638656775
7674,611.8547440105533
7675,611.8828493643315
7676,611.9109547181099
7677,611.9390600718881
7678,611.9671654256664
7679,611.9952707794447
7680,612.023376133223
7681,612.0514814870013
7682,612.0795868407795
7683,612.1076921945578
7684,612.1357975483361
7685,612.1639029021144
7686,612.1920082558926
7687,612.220113609671
7688,612.2482189634493
7689,612.2763243172275
7690,612.3044296710058
7691,612.332535024784
7692,612.3606403785624
7693,612.3887457323407
7694,612.4168510861189
7695,612.4449564398973
7696,612.4730617936755
7697,612.5011671474538
7698,612.529272501232
7699,612.5573778550103
7700,612.5854832087887
7701,612.6135885625669
7702,612.6416939163452
7703,612.6697992701235
7704,612.6979046239018
7705,612.72600997768
7706,612.7541153314583
7707,612.7822206852366
7708,612.8103260390149
7709,612.8384313927932
7710,612.8665367465713
7711,612.8946421003498
7712,612.922747454128
7713,612.9508528079062
7714,612.9789581616845
7715,613.0070635154627
7716,613.0351688692411
7717,613.0632742230193
7718,613.0913795767976
7719,613.119484930576
7720,613.1475902843542
7721,613.1756956381325
7722,613.2038009919107
7723,613.231906345689
7724,613.2600116994673
7725,613.2881170532456
7726,613.3162224070239
7727,613.3443277608022
7728,613.3724331145805
7729,613.4005384683587
7730,613.428643822137
7731,613.4567491759152
7732,613.4848545296936
7733,613.5129598834719
7734,613.5410652372501
7735,613.5691705910285
7736,613.5972759448067
7737,613.625381298585
7738,613.6534866523632
7739,613.6815920061415
7740,613.7096973599199
7741,613.7378027136981
7742,613.7659080674764
7743,613.7940134212547
7744,613.822118775033
7745,613.8502241288113
7746,613.8783294825895
7747,613.9064348363678
7748,613.9345401901461
7749,613.9626455439244
7750,613.9907508977026
7751,614.018856251481
7752,614.0469616052593
7753,614.0750669590375
7754,614.1031723128158
7755,614.131277666594
7756,614.1593830203724
7757,614.1874883741506
7758,614.2155937279289
7759,614.2436990817073
7760,614.2718044354855
7761,614.2999097892638
7762,614.328015143042
7763,614.3561204968203
7764,614.3842258505986
7765,614.4123312043769
7766,614.4404365581552
7767,614.4685419119335
7768,614.4966472657118
7769,614.52475261949
7770,614.5528579732683
7771,614.5809633270464
7772,614.6090686808249
7773,614.6371740346032
7774,614.6652793883814
7775,614.6933847421598
7776,614.721490095938
7777,614.7495954497163
7778,614.7777008034946
7779,614.8058061572727
7780,614.8339115110512
7781,614.8620168648293
7782,614.8901222186076
7783,614.918227572386
7784,614.9463329261642
7785,614.9744382799425
7786,615.0025436337207
7787,615.030648987499
7788,615.0587543412773
7789,615.0868596950556
7790,615.1149650488338
7791,615.1430704026122
7792,615.1711757563905
7793,615.1992811101687
7794,615.227386463947
7795,615.2554918177252
7796,615.2835971715036
7797,615.3117025252819
7798,615.3398078790601
7799,615.3679132328385
7800,615.3960185866167
7801,615.424123940395
7802,615.4522292941732
7803,615.4803346479515
7804,615.5084400017299
7805,615.5365453555081
7806,615.5646507092864
7807,615.5927560630647
7808,615.620861416843
7809,615.6489667706212
7810,615.6770721243995
7811,615.7051774781778
7812,615.7332828319561
7813,615.7613881857344
7814,615.7894935395126
7815,615.817598893291
7816,615.8457042470693
7817,615.8738096008475
7818,615.9019149546258
7819,615.930020308404
7820,615.9581256621824
7821,615.9862310159606
7822,616.0143363697389
7823,616.0424417235173
7824,616.0705470772955
7825,616.0986524310738
7826,616.126757784852
7827,616.1548631386303
7828,616.1829684924086
7829,616.2110738461869
7830,616.2391791999652
7831,616.2672845537435
7832,616.2953899075218
7833,616.3234952613
7834,616.3516006150783
7835,616.3797059688565
7836,616.4078113226349
7837,616.4359166764132
7838,616.4640220301914
7839,616.4921273839698
7840,616.520232737748
7841,616.5483380915263
7842,616.5764434453044
7843,616.6045487990827
7844,616.6326541528612
7845,616.6607595066394
7846,616.6888648604177
7847,616.716970214196
7848,616.7450755679743
7849,616.7731809217526
7850,616.8012862755307
7851,616.829391629309
7852,616.8574969830873
7853,616.8856023368656
7854,616.9137076906438
7855,616.9418130444222
7856,616.9699183982005
7857,616.9980237519787
7858,617.026129105757
7859,617.0542344595352
7860,617.0823398133136
7861,617.1104451670918
7862,617.1385505208701
7863,617.1666558746485
7864,617.1947612284267
7865,617.222866582205
7866,617.2509719359832
7867,617.2790772897615
7868,617.3071826435399
7869,617.3352879973181
7870,617.3633933510964
7871,617.3914987048747
7872,617.419604058653
7873,617.4477094124312
7874,617.4758147662095
7875,617.5039201199877
7876,617.5320254737661
7877,617.5601308275444
7878,617.5882361813226
7879,617.616341535101
7880,617.6444468888792
7881,617.6725522426575
7882,617.7006575964358
7883,617.728762950214
7884,617.7568683039924
7885,617.7849736577706
7886,617.8130790115489
7887,617.8411843653272
7888,617.8692897191055
7889,617.8973950728838
7890,617.925500426662
7891,617.9536057804403
7892,617.9817111342186
7893,618.0098164879969
7894,618.0379218417751
7895,618.0660271955535
7896,618.0941325493318
7897,618.12223790311
7898,618.1503432568883
7899,618.1784486106665
7900,618.2065539644449
7901,618.2346593182232
7902,618.2627646720014
7903,618.2908700257798
7904,618.318975379558
7905,618.3470807333363
7906,618.3751860871145
7907,618.4032914408928
7908,618.4313967946712
7909,618.4595021484494
7910,618.4876075022277
7911,618.515712856006
7912,618.5438182097843
7913,618.5719235635624
7914,618.6000289173408
7915,618.628134271119
7916,618.6562396248974
7917,618.6843449786757
7918,618.7124503324538
7919,618.7405556862323
7920,618.7686610400106
7921,618.7967663937887
7922,618.824871747567
7923,618.8529771013452
7924,618.8810824551236
7925,618.9091878089018
7926,618.9372931626801
7927,618.9653985164585
7928,618.9935038702367
7929,619.021609224015
7930,619.0497145777932
7931,619.0778199315715
7932,619.1059252853498
7933,619.1340306391281
7934,619.1621359929064
7935,619.1902413466847
7936,619.218346700463
7937,619.2464520542412
7938,619.2745574080195
7939,619.3026627617977
7940,619.3307681155761
7941,619.3588734693544
7942,619.3869788231326
7943,619.415084176911
7944,619.4431895306892
7945,619.4712948844675
7946,619.4994002382457
7947,619.527505592024
7948,619.5556109458024
7949,619.5837162995806
7950,619.6118216533589
7951,619.6399270071372
7952,619.6680323609155
7953,619.6961377146938
7954,619.724243068472
7955,619.7523484222503
7956,619.7804537760286
7957,619.8085591298069
7958,619.8366644835851
7959,619.8647698373635
7960,619.8928751911418
7961,619.92098054492
7962,619.9490858986983
7963,619.9771912524765
7964,620.0052966062549
7965,620.0334019600331
7966,620.0615073138114
7967,620.0896126675898
7968,620.117718021368
7969,620.1458233751463
7970,620.1739287289245
7971,620.2020340827028
7972,620.2301394364812
7973,620.2582447902594
7974,620.2863501440377
7975,620.314455497816
7976,620.3425608515943
7977,620.3706662053725
7978,620.3987715591508
7979,620.426876912929
7980,620.4549822667074
7981,620.4830876204857
7982,620.5111929742638
7983,620.5392983280423
7984,620.5674036818205
7985,620.5955090355988
7986,620.623614389377
7987,620.6517197431552
7988,620.6798250969337
7989,620.7079304507118
7990,620.7360358044901
7991,620.7641411582684
7992,620.7922465120467
7993,620.820351865825
7994,620.8484572196032
7995,620.8765625733815
7996,620.9046679271598
7997,620.9327732809381
7998,620.9608786347163
7999,620.9889839884947
8000,621.017089342273
8001,621.0451946960512
8002,621.0733000498295
8003,621.1014054036077
8004,621.1295107573861
8005,621.1576161111644
8006,621.1857214649426
8007,621.213826818721
8008,621.2419321724992
8009,621.2700375262775
8010,621.2981428800557
8011,621.326248233834
8012,621.3543535876124
8013,621.3824589413906
8014,621.4105642951689
8015,621.4386696489472
8016,621.4667750027255
8017,621.4948803565037
8018,621.522985710282
8019,621.5510910640603
8020,621.5791964178386
8021,621.6073017716169
8022,621.6354071253951
8023,621.6635124791735
8024,621.6916178329518
8025,621.71972318673
8026,621.7478285405083
8027,621.7759338942865
8028,621.8040392480649
8029,621.8321446018431
8030,621.8602499556214
8031,621.8883553093998
8032,621.916460663178
8033,621.9445660169563
8034,621.9726713707345
8035,622.0007767245128
8036,622.0288820782911
8037,622.0569874320694
8038,622.0850927858477
8039,622.113198139626
8040,622.1413034934043
8041,622.1694088471825
8042,622.1975142009608
8043,622.225619554739
8044,622.2537249085174
8045,622.2818302622957
8046,622.3099356160739
8047,622.3380409698523
8048,622.3661463236305
8049,622.3942516774088
8050,622.422357031187
8051,622.4504623849652
8052,622.4785677387437
8053,622.5066730925219
8054,622.5347784463002
8055,622.5628838000785
8056,622.5909891538568
8057,622.619094507635
8058,622.6471998614132
8059,622.6753052151915
8060,622.7034105689698
8061,622.7315159227481
8062,622.7596212765263
8063,622.7877266303047
8064,622.815831984083
8065,622.8439373378612
8066,622.8720426916395
8067,622.9001480454177
8068,622.9282533991961
8069,622.9563587529743
8070,622.9844641067526
8071,623.012569460531
8072,623.0406748143092
8073,623.0687801680875
8074,623.0968855218657
8075,623.124990875644
8076,623.1530962294224
8077,623.1812015832006
8078,623.2093069369789
8079,623.2374122907572
8080,623.2655176445355
8081,623.2936229983137
8082,623.321728352092
8083,623.3498337058702
8084,623.3779390596486
8085,623.4060444134269
8086,623.4341497672051
8087,623.4622551209835
8088,623.4903604747617
8089,623.51846582854
8090,623.5465711823183
8091,623.5746765360965
8092,623.6027818898749
8093,623.6308872436531
8094,623.6589925974314
8095,623.6870979512097
8096,623.715203304988
8097,623.7433086587663
8098,623.7714140125445
8099,623.7995193663228
8100,623.8276247201011
8101,623.8557300738794
8102,623.8838354276576
8103,623.911940781436
8104,623.9400461352143
8105,623.9681514889925
8106,623.9962568427708
8107,624.024362196549
8108,624.0524675503274
8109,624.0805729041057
8110,624.1086782578839
8111,624.1367836116623
8112,624.1648889654405
8113,624.1929943192188
8114,624.221099672997
8115,624.2492050267753
8116,624.2773103805537
8117,624.3054157343319
8118,624.3335210881102
8119,624.3616264418885
8120,624.3897317956668
8121,624.417837149445
8122,624.4459425032233
8123,624.4740478570016
8124,624.5021532107799
8125,624.5302585645582
8126,624.5583639183363
8127,624.5864692721148
8128,624.614574625893
8129,624.6426799796712
8130,624.6707853334495
8131,624.6988906872277
8132,624.7269960410061
8133,624.7551013947843
8134,624.7832067485626
8135,624.811312102341
8136,624.8394174561192
8137,624.8675228098975
8138,624.8956281636757
8139,624.923733517454
8140,624.9518388712323
8141,624.9799442250106
8142,625.0080495787889
8143,625.0361549325672
8144,625.0642602863455
8145,625.0923656401237
8146,625.120470993902
8147,625.1485763476802
8148,625.1766817014586
8149,625.2047870552369
8150,625.2328924090151
8151,625.2609977627935
8152,625.2891031165717
8153,625.31720847035
8154,625.3453138241282
8155,625.3734191779065
8156,625.4015245316849
8157,625.4296298854631
8158,625.4577352392414
8159,625.4858405930197
8160,625.513945946798
8161,625.5420513005763
8162,625.5701566543545
8163,625.5982620081328
8164,625.6263673619111
8165,625.6544727156894
8166,625.6825780694676
8167,625.710683423246
8168,625.7387887770243
8169,625.7668941308025
8170,625.7949994845808
8171,625.823104838359
8172,625.8512101921374
8173,625.8793155459156
8174,625.9074208996939
8175,625.9355262534723
8176,625.9636316072505
8177,625.9917369610288
8178,626.019842314807
8179,626.0479476685853
8180,626.0760530223637
8181,626.1041583761419
8182,626.1322637299202
8183,626.1603690836985
8184,626.1884744374768
8185,626.216579791255
8186,626.2446851450333
8187,626.2727904988114
8188,626.3008958525899
8189,626.3290012063682
8190,626.3571065601463
8191,626.3852119139248
8192,626.413317267703
8193,626.4414226214813
8194,626.4695279752596
8195,626.4976333290377
8196,626.5257386828162
8197,626.5538440365943
8198,626.5819493903726
8199,626.610054744151
8200,626.6381600979292
8201,626.6662654517075
8202,626.6943708054857
8203,626.722476159264
8204,626.7505815130423
8205,626.7786868668206
8206,626.8067922205988
8207,626.8348975743772
8208,626.8630029281555
8209,626.8911082819337
8210,626.919213635712
8211,626.9473189894902
8212,626.9754243432686
8213,627.0035296970469
8214,627.0316350508251
8215,627.0597404046035
8216,627.0878457583817
8217,627.11595111216
8218,627.1440564659382
8219,627.1721618197165
8220,627.2002671734949
8221,627.2283725272731
8222,627.2564778810514
8223,627.2845832348297
8224,627.312688588608
8225,627.3407939423862
8226,627.3688992961645
8227,627.3970046499428
8228,627.4251100037211
8229,627.4532153574994
8230,627.4813207112776
8231,627.509426065056
8232,627.5375314188343
8233,627.5656367726125
8234,627.5937421263908
8235,627.621847480169
8236,627.6499528339474
8237,627.6780581877256
8238,627.7061635415039
8239,627.7342688952823
8240,627.7623742490605
8241,627.7904796028388
8242,627.818584956617
8243,627.8466903103953
8244,627.8747956641736
8245,627.9029010179519
8246,627.9310063717302
8247,627.9591117255085
8248,627.9872170792868
8249,628.015322433065
8250,628.0434277868433
8251,628.0715331406215
8252,628.0996384943999
8253,628.1277438481782
8254,628.1558492019564
8255,628.1839545557348
8256,628.212059909513
8257,628.2401652632913
8258,628.2682706170694
8259,628.2963759708477
8260,628.3244813246262
8261,628.3525866784044
8262,628.3806920321827
8263,628.408797385961
8264,628.4369027397393
8265,628.4650080935176
8266,628.4931134472957
8267,628.521218801074
8268,628.5493241548523
8269,628.5774295086306
8270,628.6055348624088
8271,628.6336402161872
8272,628.6617455699655
8273,628.6898509237437
8274,628.717956277522
8275,628.7460616313002
8276,628.7741669850786
8277,628.8022723388568
8278,628.8303776926351
8279,628.8584830464135
8280,628.8865884001917
8281,628.91469375397
8282,628.9427991077482
8283,628.9709044615265
8284,628.9990098153049
8285,629.0271151690831
8286,629.0552205228614
8287,629.0833258766397
8288,629.111431230418
8289,629.1395365841962
8290,629.1676419379745
8291,629.1957472917527
8292,629.2238526455311
8293,629.2519579993094
8294,629.2800633530876
8295,629.308168706866
8296,629.3362740606442
8297,629.3643794144225
8298,629.3924847682008
8299,629.420590121979
8300,629.4486954757574
8301,629.4768008295356
8302,629.5049061833139
8303,629.5330115370923
8304,629.5611168908705
8305,629.5892222446488
8306,629.617327598427
8307,629.6454329522053
8308,629.6735383059836
8309,629.7016436597619
8310,629.7297490135401
8311,629.7578543673185
8312,629.7859597210968
8313,629.814065074875
8314,629.8421704286533
8315,629.8702757824315
8316,629.8983811362099
8317,629.9264864899882
8318,629.9545918437664
8319,629.9826971975448
8320,630.010802551323
8321,630.0389079051013
8322,630.0670132588795
8323,630.0951186126578
8324,630.1232239664362
8325,630.1513293202144
8326,630.1794346739927
8327,630.207540027771
8328,630.2356453815493
8329,630.2637507353274
8330,630.2918560891057
8331,630.319961442884
8332,630.3480667966624
8333,630.3761721504407
8334,630.4042775042188
8335,630.4323828579973
8336,630.4604882117756
8337,630.4885935655537
8338,630.516698919332
8339,630.5448042731102
8340,630.5729096268886
8341,630.6010149806668
8342,630.6291203344451
8343,630.6572256882235
8344,630.6853310420017
8345,630.71343639578
8346,630.7415417495582
8347,630.7696471033365
8348,630.7977524571148
8349,630.8258578108931
8350,630.8539631646714
8351,630.8820685184497
8352,630.910173872228
8353,630.9382792260062
8354,630.9663845797845
8355,630.9944899335627
8356,631.0225952873411
8357,631.0507006411194
8358,631.0788059948976
8359,631.106911348676
8360,631.1350167024542
8361,631.1631220562325
8362,631.1912274100107
8363,631.219332763789
8364,631.2474381175674
8365,631.2755434713456
8366,631.3036488251239
8367,631.3317541789022
8368,631.3598595326805
8369,631.3879648864588
8370,631.416070240237
8371,631.4441755940153
8372,631.4722809477936
8373,631.5003863015719
8374,631.5284916553501
8375,631.5565970091285
8376,631.5847023629068
8377,631.612807716685
8378,631.6409130704633
8379,631.6690184242415
8380,631.6971237780199
8381,631.7252291317981
8382,631.7533344855764
8383,631.7814398393548
8384,631.809545193133
8385,631.8376505469113
8386,631.8657559006895
8387,631.8938612544678
8388,631.9219666082462
8389,631.9500719620244
8390,631.9781773158027
8391,632.006282669581
8392,632.0343880233593
8393,632.0624933771375
8394,632.0905987309158
8395,632.118704084694
8396,632.1468094384724
8397,632.1749147922507
8398,632.2030201460288
8399,632.2311254998073
8400,632.2592308535854
8401,632.2873362073638
8402,632.315441561142
8403,632.3435469149202
8404,632.3716522686987
8405,632.3997576224768
8406,632.4278629762551
8407,632.4559683300336
8408,632.4840736838117
8409,632.51217903759
8410,632.5402843913682
8411,632.5683897451465
8412,632.5964950989248
8413,632.6246004527031
8414,632.6527058064813
8415,632.6808111602597
8416,632.708916514038
8417,632.7370218678162
8418,632.7651272215945
8419,632.7932325753727
8420,632.8213379291511
8421,632.8494432829294
8422,632.8775486367076
8423,632.905653990486
8424,632.9337593442642
8425,632.9618646980425
8426,632.9899700518207
8427,633.018075405599
8428,633.0461807593774
8429,633.0742861131556
8430,633.1023914669339
8431,633.1304968207122
8432,633.1586021744905
8433,633.1867075282687
8434,633.214812882047
8435,633.2429182358253
8436,633.2710235896036
8437,633.2991289433819
8438,633.3272342971601
8439,633.3553396509385
8440,633.3834450047168
8441,633.411550358495
8442,633.4396557122733
8443,633.4677610660515
8444,633.4958664198299
8445,633.5239717736081
8446,633.5520771273864
8447,633.5801824811648
8448,633.608287834943
8449,633.6363931887213
8450,633.6644985424995
8451,633.6926038962778
8452,633.7207092500561
8453,633.7488146038344
8454,633.7769199576127
8455,633.805025311391
8456,633.8331306651693
8457,633.8612360189475
8458,633.8893413727258
8459,633.917446726504
8460,633.9455520802824
8461,633.9736574340607
8462,634.0017627878389
8463,634.0298681416173
8464,634.0579734953955
8465,634.0860788491738
8466,634.114184202952
8467,634.1422895567302
8468,634.1703949105087
8469,634.1985002642868
8470,634.2266056180652
8471,634.2547109718435
8472,634.2828163256218
8473,634.3109216794
8474,634.3390270331782
8475,634.3671323869565
8476,634.3952377407348
8477,634.4233430945131
8478,634.4514484482913
8479,634.4795538020697
8480,634.507659155848
8481,634.5357645096262
8482,634.5638698634045
8483,634.5919752171827
8484,634.6200805709611
8485,634.6481859247393
8486,634.6762912785176
8487,634.704396632296
8488,634.7325019860742
8489,634.7606073398525
8490,634.7887126936307
8491,634.816818047409
8492,634.8449234011874
8493,634.8730287549656
8494,634.9011341087439
8495,634.9292394625222
8496,634.9573448163005
8497,634.9854501700787
8498,635.013555523857
8499,635.0416608776352
8500,635.0697662314136
8501,635.0978715851919
8502,635.1259769389701
8503,635.1540822927485
8504,635.1821876465267
8505,635.210293000305
8506,635.2383983540833
8507,635.2665037078615
8508,635.2946090616399
8509,635.3227144154181
8510,635.3508197691964
8511,635.3789251229748
8512,635.407030476753
8513,635.4351358305313
8514,635.4632411843095
8515,635.4913465380878
8516,635.5194518918661
8517,635.5475572456444
8518,635.5756625994226
8519,635.603767953201
8520,635.6318733069793
8521,635.6599786607575
8522,635.6880840145358
8523,635.716189368314
8524,635.7442947220924
8525,635.7724000758707
8526,635.8005054296489
8527,635.8286107834273
8528,635.8567161372055
8529,635.8848214909838
8530,635.912926844762
8531,635.9410321985403
8532,635.9691375523187
8533,635.9972429060969
8534,636.0253482598752
8535,636.0534536136535
8536,636.0815589674318
8537,636.10966432121
8538,636.1377696749882
8539,636.1658750287665
8540,636.1939803825449
8541,636.2220857363232
8542,636.2501910901013
8543,636.2782964438798
8544,636.306401797658
8545,636.3345071514362
8546,636.3626125052145
8547,636.3907178589927
8548,636.4188232127711
8549,636.4469285665493
8550,636.4750339203276
8551,636.503139274106
8552,636.5312446278842
8553,636.5593499816625
8554,636.5874553354407
8555,636.615560689219
8556,636.6436660429973
8557,636.6717713967756
8558,636.6998767505539
8559,636.7279821043322
8560,636.7560874581105
8561,636.7841928118887
8562,636.812298165667
8563,636.8404035194452
8564,636.8685088732236
8565,636.8966142270019
8566,636.9247195807801
8567,636.9528249345585
8568,636.9809302883367
8569,637.009035642115
8570,637.0371409958932
8571,637.0652463496715
8572,637.0933517034499
8573,637.1214570572281
8574,637.1495624110064
8575,637.1776677647847
8576,637.205773118563
8577,637.2338784723413
8578,637.2619838261195
8579,637.2900891798978
8580,637.3181945336761
8581,637.3462998874544
8582,637.3744052412326
8583,637.402510595011
8584,637.4306159487893
8585,637.4587213025675
8586,637.4868266563458
8587,637.514932010124
8588,637.5430373639024
8589,637.5711427176806
8590,637.5992480714589
8591,637.6273534252373
8592,637.6554587790155
8593,637.6835641327938
8594,637.711669486572
8595,637.7397748403503
8596,637.7678801941287
8597,637.7959855479069
8598,637.8240909016852
8599,637.8521962554635
8600,637.8803016092418
8601,637.90840696302
8602,637.9365123167983
8603,637.9646176705764
8604,637.9927230243549
8605,638.0208283781332
8606,638.0489337319113
8607,638.0770390856898
8608,638.105144439468
8609,638.1332497932463
8610,638.1613551470246
8611,638.1894605008027
8612,638.2175658545812
8613,638.2456712083593
8614,638.2737765621376
8615,638.301881915916
8616,638.3299872696942
8617,638.3580926234725
8618,638.3861979772507
8619,638.414303331029
8620,638.4424086848073
8621,638.4705140385856
8622,638.4986193923638
8623,638.5267247461422
8624,638.5548300999205
8625,638.5829354536987
8626,638.611040807477
8627,638.6391461612552
8628,638.6672515150336
8629,638.6953568688119
8630,638.7234622225901
8631,638.7515675763685
8632,638.7796729301467
8633,638.807778283925
8634,638.8358836377032
8635,638.8639889914815
8636,638.8920943452599
8637,638.9201996990381
8638,638.9483050528164
8639,638.9764104065947
8640,639.004515760373
