step,forecast_tb
1,396.139782012467
2,396.153542186214
3,396.16730235996096
4,396.1810625337079
5,396.19482270745493
6,396.20858288120195
7,396.22234305494885
8,396.23610322869587
9,396.2498634024429
10,396.2636235761899
11,396.2773837499368
12,396.2911439236838
13,396.30490409743084
14,396.3186642711778
15,396.33242444492475
16,396.34618461867177
17,396.35994479241873
18,396.37370496616575
19,396.3874651399127
20,396.40122531365967
21,396.4149854874067
22,396.4287456611537
23,396.4425058349007
24,396.4562660086476
25,396.47002618239463
26,396.48378635614165
27,396.4975465298886
28,396.51130670363557
29,396.5250668773826
30,396.53882705112954
31,396.55258722487656
32,396.5663473986235
33,396.5801075723705
34,396.5938677461175
35,396.6076279198645
36,396.6213880936114
37,396.63514826735843
38,396.64890844110545
39,396.66266861485246
40,396.6764287885994
41,396.6901889623464
42,396.7039491360934
43,396.71770930984036
44,396.7314694835874
45,396.74522965733433
46,396.7589898310813
47,396.7727500048283
48,396.7865101785753
49,396.80027035232223
50,396.81403052606925
51,396.82779069981626
52,396.8415508735633
53,396.8553110473102
54,396.8690712210572
55,396.8828313948042
56,396.8965915685512
57,396.91035174229813
58,396.92411191604515
59,396.9378720897921
60,396.9516322635391
61,396.96539243728614
62,396.97915261103304
63,396.99291278478006
64,397.0066729585271
65,397.02043313227404
66,397.034193306021
67,397.047953479768
68,397.061713653515
69,397.075473827262
70,397.08923400100895
71,397.10299417475596
72,397.1167543485029
73,397.13051452224994
74,397.1442746959969
75,397.15803486974386
76,397.1717950434909
77,397.1855552172379
78,397.19931539098485
79,397.2130755647318
80,397.2268357384788
81,397.2405959122258
82,397.2543560859728
83,397.26811625971976
84,397.2818764334668
85,397.29563660721374
86,397.30939678096075
87,397.3231569547077
88,397.3369171284547
89,397.3506773022017
90,397.3644374759487
91,397.3781976496956
92,397.3919578234426
93,397.40571799718964
94,397.4194781709366
95,397.43323834468356
96,397.4469985184306
97,397.46075869217754
98,397.47451886592455
99,397.48827903967157
100,397.5020392134185
101,397.5157993871655
102,397.5295595609125
103,397.5433197346595
104,397.5570799084064
105,397.57084008215344
106,397.58460025590045
107,397.5983604296474
108,397.6121206033944
109,397.6258807771414
110,397.63964095088835
111,397.65340112463537
112,397.6671612983823
113,397.6809214721293
114,397.6946816458763
115,397.7084418196233
116,397.7222019933703
117,397.73596216711724
118,397.74972234086425
119,397.76348251461127
120,397.7772426883582
121,397.7910028621052
122,397.8047630358522
123,397.81852320959916
124,397.8322833833462
125,397.84604355709314
126,397.8598037308401
127,397.8735639045871
128,397.88732407833413
129,397.90108425208103
130,397.91484442582805
131,397.92860459957507
132,397.9423647733221
133,397.956124947069
134,397.969885120816
135,397.983645294563
136,397.99740546831
137,398.01116564205694
138,398.02492581580395
139,398.0386859895509
140,398.05244616329793
141,398.06620633704495
142,398.07996651079185
143,398.09372668453886
144,398.1074868582859
145,398.1212470320329
146,398.1350072057798
147,398.1487673795268
148,398.16252755327383
149,398.1762877270208
150,398.19004790076775
151,398.20380807451477
152,398.2175682482617
153,398.23132842200874
154,398.2450885957557
155,398.25884876950266
156,398.2726089432497
157,398.2863691169967
158,398.3001292907436
159,398.3138894644906
160,398.32764963823763
161,398.34140981198465
162,398.3551699857316
163,398.36893015947857
164,398.3826903332256
165,398.39645050697254
166,398.41021068071956
167,398.4239708544665
168,398.4377310282135
169,398.4514912019605
170,398.4652513757075
171,398.4790115494544
172,398.49277172320143
173,398.50653189694845
174,398.52029207069546
175,398.53405224444236
176,398.5478124181894
177,398.5615725919364
178,398.57533276568336
179,398.5890929394304
180,398.60285311317733
181,398.6166132869243
182,398.6303734606713
183,398.6441336344183
184,398.6578938081652
185,398.67165398191224
186,398.68541415565926
187,398.6991743294063
188,398.7129345031532
189,398.7266946769002
190,398.7404548506472
191,398.75421502439417
192,398.76797519814113
193,398.78173537188815
194,398.7954955456351
195,398.8092557193821
196,398.82301589312914
197,398.83677606687604
198,398.85053624062306
199,398.8642964143701
200,398.8780565881171
201,398.891816761864
202,398.905576935611
203,398.919337109358
204,398.933097283105
205,398.94685745685194
206,398.96061763059896
207,398.9743778043459
208,398.98813797809294
209,399.00189815183995
210,399.01565832558686
211,399.0294184993339
212,399.0431786730809
213,399.05693884682785
214,399.0706990205748
215,399.0844591943218
216,399.09821936806884
217,399.1119795418158
218,399.12573971556276
219,399.1394998893098
220,399.15326006305673
221,399.16702023680375
222,399.1807804105507
223,399.19454058429767
224,399.2083007580447
225,399.2220609317917
226,399.23582110553866
227,399.2495812792856
228,399.26334145303264
229,399.2771016267796
230,399.2908618005266
231,399.3046219742736
232,399.3183821480206
233,399.33214232176755
234,399.34590249551457
235,399.3596626692615
236,399.3734228430085
237,399.3871830167555
238,399.4009431905025
239,399.4147033642494
240,399.42846353799644
241,399.44222371174345
242,399.4559838854904
243,399.4697440592374
244,399.4835042329844
245,399.49726440673135
246,399.51102458047836
247,399.5247847542254
248,399.53854492797234
249,399.5523051017193
250,399.5660652754663
251,399.57982544921333
252,399.59358562296023
253,399.60734579670725
254,399.62110597045427
255,399.6348661442012
256,399.6486263179482
257,399.6623864916952
258,399.67614666544216
259,399.6899068391892
260,399.7036670129362
261,399.71742718668315
262,399.7311873604301
263,399.74494753417713
264,399.75870770792415
265,399.77246788167105
266,399.78622805541806
267,399.7999882291651
268,399.81374840291204
269,399.827508576659
270,399.841268750406
271,399.855028924153
272,399.8687890979
273,399.882549271647
274,399.8963094453939
275,399.9100696191409
276,399.92382979288794
277,399.93758996663496
278,399.95135014038186
279,399.9651103141289
280,399.9788704878759
281,399.99263066162285
282,400.0063908353698
283,400.02015100911683
284,400.0339111828638
285,400.0476713566108
286,400.06143153035777
287,400.0751917041047
288,400.08895187785174
289,400.10271205159876
290,400.1164722253458
291,400.1302323990927
292,400.1439925728397
293,400.1577527465867
294,400.17151292033367
295,400.1852730940806
296,400.19903326782764
297,400.2127934415746
298,400.2265536153216
299,400.2403137890686
300,400.25407396281554
301,400.26783413656256
302,400.2815943103096
303,400.2953544840565
304,400.3091146578035
305,400.3228748315505
306,400.3366350052975
307,400.3503951790445
308,400.36415535279144
309,400.37791552653846
310,400.3916757002854
311,400.40543587403243
312,400.4191960477794
313,400.43295622152635
314,400.44671639527337
315,400.4604765690204
316,400.4742367427673
317,400.4879969165143
318,400.5017570902613
319,400.51551726400834
320,400.52927743775524
321,400.54303761150226
322,400.5567977852493
323,400.57055795899623
324,400.58431813274325
325,400.5980783064902
326,400.61183848023717
327,400.6255986539842
328,400.6393588277312
329,400.6531190014781
330,400.6668791752251
331,400.68063934897214
332,400.69439952271915
333,400.70815969646605
334,400.72191987021307
335,400.7356800439601
336,400.74944021770705
337,400.763200391454
338,400.776960565201
339,400.790720738948
340,400.804480912695
341,400.818241086442
342,400.8320012601889
343,400.84576143393593
344,400.85952160768295
345,400.8732817814299
346,400.88704195517687
347,400.9008021289239
348,400.9145623026709
349,400.92832247641786
350,400.9420826501648
351,400.95584282391184
352,400.9696029976588
353,400.9833631714058
354,400.99712334515283
355,401.01088351889973
356,401.02464369264675
357,401.03840386639376
358,401.0521640401407
359,401.0659242138877
360,401.0796843876347
361,401.09344456138166
362,401.1072047351287
363,401.12096490887564
364,401.13472508262265
365,401.1484852563696
366,401.1622454301166
367,401.1760056038636
368,401.18976577761055
369,401.20352595135756
370,401.2172861251046
371,401.23104629885154
372,401.2448064725985
373,401.2585666463455
374,401.2723268200925
375,401.2860869938395
376,401.29984716758645
377,401.31360734133347
378,401.3273675150804
379,401.34112768882744
380,401.3548878625744
381,401.36864803632136
382,401.3824082100684
383,401.3961683838154
384,401.4099285575623
385,401.4236887313093
386,401.4374489050563
387,401.4512090788033
388,401.4649692525503
389,401.47872942629726
390,401.4924896000442
391,401.50624977379124
392,401.52000994753826
393,401.5337701212852
394,401.5475302950322
395,401.5612904687792
396,401.5750506425262
397,401.5888108162731
398,401.6025709900201
399,401.61633116376714
400,401.6300913375141
401,401.6438515112611
402,401.6576116850081
403,401.67137185875504
404,401.68513203250205
405,401.69889220624907
406,401.712652379996
407,401.726412553743
408,401.74017272749
409,401.753932901237
410,401.7676930749839
411,401.78145324873094
412,401.79521342247796
413,401.8089735962249
414,401.8227337699719
415,401.8364939437189
416,401.85025411746585
417,401.86401429121287
418,401.8777744649599
419,401.8915346387068
420,401.9052948124538
421,401.9190549862008
422,401.93281515994784
423,401.94657533369474
424,401.96033550744175
425,401.97409568118877
426,401.98785585493573
427,402.0016160286827
428,402.0153762024297
429,402.02913637617667
430,402.0428965499237
431,402.05665672367064
432,402.0704168974176
433,402.0841770711646
434,402.09793724491163
435,402.11169741865865
436,402.12545759240555
437,402.13921776615257
438,402.1529779398996
439,402.16673811364655
440,402.1804982873935
441,402.1942584611405
442,402.2080186348875
443,402.2217788086345
444,402.23553898238146
445,402.2492991561284
446,402.26305932987543
447,402.27681950362245
448,402.29057967736935
449,402.30433985111637
450,402.3181000248634
451,402.3318601986104
452,402.34562037235736
453,402.3593805461043
454,402.37314071985134
455,402.3869008935983
456,402.4006610673453
457,402.41442124109227
458,402.42818141483923
459,402.44194158858625
460,402.45570176233326
461,402.46946193608017
462,402.4832221098272
463,402.4969822835742
464,402.5107424573212
465,402.5245026310681
466,402.53826280481513
467,402.55202297856215
468,402.5657831523091
469,402.5795433260561
470,402.5933034998031
471,402.60706367355004
472,402.62082384729706
473,402.6345840210441
474,402.648344194791
475,402.662104368538
476,402.675864542285
477,402.689624716032
478,402.70338488977893
479,402.71714506352595
480,402.73090523727296
481,402.7446654110199
482,402.75842558476694
483,402.7721857585139
484,402.78594593226086
485,402.7997061060079
486,402.8134662797549
487,402.8272264535018
488,402.8409866272488
489,402.8547468009958
490,402.8685069747428
491,402.88226714848975
492,402.89602732223676
493,402.9097874959838
494,402.92354766973074
495,402.9373078434777
496,402.9510680172247
497,402.9648281909717
498,402.9785883647187
499,402.9923485384657
500,403.0061087122126
501,403.0198688859596
502,403.03362905970664
503,403.0473892334536
504,403.06114940720056
505,403.0749095809476
506,403.08866975469454
507,403.10242992844155
508,403.1161901021885
509,403.1299502759355
510,403.1437104496825
511,403.1574706234295
512,403.17123079717646
513,403.1849909709234
514,403.19875114467044
515,403.21251131841746
516,403.2262714921644
517,403.2400316659114
518,403.2537918396584
519,403.26755201340535
520,403.28131218715237
521,403.2950723608993
522,403.3088325346463
523,403.3225927083933
524,403.3363528821403
525,403.3501130558873
526,403.36387322963424
527,403.37763340338125
528,403.39139357712827
529,403.40515375087523
530,403.4189139246222
531,403.4326740983692
532,403.44643427211616
533,403.4601944458632
534,403.47395461961014
535,403.4877147933571
536,403.5014749671041
537,403.51523514085113
538,403.52899531459803
539,403.54275548834505
540,403.55651566209207
541,403.5702758358391
542,403.584036009586
543,403.597796183333
544,403.61155635708
545,403.625316530827
546,403.639076704574
547,403.65283687832095
548,403.6665970520679
549,403.68035722581493
550,403.69411739956195
551,403.70787757330885
552,403.72163774705587
553,403.7353979208029
554,403.7491580945499
555,403.7629182682968
556,403.7766784420438
557,403.79043861579083
558,403.8041987895378
559,403.81795896328475
560,403.83171913703177
561,403.8454793107787
562,403.85923948452574
563,403.87299965827276
564,403.88675983201966
565,403.9005200057667
566,403.9142801795137
567,403.9280403532607
568,403.9418005270076
569,403.95556070075463
570,403.96932087450165
571,403.9830810482486
572,403.99684122199557
573,404.0106013957426
574,404.02436156948954
575,404.03812174323656
576,404.0518819169835
577,404.0656420907305
578,404.0794022644775
579,404.0931624382245
580,404.1069226119715
581,404.12068278571843
582,404.13444295946545
583,404.14820313321246
584,404.1619633069594
585,404.1757234807064
586,404.1894836544534
587,404.20324382820036
588,404.2170040019474
589,404.23076417569433
590,404.2445243494413
591,404.2582845231883
592,404.2720446969353
593,404.2858048706822
594,404.29956504442924
595,404.31332521817626
596,404.3270853919233
597,404.34084556567024
598,404.3546057394172
599,404.3683659131642
600,404.38212608691117
601,404.3958862606582
602,404.40964643440515
603,404.4234066081521
604,404.4371667818991
605,404.45092695564614
606,404.46468712939304
607,404.47844730314006
608,404.4922074768871
609,404.5059676506341
610,404.51972782438105
611,404.533487998128
612,404.547248171875
613,404.561008345622
614,404.574768519369
615,404.58852869311596
616,404.6022888668629
617,404.61604904060994
618,404.62980921435695
619,404.64356938810386
620,404.6573295618509
621,404.6710897355979
622,404.68484990934485
623,404.6986100830918
624,404.7123702568388
625,404.72613043058584
626,404.7398906043328
627,404.7536507780798
628,404.7674109518268
629,404.78117112557374
630,404.79493129932075
631,404.80869147306777
632,404.82245164681467
633,404.8362118205617
634,404.8499719943087
635,404.86373216805566
636,404.8774923418026
637,404.89125251554964
638,404.9050126892966
639,404.9187728630436
640,404.9325330367906
641,404.9462932105376
642,404.96005338428455
643,404.97381355803157
644,404.9875737317785
645,405.0013339055255
646,405.0150940792725
647,405.0288542530195
648,405.0426144267664
649,405.05637460051344
650,405.07013477426045
651,405.0838949480074
652,405.09765512175437
653,405.1114152955014
654,405.12517546924835
655,405.13893564299536
656,405.1526958167423
657,405.16645599048934
658,405.1802161642363
659,405.1939763379833
660,405.2077365117303
661,405.22149668547723
662,405.23525685922425
663,405.24901703297127
664,405.26277720671817
665,405.2765373804652
666,405.2902975542122
667,405.30405772795916
668,405.3178179017061
669,405.33157807545314
670,405.3453382492001
671,405.3590984229471
672,405.3728585966941
673,405.3866187704411
674,405.40037894418805
675,405.41413911793506
676,405.427899291682
677,405.441659465429
678,405.455419639176
679,405.469179812923
680,405.4829399866699
681,405.49670016041694
682,405.51046033416395
683,405.5242205079109
684,405.53798068165787
685,405.5517408554049
686,405.5655010291519
687,405.57926120289886
688,405.5930213766458
689,405.60678155039284
690,405.6205417241398
691,405.6343018978868
692,405.6480620716338
693,405.66182224538073
694,405.67558241912775
695,405.68934259287477
696,405.70310276662167
697,405.7168629403687
698,405.7306231141157
699,405.74438328786266
700,405.7581434616096
701,405.77190363535664
702,405.78566380910365
703,405.7994239828506
704,405.8131841565976
705,405.8269443303446
706,405.84070450409155
707,405.85446467783856
708,405.8682248515855
709,405.8819850253325
710,405.8957451990795
711,405.9095053728265
712,405.9232655465734
713,405.93702572032043
714,405.95078589406745
715,405.9645460678144
716,405.97830624156137
717,405.9920664153084
718,406.0058265890554
719,406.01958676280236
720,406.0333469365493
721,406.04710711029634
722,406.0608672840433
723,406.0746274577903
724,406.0883876315373
725,406.10214780528423
726,406.11590797903125
727,406.12966815277827
728,406.14342832652517
729,406.1571885002722
730,406.1709486740192
731,406.18470884776616
732,406.1984690215131
733,406.21222919526014
734,406.22598936900715
735,406.2397495427541
736,406.25350971650107
737,406.2672698902481
738,406.28103006399505
739,406.29479023774206
740,406.308550411489
741,406.322310585236
742,406.336070758983
743,406.34983093273
744,406.3635911064769
745,406.37735128022393
746,406.39111145397095
747,406.4048716277179
748,406.41863180146487
749,406.4323919752119
750,406.4461521489589
751,406.45991232270586
752,406.4736724964528
753,406.48743267019984
754,406.5011928439468
755,406.5149530176938
756,406.5287131914408
757,406.54247336518773
758,406.55623353893475
759,406.56999371268176
760,406.58375388642867
761,406.5975140601757
762,406.6112742339227
763,406.62503440766966
764,406.6387945814166
765,406.65255475516364
766,406.66631492891065
767,406.6800751026576
768,406.69383527640457
769,406.7075954501516
770,406.72135562389855
771,406.73511579764556
772,406.7488759713925
773,406.7626361451395
774,406.7763963188865
775,406.7901564926335
776,406.8039166663804
777,406.81767684012743
778,406.83143701387445
779,406.84519718762147
780,406.85895736136837
781,406.8727175351154
782,406.8864777088624
783,406.90023788260936
784,406.9139980563563
785,406.92775823010334
786,406.9415184038503
787,406.9552785775973
788,406.96903875134427
789,406.98279892509123
790,406.99655909883825
791,407.01031927258526
792,407.02407944633217
793,407.0378396200792
794,407.0515997938262
795,407.0653599675732
796,407.0791201413201
797,407.09288031506713
798,407.10664048881415
799,407.1204006625611
800,407.13416083630807
801,407.1479210100551
802,407.16168118380205
803,407.17544135754906
804,407.189201531296
805,407.202961705043
806,407.21672187879
807,407.230482052537
808,407.2442422262839
809,407.25800240003093
810,407.27176257377795
811,407.28552274752496
812,407.29928292127187
813,407.3130430950189
814,407.3268032687659
815,407.34056344251286
816,407.3543236162598
817,407.36808379000684
818,407.3818439637538
819,407.3956041375008
820,407.40936431124777
821,407.42312448499473
822,407.43688465874175
823,407.45064483248876
824,407.46440500623567
825,407.4781651799827
826,407.4919253537297
827,407.5056855274767
828,407.5194457012236
829,407.53320587497063
830,407.54696604871765
831,407.5607262224646
832,407.57448639621157
833,407.5882465699586
834,407.60200674370554
835,407.61576691745256
836,407.6295270911995
837,407.6432872649465
838,407.6570474386935
839,407.6708076124405
840,407.6845677861874
841,407.69832795993443
842,407.71208813368145
843,407.72584830742846
844,407.73960848117537
845,407.7533686549224
846,407.7671288286694
847,407.78088900241636
848,407.7946491761633
849,407.80840934991033
850,407.8221695236573
851,407.8359296974043
852,407.84968987115127
853,407.86345004489823
854,407.87721021864525
855,407.89097039239226
856,407.90473056613916
857,407.9184907398862
858,407.9322509136332
859,407.9460110873802
860,407.9597712611271
861,407.97353143487413
862,407.98729160862115
863,408.0010517823681
864,408.01481195611507
865,408.0285721298621
866,408.04233230360904
867,408.05609247735606
868,408.069852651103
869,408.08361282485
870,408.097372998597
871,408.111133172344
872,408.1248933460909
873,408.13865351983793
874,408.15241369358495
875,408.16617386733196
876,408.17993404107887
877,408.1936942148259
878,408.2074543885729
879,408.22121456231986
880,408.2349747360668
881,408.24873490981383
882,408.2624950835608
883,408.2762552573078
884,408.29001543105477
885,408.30377560480173
886,408.31753577854874
887,408.33129595229576
888,408.34505612604266
889,408.3588162997897
890,408.3725764735367
891,408.3863366472837
892,408.4000968210306
893,408.41385699477763
894,408.42761716852465
895,408.4413773422716
896,408.45513751601857
897,408.4688976897656
898,408.48265786351254
899,408.49641803725956
900,408.5101782110065
901,408.5239383847535
902,408.5376985585005
903,408.5514587322475
904,408.5652189059944
905,408.57897907974143
906,408.59273925348845
907,408.60649942723546
908,408.62025960098237
909,408.6340197747294
910,408.6477799484764
911,408.66154012222336
912,408.6753002959703
913,408.68906046971733
914,408.7028206434643
915,408.7165808172113
916,408.73034099095827
917,408.7441011647052
918,408.75786133845224
919,408.77162151219926
920,408.78538168594616
921,408.7991418596932
922,408.8129020334402
923,408.8266622071872
924,408.8404223809341
925,408.85418255468113
926,408.86794272842815
927,408.8817029021751
928,408.89546307592207
929,408.9092232496691
930,408.92298342341604
931,408.93674359716306
932,408.95050377091
933,408.964263944657
934,408.978024118404
935,408.991784292151
936,409.0055444658979
937,409.01930463964493
938,409.03306481339195
939,409.04682498713896
940,409.06058516088586
941,409.0743453346329
942,409.0881055083799
943,409.10186568212686
944,409.1156258558738
945,409.12938602962083
946,409.1431462033678
947,409.1569063771148
948,409.17066655086177
949,409.1844267246087
950,409.19818689835574
951,409.21194707210276
952,409.22570724584966
953,409.2394674195967
954,409.2532275933437
955,409.2669877670907
956,409.2807479408376
957,409.29450811458463
958,409.30826828833165
959,409.3220284620786
960,409.33578863582557
961,409.3495488095726
962,409.36330898331954
963,409.37706915706656
964,409.3908293308135
965,409.4045895045605
966,409.4183496783075
967,409.4321098520545
968,409.4458700258014
969,409.4596301995484
970,409.47339037329544
971,409.48715054704246
972,409.50091072078936
973,409.5146708945364
974,409.5284310682834
975,409.54219124203036
976,409.5559514157773
977,409.56971158952433
978,409.5834717632713
979,409.5972319370183
980,409.61099211076527
981,409.6247522845122
982,409.63851245825924
983,409.65227263200626
984,409.66603280575316
985,409.6797929795002
986,409.6935531532472
987,409.7073133269942
988,409.7210735007411
989,409.73483367448813
990,409.74859384823515
991,409.7623540219821
992,409.77611419572906
993,409.7898743694761
994,409.80363454322304
995,409.81739471697006
996,409.831154890717
997,409.844915064464
998,409.858675238211
999,409.872435411958
1000,409.8861955857049
1001,409.8999557594519
1002,409.91371593319894
1003,409.92747610694596
1004,409.94123628069286
1005,409.9549964544399
1006,409.9687566281869
1007,409.98251680193385
1008,409.9962769756808
1009,410.01003714942783
1010,410.0237973231748
1011,410.0375574969218
1012,410.05131767066877
1013,410.0650778444157
1014,410.07883801816274
1015,410.09259819190976
1016,410.10635836565666
1017,410.1201185394037
1018,410.1338787131507
1019,410.1476388868977
1020,410.1613990606446
1021,410.17515923439163
1022,410.18891940813864
1023,410.2026795818856
1024,410.21643975563256
1025,410.2301999293796
1026,410.24396010312654
1027,410.25772027687356
1028,410.2714804506205
1029,410.2852406243675
1030,410.2990007981145
1031,410.3127609718615
1032,410.3265211456084
1033,410.3402813193554
1034,410.35404149310244
1035,410.36780166684946
1036,410.38156184059636
1037,410.3953220143434
1038,410.4090821880904
1039,410.42284236183735
1040,410.4366025355843
1041,410.45036270933133
1042,410.4641228830783
1043,410.4778830568253
1044,410.49164323057227
1045,410.5054034043192
1046,410.51916357806624
1047,410.53292375181326
1048,410.54668392556016
1049,410.5604440993072
1050,410.5742042730542
1051,410.5879644468012
1052,410.6017246205481
1053,410.6154847942951
1054,410.62924496804214
1055,410.6430051417891
1056,410.65676531553606
1057,410.6705254892831
1058,410.68428566303004
1059,410.69804583677706
1060,410.711806010524
1061,410.725566184271
1062,410.739326358018
1063,410.753086531765
1064,410.7668467055119
1065,410.7806068792589
1066,410.79436705300594
1067,410.80812722675296
1068,410.82188740049986
1069,410.8356475742469
1070,410.8494077479939
1071,410.86316792174085
1072,410.8769280954878
1073,410.89068826923483
1074,410.9044484429818
1075,410.9182086167288
1076,410.93196879047576
1077,410.9457289642227
1078,410.95948913796974
1079,410.97324931171676
1080,410.9870094854637
1081,411.0007696592107
1082,411.0145298329577
1083,411.0282900067047
1084,411.0420501804516
1085,411.0558103541986
1086,411.06957052794564
1087,411.0833307016926
1088,411.09709087543956
1089,411.1108510491866
1090,411.12461122293354
1091,411.13837139668055
1092,411.1521315704275
1093,411.1658917441745
1094,411.1796519179215
1095,411.1934120916685
1096,411.20717226541547
1097,411.2209324391624
1098,411.23469261290944
1099,411.24845278665646
1100,411.26221296040336
1101,411.2759731341504
1102,411.2897333078974
1103,411.30349348164435
1104,411.3172536553913
1105,411.3310138291383
1106,411.3447740028853
1107,411.3585341766323
1108,411.37229435037926
1109,411.3860545241262
1110,411.39981469787324
1111,411.41357487162026
1112,411.4273350453672
1113,411.4410952191142
1114,411.4548553928612
1115,411.4686155666082
1116,411.4823757403551
1117,411.4961359141021
1118,411.50989608784914
1119,411.5236562615961
1120,411.53741643534306
1121,411.5511766090901
1122,411.56493678283704
1123,411.57869695658405
1124,411.592457130331
1125,411.606217304078
1126,411.619977477825
1127,411.633737651572
1128,411.64749782531896
1129,411.6612579990659
1130,411.67501817281294
1131,411.68877834655996
1132,411.70253852030686
1133,411.7162986940539
1134,411.7300588678009
1135,411.74381904154785
1136,411.7575792152948
1137,411.7713393890418
1138,411.7850995627888
1139,411.7988597365358
1140,411.81261991028276
1141,411.8263800840297
1142,411.84014025777674
1143,411.85390043152375
1144,411.8676606052707
1145,411.8814207790177
1146,411.8951809527647
1147,411.9089411265117
1148,411.9227013002586
1149,411.9364614740056
1150,411.95022164775264
1151,411.9639818214996
1152,411.97774199524656
1153,411.9915021689936
1154,412.00526234274054
1155,412.01902251648755
1156,412.0327826902345
1157,412.0465428639815
1158,412.0603030377285
1159,412.0740632114755
1160,412.08782338522246
1161,412.1015835589694
1162,412.11534373271644
1163,412.12910390646346
1164,412.14286408021036
1165,412.1566242539574
1166,412.1703844277044
1167,412.18414460145135
1168,412.1979047751983
1169,412.2116649489453
1170,412.2254251226923
1171,412.2391852964393
1172,412.25294547018626
1173,412.2667056439333
1174,412.28046581768024
1175,412.29422599142725
1176,412.3079861651742
1177,412.3217463389212
1178,412.3355065126682
1179,412.3492666864152
1180,412.3630268601621
1181,412.3767870339091
1182,412.39054720765614
1183,412.4043073814031
1184,412.41806755515006
1185,412.4318277288971
1186,412.44558790264404
1187,412.45934807639105
1188,412.473108250138
1189,412.486868423885
1190,412.500628597632
1191,412.514388771379
1192,412.52814894512596
1193,412.5419091188729
1194,412.55566929261994
1195,412.56942946636696
1196,412.58318964011386
1197,412.5969498138609
1198,412.6107099876079
1199,412.62447016135485
1200,412.6382303351018
1201,412.6519905088488
1202,412.6657506825958
1203,412.6795108563428
1204,412.69327103008976
1205,412.7070312038368
1206,412.72079137758374
1207,412.73455155133075
1208,412.7483117250777
1209,412.7620718988247
1210,412.7758320725717
1211,412.7895922463187
1212,412.8033524200656
1213,412.8171125938126
1214,412.83087276755964
1215,412.8446329413066
1216,412.85839311505356
1217,412.8721532888006
1218,412.88591346254753
1219,412.89967363629455
1220,412.9134338100415
1221,412.9271939837885
1222,412.9409541575355
1223,412.9547143312825
1224,412.96847450502946
1225,412.9822346787764
1226,412.99599485252344
1227,413.00975502627045
1228,413.02351520001736
1229,413.0372753737644
1230,413.0510355475114
1231,413.06479572125835
1232,413.0785558950053
1233,413.0923160687523
1234,413.1060762424993
1235,413.1198364162463
1236,413.13359658999326
1237,413.1473567637403
1238,413.16111693748724
1239,413.17487711123425
1240,413.1886372849812
1241,413.20239745872817
1242,413.2161576324752
1243,413.2299178062222
1244,413.2436779799691
1245,413.2574381537161
1246,413.27119832746314
1247,413.2849585012101
1248,413.29871867495706
1249,413.3124788487041
1250,413.32623902245103
1251,413.33999919619805
1252,413.353759369945
1253,413.367519543692
1254,413.381279717439
1255,413.395039891186
1256,413.40880006493296
1257,413.4225602386799
1258,413.43632041242694
1259,413.45008058617395
1260,413.46384075992086
1261,413.4776009336679
1262,413.4913611074149
1263,413.50512128116185
1264,413.5188814549088
1265,413.5326416286558
1266,413.54640180240284
1267,413.5601619761498
1268,413.57392214989676
1269,413.5876823236438
1270,413.60144249739074
1271,413.61520267113775
1272,413.6289628448847
1273,413.64272301863167
1274,413.6564831923787
1275,413.6702433661257
1276,413.6840035398726
1277,413.6977637136196
1278,413.71152388736664
1279,413.7252840611136
1280,413.7390442348606
1281,413.7528044086076
1282,413.7665645823546
1283,413.78032475610155
1284,413.7940849298485
1285,413.8078451035955
1286,413.8216052773425
1287,413.8353654510895
1288,413.8491256248365
1289,413.8628857985834
1290,413.87664597233044
1291,413.89040614607745
1292,413.90416631982436
1293,413.9179264935714
1294,413.9316866673184
1295,413.94544684106535
1296,413.95920701481236
1297,413.9729671885593
1298,413.98672736230634
1299,414.0004875360533
1300,414.01424770980026
1301,414.0280078835473
1302,414.04176805729423
1303,414.05552823104125
1304,414.06928840478827
1305,414.08304857853517
1306,414.0968087522822
1307,414.1105689260292
1308,414.1243290997761
1309,414.1380892735231
1310,414.15184944727014
1311,414.1656096210171
1312,414.1793697947641
1313,414.1931299685111
1314,414.2068901422581
1315,414.22065031600505
1316,414.234410489752
1317,414.248170663499
1318,414.261930837246
1319,414.275691010993
1320,414.28945118474
1321,414.3032113584869
1322,414.31697153223394
1323,414.33073170598095
1324,414.34449187972785
1325,414.35825205347487
1326,414.3720122272219
1327,414.38577240096885
1328,414.39953257471586
1329,414.4132927484628
1330,414.42705292220984
1331,414.4408130959568
1332,414.45457326970376
1333,414.4683334434508
1334,414.48209361719773
1335,414.49585379094475
1336,414.50961396469177
1337,414.52337413843867
1338,414.5371343121857
1339,414.5508944859327
1340,414.5646546596796
1341,414.5784148334266
1342,414.59217500717364
1343,414.60593518092065
1344,414.6196953546676
1345,414.6334555284146
1346,414.6472157021616
1347,414.66097587590855
1348,414.6747360496555
1349,414.6884962234025
1350,414.7022563971495
1351,414.7160165708965
1352,414.7297767446435
1353,414.7435369183904
1354,414.75729709213743
1355,414.77105726588445
1356,414.78481743963135
1357,414.79857761337837
1358,414.8123377871254
1359,414.8260979608724
1360,414.83985813461936
1361,414.8536183083663
1362,414.86737848211334
1363,414.8811386558603
1364,414.89489882960726
1365,414.9086590033543
1366,414.92241917710123
1367,414.93617935084825
1368,414.94993952459527
1369,414.96369969834217
1370,414.9774598720892
1371,414.9912200458362
1372,415.0049802195831
1373,415.0187403933301
1374,415.03250056707714
1375,415.04626074082415
1376,415.0600209145711
1377,415.07378108831807
1378,415.0875412620651
1379,415.10130143581205
1380,415.115061609559
1381,415.128821783306
1382,415.142581957053
1383,415.1563421308
1384,415.170102304547
1385,415.1838624782939
1386,415.19762265204093
1387,415.21138282578795
1388,415.22514299953485
1389,415.23890317328187
1390,415.2526633470289
1391,415.2664235207759
1392,415.28018369452286
1393,415.2939438682698
1394,415.30770404201684
1395,415.3214642157638
1396,415.33522438951076
1397,415.3489845632578
1398,415.36274473700473
1399,415.37650491075175
1400,415.39026508449876
1401,415.40402525824567
1402,415.4177854319927
1403,415.4315456057397
1404,415.4453057794866
1405,415.4590659532336
1406,415.47282612698064
1407,415.48658630072765
1408,415.5003464744746
1409,415.51410664822157
1410,415.5278668219686
1411,415.54162699571555
1412,415.5553871694625
1413,415.5691473432095
1414,415.5829075169565
1415,415.5966676907035
1416,415.6104278644505
1417,415.6241880381974
1418,415.63794821194443
1419,415.65170838569145
1420,415.66546855943835
1421,415.67922873318537
1422,415.6929889069324
1423,415.7067490806794
1424,415.72050925442636
1425,415.7342694281733
1426,415.74802960192034
1427,415.7617897756673
1428,415.77554994941426
1429,415.7893101231613
1430,415.80307029690823
1431,415.81683047065525
1432,415.83059064440226
1433,415.84435081814917
1434,415.8581109918962
1435,415.8718711656432
1436,415.8856313393901
1437,415.8993915131371
1438,415.91315168688413
1439,415.92691186063115
1440,415.9406720343781
1441,415.95443220812507
1442,415.9681923818721
1443,415.98195255561905
1444,415.995712729366
1445,416.009472903113
1446,416.02323307686
1447,416.036993250607
1448,416.050753424354
1449,416.0645135981009
1450,416.07827377184793
1451,416.09203394559495
1452,416.10579411934185
1453,416.11955429308887
1454,416.1333144668359
1455,416.1470746405829
1456,416.16083481432986
1457,416.1745949880768
1458,416.18835516182384
1459,416.2021153355708
1460,416.21587550931775
1461,416.22963568306477
1462,416.24339585681173
1463,416.25715603055875
1464,416.27091620430576
1465,416.28467637805267
1466,416.2984365517997
1467,416.3121967255467
1468,416.3259568992936
1469,416.3397170730406
1470,416.35347724678763
1471,416.36723742053465
1472,416.3809975942816
1473,416.39475776802857
1474,416.4085179417756
1475,416.42227811552254
1476,416.4360382892695
1477,416.4497984630165
1478,416.4635586367635
1479,416.4773188105105
1480,416.4910789842575
1481,416.5048391580044
1482,416.51859933175143
1483,416.53235950549845
1484,416.54611967924535
1485,416.55987985299237
1486,416.5736400267394
1487,416.5874002004864
1488,416.60116037423336
1489,416.6149205479803
1490,416.62868072172733
1491,416.6424408954743
1492,416.65620106922125
1493,416.66996124296827
1494,416.68372141671523
1495,416.69748159046225
1496,416.71124176420926
1497,416.72500193795616
1498,416.7387621117032
1499,416.7525222854502
1500,416.7662824591971
1501,416.7800426329441
1502,416.79380280669113
1503,416.80756298043815
1504,416.8213231541851
1505,416.83508332793207
1506,416.8488435016791
1507,416.86260367542604
1508,416.876363849173
1509,416.89012402292
1510,416.903884196667
1511,416.917644370414
1512,416.931404544161
1513,416.9451647179079
1514,416.95892489165493
1515,416.97268506540195
1516,416.98644523914885
1517,417.00020541289587
1518,417.0139655866429
1519,417.0277257603899
1520,417.04148593413686
1521,417.0552461078838
1522,417.06900628163083
1523,417.0827664553778
1524,417.09652662912475
1525,417.11028680287177
1526,417.12404697661873
1527,417.13780715036575
1528,417.15156732411276
1529,417.16532749785966
1530,417.1790876716067
1531,417.1928478453537
1532,417.2066080191006
1533,417.2203681928476
1534,417.23412836659463
1535,417.24788854034165
1536,417.2616487140886
1537,417.27540888783557
1538,417.2891690615826
1539,417.30292923532954
1540,417.3166894090765
1541,417.3304495828235
1542,417.3442097565705
1543,417.3579699303175
1544,417.3717301040645
1545,417.3854902778114
1546,417.39925045155843
1547,417.41301062530545
1548,417.42677079905235
1549,417.44053097279937
1550,417.4542911465464
1551,417.4680513202934
1552,417.48181149404036
1553,417.4955716677873
1554,417.50933184153433
1555,417.5230920152813
1556,417.53685218902825
1557,417.55061236277527
1558,417.5643725365222
1559,417.57813271026924
1560,417.59189288401626
1561,417.60565305776316
1562,417.6194132315102
1563,417.6331734052572
1564,417.6469335790041
1565,417.6606937527511
1566,417.67445392649813
1567,417.68821410024515
1568,417.7019742739921
1569,417.71573444773907
1570,417.7294946214861
1571,417.74325479523304
1572,417.75701496898
1573,417.770775142727
1574,417.784535316474
1575,417.798295490221
1576,417.812055663968
1577,417.8258158377149
1578,417.83957601146193
1579,417.85333618520895
1580,417.86709635895585
1581,417.88085653270286
1582,417.8946167064499
1583,417.9083768801969
1584,417.92213705394386
1585,417.9358972276908
1586,417.94965740143783
1587,417.9634175751848
1588,417.97717774893175
1589,417.99093792267877
1590,418.0046980964257
1591,418.01845827017274
1592,418.03221844391976
1593,418.04597861766666
1594,418.0597387914137
1595,418.0734989651607
1596,418.0872591389076
1597,418.1010193126546
1598,418.11477948640163
1599,418.12853966014865
1600,418.1422998338956
1601,418.15606000764257
1602,418.1698201813896
1603,418.18358035513654
1604,418.1973405288835
1605,418.2111007026305
1606,418.2248608763775
1607,418.2386210501245
1608,418.2523812238715
1609,418.2661413976184
1610,418.27990157136543
1611,418.29366174511244
1612,418.30742191885935
1613,418.32118209260636
1614,418.3349422663534
1615,418.3487024401004
1616,418.36246261384736
1617,418.3762227875943
1618,418.38998296134133
1619,418.4037431350883
1620,418.41750330883525
1621,418.43126348258227
1622,418.4450236563292
1623,418.45878383007624
1624,418.47254400382326
1625,418.48630417757016
1626,418.5000643513172
1627,418.5138245250642
1628,418.5275846988111
1629,418.5413448725581
1630,418.55510504630513
1631,418.56886522005215
1632,418.5826253937991
1633,418.59638556754606
1634,418.6101457412931
1635,418.62390591504004
1636,418.637666088787
1637,418.651426262534
1638,418.665186436281
1639,418.678946610028
1640,418.692706783775
1641,418.7064669575219
1642,418.7202271312689
1643,418.73398730501594
1644,418.74774747876285
1645,418.76150765250986
1646,418.7752678262569
1647,418.7890280000039
1648,418.80278817375086
1649,418.8165483474978
1650,418.83030852124483
1651,418.8440686949918
1652,418.85782886873875
1653,418.87158904248577
1654,418.8853492162327
1655,418.89910938997974
1656,418.91286956372676
1657,418.92662973747366
1658,418.9403899112207
1659,418.9541500849677
1660,418.96791025871465
1661,418.9816704324616
1662,418.99543060620863
1663,419.00919077995565
1664,419.0229509537026
1665,419.03671112744956
1666,419.0504713011966
1667,419.06423147494354
1668,419.0779916486905
1669,419.0917518224375
1670,419.1055119961845
1671,419.1192721699315
1672,419.1330323436785
1673,419.1467925174254
1674,419.1605526911724
1675,419.17431286491944
1676,419.1880730386664
1677,419.20183321241336
1678,419.2155933861604
1679,419.2293535599074
1680,419.24311373365435
1681,419.2568739074013
1682,419.27063408114833
1683,419.2843942548953
1684,419.29815442864225
1685,419.31191460238927
1686,419.3256747761362
1687,419.33943494988324
1688,419.35319512363026
1689,419.36695529737716
1690,419.3807154711242
1691,419.3944756448712
1692,419.40823581861815
1693,419.4219959923651
1694,419.4357561661121
1695,419.44951633985914
1696,419.4632765136061
1697,419.47703668735306
1698,419.4907968611001
1699,419.50455703484704
1700,419.518317208594
1701,419.532077382341
1702,419.545837556088
1703,419.559597729835
1704,419.573357903582
1705,419.5871180773289
1706,419.6008782510759
1707,419.61463842482294
1708,419.6283985985699
1709,419.64215877231686
1710,419.6559189460639
1711,419.6696791198109
1712,419.68343929355785
1713,419.6971994673048
1714,419.71095964105183
1715,419.7247198147988
1716,419.73847998854575
1717,419.75224016229276
1718,419.7660003360397
1719,419.77976050978674
1720,419.79352068353376
1721,419.80728085728066
1722,419.8210410310277
1723,419.8348012047747
1724,419.84856137852165
1725,419.8623215522686
1726,419.8760817260156
1727,419.88984189976264
1728,419.9036020735096
1729,419.91736224725656
1730,419.9311224210036
1731,419.94488259475054
1732,419.9586427684975
1733,419.9724029422445
1734,419.9861631159915
1735,419.9999232897385
1736,420.0136834634855
1737,420.02744363723247
1738,420.0412038109794
1739,420.05496398472644
1740,420.0687241584734
1741,420.08248433222036
1742,420.0962445059674
1743,420.1100046797144
1744,420.12376485346135
1745,420.1375250272083
1746,420.15128520095533
1747,420.1650453747023
1748,420.17880554844925
1749,420.19256572219626
1750,420.2063258959432
1751,420.22008606969024
1752,420.23384624343726
1753,420.2476064171842
1754,420.2613665909312
1755,420.2751267646782
1756,420.28888693842515
1757,420.3026471121721
1758,420.3164072859191
1759,420.33016745966614
1760,420.3439276334131
1761,420.35768780716006
1762,420.3714479809071
1763,420.38520815465404
1764,420.398968328401
1765,420.412728502148
1766,420.426488675895
1767,420.440248849642
1768,420.454009023389
1769,420.46776919713596
1770,420.4815293708829
1771,420.49528954462994
1772,420.5090497183769
1773,420.52280989212386
1774,420.5365700658709
1775,420.5503302396179
1776,420.56409041336485
1777,420.5778505871118
1778,420.5916107608588
1779,420.6053709346058
1780,420.61913110835275
1781,420.63289128209976
1782,420.6466514558467
1783,420.66041162959374
1784,420.67417180334076
1785,420.6879319770877
1786,420.7016921508347
1787,420.7154523245817
1788,420.72921249832865
1789,420.7429726720756
1790,420.7567328458226
1791,420.77049301956964
1792,420.7842531933166
1793,420.79801336706356
1794,420.8117735408106
1795,420.82553371455754
1796,420.8392938883045
1797,420.8530540620515
1798,420.8668142357985
1799,420.8805744095455
1800,420.8943345832925
1801,420.90809475703946
1802,420.9218549307864
1803,420.93561510453344
1804,420.9493752782804
1805,420.96313545202736
1806,420.9768956257744
1807,420.9906557995214
1808,421.00441597326835
1809,421.0181761470153
1810,421.0319363207623
1811,421.0456964945093
1812,421.05945666825625
1813,421.07321684200326
1814,421.0869770157502
1815,421.10073718949724
1816,421.11449736324425
1817,421.1282575369912
1818,421.1420177107382
1819,421.1557778844852
1820,421.16953805823215
1821,421.1832982319791
1822,421.1970584057261
1823,421.21081857947314
1824,421.2245787532201
1825,421.23833892696706
1826,421.2520991007141
1827,421.26585927446104
1828,421.279619448208
1829,421.293379621955
1830,421.307139795702
1831,421.320899969449
1832,421.334660143196
1833,421.34842031694296
1834,421.3621804906899
1835,421.37594066443694
1836,421.3897008381839
1837,421.40346101193086
1838,421.4172211856779
1839,421.4309813594249
1840,421.44474153317185
1841,421.4585017069188
1842,421.4722618806658
1843,421.4860220544128
1844,421.49978222815975
1845,421.51354240190676
1846,421.5273025756538
1847,421.54106274940074
1848,421.55482292314775
1849,421.5685830968947
1850,421.5823432706417
1851,421.5961034443887
1852,421.60986361813565
1853,421.6236237918826
1854,421.6373839656296
1855,421.65114413937664
1856,421.6649043131236
1857,421.67866448687056
1858,421.6924246606176
1859,421.70618483436454
1860,421.7199450081115
1861,421.7337051818585
1862,421.7474653556055
1863,421.7612255293525
1864,421.7749857030995
1865,421.78874587684646
1866,421.8025060505934
1867,421.81626622434044
1868,421.8300263980874
1869,421.84378657183436
1870,421.8575467455814
1871,421.8713069193284
1872,421.88506709307535
1873,421.8988272668223
1874,421.9125874405693
1875,421.9263476143163
1876,421.94010778806324
1877,421.95386796181026
1878,421.9676281355573
1879,421.98138830930424
1880,421.99514848305125
1881,422.0089086567982
1882,422.0226688305452
1883,422.0364290042922
1884,422.05018917803915
1885,422.0639493517861
1886,422.0777095255331
1887,422.09146969928014
1888,422.1052298730271
1889,422.11899004677406
1890,422.1327502205211
1891,422.14651039426803
1892,422.160270568015
1893,422.174030741762
1894,422.187790915509
1895,422.201551089256
1896,422.215311263003
1897,422.22907143674996
1898,422.2428316104969
1899,422.25659178424394
1900,422.2703519579909
1901,422.28411213173786
1902,422.2978723054849
1903,422.3116324792319
1904,422.32539265297885
1905,422.3391528267258
1906,422.3529130004728
1907,422.36667317421984
1908,422.38043334796674
1909,422.39419352171376
1910,422.4079536954608
1911,422.42171386920774
1912,422.43547404295475
1913,422.4492342167017
1914,422.46299439044867
1915,422.4767545641957
1916,422.49051473794265
1917,422.5042749116896
1918,422.5180350854366
1919,422.53179525918364
1920,422.5455554329306
1921,422.55931560667756
1922,422.5730757804246
1923,422.5868359541716
1924,422.6005961279185
1925,422.6143563016655
1926,422.6281164754125
1927,422.6418766491595
1928,422.6556368229065
1929,422.66939699665346
1930,422.6831571704004
1931,422.69691734414744
1932,422.7106775178944
1933,422.72443769164136
1934,422.7381978653884
1935,422.7519580391354
1936,422.76571821288235
1937,422.7794783866293
1938,422.7932385603763
1939,422.80699873412334
1940,422.82075890787024
1941,422.83451908161726
1942,422.8482792553643
1943,422.86203942911123
1944,422.87579960285825
1945,422.8895597766052
1946,422.90331995035217
1947,422.9170801240992
1948,422.93084029784615
1949,422.9446004715931
1950,422.9583606453401
1951,422.97212081908714
1952,422.9858809928341
1953,422.99964116658106
1954,423.0134013403281
1955,423.0271615140751
1956,423.040921687822
1957,423.054681861569
1958,423.068442035316
1959,423.082202209063
1960,423.09596238281
1961,423.10972255655696
1962,423.1234827303039
1963,423.13724290405094
1964,423.1510030777979
1965,423.16476325154485
1966,423.17852342529187
1967,423.1922835990389
1968,423.20604377278585
1969,423.2198039465328
1970,423.2335641202798
1971,423.24732429402684
1972,423.26108446777374
1973,423.27484464152076
1974,423.2886048152678
1975,423.30236498901473
1976,423.31612516276175
1977,423.3298853365087
1978,423.34364551025567
1979,423.3574056840027
1980,423.37116585774965
1981,423.3849260314966
1982,423.3986862052436
1983,423.41244637899064
1984,423.4262065527376
1985,423.43996672648456
1986,423.4537269002316
1987,423.4674870739786
1988,423.4812472477255
1989,423.4950074214725
1990,423.5087675952195
1991,423.5225277689665
1992,423.5362879427135
1993,423.55004811646046
1994,423.5638082902074
1995,423.57756846395444
1996,423.5913286377014
1997,423.60508881144835
1998,423.61884898519537
1999,423.6326091589424
2000,423.6463693326894
2001,423.6601295064363
2002,423.6738896801833
2003,423.68764985393034
2004,423.70141002767724
2005,423.71517020142426
2006,423.7289303751713
2007,423.74269054891823
2008,423.75645072266525
2009,423.7702108964122
2010,423.78397107015917
2011,423.7977312439062
2012,423.81149141765314
2013,423.8252515914001
2014,423.8390117651471
2015,423.85277193889414
2016,423.86653211264115
2017,423.88029228638806
2018,423.8940524601351
2019,423.9078126338821
2020,423.921572807629
2021,423.935332981376
2022,423.949093155123
2023,423.96285332887
2024,423.976613502617
2025,423.99037367636396
2026,424.0041338501109
2027,424.01789402385793
2028,424.0316541976049
2029,424.04541437135185
2030,424.05917454509887
2031,424.0729347188459
2032,424.0866948925929
2033,424.1004550663398
2034,424.1142152400868
2035,424.12797541383384
2036,424.14173558758074
2037,424.15549576132776
2038,424.1692559350748
2039,424.18301610882173
2040,424.19677628256875
2041,424.2105364563157
2042,424.22429663006267
2043,424.2380568038097
2044,424.25181697755664
2045,424.2655771513036
2046,424.2793373250506
2047,424.29309749879764
2048,424.30685767254465
2049,424.32061784629155
2050,424.33437802003857
2051,424.3481381937856
2052,424.3618983675325
2053,424.3756585412795
2054,424.3894187150265
2055,424.4031788887735
2056,424.4169390625205
2057,424.43069923626746
2058,424.4444594100144
2059,424.45821958376143
2060,424.4719797575084
2061,424.48573993125535
2062,424.49950010500237
2063,424.5132602787494
2064,424.5270204524964
2065,424.5407806262433
2066,424.5545407999903
2067,424.56830097373734
2068,424.58206114748424
2069,424.59582132123126
2070,424.6095814949783
2071,424.62334166872523
2072,424.63710184247225
2073,424.6508620162192
2074,424.66462218996617
2075,424.6783823637132
2076,424.69214253746014
2077,424.7059027112071
2078,424.7196628849541
2079,424.73342305870113
2080,424.74718323244815
2081,424.76094340619505
2082,424.77470357994207
2083,424.7884637536891
2084,424.802223927436
2085,424.815984101183
2086,424.82974427493
2087,424.843504448677
2088,424.857264622424
2089,424.87102479617096
2090,424.8847849699179
2091,424.89854514366493
2092,424.9123053174119
2093,424.92606549115885
2094,424.93982566490587
2095,424.9535858386529
2096,424.9673460123999
2097,424.9811061861468
2098,424.9948663598938
2099,425.00862653364084
2100,425.02238670738774
2101,425.03614688113475
2102,425.04990705488177
2103,425.06366722862873
2104,425.07742740237575
2105,425.0911875761227
2106,425.10494774986967
2107,425.1187079236167
2108,425.13246809736364
2109,425.1462282711106
2110,425.1599884448576
2111,425.17374861860463
2112,425.18750879235165
2113,425.20126896609855
2114,425.21502913984557
2115,425.2287893135926
2116,425.2425494873395
2117,425.2563096610865
2118,425.2700698348335
2119,425.2838300085805
2120,425.2975901823275
2121,425.31135035607446
2122,425.3251105298214
2123,425.33887070356843
2124,425.3526308773154
2125,425.36639105106235
2126,425.38015122480937
2127,425.3939113985564
2128,425.4076715723034
2129,425.4214317460503
2130,425.4351919197973
2131,425.44895209354434
2132,425.46271226729124
2133,425.47647244103825
2134,425.49023261478527
2135,425.50399278853223
2136,425.51775296227925
2137,425.5315131360262
2138,425.54527330977317
2139,425.5590334835202
2140,425.57279365726714
2141,425.5865538310141
2142,425.6003140047611
2143,425.61407417850813
2144,425.62783435225515
2145,425.64159452600205
2146,425.65535469974907
2147,425.6691148734961
2148,425.682875047243
2149,425.69663522099
2150,425.710395394737
2151,425.724155568484
2152,425.737915742231
2153,425.75167591597796
2154,425.7654360897249
2155,425.77919626347193
2156,425.7929564372189
2157,425.80671661096585
2158,425.82047678471287
2159,425.8342369584599
2160,425.8479971322069
2161,425.8617573059538
2162,425.8755174797008
2163,425.88927765344783
2164,425.90303782719474
2165,425.91679800094175
2166,425.93055817468877
2167,425.94431834843573
2168,425.95807852218275
2169,425.9718386959297
2170,425.98559886967666
2171,425.9993590434237
2172,426.01311921717064
2173,426.0268793909176
2174,426.0406395646646
2175,426.05439973841163
2176,426.06815991215865
2177,426.08192008590555
2178,426.09568025965257
2179,426.1094404333996
2180,426.1232006071465
2181,426.1369607808935
2182,426.1507209546405
2183,426.1644811283875
2184,426.1782413021345
2185,426.19200147588145
2186,426.2057616496284
2187,426.21952182337543
2188,426.2332819971224
2189,426.24704217086935
2190,426.26080234461637
2191,426.2745625183634
2192,426.2883226921104
2193,426.3020828658573
2194,426.3158430396043
2195,426.32960321335133
2196,426.34336338709824
2197,426.35712356084525
2198,426.37088373459227
2199,426.3846439083392
2200,426.39840408208624
2201,426.4121642558332
2202,426.42592442958016
2203,426.4396846033272
2204,426.45344477707414
2205,426.4672049508211
2206,426.4809651245681
2207,426.49472529831513
2208,426.50848547206215
2209,426.52224564580905
2210,426.53600581955607
2211,426.5497659933031
2212,426.56352616705
2213,426.577286340797
2214,426.591046514544
2215,426.604806688291
2216,426.618566862038
2217,426.63232703578495
2218,426.6460872095319
2219,426.65984738327893
2220,426.6736075570259
2221,426.68736773077285
2222,426.70112790451986
2223,426.7148880782669
2224,426.7286482520139
2225,426.7424084257608
2226,426.7561685995078
2227,426.76992877325483
2228,426.78368894700174
2229,426.79744912074875
2230,426.81120929449577
2231,426.8249694682427
2232,426.83872964198974
2233,426.8524898157367
2234,426.86624998948366
2235,426.8800101632307
2236,426.89377033697764
2237,426.9075305107246
2238,426.9212906844716
2239,426.93505085821863
2240,426.94881103196565
2241,426.96257120571255
2242,426.97633137945957
2243,426.9900915532066
2244,427.0038517269535
2245,427.0176119007005
2246,427.0313720744475
2247,427.0451322481945
2248,427.0588924219415
2249,427.07265259568845
2250,427.0864127694354
2251,427.10017294318243
2252,427.1139331169294
2253,427.12769329067635
2254,427.14145346442336
2255,427.1552136381704
2256,427.1689738119174
2257,427.1827339856643
2258,427.1964941594113
2259,427.21025433315833
2260,427.22401450690523
2261,427.23777468065225
2262,427.25153485439927
2263,427.2652950281462
2264,427.27905520189324
2265,427.2928153756402
2266,427.30657554938716
2267,427.3203357231342
2268,427.33409589688114
2269,427.3478560706281
2270,427.3616162443751
2271,427.37537641812213
2272,427.38913659186915
2273,427.40289676561605
2274,427.41665693936307
2275,427.4304171131101
2276,427.444177286857
2277,427.457937460604
2278,427.471697634351
2279,427.485457808098
2280,427.499217981845
2281,427.51297815559195
2282,427.5267383293389
2283,427.5404985030859
2284,427.5542586768329
2285,427.56801885057985
2286,427.58177902432686
2287,427.5955391980739
2288,427.6092993718209
2289,427.6230595455678
2290,427.6368197193148
2291,427.65057989306183
2292,427.66434006680873
2293,427.67810024055575
2294,427.69186041430277
2295,427.7056205880497
2296,427.71938076179674
2297,427.7331409355437
2298,427.74690110929066
2299,427.7606612830377
2300,427.77442145678464
2301,427.78818163053165
2302,427.8019418042786
2303,427.81570197802563
2304,427.82946215177265
2305,427.84322232551955
2306,427.85698249926656
2307,427.8707426730136
2308,427.8845028467605
2309,427.8982630205075
2310,427.9120231942545
2311,427.9257833680015
2312,427.9395435417485
2313,427.95330371549545
2314,427.9670638892424
2315,427.9808240629894
2316,427.9945842367364
2317,428.0083444104834
2318,428.02210458423036
2319,428.0358647579774
2320,428.0496249317244
2321,428.0633851054713
2322,428.0771452792183
2323,428.09090545296533
2324,428.10466562671223
2325,428.11842580045925
2326,428.13218597420627
2327,428.1459461479532
2328,428.15970632170024
2329,428.1734664954472
2330,428.18722666919416
2331,428.2009868429412
2332,428.21474701668814
2333,428.22850719043515
2334,428.2422673641821
2335,428.2560275379291
2336,428.26978771167614
2337,428.28354788542305
2338,428.29730805917006
2339,428.3110682329171
2340,428.324828406664
2341,428.338588580411
2342,428.352348754158
2343,428.366108927905
2344,428.379869101652
2345,428.39362927539895
2346,428.4073894491459
2347,428.4211496228929
2348,428.4349097966399
2349,428.4486699703869
2350,428.46243014413386
2351,428.4761903178809
2352,428.4899504916279
2353,428.5037106653748
2354,428.5174708391218
2355,428.53123101286883
2356,428.54499118661573
2357,428.55875136036275
2358,428.57251153410976
2359,428.5862717078567
2360,428.60003188160374
2361,428.6137920553507
2362,428.62755222909766
2363,428.6413124028447
2364,428.65507257659164
2365,428.66883275033865
2366,428.6825929240856
2367,428.6963530978326
2368,428.71011327157964
2369,428.72387344532655
2370,428.73763361907356
2371,428.7513937928206
2372,428.7651539665675
2373,428.7789141403145
2374,428.7926743140615
2375,428.8064344878085
2376,428.8201946615555
2377,428.83395483530245
2378,428.8477150090494
2379,428.8614751827964
2380,428.8752353565434
2381,428.8889955302904
2382,428.90275570403736
2383,428.9165158777844
2384,428.9302760515314
2385,428.9440362252783
2386,428.9577963990253
2387,428.97155657277233
2388,428.98531674651923
2389,428.99907692026625
2390,429.01283709401326
2391,429.0265972677602
2392,429.04035744150724
2393,429.0541176152542
2394,429.0678777890012
2395,429.0816379627482
2396,429.09539813649513
2397,429.10915831024215
2398,429.1229184839891
2399,429.1366786577361
2400,429.15043883148314
2401,429.16419900523005
2402,429.17795917897706
2403,429.1917193527241
2404,429.205479526471
2405,429.219239700218
2406,429.232999873965
2407,429.246760047712
2408,429.260520221459
2409,429.27428039520595
2410,429.28804056895297
2411,429.3018007426999
2412,429.3155609164469
2413,429.3293210901939
2414,429.34308126394086
2415,429.3568414376879
2416,429.3706016114349
2417,429.3843617851818
2418,429.3981219589288
2419,429.4118821326758
2420,429.42564230642273
2421,429.43940248016975
2422,429.45316265391676
2423,429.4669228276637
2424,429.48068300141074
2425,429.4944431751577
2426,429.5082033489047
2427,429.5219635226517
2428,429.53572369639863
2429,429.54948387014565
2430,429.5632440438926
2431,429.5770042176396
2432,429.59076439138664
2433,429.60452456513354
2434,429.61828473888056
2435,429.6320449126276
2436,429.6458050863745
2437,429.6595652601215
2438,429.6733254338685
2439,429.6870856076155
2440,429.7008457813625
2441,429.71460595510945
2442,429.72836612885646
2443,429.7421263026034
2444,429.7558864763504
2445,429.7696466500974
2446,429.78340682384436
2447,429.7971669975914
2448,429.8109271713384
2449,429.8246873450853
2450,429.8384475188323
2451,429.8522076925793
2452,429.86596786632623
2453,429.87972804007325
2454,429.89348821382026
2455,429.9072483875672
2456,429.92100856131424
2457,429.9347687350612
2458,429.9485289088082
2459,429.9622890825552
2460,429.97604925630213
2461,429.98980943004915
2462,430.0035696037961
2463,430.0173297775431
2464,430.03108995129014
2465,430.04485012503704
2466,430.05861029878406
2467,430.0723704725311
2468,430.086130646278
2469,430.099890820025
2470,430.113650993772
2471,430.127411167519
2472,430.141171341266
2473,430.15493151501295
2474,430.16869168875996
2475,430.1824518625069
2476,430.1962120362539
2477,430.2099722100009
2478,430.22373238374786
2479,430.2374925574949
2480,430.2512527312419
2481,430.2650129049888
2482,430.2787730787358
2483,430.2925332524828
2484,430.30629342622973
2485,430.32005359997675
2486,430.33381377372376
2487,430.3475739474708
2488,430.36133412121774
2489,430.3750942949647
2490,430.3888544687117
2491,430.4026146424587
2492,430.41637481620563
2493,430.43013498995265
2494,430.4438951636996
2495,430.4576553374466
2496,430.47141551119364
2497,430.48517568494054
2498,430.49893585868756
2499,430.5126960324346
2500,430.5264562061815
2501,430.5402163799285
2502,430.5539765536755
2503,430.5677367274225
2504,430.5814969011695
2505,430.59525707491645
2506,430.60901724866346
2507,430.6227774224104
2508,430.6365375961574
2509,430.6502977699044
2510,430.66405794365136
2511,430.6778181173984
2512,430.6915782911454
2513,430.7053384648923
2514,430.7190986386393
2515,430.7328588123863
2516,430.7466189861332
2517,430.76037915988024
2518,430.77413933362726
2519,430.7878995073743
2520,430.80165968112124
2521,430.8154198548682
2522,430.8291800286152
2523,430.8429402023622
2524,430.85670037610913
2525,430.87046054985615
2526,430.8842207236031
2527,430.8979808973501
2528,430.91174107109714
2529,430.92550124484404
2530,430.93926141859106
2531,430.9530215923381
2532,430.966781766085
2533,430.980541939832
2534,430.994302113579
2535,431.008062287326
2536,431.021822461073
2537,431.03558263481995
2538,431.04934280856696
2539,431.0631029823139
2540,431.0768631560609
2541,431.0906233298079
2542,431.10438350355486
2543,431.1181436773019
2544,431.1319038510489
2545,431.1456640247958
2546,431.1594241985428
2547,431.1731843722898
2548,431.1869445460367
2549,431.20070471978374
2550,431.21446489353076
2551,431.2282250672778
2552,431.24198524102474
2553,431.2557454147717
2554,431.2695055885187
2555,431.28326576226567
2556,431.29702593601263
2557,431.31078610975965
2558,431.3245462835066
2559,431.3383064572536
2560,431.35206663100064
2561,431.36582680474754
2562,431.37958697849456
2563,431.3933471522416
2564,431.4071073259885
2565,431.4208674997355
2566,431.4346276734825
2567,431.4483878472295
2568,431.4621480209765
2569,431.47590819472344
2570,431.48966836847046
2571,431.5034285422174
2572,431.5171887159644
2573,431.5309488897114
2574,431.54470906345836
2575,431.5584692372054
2576,431.5722294109524
2577,431.5859895846993
2578,431.5997497584463
2579,431.6135099321933
2580,431.6272701059402
2581,431.64103027968724
2582,431.65479045343426
2583,431.6685506271813
2584,431.68231080092824
2585,431.6960709746752
2586,431.7098311484222
2587,431.72359132216917
2588,431.73735149591613
2589,431.75111166966315
2590,431.7648718434101
2591,431.7786320171571
2592,431.79239219090414
2593,431.80615236465104
2594,431.81991253839806
2595,431.8336727121451
2596,431.847432885892
2597,431.861193059639
2598,431.874953233386
2599,431.888713407133
2600,431.90247358088
2601,431.91623375462694
2602,431.92999392837396
2603,431.9437541021209
2604,431.9575142758679
2605,431.9712744496149
2606,431.98503462336186
2607,431.99879479710887
2608,432.0125549708559
2609,432.0263151446028
2610,432.0400753183498
2611,432.0538354920968
2612,432.0675956658437
2613,432.08135583959074
2614,432.09511601333776
2615,432.1088761870848
2616,432.12263636083173
2617,432.1363965345787
2618,432.1501567083257
2619,432.16391688207267
2620,432.17767705581963
2621,432.19143722956665
2622,432.2051974033136
2623,432.2189575770606
2624,432.23271775080764
2625,432.24647792455454
2626,432.26023809830156
2627,432.2739982720486
2628,432.2877584457955
2629,432.3015186195425
2630,432.3152787932895
2631,432.3290389670365
2632,432.3427991407835
2633,432.35655931453044
2634,432.37031948827746
2635,432.3840796620244
2636,432.3978398357714
2637,432.4116000095184
2638,432.42536018326535
2639,432.43912035701237
2640,432.4528805307594
2641,432.4666407045063
2642,432.4804008782533
2643,432.4941610520003
2644,432.5079212257472
2645,432.52168139949424
2646,432.53544157324126
2647,432.5492017469883
2648,432.56296192073523
2649,432.5767220944822
2650,432.5904822682292
2651,432.60424244197617
2652,432.6180026157231
2653,432.63176278947014
2654,432.6455229632171
2655,432.6592831369641
2656,432.67304331071114
2657,432.68680348445804
2658,432.70056365820506
2659,432.7143238319521
2660,432.728084005699
2661,432.741844179446
2662,432.755604353193
2663,432.76936452694
2664,432.783124700687
2665,432.79688487443394
2666,432.81064504818096
2667,432.8244052219279
2668,432.8381653956749
2669,432.8519255694219
2670,432.86568574316885
2671,432.87944591691587
2672,432.8932060906629
2673,432.9069662644098
2674,432.9207264381568
2675,432.9344866119038
2676,432.9482467856507
2677,432.96200695939774
2678,432.97576713314476
2679,432.9895273068918
2680,433.00328748063873
2681,433.0170476543857
2682,433.0308078281327
2683,433.04456800187967
2684,433.0583281756266
2685,433.07208834937364
2686,433.0858485231206
2687,433.0996086968676
2688,433.11336887061464
2689,433.12712904436154
2690,433.14088921810855
2691,433.15464939185557
2692,433.1684095656025
2693,433.1821697393495
2694,433.1959299130965
2695,433.2096900868435
2696,433.2234502605905
2697,433.23721043433744
2698,433.25097060808446
2699,433.2647307818314
2700,433.2784909555784
2701,433.2922511293254
2702,433.30601130307235
2703,433.31977147681937
2704,433.3335316505664
2705,433.3472918243133
2706,433.3610519980603
2707,433.3748121718073
2708,433.3885723455542
2709,433.40233251930124
2710,433.41609269304826
2711,433.4298528667953
2712,433.44361304054223
2713,433.4573732142892
2714,433.4711333880362
2715,433.48489356178317
2716,433.4986537355301
2717,433.51241390927714
2718,433.5261740830241
2719,433.5399342567711
2720,433.55369443051814
2721,433.56745460426504
2722,433.58121477801205
2723,433.59497495175907
2724,433.608735125506
2725,433.622495299253
2726,433.636255473
2727,433.650015646747
2728,433.663775820494
2729,433.67753599424094
2730,433.69129616798796
2731,433.7050563417349
2732,433.7188165154819
2733,433.7325766892289
2734,433.74633686297585
2735,433.76009703672287
2736,433.7738572104699
2737,433.7876173842168
2738,433.8013775579638
2739,433.8151377317108
2740,433.8288979054577
2741,433.84265807920474
2742,433.85641825295176
2743,433.87017842669877
2744,433.88393860044573
2745,433.8976987741927
2746,433.9114589479397
2747,433.92521912168667
2748,433.9389792954336
2749,433.95273946918064
2750,433.9664996429276
2751,433.9802598166746
2752,433.99401999042163
2753,434.00778016416854
2754,434.02154033791555
2755,434.03530051166257
2756,434.0490606854095
2757,434.0628208591565
2758,434.0765810329035
2759,434.0903412066505
2760,434.1041013803975
2761,434.11786155414444
2762,434.13162172789146
2763,434.1453819016384
2764,434.1591420753854
2765,434.1729022491324
2766,434.18666242287935
2767,434.20042259662637
2768,434.2141827703734
2769,434.2279429441203
2770,434.2417031178673
2771,434.2554632916143
2772,434.2692234653612
2773,434.28298363910824
2774,434.29674381285525
2775,434.31050398660227
2776,434.32426416034923
2777,434.3380243340962
2778,434.3517845078432
2779,434.36554468159017
2780,434.3793048553371
2781,434.39306502908414
2782,434.4068252028311
2783,434.4205853765781
2784,434.43434555032513
2785,434.44810572407204
2786,434.46186589781905
2787,434.47562607156607
2788,434.489386245313
2789,434.50314641906
2790,434.516906592807
2791,434.530666766554
2792,434.544426940301
2793,434.55818711404794
2794,434.57194728779496
2795,434.5857074615419
2796,434.5994676352889
2797,434.6132278090359
2798,434.62698798278285
2799,434.64074815652987
2800,434.6545083302769
2801,434.6682685040238
2802,434.6820286777708
2803,434.6957888515178
2804,434.7095490252648
2805,434.72330919901174
2806,434.73706937275875
2807,434.75082954650577
2808,434.76458972025273
2809,434.7783498939997
2810,434.7921100677467
2811,434.80587024149366
2812,434.8196304152406
2813,434.83339058898764
2814,434.8471507627346
2815,434.8609109364816
2816,434.87467111022863
2817,434.88843128397554
2818,434.90219145772255
2819,434.91595163146957
2820,434.9297118052165
2821,434.9434719789635
2822,434.9572321527105
2823,434.9709923264575
2824,434.9847525002045
2825,434.99851267395144
2826,435.01227284769845
2827,435.0260330214454
2828,435.0397931951924
2829,435.0535533689394
2830,435.06731354268635
2831,435.08107371643337
2832,435.0948338901804
2833,435.1085940639273
2834,435.1223542376743
2835,435.1361144114213
2836,435.1498745851683
2837,435.16363475891524
2838,435.17739493266225
2839,435.19115510640927
2840,435.20491528015623
2841,435.2186754539032
2842,435.2324356276502
2843,435.24619580139716
2844,435.2599559751441
2845,435.27371614889114
2846,435.2874763226381
2847,435.3012364963851
2848,435.31499667013213
2849,435.32875684387903
2850,435.34251701762605
2851,435.35627719137307
2852,435.37003736512
2853,435.383797538867
2854,435.397557712614
2855,435.411317886361
2856,435.425078060108
2857,435.43883823385494
2858,435.45259840760195
2859,435.4663585813489
2860,435.4801187550959
2861,435.4938789288429
2862,435.50763910258985
2863,435.52139927633687
2864,435.5351594500839
2865,435.54891962383084
2866,435.5626797975778
2867,435.5764399713248
2868,435.5902001450718
2869,435.60396031881874
2870,435.61772049256575
2871,435.63148066631277
2872,435.6452408400597
2873,435.6590010138067
2874,435.6727611875537
2875,435.68652136130066
2876,435.7002815350476
2877,435.71404170879464
2878,435.7278018825416
2879,435.7415620562886
2880,435.75532223003563
2881,435.7690824037826
2882,435.78284257752955
2883,435.79660275127657
2884,435.8103629250235
2885,435.8241230987705
2886,435.8378832725175
2887,435.8516434462645
2888,435.8654036200115
2889,435.87916379375844
2890,435.89292396750545
2891,435.9066841412524
2892,435.9204443149994
2893,435.9342044887464
2894,435.94796466249335
2895,435.96172483624036
2896,435.9754850099874
2897,435.98924518373434
2898,436.0030053574813
2899,436.0167655312283
2900,436.0305257049753
2901,436.04428587872223
2902,436.05804605246925
2903,436.07180622621627
2904,436.0855663999632
2905,436.0993265737102
2906,436.1130867474572
2907,436.12684692120416
2908,436.1406070949511
2909,436.15436726869814
2910,436.1681274424451
2911,436.1818876161921
2912,436.19564778993913
2913,436.2094079636861
2914,436.22316813743305
2915,436.23692831118007
2916,436.250688484927
2917,436.264448658674
2918,436.278208832421
2919,436.291969006168
2920,436.305729179915
2921,436.31948935366194
2922,436.33324952740895
2923,436.3470097011559
2924,436.36076987490287
2925,436.3745300486499
2926,436.38829022239685
2927,436.40205039614386
2928,436.4158105698909
2929,436.42957074363784
2930,436.4433309173848
2931,436.4570910911318
2932,436.4708512648788
2933,436.48461143862573
2934,436.49837161237275
2935,436.51213178611977
2936,436.5258919598667
2937,436.5396521336137
2938,436.5534123073607
2939,436.56717248110766
2940,436.5809326548546
2941,436.59469282860164
2942,436.6084530023486
2943,436.6222131760956
2944,436.63597334984263
2945,436.6497335235896
2946,436.66349369733655
2947,436.67725387108356
2948,436.6910140448305
2949,436.7047742185775
2950,436.7185343923245
2951,436.7322945660715
2952,436.7460547398185
2953,436.75981491356544
2954,436.77357508731245
2955,436.7873352610594
2956,436.80109543480637
2957,436.8148556085534
2958,436.8286157823004
2959,436.84237595604736
2960,436.8561361297944
2961,436.86989630354134
2962,436.8836564772883
2963,436.8974166510353
2964,436.9111768247823
2965,436.92493699852923
2966,436.93869717227625
2967,436.95245734602327
2968,436.9662175197702
2969,436.9799776935172
2970,436.9937378672642
2971,437.00749804101116
2972,437.0212582147581
2973,437.03501838850514
2974,437.04877856225215
2975,437.0625387359991
2976,437.07629890974613
2977,437.0900590834931
2978,437.10381925724005
2979,437.11757943098706
2980,437.131339604734
2981,437.145099778481
2982,437.158859952228
2983,437.172620125975
2984,437.186380299722
2985,437.20014047346893
2986,437.21390064721595
2987,437.2276608209629
2988,437.24142099470987
2989,437.2551811684569
2990,437.2689413422039
2991,437.28270151595086
2992,437.2964616896979
2993,437.31022186344484
2994,437.3239820371918
2995,437.3377422109388
2996,437.3515023846858
2997,437.36526255843273
2998,437.37902273217975
2999,437.39278290592677
3000,437.4065430796737
3001,437.4203032534207
3002,437.4340634271677
3003,437.44782360091466
3004,437.4615837746616
3005,437.47534394840864
3006,437.48910412215565
3007,437.5028642959026
3008,437.5166244696496
3009,437.5303846433966
3010,437.54414481714355
3011,437.55790499089056
3012,437.5716651646375
3013,437.5854253383845
3014,437.5991855121315
3015,437.6129456858785
3016,437.6267058596255
3017,437.64046603337243
3018,437.65422620711945
3019,437.6679863808664
3020,437.68174655461337
3021,437.6955067283604
3022,437.7092669021074
3023,437.72302707585436
3024,437.7367872496014
3025,437.75054742334834
3026,437.7643075970953
3027,437.7780677708423
3028,437.7918279445893
3029,437.80558811833623
3030,437.81934829208325
3031,437.83310846583026
3032,437.8468686395772
3033,437.8606288133242
3034,437.8743889870712
3035,437.88814916081816
3036,437.9019093345651
3037,437.91566950831213
3038,437.92942968205915
3039,437.9431898558061
3040,437.9569500295531
3041,437.9707102033001
3042,437.98447037704705
3043,437.99823055079406
3044,438.011990724541
3045,438.025750898288
3046,438.039511072035
3047,438.053271245782
3048,438.067031419529
3049,438.08079159327593
3050,438.09455176702295
3051,438.10831194076997
3052,438.12207211451687
3053,438.1358322882639
3054,438.1495924620109
3055,438.16335263575786
3056,438.1771128095049
3057,438.19087298325184
3058,438.2046331569988
3059,438.2183933307458
3060,438.23215350449277
3061,438.24591367823973
3062,438.25967385198675
3063,438.27343402573376
3064,438.2871941994807
3065,438.3009543732277
3066,438.3147145469747
3067,438.3284747207217
3068,438.3422348944686
3069,438.35599506821563
3070,438.36975524196265
3071,438.3835154157096
3072,438.3972755894566
3073,438.4110357632036
3074,438.42479593695055
3075,438.43855611069756
3076,438.4523162844445
3077,438.4660764581915
3078,438.4798366319385
3079,438.4935968056855
3080,438.5073569794325
3081,438.52111715317943
3082,438.53487732692645
3083,438.54863750067346
3084,438.56239767442037
3085,438.5761578481674
3086,438.5899180219144
3087,438.60367819566136
3088,438.6174383694084
3089,438.63119854315534
3090,438.6449587169023
3091,438.6587188906493
3092,438.67247906439627
3093,438.68623923814323
3094,438.69999941189025
3095,438.71375958563726
3096,438.7275197593842
3097,438.7412799331312
3098,438.7550401068782
3099,438.7688002806252
3100,438.7825604543721
3101,438.79632062811913
3102,438.81008080186615
3103,438.8238409756131
3104,438.8376011493601
3105,438.8513613231071
3106,438.86512149685404
3107,438.87888167060106
3108,438.892641844348
3109,438.906402018095
3110,438.920162191842
3111,438.933922365589
3112,438.947682539336
3113,438.96144271308293
3114,438.97520288682995
3115,438.98896306057696
3116,439.00272323432387
3117,439.0164834080709
3118,439.0302435818179
3119,439.04400375556486
3120,439.0577639293119
3121,439.07152410305883
3122,439.0852842768058
3123,439.0990444505528
3124,439.11280462429977
3125,439.12656479804673
3126,439.14032497179375
3127,439.15408514554076
3128,439.1678453192878
3129,439.1816054930347
3130,439.1953656667817
3131,439.2091258405287
3132,439.2228860142756
3133,439.23664618802263
3134,439.25040636176965
3135,439.2641665355166
3136,439.2779267092636
3137,439.2916868830106
3138,439.30544705675754
3139,439.31920723050456
3140,439.3329674042515
3141,439.3467275779985
3142,439.3604877517455
3143,439.3742479254925
3144,439.3880080992395
3145,439.40176827298643
3146,439.41552844673345
3147,439.42928862048046
3148,439.44304879422737
3149,439.4568089679744
3150,439.4705691417214
3151,439.48432931546836
3152,439.4980894892154
3153,439.51184966296233
3154,439.5256098367093
3155,439.5393700104563
3156,439.55313018420327
3157,439.56689035795023
3158,439.58065053169724
3159,439.59441070544426
3160,439.6081708791913
3161,439.6219310529382
3162,439.6356912266852
3163,439.6494514004322
3164,439.6632115741791
3165,439.67697174792613
3166,439.69073192167315
3167,439.7044920954201
3168,439.7182522691671
3169,439.7320124429141
3170,439.74577261666104
3171,439.75953279040806
3172,439.773292964155
3173,439.787053137902
3174,439.800813311649
3175,439.814573485396
3176,439.828333659143
3177,439.84209383288993
3178,439.85585400663695
3179,439.86961418038396
3180,439.88337435413086
3181,439.8971345278779
3182,439.9108947016249
3183,439.92465487537186
3184,439.9384150491189
3185,439.95217522286583
3186,439.9659353966128
3187,439.9796955703598
3188,439.99345574410677
3189,440.0072159178537
3190,440.02097609160074
3191,440.03473626534776
3192,440.0484964390948
3193,440.0622566128417
3194,440.0760167865887
3195,440.0897769603357
3196,440.1035371340826
3197,440.11729730782963
3198,440.13105748157665
3199,440.1448176553236
3200,440.1585778290706
3201,440.1723380028176
3202,440.18609817656454
3203,440.19985835031156
3204,440.2136185240585
3205,440.2273786978055
3206,440.2411388715525
3207,440.2548990452995
3208,440.2686592190465
3209,440.28241939279343
3210,440.29617956654045
3211,440.30993974028746
3212,440.32369991403436
3213,440.3374600877814
3214,440.3512202615284
3215,440.36498043527536
3216,440.3787406090224
3217,440.39250078276933
3218,440.4062609565163
3219,440.4200211302633
3220,440.43378130401027
3221,440.4475414777572
3222,440.46130165150424
3223,440.47506182525126
3224,440.4888219989983
3225,440.5025821727452
3226,440.5163423464922
3227,440.5301025202392
3228,440.5438626939861
3229,440.55762286773313
3230,440.57138304148015
3231,440.5851432152271
3232,440.5989033889741
3233,440.6126635627211
3234,440.62642373646804
3235,440.64018391021506
3236,440.653944083962
3237,440.667704257709
3238,440.681464431456
3239,440.695224605203
3240,440.70898477895
3241,440.7227449526969
3242,440.73650512644394
3243,440.75026530019096
3244,440.76402547393786
3245,440.7777856476849
3246,440.7915458214319
3247,440.80530599517886
3248,440.8190661689259
3249,440.83282634267283
3250,440.8465865164198
3251,440.8603466901668
3252,440.87410686391377
3253,440.8878670376607
3254,440.90162721140774
3255,440.91538738515476
3256,440.9291475589018
3257,440.9429077326487
3258,440.9566679063957
3259,440.9704280801427
3260,440.9841882538896
3261,440.99794842763663
3262,441.01170860138365
3263,441.0254687751306
3264,441.0392289488776
3265,441.0529891226246
3266,441.06674929637154
3267,441.08050947011856
3268,441.0942696438655
3269,441.1080298176125
3270,441.1217899913595
3271,441.1355501651065
3272,441.1493103388535
3273,441.1630705126004
3274,441.17683068634744
3275,441.19059086009446
3276,441.20435103384136
3277,441.2181112075884
3278,441.2318713813354
3279,441.24563155508235
3280,441.25939172882937
3281,441.27315190257633
3282,441.2869120763233
3283,441.3006722500703
3284,441.31443242381727
3285,441.3281925975642
3286,441.34195277131124
3287,441.35571294505826
3288,441.3694731188053
3289,441.3832332925522
3290,441.3969934662992
3291,441.4107536400462
3292,441.4245138137931
3293,441.43827398754013
3294,441.45203416128714
3295,441.4657943350341
3296,441.4795545087811
3297,441.4933146825281
3298,441.50707485627504
3299,441.52083503002206
3300,441.534595203769
3301,441.548355377516
3302,441.562115551263
3303,441.57587572501
3304,441.589635898757
3305,441.6033960725039
3306,441.61715624625094
3307,441.63091641999796
3308,441.64467659374486
3309,441.6584367674919
3310,441.6721969412389
3311,441.68595711498585
3312,441.69971728873287
3313,441.71347746247983
3314,441.7272376362268
3315,441.7409978099738
3316,441.75475798372076
3317,441.7685181574677
3318,441.78227833121474
3319,441.79603850496176
3320,441.8097986787088
3321,441.8235588524557
3322,441.8373190262027
3323,441.8510791999497
3324,441.8648393736966
3325,441.8785995474436
3326,441.89235972119064
3327,441.9061198949376
3328,441.9198800686846
3329,441.9336402424316
3330,441.94740041617854
3331,441.96116058992556
3332,441.9749207636725
3333,441.9886809374195
3334,442.0024411111665
3335,442.0162012849135
3336,442.0299614586605
3337,442.0437216324074
3338,442.05748180615444
3339,442.07124197990146
3340,442.08500215364836
3341,442.0987623273954
3342,442.1125225011424
3343,442.12628267488935
3344,442.14004284863637
3345,442.15380302238333
3346,442.1675631961303
3347,442.1813233698773
3348,442.19508354362426
3349,442.2088437173712
3350,442.22260389111824
3351,442.23636406486526
3352,442.2501242386123
3353,442.2638844123592
3354,442.2776445861062
3355,442.2914047598532
3356,442.3051649336001
3357,442.3189251073471
3358,442.33268528109414
3359,442.3464454548411
3360,442.3602056285881
3361,442.3739658023351
3362,442.38772597608204
3363,442.40148614982905
3364,442.415246323576
3365,442.429006497323
3366,442.44276667107
3367,442.456526844817
3368,442.470287018564
3369,442.4840471923109
3370,442.49780736605794
3371,442.51156753980496
3372,442.52532771355186
3373,442.5390878872989
3374,442.5528480610459
3375,442.56660823479285
3376,442.58036840853987
3377,442.5941285822868
3378,442.6078887560338
3379,442.6216489297808
3380,442.63540910352776
3381,442.6491692772747
3382,442.66292945102174
3383,442.67668962476876
3384,442.6904497985158
3385,442.7042099722627
3386,442.7179701460097
3387,442.7317303197567
3388,442.7454904935036
3389,442.7592506672506
3390,442.77301084099764
3391,442.7867710147446
3392,442.8005311884916
3393,442.8142913622386
3394,442.82805153598554
3395,442.84181170973255
3396,442.8555718834795
3397,442.8693320572265
3398,442.8830922309735
3399,442.8968524047205
3400,442.9106125784675
3401,442.9243727522144
3402,442.93813292596144
3403,442.95189309970846
3404,442.96565327345536
3405,442.9794134472024
3406,442.9931736209494
3407,443.00693379469635
3408,443.02069396844337
3409,443.0344541421903
3410,443.0482143159373
3411,443.0619744896843
3412,443.07573466343126
3413,443.0894948371782
3414,443.10325501092524
3415,443.11701518467225
3416,443.13077535841927
3417,443.1445355321662
3418,443.1582957059132
3419,443.1720558796602
3420,443.1858160534071
3421,443.1995762271541
3422,443.21333640090114
3423,443.2270965746481
3424,443.2408567483951
3425,443.2546169221421
3426,443.26837709588904
3427,443.28213726963605
3428,443.295897443383
3429,443.30965761713
3430,443.323417790877
3431,443.337177964624
3432,443.350938138371
3433,443.3646983121179
3434,443.37845848586494
3435,443.39221865961196
3436,443.40597883335886
3437,443.4197390071059
3438,443.4334991808529
3439,443.44725935459985
3440,443.46101952834687
3441,443.4747797020938
3442,443.4885398758408
3443,443.5023000495878
3444,443.51606022333476
3445,443.5298203970818
3446,443.54358057082874
3447,443.55734074457575
3448,443.57110091832277
3449,443.5848610920697
3450,443.5986212658167
3451,443.6123814395637
3452,443.6261416133106
3453,443.6399017870576
3454,443.65366196080464
3455,443.6674221345516
3456,443.6811823082986
3457,443.6949424820456
3458,443.70870265579254
3459,443.72246282953955
3460,443.7362230032865
3461,443.7499831770335
3462,443.7637433507805
3463,443.7775035245275
3464,443.7912636982745
3465,443.8050238720214
3466,443.81878404576844
3467,443.83254421951546
3468,443.84630439326236
3469,443.8600645670094
3470,443.8738247407564
3471,443.88758491450335
3472,443.90134508825037
3473,443.9151052619973
3474,443.9288654357443
3475,443.9426256094913
3476,443.95638578323826
3477,443.9701459569853
3478,443.98390613073224
3479,443.99766630447925
3480,444.01142647822627
3481,444.0251866519732
3482,444.0389468257202
3483,444.0527069994672
3484,444.0664671732141
3485,444.0802273469611
3486,444.09398752070814
3487,444.1077476944551
3488,444.1215078682021
3489,444.1352680419491
3490,444.14902821569603
3491,444.16278838944305
3492,444.17654856319
3493,444.190308736937
3494,444.204068910684
3495,444.217829084431
3496,444.231589258178
3497,444.2453494319249
3498,444.25910960567194
3499,444.27286977941895
3500,444.28662995316586
3501,444.3003901269129
3502,444.3141503006599
3503,444.32791047440685
3504,444.34167064815387
3505,444.3554308219008
3506,444.3691909956478
3507,444.3829511693948
3508,444.39671134314176
3509,444.4104715168888
3510,444.42423169063574
3511,444.43799186438275
3512,444.45175203812977
3513,444.46551221187667
3514,444.4792723856237
3515,444.4930325593707
3516,444.5067927331176
3517,444.5205529068646
3518,444.53431308061164
3519,444.5480732543586
3520,444.5618334281056
3521,444.5755936018526
3522,444.5893537755996
3523,444.60311394934655
3524,444.6168741230935
3525,444.6306342968405
3526,444.6443944705875
3527,444.6581546443345
3528,444.6719148180815
3529,444.6856749918284
3530,444.69943516557544
3531,444.71319533932245
3532,444.72695551306936
3533,444.7407156868164
3534,444.7544758605634
3535,444.76823603431035
3536,444.78199620805736
3537,444.7957563818043
3538,444.80951655555134
3539,444.8232767292983
3540,444.83703690304526
3541,444.8507970767923
3542,444.86455725053924
3543,444.87831742428625
3544,444.89207759803327
3545,444.90583777178017
3546,444.9195979455272
3547,444.9333581192742
3548,444.9471182930211
3549,444.9608784667681
3550,444.97463864051514
3551,444.9883988142621
3552,445.0021589880091
3553,445.0159191617561
3554,445.0296793355031
3555,445.04343950925005
3556,445.057199682997
3557,445.070959856744
3558,445.084720030491
3559,445.098480204238
3560,445.112240377985
3561,445.1260005517319
3562,445.13976072547894
3563,445.15352089922595
3564,445.16728107297286
3565,445.1810412467199
3566,445.1948014204669
3567,445.20856159421385
3568,445.22232176796086
3569,445.2360819417078
3570,445.24984211545484
3571,445.2636022892018
3572,445.27736246294876
3573,445.2911226366958
3574,445.30488281044273
3575,445.31864298418975
3576,445.33240315793677
3577,445.34616333168367
3578,445.3599235054307
3579,445.3736836791777
3580,445.3874438529246
3581,445.4012040266716
3582,445.41496420041864
3583,445.4287243741656
3584,445.4424845479126
3585,445.4562447216596
3586,445.4700048954066
3587,445.48376506915355
3588,445.4975252429005
3589,445.5112854166475
3590,445.5250455903945
3591,445.5388057641415
3592,445.5525659378885
3593,445.5663261116354
3594,445.58008628538244
3595,445.59384645912945
3596,445.60760663287635
3597,445.62136680662337
3598,445.6351269803704
3599,445.64888715411735
3600,445.66264732786436
3601,445.6764075016113
3602,445.69016767535834
3603,445.7039278491053
3604,445.71768802285226
3605,445.7314481965993
3606,445.74520837034623
3607,445.75896854409325
3608,445.77272871784027
3609,445.78648889158717
3610,445.8002490653342
3611,445.8140092390812
3612,445.8277694128281
3613,445.8415295865751
3614,445.85528976032214
3615,445.86904993406915
3616,445.8828101078161
3617,445.8965702815631
3618,445.9103304553101
3619,445.92409062905705
3620,445.937850802804
3621,445.951610976551
3622,445.965371150298
3623,445.979131324045
3624,445.992891497792
3625,446.0066516715389
3626,446.02041184528593
3627,446.03417201903295
3628,446.04793219277985
3629,446.06169236652687
3630,446.0754525402739
3631,446.0892127140209
3632,446.10297288776786
3633,446.1167330615148
3634,446.13049323526184
3635,446.1442534090088
3636,446.15801358275576
3637,446.1717737565028
3638,446.18553393024973
3639,446.19929410399675
3640,446.21305427774377
3641,446.22681445149067
3642,446.2405746252377
3643,446.2543347989847
3644,446.2680949727316
3645,446.2818551464786
3646,446.29561532022564
3647,446.30937549397265
3648,446.3231356677196
3649,446.33689584146657
3650,446.3506560152136
3651,446.36441618896055
3652,446.3781763627075
3653,446.3919365364545
3654,446.4056967102015
3655,446.4194568839485
3656,446.4332170576955
3657,446.4469772314424
3658,446.46073740518943
3659,446.47449757893645
3660,446.48825775268335
3661,446.50201792643037
3662,446.5157781001774
3663,446.5295382739244
3664,446.54329844767136
3665,446.5570586214183
3666,446.57081879516534
3667,446.5845789689123
3668,446.59833914265926
3669,446.6120993164063
3670,446.62585949015323
3671,446.63961966390025
3672,446.65337983764726
3673,446.66714001139417
3674,446.6809001851412
3675,446.6946603588882
3676,446.7084205326351
3677,446.7221807063821
3678,446.73594088012914
3679,446.74970105387615
3680,446.7634612276231
3681,446.77722140137007
3682,446.7909815751171
3683,446.80474174886405
3684,446.818501922611
3685,446.832262096358
3686,446.846022270105
3687,446.859782443852
3688,446.873542617599
3689,446.8873027913459
3690,446.90106296509293
3691,446.91482313883995
3692,446.92858331258685
3693,446.94234348633387
3694,446.9561036600809
3695,446.9698638338279
3696,446.98362400757486
3697,446.9973841813218
3698,447.01114435506884
3699,447.0249045288158
3700,447.03866470256276
3701,447.0524248763098
3702,447.06618505005673
3703,447.07994522380375
3704,447.09370539755076
3705,447.10746557129767
3706,447.1212257450447
3707,447.1349859187917
3708,447.1487460925386
3709,447.1625062662856
3710,447.17626644003263
3711,447.19002661377965
3712,447.2037867875266
3713,447.21754696127357
3714,447.2313071350206
3715,447.24506730876755
3716,447.2588274825145
3717,447.2725876562615
3718,447.2863478300085
3719,447.3001080037555
3720,447.3138681775025
3721,447.3276283512494
3722,447.34138852499643
3723,447.35514869874345
3724,447.36890887249035
3725,447.38266904623737
3726,447.3964292199844
3727,447.4101893937314
3728,447.42394956747836
3729,447.4377097412253
3730,447.45146991497234
3731,447.4652300887193
3732,447.47899026246625
3733,447.49275043621327
3734,447.50651060996023
3735,447.52027078370725
3736,447.53403095745426
3737,447.54779113120117
3738,447.5615513049482
3739,447.5753114786952
3740,447.5890716524421
3741,447.6028318261891
3742,447.61659199993613
3743,447.63035217368315
3744,447.6441123474301
3745,447.65787252117707
3746,447.6716326949241
3747,447.68539286867104
3748,447.699153042418
3749,447.712913216165
3750,447.726673389912
3751,447.740433563659
3752,447.754193737406
3753,447.7679539111529
3754,447.78171408489993
3755,447.79547425864695
3756,447.80923443239385
3757,447.82299460614087
3758,447.8367547798879
3759,447.8505149536349
3760,447.86427512738186
3761,447.8780353011288
3762,447.89179547487583
3763,447.9055556486228
3764,447.91931582236975
3765,447.93307599611677
3766,447.94683616986373
3767,447.96059634361075
3768,447.97435651735776
3769,447.98811669110466
3770,448.0018768648517
3771,448.0156370385987
3772,448.0293972123456
3773,448.0431573860926
3774,448.05691755983963
3775,448.07067773358665
3776,448.0844379073336
3777,448.09819808108057
3778,448.1119582548276
3779,448.12571842857454
3780,448.1394786023215
3781,448.1532387760685
3782,448.1669989498155
3783,448.1807591235625
3784,448.1945192973095
3785,448.2082794710564
3786,448.22203964480343
3787,448.23579981855045
3788,448.24955999229735
3789,448.26332016604437
3790,448.2770803397914
3791,448.2908405135384
3792,448.30460068728536
3793,448.3183608610323
3794,448.33212103477933
3795,448.3458812085263
3796,448.35964138227325
3797,448.37340155602027
3798,448.38716172976723
3799,448.40092190351425
3800,448.41468207726126
3801,448.42844225100816
3802,448.4422024247552
3803,448.4559625985022
3804,448.4697227722491
3805,448.4834829459961
3806,448.49724311974313
3807,448.51100329349015
3808,448.5247634672371
3809,448.53852364098407
3810,448.5522838147311
3811,448.56604398847804
3812,448.579804162225
3813,448.593564335972
3814,448.607324509719
3815,448.621084683466
3816,448.634844857213
3817,448.6486050309599
3818,448.66236520470693
3819,448.67612537845395
3820,448.68988555220085
3821,448.70364572594787
3822,448.7174058996949
3823,448.7311660734419
3824,448.74492624718886
3825,448.7586864209358
3826,448.77244659468283
3827,448.7862067684298
3828,448.79996694217675
3829,448.81372711592377
3830,448.8274872896707
3831,448.84124746341774
3832,448.85500763716476
3833,448.86876781091166
3834,448.8825279846587
3835,448.8962881584057
3836,448.9100483321526
3837,448.9238085058996
3838,448.93756867964663
3839,448.95132885339365
3840,448.9650890271406
3841,448.97884920088757
3842,448.9926093746346
3843,449.00636954838154
3844,449.0201297221285
3845,449.0338898958755
3846,449.0476500696225
3847,449.0614102433695
3848,449.0751704171165
3849,449.0889305908634
3850,449.10269076461043
3851,449.11645093835745
3852,449.13021111210435
3853,449.14397128585136
3854,449.1577314595984
3855,449.1714916333454
3856,449.18525180709236
3857,449.1990119808393
3858,449.21277215458633
3859,449.2265323283333
3860,449.24029250208025
3861,449.25405267582727
3862,449.2678128495742
3863,449.28157302332124
3864,449.29533319706826
3865,449.30909337081516
3866,449.3228535445622
3867,449.3366137183092
3868,449.3503738920561
3869,449.3641340658031
3870,449.37789423955013
3871,449.39165441329715
3872,449.4054145870441
3873,449.41917476079107
3874,449.4329349345381
3875,449.44669510828504
3876,449.460455282032
3877,449.474215455779
3878,449.487975629526
3879,449.501735803273
3880,449.51549597702
3881,449.5292561507669
3882,449.5430163245139
3883,449.55677649826094
3884,449.57053667200785
3885,449.58429684575486
3886,449.5980570195019
3887,449.6118171932489
3888,449.62557736699586
3889,449.6393375407428
3890,449.65309771448983
3891,449.6668578882368
3892,449.68061806198375
3893,449.69437823573077
3894,449.7081384094777
3895,449.72189858322474
3896,449.73565875697176
3897,449.74941893071866
3898,449.7631791044657
3899,449.7769392782127
3900,449.7906994519596
3901,449.8044596257066
3902,449.81821979945363
3903,449.83197997320065
3904,449.8457401469476
3905,449.85950032069456
3906,449.8732604944416
3907,449.88702066818854
3908,449.9007808419355
3909,449.9145410156825
3910,449.9283011894295
3911,449.9420613631765
3912,449.9558215369235
3913,449.9695817106704
3914,449.9833418844174
3915,449.99710205816444
3916,450.0108622319114
3917,450.02462240565836
3918,450.0383825794054
3919,450.0521427531524
3920,450.06590292689935
3921,450.0796631006463
3922,450.09342327439333
3923,450.1071834481403
3924,450.12094362188725
3925,450.13470379563427
3926,450.1484639693812
3927,450.16222414312824
3928,450.17598431687526
3929,450.18974449062216
3930,450.2035046643692
3931,450.2172648381162
3932,450.23102501186315
3933,450.2447851856101
3934,450.25854535935713
3935,450.27230553310415
3936,450.2860657068511
3937,450.29982588059806
3938,450.3135860543451
3939,450.32734622809204
3940,450.341106401839
3941,450.354866575586
3942,450.368626749333
3943,450.38238692308
3944,450.396147096827
3945,450.4099072705739
3946,450.4236674443209
3947,450.43742761806794
3948,450.4511877918149
3949,450.46494796556186
3950,450.4787081393089
3951,450.4924683130559
3952,450.50622848680285
3953,450.5199886605498
3954,450.53374883429683
3955,450.5475090080438
3956,450.56126918179075
3957,450.57502935553777
3958,450.5887895292847
3959,450.60254970303174
3960,450.61630987677876
3961,450.63007005052566
3962,450.6438302242727
3963,450.6575903980197
3964,450.67135057176665
3965,450.6851107455136
3966,450.6988709192606
3967,450.71263109300764
3968,450.7263912667546
3969,450.74015144050156
3970,450.7539116142486
3971,450.76767178799554
3972,450.7814319617425
3973,450.7951921354895
3974,450.8089523092365
3975,450.8227124829835
3976,450.8364726567305
3977,450.8502328304774
3978,450.8639930042244
3979,450.87775317797144
3980,450.8915133517184
3981,450.90527352546536
3982,450.9190336992124
3983,450.9327938729594
3984,450.94655404670635
3985,450.9603142204533
3986,450.97407439420033
3987,450.9878345679473
3988,451.00159474169425
3989,451.01535491544126
3990,451.0291150891882
3991,451.04287526293524
3992,451.05663543668226
3993,451.07039561042916
3994,451.0841557841762
3995,451.0979159579232
3996,451.11167613167015
3997,451.1254363054171
3998,451.1391964791641
3999,451.15295665291114
4000,451.1667168266581
4001,451.18047700040506
4002,451.1942371741521
4003,451.20799734789904
4004,451.221757521646
4005,451.235517695393
4006,451.24927786914
4007,451.263038042887
4008,451.276798216634
4009,451.29055839038097
4010,451.3043185641279
4011,451.31807873787494
4012,451.3318389116219
4013,451.34559908536886
4014,451.3593592591159
4015,451.3731194328629
4016,451.38687960660985
4017,451.4006397803568
4018,451.4143999541038
4019,451.4281601278508
4020,451.44192030159775
4021,451.45568047534476
4022,451.4694406490917
4023,451.48320082283874
4024,451.49696099658576
4025,451.5107211703327
4026,451.5244813440797
4027,451.5382415178267
4028,451.55200169157365
4029,451.5657618653206
4030,451.5795220390676
4031,451.59328221281464
4032,451.6070423865616
4033,451.62080256030856
4034,451.6345627340556
4035,451.64832290780254
4036,451.6620830815495
4037,451.6758432552965
4038,451.6896034290435
4039,451.7033636027905
4040,451.7171237765375
4041,451.73088395028446
4042,451.7446441240314
4043,451.75840429777844
4044,451.7721644715254
4045,451.78592464527236
4046,451.7996848190194
4047,451.8134449927664
4048,451.82720516651335
4049,451.8409653402603
4050,451.8547255140073
4051,451.8684856877543
4052,451.88224586150125
4053,451.89600603524826
4054,451.9097662089952
4055,451.92352638274224
4056,451.93728655648925
4057,451.9510467302362
4058,451.9648069039832
4059,451.9785670777302
4060,451.99232725147715
4061,452.0060874252241
4062,452.0198475989711
4063,452.03360777271814
4064,452.0473679464651
4065,452.06112812021206
4066,452.0748882939591
4067,452.08864846770604
4068,452.102408641453
4069,452.1161688152
4070,452.129928988947
4071,452.143689162694
4072,452.157449336441
4073,452.17120951018796
4074,452.1849696839349
4075,452.19872985768194
4076,452.2124900314289
4077,452.22625020517586
4078,452.2400103789229
4079,452.2537705526699
4080,452.26753072641685
4081,452.2812909001638
4082,452.2950510739108
4083,452.3088112476578
4084,452.32257142140475
4085,452.33633159515176
4086,452.3500917688988
4087,452.36385194264574
4088,452.37761211639275
4089,452.3913722901397
4090,452.4051324638867
4091,452.4188926376337
4092,452.43265281138065
4093,452.4464129851276
4094,452.4601731588746
4095,452.47393333262164
4096,452.4876935063686
4097,452.50145368011556
4098,452.5152138538626
4099,452.52897402760954
4100,452.5427342013565
4101,452.5564943751035
4102,452.5702545488505
4103,452.5840147225975
4104,452.5977748963445
4105,452.61153507009146
4106,452.6252952438384
4107,452.63905541758544
4108,452.6528155913324
4109,452.66657576507936
4110,452.6803359388264
4111,452.6940961125734
4112,452.70785628632035
4113,452.7216164600673
4114,452.7353766338143
4115,452.7491368075613
4116,452.76289698130824
4117,452.77665715505526
4118,452.7904173288023
4119,452.80417750254924
4120,452.81793767629625
4121,452.8316978500432
4122,452.8454580237902
4123,452.8592181975372
4124,452.87297837128415
4125,452.8867385450311
4126,452.9004987187781
4127,452.91425889252514
4128,452.9280190662721
4129,452.94177924001906
4130,452.9555394137661
4131,452.96929958751304
4132,452.98305976126
4133,452.996819935007
4134,453.010580108754
4135,453.024340282501
4136,453.038100456248
4137,453.05186062999496
4138,453.0656208037419
4139,453.07938097748894
4140,453.0931411512359
4141,453.10690132498286
4142,453.1206614987299
4143,453.1344216724769
4144,453.14818184622385
4145,453.1619420199708
4146,453.1757021937178
4147,453.1894623674648
4148,453.20322254121174
4149,453.21698271495876
4150,453.2307428887058
4151,453.24450306245274
4152,453.25826323619975
4153,453.2720234099467
4154,453.28578358369367
4155,453.2995437574407
4156,453.31330393118765
4157,453.3270641049346
4158,453.3408242786816
4159,453.35458445242864
4160,453.3683446261756
4161,453.38210479992256
4162,453.3958649736696
4163,453.40962514741653
4164,453.4233853211635
4165,453.4371454949105
4166,453.4509056686575
4167,453.4646658424045
4168,453.4784260161515
4169,453.49218618989846
4170,453.5059463636454
4171,453.51970653739244
4172,453.5334667111394
4173,453.54722688488636
4174,453.5609870586334
4175,453.5747472323804
4176,453.58850740612735
4177,453.6022675798743
4178,453.6160277536213
4179,453.62978792736834
4180,453.64354810111524
4181,453.65730827486226
4182,453.6710684486093
4183,453.68482862235624
4184,453.69858879610325
4185,453.7123489698502
4186,453.72610914359717
4187,453.7398693173442
4188,453.75362949109115
4189,453.7673896648381
4190,453.7811498385851
4191,453.79491001233214
4192,453.8086701860791
4193,453.82243035982606
4194,453.8361905335731
4195,453.8499507073201
4196,453.863710881067
4197,453.877471054814
4198,453.891231228561
4199,453.904991402308
4200,453.918751576055
4201,453.93251174980196
4202,453.9462719235489
4203,453.96003209729594
4204,453.9737922710429
4205,453.98755244478986
4206,454.0013126185369
4207,454.0150727922839
4208,454.02883296603085
4209,454.0425931397778
4210,454.0563533135248
4211,454.07011348727184
4212,454.08387366101874
4213,454.09763383476576
4214,454.1113940085128
4215,454.12515418225973
4216,454.13891435600675
4217,454.1526745297537
4218,454.16643470350067
4219,454.1801948772477
4220,454.19395505099465
4221,454.2077152247416
4222,454.2214753984886
4223,454.23523557223564
4224,454.2489957459826
4225,454.26275591972956
4226,454.2765160934766
4227,454.2902762672236
4228,454.3040364409705
4229,454.3177966147175
4230,454.3315567884645
4231,454.3453169622115
4232,454.3590771359585
4233,454.37283730970546
4234,454.3865974834524
4235,454.40035765719944
4236,454.4141178309464
4237,454.42787800469335
4238,454.44163817844037
4239,454.4553983521874
4240,454.46915852593435
4241,454.4829186996813
4242,454.4966788734283
4243,454.51043904717534
4244,454.52419922092224
4245,454.53795939466926
4246,454.5517195684163
4247,454.56547974216323
4248,454.57923991591025
4249,454.5930000896572
4250,454.60676026340417
4251,454.6205204371512
4252,454.63428061089814
4253,454.6480407846451
4254,454.6618009583921
4255,454.67556113213914
4256,454.68932130588615
4257,454.70308147963306
4258,454.7168416533801
4259,454.7306018271271
4260,454.744362000874
4261,454.758122174621
4262,454.771882348368
4263,454.785642522115
4264,454.799402695862
4265,454.81316286960896
4266,454.8269230433559
4267,454.84068321710294
4268,454.8544433908499
4269,454.86820356459685
4270,454.88196373834387
4271,454.8957239120909
4272,454.9094840858379
4273,454.9232442595848
4274,454.9370044333318
4275,454.95076460707884
4276,454.96452478082574
4277,454.97828495457276
4278,454.9920451283198
4279,455.00580530206673
4280,455.01956547581375
4281,455.0333256495607
4282,455.04708582330767
4283,455.0608459970547
4284,455.07460617080164
4285,455.0883663445486
4286,455.1021265182956
4287,455.11588669204264
4288,455.12964686578965
4289,455.14340703953656
4290,455.15716721328357
4291,455.1709273870306
4292,455.1846875607775
4293,455.1984477345245
4294,455.2122079082715
4295,455.2259680820185
4296,455.2397282557655
4297,455.25348842951246
4298,455.2672486032594
4299,455.28100877700643
4300,455.2947689507534
4301,455.30852912450035
4302,455.32228929824737
4303,455.3360494719944
4304,455.3498096457414
4305,455.3635698194883
4306,455.3773299932353
4307,455.39109016698234
4308,455.40485034072924
4309,455.41861051447626
4310,455.4323706882233
4311,455.44613086197023
4312,455.45989103571725
4313,455.4736512094642
4314,455.48741138321117
4315,455.5011715569582
4316,455.51493173070514
4317,455.5286919044521
4318,455.5424520781991
4319,455.55621225194614
4320,455.56997242569315
4321,455.58373259944005
4322,455.59749277318707
4323,455.6112529469341
4324,455.625013120681
4325,455.638773294428
4326,455.652533468175
4327,455.666293641922
4328,455.680053815669
4329,455.69381398941596
4330,455.7075741631629
4331,455.72133433690993
4332,455.7350945106569
4333,455.74885468440385
4334,455.76261485815087
4335,455.7763750318979
4336,455.7901352056449
4337,455.8038953793918
4338,455.8176555531388
4339,455.83141572688584
4340,455.84517590063274
4341,455.85893607437976
4342,455.8726962481268
4343,455.88645642187373
4344,455.90021659562075
4345,455.9139767693677
4346,455.92773694311467
4347,455.9414971168617
4348,455.95525729060864
4349,455.9690174643556
4350,455.9827776381026
4351,455.99653781184963
4352,456.01029798559665
4353,456.02405815934355
4354,456.03781833309057
4355,456.0515785068376
4356,456.0653386805845
4357,456.0790988543315
4358,456.0928590280785
4359,456.1066192018255
4360,456.1203793755725
4361,456.13413954931946
4362,456.1478997230664
4363,456.16165989681343
4364,456.1754200705604
4365,456.18918024430735
4366,456.20294041805437
4367,456.2167005918014
4368,456.2304607655484
4369,456.2442209392953
4370,456.2579811130423
4371,456.27174128678934
4372,456.28550146053624
4373,456.29926163428325
4374,456.31302180803027
4375,456.32678198177723
4376,456.34054215552425
4377,456.3543023292712
4378,456.36806250301817
4379,456.3818226767652
4380,456.39558285051214
4381,456.4093430242591
4382,456.4231031980061
4383,456.43686337175313
4384,456.45062354550015
4385,456.46438371924705
4386,456.47814389299407
4387,456.4919040667411
4388,456.505664240488
4389,456.519424414235
4390,456.533184587982
4391,456.546944761729
4392,456.560704935476
4393,456.57446510922296
4394,456.5882252829699
4395,456.60198545671693
4396,456.6157456304639
4397,456.62950580421085
4398,456.64326597795787
4399,456.6570261517049
4400,456.6707863254519
4401,456.6845464991988
4402,456.6983066729458
4403,456.71206684669284
4404,456.72582702043974
4405,456.73958719418675
4406,456.75334736793377
4407,456.76710754168073
4408,456.78086771542775
4409,456.7946278891747
4410,456.80838806292167
4411,456.8221482366687
4412,456.83590841041564
4413,456.8496685841626
4414,456.8634287579096
4415,456.87718893165663
4416,456.89094910540365
4417,456.90470927915055
4418,456.91846945289757
4419,456.9322296266446
4420,456.9459898003915
4421,456.9597499741385
4422,456.9735101478855
4423,456.9872703216325
4424,457.0010304953795
4425,457.01479066912646
4426,457.0285508428734
4427,457.04231101662043
4428,457.0560711903674
4429,457.06983136411435
4430,457.08359153786137
4431,457.0973517116084
4432,457.1111118853554
4433,457.1248720591023
4434,457.1386322328493
4435,457.15239240659633
4436,457.16615258034324
4437,457.17991275409025
4438,457.19367292783727
4439,457.20743310158423
4440,457.22119327533125
4441,457.2349534490782
4442,457.24871362282516
4443,457.2624737965722
4444,457.27623397031914
4445,457.2899941440661
4446,457.3037543178131
4447,457.31751449156013
4448,457.33127466530715
4449,457.34503483905405
4450,457.35879501280107
4451,457.3725551865481
4452,457.386315360295
4453,457.400075534042
4454,457.413835707789
4455,457.427595881536
4456,457.441356055283
4457,457.45511622902995
4458,457.4688764027769
4459,457.48263657652393
4460,457.4963967502709
4461,457.51015692401785
4462,457.52391709776487
4463,457.5376772715119
4464,457.5514374452589
4465,457.5651976190058
4466,457.5789577927528
4467,457.59271796649983
4468,457.60647814024674
4469,457.62023831399375
4470,457.63399848774077
4471,457.6477586614877
4472,457.66151883523474
4473,457.6752790089817
4474,457.68903918272866
4475,457.7027993564757
4476,457.71655953022264
4477,457.7303197039696
4478,457.7440798777166
4479,457.75784005146363
4480,457.77160022521065
4481,457.78536039895755
4482,457.79912057270457
4483,457.8128807464516
4484,457.8266409201985
4485,457.8404010939455
4486,457.8541612676925
4487,457.8679214414395
4488,457.8816816151865
4489,457.89544178893345
4490,457.9092019626804
4491,457.92296213642743
4492,457.9367223101744
4493,457.95048248392135
4494,457.96424265766836
4495,457.9780028314154
4496,457.9917630051624
4497,458.0055231789093
4498,458.0192833526563
4499,458.03304352640333
4500,458.04680370015024
4501,458.06056387389725
4502,458.07432404764427
4503,458.0880842213912
4504,458.10184439513824
4505,458.1156045688852
4506,458.12936474263216
4507,458.1431249163792
4508,458.15688509012614
4509,458.1706452638731
4510,458.1844054376201
4511,458.19816561136713
4512,458.21192578511415
4513,458.22568595886105
4514,458.23944613260807
4515,458.2532063063551
4516,458.266966480102
4517,458.280726653849
4518,458.294486827596
4519,458.308247001343
4520,458.32200717509
4521,458.33576734883695
4522,458.3495275225839
4523,458.36328769633093
4524,458.3770478700779
4525,458.39080804382485
4526,458.40456821757186
4527,458.4183283913189
4528,458.4320885650659
4529,458.4458487388128
4530,458.4596089125598
4531,458.47336908630683
4532,458.48712926005373
4533,458.50088943380075
4534,458.51464960754777
4535,458.5284097812947
4536,458.54216995504174
4537,458.5559301287887
4538,458.56969030253566
4539,458.5834504762827
4540,458.59721065002964
4541,458.6109708237766
4542,458.6247309975236
4543,458.63849117127063
4544,458.65225134501765
4545,458.66601151876455
4546,458.67977169251157
4547,458.6935318662586
4548,458.7072920400055
4549,458.7210522137525
4550,458.7348123874995
4551,458.7485725612465
4552,458.7623327349935
4553,458.77609290874045
4554,458.7898530824874
4555,458.8036132562344
4556,458.8173734299814
4557,458.83113360372835
4558,458.84489377747536
4559,458.8586539512224
4560,458.8724141249694
4561,458.8861742987163
4562,458.8999344724633
4563,458.91369464621033
4564,458.92745481995723
4565,458.94121499370425
4566,458.95497516745127
4567,458.9687353411982
4568,458.98249551494524
4569,458.9962556886922
4570,459.01001586243916
4571,459.0237760361862
4572,459.03753620993314
4573,459.05129638368015
4574,459.0650565574271
4575,459.07881673117413
4576,459.09257690492115
4577,459.10633707866805
4578,459.12009725241506
4579,459.1338574261621
4580,459.147617599909
4581,459.161377773656
4582,459.175137947403
4583,459.18889812115
4584,459.202658294897
4585,459.21641846864395
4586,459.2301786423909
4587,459.2439388161379
4588,459.2576989898849
4589,459.2714591636319
4590,459.28521933737886
4591,459.2989795111259
4592,459.3127396848729
4593,459.3264998586198
4594,459.3402600323668
4595,459.35402020611383
4596,459.36778037986073
4597,459.38154055360775
4598,459.39530072735477
4599,459.4090609011017
4600,459.42282107484874
4601,459.4365812485957
4602,459.45034142234266
4603,459.4641015960897
4604,459.47786176983664
4605,459.49162194358365
4606,459.5053821173306
4607,459.5191422910776
4608,459.53290246482464
4609,459.54666263857155
4610,459.56042281231856
4611,459.5741829860656
4612,459.5879431598125
4613,459.6017033335595
4614,459.6154635073065
4615,459.6292236810535
4616,459.6429838548005
4617,459.65674402854745
4618,459.6705042022944
4619,459.6842643760414
4620,459.6980245497884
4621,459.7117847235354
4622,459.72554489728236
4623,459.7393050710294
4624,459.7530652447764
4625,459.7668254185233
4626,459.7805855922703
4627,459.79434576601733
4628,459.80810593976423
4629,459.82186611351125
4630,459.83562628725826
4631,459.8493864610052
4632,459.86314663475224
4633,459.8769068084992
4634,459.89066698224616
4635,459.9044271559932
4636,459.91818732974014
4637,459.93194750348715
4638,459.9457076772341
4639,459.9594678509811
4640,459.97322802472814
4641,459.98698819847505
4642,460.00074837222206
4643,460.0145085459691
4644,460.028268719716
4645,460.042028893463
4646,460.05578906721
4647,460.069549240957
4648,460.083309414704
4649,460.09706958845095
4650,460.11082976219797
4651,460.1245899359449
4652,460.1383501096919
4653,460.1521102834389
4654,460.16587045718586
4655,460.1796306309329
4656,460.1933908046799
4657,460.2071509784268
4658,460.2209111521738
4659,460.23467132592083
4660,460.24843149966773
4661,460.26219167341475
4662,460.27595184716176
4663,460.2897120209087
4664,460.30347219465574
4665,460.3172323684027
4666,460.3309925421497
4667,460.3447527158967
4668,460.35851288964363
4669,460.37227306339065
4670,460.3860332371376
4671,460.3997934108846
4672,460.41355358463164
4673,460.42731375837855
4674,460.44107393212556
4675,460.4548341058726
4676,460.4685942796195
4677,460.4823544533665
4678,460.4961146271135
4679,460.5098748008605
4680,460.5236349746075
4681,460.53739514835445
4682,460.55115532210147
4683,460.5649154958484
4684,460.5786756695954
4685,460.5924358433424
4686,460.60619601708936
4687,460.6199561908364
4688,460.6337163645834
4689,460.6474765383303
4690,460.6612367120773
4691,460.6749968858243
4692,460.68875705957123
4693,460.70251723331825
4694,460.71627740706526
4695,460.7300375808122
4696,460.74379775455924
4697,460.7575579283062
4698,460.7713181020532
4699,460.7850782758002
4700,460.79883844954713
4701,460.81259862329415
4702,460.8263587970411
4703,460.8401189707881
4704,460.85387914453514
4705,460.86763931828204
4706,460.88139949202906
4707,460.8951596657761
4708,460.908919839523
4709,460.92268001327
4710,460.936440187017
4711,460.950200360764
4712,460.963960534511
4713,460.97772070825795
4714,460.99148088200496
4715,461.0052410557519
4716,461.0190012294989
4717,461.0327614032459
4718,461.04652157699286
4719,461.0602817507399
4720,461.0740419244869
4721,461.0878020982338
4722,461.1015622719808
4723,461.1153224457278
4724,461.12908261947473
4725,461.14284279322175
4726,461.15660296696876
4727,461.1703631407157
4728,461.18412331446274
4729,461.1978834882097
4730,461.2116436619567
4731,461.2254038357037
4732,461.23916400945063
4733,461.25292418319765
4734,461.2666843569446
4735,461.2804445306916
4736,461.29420470443864
4737,461.30796487818554
4738,461.32172505193256
4739,461.3354852256796
4740,461.3492453994265
4741,461.3630055731735
4742,461.3767657469205
4743,461.3905259206675
4744,461.4042860944145
4745,461.41804626816145
4746,461.43180644190846
4747,461.4455666156554
4748,461.4593267894024
4749,461.4730869631494
4750,461.48684713689636
4751,461.5006073106434
4752,461.5143674843904
4753,461.5281276581373
4754,461.5418878318843
4755,461.5556480056313
4756,461.56940817937823
4757,461.58316835312525
4758,461.59692852687226
4759,461.6106887006193
4760,461.62444887436624
4761,461.6382090481132
4762,461.6519692218602
4763,461.6657293956072
4764,461.67948956935413
4765,461.69324974310115
4766,461.7070099168481
4767,461.7207700905951
4768,461.73453026434214
4769,461.74829043808904
4770,461.76205061183606
4771,461.7758107855831
4772,461.78957095933
4773,461.803331133077
4774,461.817091306824
4775,461.830851480571
4776,461.844611654318
4777,461.85837182806495
4778,461.87213200181196
4779,461.8858921755589
4780,461.8996523493059
4781,461.9134125230529
4782,461.92717269679986
4783,461.9409328705469
4784,461.9546930442939
4785,461.9684532180408
4786,461.9822133917878
4787,461.9959735655348
4788,462.0097337392817
4789,462.02349391302874
4790,462.03725408677576
4791,462.0510142605228
4792,462.06477443426974
4793,462.0785346080167
4794,462.0922947817637
4795,462.1060549555107
4796,462.11981512925763
4797,462.13357530300465
4798,462.1473354767516
4799,462.1610956504986
4800,462.17485582424564
4801,462.18861599799254
4802,462.20237617173956
4803,462.2161363454866
4804,462.2298965192335
4805,462.2436566929805
4806,462.2574168667275
4807,462.2711770404745
4808,462.2849372142215
4809,462.29869738796845
4810,462.31245756171546
4811,462.3262177354624
4812,462.3399779092094
4813,462.3537380829564
4814,462.36749825670336
4815,462.3812584304504
4816,462.3950186041974
4817,462.4087787779443
4818,462.4225389516913
4819,462.4362991254383
4820,462.4500592991852
4821,462.46381947293224
4822,462.47757964667926
4823,462.4913398204263
4824,462.50509999417324
4825,462.5188601679202
4826,462.5326203416672
4827,462.54638051541417
4828,462.56014068916113
4829,462.57390086290815
4830,462.5876610366551
4831,462.6014212104021
4832,462.61518138414914
4833,462.62894155789604
4834,462.64270173164306
4835,462.6564619053901
4836,462.670222079137
4837,462.683982252884
4838,462.697742426631
4839,462.711502600378
4840,462.725262774125
4841,462.73902294787194
4842,462.75278312161896
4843,462.7665432953659
4844,462.7803034691129
4845,462.7940636428599
4846,462.80782381660686
4847,462.8215839903539
4848,462.8353441641009
4849,462.8491043378478
4850,462.8628645115948
4851,462.8766246853418
4852,462.8903848590887
4853,462.90414503283574
4854,462.91790520658276
4855,462.9316653803298
4856,462.94542555407673
4857,462.9591857278237
4858,462.9729459015707
4859,462.98670607531767
4860,463.00046624906463
4861,463.01422642281165
4862,463.0279865965586
4863,463.0417467703056
4864,463.05550694405264
4865,463.06926711779954
4866,463.08302729154656
4867,463.0967874652936
4868,463.1105476390405
4869,463.1243078127875
4870,463.1380679865345
4871,463.1518281602815
4872,463.1655883340285
4873,463.17934850777544
4874,463.19310868152246
4875,463.2068688552694
4876,463.2206290290164
4877,463.2343892027634
4878,463.24814937651036
4879,463.26190955025737
4880,463.2756697240044
4881,463.2894298977513
4882,463.3031900714983
4883,463.3169502452453
4884,463.3307104189922
4885,463.34447059273924
4886,463.35823076648626
4887,463.3719909402333
4888,463.38575111398023
4889,463.3995112877272
4890,463.4132714614742
4891,463.42703163522117
4892,463.44079180896813
4893,463.45455198271515
4894,463.4683121564621
4895,463.4820723302091
4896,463.49583250395614
4897,463.50959267770304
4898,463.52335285145006
4899,463.5371130251971
4900,463.550873198944
4901,463.564633372691
4902,463.578393546438
4903,463.592153720185
4904,463.605913893932
4905,463.61967406767894
4906,463.63343424142596
4907,463.6471944151729
4908,463.6609545889199
4909,463.6747147626669
4910,463.68847493641385
4911,463.70223511016087
4912,463.7159952839079
4913,463.7297554576548
4914,463.7435156314018
4915,463.7572758051488
4916,463.7710359788957
4917,463.78479615264274
4918,463.79855632638976
4919,463.8123165001368
4920,463.82607667388373
4921,463.8398368476307
4922,463.8535970213777
4923,463.86735719512467
4924,463.8811173688716
4925,463.89487754261864
4926,463.9086377163656
4927,463.9223978901126
4928,463.93615806385964
4929,463.94991823760654
4930,463.96367841135356
4931,463.9774385851006
4932,463.9911987588475
4933,464.0049589325945
4934,464.0187191063415
4935,464.0324792800885
4936,464.0462394538355
4937,464.05999962758244
4938,464.07375980132946
4939,464.0875199750764
4940,464.1012801488234
4941,464.1150403225704
4942,464.12880049631735
4943,464.14256067006437
4944,464.1563208438114
4945,464.1700810175583
4946,464.1838411913053
4947,464.1976013650523
4948,464.2113615387992
4949,464.22512171254624
4950,464.23888188629326
4951,464.2526420600403
4952,464.26640223378723
4953,464.2801624075342
4954,464.2939225812812
4955,464.30768275502817
4956,464.3214429287751
4957,464.33520310252214
4958,464.3489632762691
4959,464.3627234500161
4960,464.37648362376314
4961,464.39024379751004
4962,464.40400397125705
4963,464.41776414500407
4964,464.431524318751
4965,464.445284492498
4966,464.459044666245
4967,464.472804839992
4968,464.486565013739
4969,464.50032518748594
4970,464.51408536123296
4971,464.5278455349799
4972,464.5416057087269
4973,464.5553658824739
4974,464.56912605622085
4975,464.58288622996787
4976,464.5966464037149
4977,464.6104065774618
4978,464.6241667512088
4979,464.6379269249558
4980,464.6516870987027
4981,464.66544727244974
4982,464.67920744619676
4983,464.6929676199438
4984,464.70672779369073
4985,464.7204879674377
4986,464.7342481411847
4987,464.74800831493167
4988,464.7617684886786
4989,464.77552866242564
4990,464.7892888361726
4991,464.8030490099196
4992,464.81680918366663
4993,464.83056935741354
4994,464.84432953116055
4995,464.85808970490757
4996,464.8718498786545
4997,464.8856100524015
4998,464.8993702261485
4999,464.9131303998955
5000,464.9268905736425
5001,464.94065074738944
5002,464.95441092113646
5003,464.9681710948834
5004,464.9819312686304
5005,464.9956914423774
5006,465.00945161612435
5007,465.02321178987137
5008,465.0369719636184
5009,465.0507321373653
5010,465.0644923111123
5011,465.0782524848593
5012,465.0920126586062
5013,465.10577283235324
5014,465.11953300610026
5015,465.13329317984727
5016,465.14705335359423
5017,465.1608135273412
5018,465.1745737010882
5019,465.18833387483517
5020,465.2020940485821
5021,465.21585422232914
5022,465.2296143960761
5023,465.2433745698231
5024,465.25713474357013
5025,465.27089491731704
5026,465.28465509106405
5027,465.29841526481107
5028,465.312175438558
5029,465.325935612305
5030,465.339695786052
5031,465.353455959799
5032,465.367216133546
5033,465.38097630729294
5034,465.39473648103996
5035,465.4084966547869
5036,465.4222568285339
5037,465.4360170022809
5038,465.44977717602785
5039,465.46353734977487
5040,465.4772975235219
5041,465.4910576972688
5042,465.5048178710158
5043,465.5185780447628
5044,465.5323382185097
5045,465.54609839225674
5046,465.55985856600375
5047,465.57361873975077
5048,465.58737891349773
5049,465.6011390872447
5050,465.6148992609917
5051,465.62865943473867
5052,465.6424196084856
5053,465.65617978223264
5054,465.6699399559796
5055,465.6837001297266
5056,465.69746030347363
5057,465.71122047722054
5058,465.72498065096755
5059,465.73874082471457
5060,465.7525009984615
5061,465.7662611722085
5062,465.7800213459555
5063,465.7937815197025
5064,465.8075416934495
5065,465.82130186719644
5066,465.83506204094346
5067,465.8488222146904
5068,465.8625823884374
5069,465.8763425621844
5070,465.89010273593135
5071,465.90386290967837
5072,465.9176230834254
5073,465.9313832571723
5074,465.9451434309193
5075,465.9589036046663
5076,465.9726637784133
5077,465.98642395216024
5078,466.00018412590725
5079,466.01394429965427
5080,466.02770447340123
5081,466.0414646471482
5082,466.0552248208952
5083,466.06898499464216
5084,466.0827451683891
5085,466.09650534213614
5086,466.1102655158831
5087,466.1240256896301
5088,466.13778586337713
5089,466.15154603712404
5090,466.16530621087105
5091,466.17906638461807
5092,466.192826558365
5093,466.206586732112
5094,466.220346905859
5095,466.234107079606
5096,466.247867253353
5097,466.26162742709994
5098,466.27538760084695
5099,466.2891477745939
5100,466.3029079483409
5101,466.3166681220879
5102,466.33042829583485
5103,466.34418846958187
5104,466.3579486433289
5105,466.3717088170758
5106,466.3854689908228
5107,466.3992291645698
5108,466.4129893383168
5109,466.42674951206374
5110,466.44050968581075
5111,466.45426985955777
5112,466.46803003330473
5113,466.4817902070517
5114,466.4955503807987
5115,466.50931055454566
5116,466.5230707282926
5117,466.53683090203964
5118,466.5505910757866
5119,466.5643512495336
5120,466.57811142328063
5121,466.59187159702753
5122,466.60563177077455
5123,466.61939194452157
5124,466.6331521182685
5125,466.6469122920155
5126,466.6606724657625
5127,466.6744326395095
5128,466.6881928132565
5129,466.70195298700344
5130,466.71571316075045
5131,466.7294733344974
5132,466.7432335082444
5133,466.7569936819914
5134,466.77075385573835
5135,466.78451402948536
5136,466.7982742032324
5137,466.81203437697934
5138,466.8257945507263
5139,466.8395547244733
5140,466.8533148982203
5141,466.86707507196724
5142,466.88083524571425
5143,466.89459541946127
5144,466.9083555932082
5145,466.9221157669552
5146,466.9358759407022
5147,466.94963611444916
5148,466.9633962881961
5149,466.97715646194314
5150,466.9909166356901
5151,467.0046768094371
5152,467.01843698318413
5153,467.0321971569311
5154,467.04595733067805
5155,467.05971750442507
5156,467.073477678172
5157,467.087237851919
5158,467.100998025666
5159,467.114758199413
5160,467.12851837316
5161,467.14227854690694
5162,467.15603872065395
5163,467.1697988944009
5164,467.1835590681479
5165,467.1973192418949
5166,467.21107941564185
5167,467.22483958938886
5168,467.2385997631359
5169,467.25235993688284
5170,467.2661201106298
5171,467.2798802843768
5172,467.2936404581238
5173,467.30740063187073
5174,467.32116080561775
5175,467.33492097936477
5176,467.3486811531117
5177,467.3624413268587
5178,467.3762015006057
5179,467.38996167435266
5180,467.4037218480996
5181,467.41748202184664
5182,467.4312421955936
5183,467.4450023693406
5184,467.45876254308763
5185,467.4725227168346
5186,467.48628289058155
5187,467.50004306432857
5188,467.5138032380755
5189,467.5275634118225
5190,467.5413235855695
5191,467.5550837593165
5192,467.5688439330635
5193,467.58260410681044
5194,467.59636428055745
5195,467.6101244543044
5196,467.62388462805137
5197,467.6376448017984
5198,467.65140497554535
5199,467.66516514929236
5200,467.6789253230394
5201,467.69268549678634
5202,467.7064456705333
5203,467.7202058442803
5204,467.7339660180273
5205,467.74772619177423
5206,467.76148636552125
5207,467.77524653926827
5208,467.7890067130152
5209,467.8027668867622
5210,467.8165270605092
5211,467.83028723425616
5212,467.8440474080031
5213,467.85780758175014
5214,467.8715677554971
5215,467.8853279292441
5216,467.89908810299113
5217,467.9128482767381
5218,467.92660845048505
5219,467.94036862423206
5220,467.954128797979
5221,467.967888971726
5222,467.981649145473
5223,467.99540931922
5224,468.009169492967
5225,468.02292966671394
5226,468.03668984046095
5227,468.0504500142079
5228,468.06421018795487
5229,468.0779703617019
5230,468.0917305354489
5231,468.10549070919586
5232,468.1192508829429
5233,468.13301105668984
5234,468.1467712304368
5235,468.1605314041838
5236,468.1742915779308
5237,468.18805175167773
5238,468.20181192542475
5239,468.21557209917177
5240,468.2293322729187
5241,468.2430924466657
5242,468.2568526204127
5243,468.27061279415966
5244,468.2843729679066
5245,468.29813314165364
5246,468.31189331540065
5247,468.3256534891476
5248,468.33941366289463
5249,468.3531738366416
5250,468.36693401038855
5251,468.38069418413556
5252,468.3944543578825
5253,468.4082145316295
5254,468.4219747053765
5255,468.4357348791235
5256,468.4494950528705
5257,468.46325522661743
5258,468.47701540036445
5259,468.4907755741114
5260,468.50453574785837
5261,468.5182959216054
5262,468.5320560953524
5263,468.54581626909936
5264,468.5595764428464
5265,468.57333661659334
5266,468.5870967903403
5267,468.6008569640873
5268,468.6146171378343
5269,468.62837731158123
5270,468.64213748532825
5271,468.65589765907526
5272,468.6696578328222
5273,468.6834180065692
5274,468.6971781803162
5275,468.71093835406316
5276,468.7246985278101
5277,468.73845870155714
5278,468.75221887530415
5279,468.7659790490511
5280,468.7797392227981
5281,468.7934993965451
5282,468.80725957029205
5283,468.82101974403906
5284,468.834779917786
5285,468.848540091533
5286,468.86230026528
5287,468.876060439027
5288,468.889820612774
5289,468.90358078652093
5290,468.91734096026795
5291,468.9311011340149
5292,468.94486130776187
5293,468.9586214815089
5294,468.9723816552559
5295,468.98614182900286
5296,468.9999020027499
5297,469.01366217649684
5298,469.0274223502438
5299,469.0411825239908
5300,469.0549426977378
5301,469.06870287148473
5302,469.08246304523175
5303,469.09622321897876
5304,469.1099833927257
5305,469.1237435664727
5306,469.1375037402197
5307,469.1512639139667
5308,469.1650240877136
5309,469.17878426146063
5310,469.19254443520765
5311,469.2063046089546
5312,469.2200647827016
5313,469.2338249564486
5314,469.24758513019555
5315,469.26134530394256
5316,469.2751054776895
5317,469.2888656514365
5318,469.3026258251835
5319,469.3163859989305
5320,469.3301461726775
5321,469.34390634642443
5322,469.35766652017145
5323,469.37142669391847
5324,469.38518686766537
5325,469.3989470414124
5326,469.4127072151594
5327,469.42646738890636
5328,469.4402275626534
5329,469.45398773640034
5330,469.4677479101473
5331,469.4815080838943
5332,469.49526825764127
5333,469.50902843138823
5334,469.52278860513525
5335,469.53654877888226
5336,469.5503089526292
5337,469.5640691263762
5338,469.5778293001232
5339,469.5915894738702
5340,469.6053496476171
5341,469.61910982136413
5342,469.63286999511115
5343,469.6466301688581
5344,469.6603903426051
5345,469.6741505163521
5346,469.68791069009905
5347,469.70167086384606
5348,469.715431037593
5349,469.72919121134
5350,469.742951385087
5351,469.756711558834
5352,469.770471732581
5353,469.78423190632793
5354,469.79799208007495
5355,469.81175225382196
5356,469.82551242756887
5357,469.8392726013159
5358,469.8530327750629
5359,469.86679294880986
5360,469.8805531225569
5361,469.89431329630384
5362,469.9080734700508
5363,469.9218336437978
5364,469.93559381754477
5365,469.94935399129173
5366,469.96311416503875
5367,469.97687433878576
5368,469.9906345125327
5369,470.0043946862797
5370,470.0181548600267
5371,470.0319150337737
5372,470.0456752075206
5373,470.05943538126763
5374,470.07319555501465
5375,470.0869557287616
5376,470.1007159025086
5377,470.1144760762556
5378,470.12823625000254
5379,470.14199642374956
5380,470.1557565974965
5381,470.1695167712435
5382,470.1832769449905
5383,470.1970371187375
5384,470.2107972924845
5385,470.22455746623143
5386,470.23831763997845
5387,470.25207781372546
5388,470.26583798747237
5389,470.2795981612194
5390,470.2933583349664
5391,470.30711850871336
5392,470.3208786824604
5393,470.33463885620733
5394,470.3483990299543
5395,470.3621592037013
5396,470.37591937744827
5397,470.38967955119523
5398,470.40343972494225
5399,470.41719989868926
5400,470.4309600724363
5401,470.4447202461832
5402,470.4584804199302
5403,470.4722405936772
5404,470.4860007674241
5405,470.49976094117113
5406,470.51352111491815
5407,470.5272812886651
5408,470.5410414624121
5409,470.5548016361591
5410,470.56856180990604
5411,470.58232198365306
5412,470.5960821574
5413,470.609842331147
5414,470.623602504894
5415,470.637362678641
5416,470.651122852388
5417,470.66488302613493
5418,470.67864319988195
5419,470.69240337362896
5420,470.70616354737587
5421,470.7199237211229
5422,470.7336838948699
5423,470.74744406861686
5424,470.7612042423639
5425,470.77496441611083
5426,470.7887245898578
5427,470.8024847636048
5428,470.81624493735177
5429,470.8300051110987
5430,470.84376528484574
5431,470.85752545859276
5432,470.8712856323398
5433,470.8850458060867
5434,470.8988059798337
5435,470.9125661535807
5436,470.9263263273276
5437,470.94008650107463
5438,470.95384667482165
5439,470.9676068485686
5440,470.9813670223156
5441,470.9951271960626
5442,471.00888736980954
5443,471.02264754355656
5444,471.0364077173035
5445,471.0501678910505
5446,471.0639280647975
5447,471.0776882385445
5448,471.0914484122915
5449,471.10520858603843
5450,471.11896875978545
5451,471.13272893353246
5452,471.14648910727936
5453,471.1602492810264
5454,471.1740094547734
5455,471.18776962852036
5456,471.2015298022674
5457,471.21528997601433
5458,471.2290501497613
5459,471.2428103235083
5460,471.25657049725527
5461,471.2703306710022
5462,471.28409084474924
5463,471.29785101849626
5464,471.3116111922433
5465,471.3253713659902
5466,471.3391315397372
5467,471.3528917134842
5468,471.3666518872311
5469,471.38041206097813
5470,471.39417223472515
5471,471.4079324084721
5472,471.4216925822191
5473,471.4354527559661
5474,471.44921292971304
5475,471.46297310346006
5476,471.476733277207
5477,471.490493450954
5478,471.504253624701
5479,471.518013798448
5480,471.531773972195
5481,471.54553414594193
5482,471.55929431968895
5483,471.57305449343596
5484,471.58681466718286
5485,471.6005748409299
5486,471.6143350146769
5487,471.62809518842386
5488,471.6418553621709
5489,471.65561553591783
5490,471.6693757096648
5491,471.6831358834118
5492,471.69689605715877
5493,471.7106562309057
5494,471.72441640465274
5495,471.73817657839976
5496,471.7519367521468
5497,471.7656969258937
5498,471.7794570996407
5499,471.7932172733877
5500,471.8069774471346
5501,471.82073762088163
5502,471.83449779462865
5503,471.8482579683756
5504,471.8620181421226
5505,471.8757783158696
5506,471.88953848961654
5507,471.90329866336356
5508,471.9170588371105
5509,471.9308190108575
5510,471.9445791846045
5511,471.9583393583515
5512,471.9720995320985
5513,471.9858597058454
5514,471.99961987959244
5515,472.01338005333946
5516,472.02714022708636
5517,472.0409004008334
5518,472.0546605745804
5519,472.06842074832736
5520,472.0821809220744
5521,472.09594109582133
5522,472.1097012695683
5523,472.1234614433153
5524,472.13722161706227
5525,472.1509817908092
5526,472.16474196455624
5527,472.17850213830326
5528,472.1922623120503
5529,472.2060224857972
5530,472.2197826595442
5531,472.2335428332912
5532,472.2473030070381
5533,472.26106318078513
5534,472.27482335453215
5535,472.2885835282791
5536,472.3023437020261
5537,472.3161038757731
5538,472.32986404952004
5539,472.34362422326706
5540,472.357384397014
5541,472.371144570761
5542,472.384904744508
5543,472.398664918255
5544,472.412425092002
5545,472.4261852657489
5546,472.43994543949594
5547,472.45370561324296
5548,472.46746578698986
5549,472.4812259607369
5550,472.4949861344839
5551,472.50874630823085
5552,472.52250648197787
5553,472.53626665572483
5554,472.5500268294718
5555,472.5637870032188
5556,472.57754717696577
5557,472.5913073507127
5558,472.60506752445974
5559,472.61882769820676
5560,472.6325878719538
5561,472.6463480457007
5562,472.6601082194477
5563,472.6738683931947
5564,472.6876285669416
5565,472.7013887406886
5566,472.71514891443564
5567,472.7289090881826
5568,472.7426692619296
5569,472.7564294356766
5570,472.77018960942354
5571,472.78394978317056
5572,472.7977099569175
5573,472.8114701306645
5574,472.8252303044115
5575,472.8389904781585
5576,472.8527506519055
5577,472.8665108256524
5578,472.88027099939944
5579,472.89403117314646
5580,472.90779134689336
5581,472.9215515206404
5582,472.9353116943874
5583,472.94907186813435
5584,472.96283204188137
5585,472.97659221562833
5586,472.9903523893753
5587,473.0041125631223
5588,473.01787273686926
5589,473.0316329106162
5590,473.04539308436324
5591,473.05915325811026
5592,473.0729134318573
5593,473.0866736056042
5594,473.1004337793512
5595,473.1141939530982
5596,473.1279541268451
5597,473.1417143005921
5598,473.15547447433914
5599,473.1692346480861
5600,473.1829948218331
5601,473.1967549955801
5602,473.21051516932704
5603,473.22427534307405
5604,473.238035516821
5605,473.251795690568
5606,473.265555864315
5607,473.279316038062
5608,473.293076211809
5609,473.3068363855559
5610,473.32059655930294
5611,473.33435673304996
5612,473.34811690679686
5613,473.3618770805439
5614,473.3756372542909
5615,473.38939742803785
5616,473.40315760178487
5617,473.41691777553183
5618,473.4306779492788
5619,473.4444381230258
5620,473.45819829677276
5621,473.4719584705197
5622,473.48571864426674
5623,473.49947881801376
5624,473.5132389917608
5625,473.5269991655077
5626,473.5407593392547
5627,473.5545195130017
5628,473.5682796867486
5629,473.5820398604956
5630,473.59580003424264
5631,473.6095602079896
5632,473.6233203817366
5633,473.6370805554836
5634,473.65084072923054
5635,473.66460090297755
5636,473.6783610767245
5637,473.6921212504715
5638,473.7058814242185
5639,473.7196415979655
5640,473.7334017717125
5641,473.7471619454594
5642,473.76092211920644
5643,473.77468229295346
5644,473.78844246670036
5645,473.8022026404474
5646,473.8159628141944
5647,473.82972298794135
5648,473.84348316168837
5649,473.8572433354353
5650,473.8710035091823
5651,473.8847636829293
5652,473.89852385667626
5653,473.9122840304232
5654,473.92604420417024
5655,473.93980437791726
5656,473.9535645516643
5657,473.9673247254112
5658,473.9810848991582
5659,473.9948450729052
5660,474.0086052466521
5661,474.0223654203991
5662,474.03612559414614
5663,474.0498857678931
5664,474.0636459416401
5665,474.0774061153871
5666,474.09116628913404
5667,474.10492646288105
5668,474.118686636628
5669,474.132446810375
5670,474.146206984122
5671,474.159967157869
5672,474.173727331616
5673,474.1874875053629
5674,474.20124767910994
5675,474.21500785285696
5676,474.22876802660386
5677,474.2425282003509
5678,474.2562883740979
5679,474.27004854784485
5680,474.28380872159187
5681,474.2975688953388
5682,474.3113290690858
5683,474.3250892428328
5684,474.33884941657976
5685,474.3526095903267
5686,474.36636976407374
5687,474.38012993782075
5688,474.39389011156777
5689,474.4076502853147
5690,474.4214104590617
5691,474.4351706328087
5692,474.4489308065556
5693,474.4626909803026
5694,474.47645115404964
5695,474.4902113277966
5696,474.5039715015436
5697,474.5177316752906
5698,474.53149184903754
5699,474.54525202278455
5700,474.5590121965315
5701,474.5727723702785
5702,474.5865325440255
5703,474.6002927177725
5704,474.6140528915195
5705,474.6278130652664
5706,474.64157323901344
5707,474.65533341276046
5708,474.66909358650736
5709,474.6828537602544
5710,474.6966139340014
5711,474.71037410774835
5712,474.72413428149537
5713,474.7378944552423
5714,474.7516546289893
5715,474.7654148027363
5716,474.77917497648326
5717,474.7929351502303
5718,474.80669532397724
5719,474.82045549772425
5720,474.83421567147127
5721,474.8479758452182
5722,474.8617360189652
5723,474.8754961927122
5724,474.8892563664591
5725,474.9030165402061
5726,474.91677671395314
5727,474.9305368877001
5728,474.9442970614471
5729,474.9580572351941
5730,474.97181740894104
5731,474.98557758268805
5732,474.999337756435
5733,475.013097930182
5734,475.026858103929
5735,475.040618277676
5736,475.054378451423
5737,475.0681386251699
5738,475.08189879891694
5739,475.09565897266395
5740,475.10941914641086
5741,475.1231793201579
5742,475.1369394939049
5743,475.15069966765185
5744,475.16445984139887
5745,475.1782200151458
5746,475.1919801888928
5747,475.2057403626398
5748,475.21950053638676
5749,475.2332607101338
5750,475.24702088388074
5751,475.26078105762775
5752,475.27454123137477
5753,475.2883014051217
5754,475.3020615788687
5755,475.3158217526157
5756,475.3295819263626
5757,475.3433421001096
5758,475.35710227385664
5759,475.3708624476036
5760,475.3846226213506
5761,475.3983827950976
5762,475.41214296884453
5763,475.42590314259155
5764,475.4396633163385
5765,475.4534234900855
5766,475.4671836638325
5767,475.4809438375795
5768,475.4947040113265
5769,475.5084641850734
5770,475.52222435882044
5771,475.53598453256745
5772,475.54974470631436
5773,475.5635048800614
5774,475.5772650538084
5775,475.59102522755535
5776,475.60478540130237
5777,475.6185455750493
5778,475.6323057487963
5779,475.6460659225433
5780,475.65982609629026
5781,475.6735862700373
5782,475.68734644378424
5783,475.70110661753125
5784,475.71486679127827
5785,475.72862696502517
5786,475.7423871387722
5787,475.7561473125192
5788,475.7699074862661
5789,475.7836676600131
5790,475.79742783376014
5791,475.8111880075071
5792,475.8249481812541
5793,475.8387083550011
5794,475.8524685287481
5795,475.86622870249505
5796,475.879988876242
5797,475.893749049989
5798,475.907509223736
5799,475.921269397483
5800,475.93502957123
5801,475.9487897449769
5802,475.96254991872394
5803,475.97631009247095
5804,475.99007026621786
5805,476.0038304399649
5806,476.0175906137119
5807,476.03135078745885
5808,476.04511096120586
5809,476.0588711349528
5810,476.07263130869984
5811,476.0863914824468
5812,476.10015165619376
5813,476.1139118299408
5814,476.12767200368774
5815,476.14143217743475
5816,476.15519235118177
5817,476.16895252492867
5818,476.1827126986757
5819,476.1964728724227
5820,476.2102330461696
5821,476.2239932199166
5822,476.23775339366364
5823,476.2515135674106
5824,476.2652737411576
5825,476.2790339149046
5826,476.2927940886516
5827,476.30655426239855
5828,476.3203144361455
5829,476.3340746098925
5830,476.3478347836395
5831,476.3615949573865
5832,476.3753551311335
5833,476.3891153048804
5834,476.40287547862744
5835,476.41663565237445
5836,476.43039582612136
5837,476.44415599986837
5838,476.4579161736154
5839,476.47167634736235
5840,476.48543652110936
5841,476.4991966948563
5842,476.51295686860334
5843,476.5267170423503
5844,476.54047721609726
5845,476.5542373898443
5846,476.56799756359123
5847,476.58175773733825
5848,476.59551791108527
5849,476.60927808483217
5850,476.6230382585792
5851,476.6367984323262
5852,476.6505586060731
5853,476.6643187798201
5854,476.67807895356714
5855,476.6918391273141
5856,476.7055993010611
5857,476.7193594748081
5858,476.7331196485551
5859,476.74687982230205
5860,476.760639996049
5861,476.774400169796
5862,476.788160343543
5863,476.80192051729
5864,476.815680691037
5865,476.8294408647839
5866,476.84320103853094
5867,476.85696121227795
5868,476.87072138602485
5869,476.88448155977187
5870,476.8982417335189
5871,476.9120019072659
5872,476.92576208101286
5873,476.9395222547598
5874,476.95328242850684
5875,476.9670426022538
5876,476.98080277600076
5877,476.9945629497478
5878,477.00832312349473
5879,477.02208329724175
5880,477.03584347098877
5881,477.04960364473567
5882,477.0633638184827
5883,477.0771239922297
5884,477.0908841659766
5885,477.1046443397236
5886,477.11840451347064
5887,477.13216468721765
5888,477.1459248609646
5889,477.1596850347116
5890,477.1734452084586
5891,477.18720538220555
5892,477.2009655559525
5893,477.2147257296995
5894,477.2284859034465
5895,477.2422460771935
5896,477.2560062509405
5897,477.2697664246874
5898,477.28352659843443
5899,477.29728677218145
5900,477.31104694592835
5901,477.32480711967537
5902,477.3385672934224
5903,477.3523274671694
5904,477.36608764091636
5905,477.3798478146633
5906,477.39360798841034
5907,477.4073681621573
5908,477.42112833590426
5909,477.4348885096513
5910,477.44864868339823
5911,477.46240885714525
5912,477.47616903089227
5913,477.48992920463917
5914,477.5036893783862
5915,477.5174495521332
5916,477.5312097258801
5917,477.5449698996271
5918,477.55873007337414
5919,477.57249024712115
5920,477.5862504208681
5921,477.60001059461507
5922,477.6137707683621
5923,477.62753094210905
5924,477.641291115856
5925,477.655051289603
5926,477.66881146335
5927,477.682571637097
5928,477.696331810844
5929,477.7100919845909
5930,477.72385215833793
5931,477.73761233208495
5932,477.75137250583185
5933,477.76513267957887
5934,477.7788928533259
5935,477.7926530270729
5936,477.80641320081986
5937,477.8201733745668
5938,477.83393354831384
5939,477.8476937220608
5940,477.86145389580776
5941,477.8752140695548
5942,477.88897424330173
5943,477.90273441704875
5944,477.91649459079576
5945,477.93025476454267
5946,477.9440149382897
5947,477.9577751120367
5948,477.9715352857836
5949,477.9852954595306
5950,477.99905563327764
5951,478.01281580702465
5952,478.0265759807716
5953,478.04033615451857
5954,478.0540963282656
5955,478.06785650201255
5956,478.0816166757595
5957,478.0953768495065
5958,478.1091370232535
5959,478.1228971970005
5960,478.1366573707475
5961,478.1504175444944
5962,478.16417771824143
5963,478.17793789198845
5964,478.19169806573535
5965,478.20545823948237
5966,478.2192184132294
5967,478.2329785869764
5968,478.24673876072336
5969,478.2604989344703
5970,478.27425910821734
5971,478.2880192819643
5972,478.30177945571126
5973,478.31553962945827
5974,478.32929980320523
5975,478.34305997695225
5976,478.35682015069926
5977,478.37058032444617
5978,478.3843404981932
5979,478.3981006719402
5980,478.4118608456871
5981,478.4256210194341
5982,478.43938119318113
5983,478.45314136692815
5984,478.4669015406751
5985,478.48066171442207
5986,478.4944218881691
5987,478.50818206191605
5988,478.521942235663
5989,478.53570240941
5990,478.549462583157
5991,478.563222756904
5992,478.576982930651
5993,478.5907431043979
5994,478.60450327814493
5995,478.61826345189195
5996,478.63202362563885
5997,478.64578379938587
5998,478.6595439731329
5999,478.6733041468799
6000,478.68706432062686
6001,478.7008244943738
6002,478.71458466812084
6003,478.7283448418678
6004,478.74210501561475
6005,478.75586518936177
6006,478.76962536310873
6007,478.78338553685575
6008,478.79714571060276
6009,478.81090588434967
6010,478.8246660580967
6011,478.8384262318437
6012,478.8521864055906
6013,478.8659465793376
6014,478.87970675308463
6015,478.89346692683165
6016,478.9072271005786
6017,478.92098727432557
6018,478.9347474480726
6019,478.94850762181954
6020,478.9622677955665
6021,478.9760279693135
6022,478.9897881430605
6023,479.0035483168075
6024,479.0173084905545
6025,479.0310686643014
6026,479.04482883804843
6027,479.05858901179545
6028,479.07234918554235
6029,479.08610935928937
6030,479.0998695330364
6031,479.1136297067834
6032,479.12738988053036
6033,479.1411500542773
6034,479.15491022802433
6035,479.1686704017713
6036,479.18243057551825
6037,479.19619074926527
6038,479.20995092301223
6039,479.22371109675925
6040,479.23747127050626
6041,479.25123144425316
6042,479.2649916180002
6043,479.2787517917472
6044,479.2925119654941
6045,479.3062721392411
6046,479.32003231298813
6047,479.33379248673515
6048,479.3475526604821
6049,479.36131283422907
6050,479.3750730079761
6051,479.38883318172304
6052,479.40259335547
6053,479.416353529217
6054,479.430113702964
6055,479.443873876711
6056,479.457634050458
6057,479.4713942242049
6058,479.48515439795193
6059,479.49891457169895
6060,479.51267474544585
6061,479.52643491919287
6062,479.5401950929399
6063,479.5539552666869
6064,479.56771544043386
6065,479.5814756141808
6066,479.59523578792783
6067,479.6089959616748
6068,479.62275613542175
6069,479.63651630916877
6070,479.65027648291573
6071,479.66403665666274
6072,479.67779683040976
6073,479.69155700415666
6074,479.7053171779037
6075,479.7190773516507
6076,479.7328375253976
6077,479.7465976991446
6078,479.76035787289163
6079,479.77411804663865
6080,479.7878782203856
6081,479.80163839413257
6082,479.8153985678796
6083,479.82915874162654
6084,479.8429189153735
6085,479.8566790891205
6086,479.8704392628675
6087,479.8841994366145
6088,479.8979596103615
6089,479.9117197841084
6090,479.92547995785543
6091,479.93924013160245
6092,479.95300030534935
6093,479.96676047909637
6094,479.9805206528434
6095,479.9942808265904
6096,480.00804100033736
6097,480.0218011740843
6098,480.03556134783133
6099,480.0493215215783
6100,480.06308169532525
6101,480.07684186907227
6102,480.0906020428192
6103,480.10436221656624
6104,480.11812239031326
6105,480.13188256406016
6106,480.1456427378072
6107,480.1594029115542
6108,480.1731630853011
6109,480.1869232590481
6110,480.20068343279513
6111,480.21444360654215
6112,480.2282037802891
6113,480.24196395403607
6114,480.2557241277831
6115,480.26948430153004
6116,480.283244475277
6117,480.297004649024
6118,480.310764822771
6119,480.324524996518
6120,480.338285170265
6121,480.3520453440119
6122,480.36580551775893
6123,480.37956569150595
6124,480.39332586525285
6125,480.40708603899986
6126,480.4208462127469
6127,480.4346063864939
6128,480.44836656024086
6129,480.4621267339878
6130,480.47588690773483
6131,480.4896470814818
6132,480.50340725522875
6133,480.51716742897577
6134,480.5309276027227
6135,480.54468777646974
6136,480.55844795021676
6137,480.57220812396366
6138,480.5859682977107
6139,480.5997284714577
6140,480.6134886452046
6141,480.6272488189516
6142,480.64100899269863
6143,480.65476916644565
6144,480.6685293401926
6145,480.68228951393957
6146,480.6960496876866
6147,480.70980986143354
6148,480.7235700351805
6149,480.7373302089275
6150,480.7510903826745
6151,480.7648505564215
6152,480.7786107301685
6153,480.7923709039154
6154,480.8061310776624
6155,480.81989125140944
6156,480.83365142515635
6157,480.84741159890336
6158,480.8611717726504
6159,480.8749319463974
6160,480.88869212014436
6161,480.9024522938913
6162,480.91621246763833
6163,480.9299726413853
6164,480.94373281513225
6165,480.95749298887927
6166,480.9712531626262
6167,480.98501333637324
6168,480.99877351012026
6169,481.01253368386716
6170,481.0262938576142
6171,481.0400540313612
6172,481.0538142051081
6173,481.0675743788551
6174,481.08133455260213
6175,481.09509472634915
6176,481.1088549000961
6177,481.12261507384306
6178,481.1363752475901
6179,481.15013542133704
6180,481.163895595084
6181,481.177655768831
6182,481.191415942578
6183,481.205176116325
6184,481.218936290072
6185,481.2326964638189
6186,481.2464566375659
6187,481.26021681131294
6188,481.2739769850599
6189,481.28773715880686
6190,481.3014973325539
6191,481.3152575063009
6192,481.32901768004785
6193,481.3427778537948
6194,481.35653802754183
6195,481.3702982012888
6196,481.38405837503575
6197,481.39781854878277
6198,481.4115787225297
6199,481.42533889627674
6200,481.43909907002376
6201,481.45285924377066
6202,481.4666194175177
6203,481.4803795912647
6204,481.49413976501165
6205,481.5078999387586
6206,481.52166011250563
6207,481.53542028625264
6208,481.5491804599996
6209,481.56294063374656
6210,481.5767008074936
6211,481.59046098124054
6212,481.6042211549875
6213,481.6179813287345
6214,481.6317415024815
6215,481.6455016762285
6216,481.6592618499755
6217,481.6730220237224
6218,481.6867821974694
6219,481.70054237121644
6220,481.7143025449634
6221,481.72806271871036
6222,481.7418228924574
6223,481.7555830662044
6224,481.76934323995135
6225,481.7831034136983
6226,481.79686358744533
6227,481.8106237611923
6228,481.82438393493925
6229,481.83814410868627
6230,481.8519042824332
6231,481.86566445618024
6232,481.87942462992726
6233,481.89318480367416
6234,481.9069449774212
6235,481.9207051511682
6236,481.93446532491515
6237,481.9482254986621
6238,481.9619856724091
6239,481.97574584615614
6240,481.9895060199031
6241,482.00326619365006
6242,482.0170263673971
6243,482.03078654114404
6244,482.044546714891
6245,482.058306888638
6246,482.072067062385
6247,482.085827236132
6248,482.099587409879
6249,482.1133475836259
6250,482.1271077573729
6251,482.14086793111994
6252,482.1546281048669
6253,482.16838827861386
6254,482.1821484523609
6255,482.1959086261079
6256,482.20966879985485
6257,482.2234289736018
6258,482.23718914734883
6259,482.2509493210958
6260,482.26470949484275
6261,482.27846966858976
6262,482.2922298423367
6263,482.30599001608374
6264,482.31975018983076
6265,482.3335103635777
6266,482.3472705373247
6267,482.3610307110717
6268,482.37479088481865
6269,482.3885510585656
6270,482.4023112323126
6271,482.41607140605964
6272,482.4298315798066
6273,482.44359175355356
6274,482.4573519273006
6275,482.47111210104754
6276,482.4848722747945
6277,482.4986324485415
6278,482.5123926222885
6279,482.5261527960355
6280,482.5399129697825
6281,482.55367314352947
6282,482.5674333172764
6283,482.58119349102344
6284,482.5949536647704
6285,482.60871383851736
6286,482.6224740122644
6287,482.6362341860114
6288,482.64999435975835
6289,482.6637545335053
6290,482.6775147072523
6291,482.6912748809993
6292,482.70503505474625
6293,482.71879522849326
6294,482.7325554022402
6295,482.74631557598724
6296,482.76007574973426
6297,482.7738359234812
6298,482.7875960972282
6299,482.8013562709752
6300,482.81511644472215
6301,482.8288766184691
6302,482.8426367922161
6303,482.85639696596314
6304,482.8701571397101
6305,482.88391731345706
6306,482.8976774872041
6307,482.91143766095104
6308,482.925197834698
6309,482.938958008445
6310,482.952718182192
6311,482.966478355939
6312,482.980238529686
6313,482.99399870343296
6314,483.0077588771799
6315,483.02151905092694
6316,483.0352792246739
6317,483.04903939842086
6318,483.0627995721679
6319,483.0765597459149
6320,483.09031991966185
6321,483.1040800934088
6322,483.1178402671558
6323,483.1316004409028
6324,483.14536061464975
6325,483.15912078839676
6326,483.1728809621437
6327,483.18664113589074
6328,483.20040130963775
6329,483.2141614833847
6330,483.2279216571317
6331,483.2416818308787
6332,483.25544200462565
6333,483.2692021783726
6334,483.2829623521196
6335,483.29672252586664
6336,483.3104826996136
6337,483.32424287336056
6338,483.3380030471076
6339,483.35176322085454
6340,483.3655233946015
6341,483.3792835683485
6342,483.3930437420955
6343,483.4068039158425
6344,483.4205640895895
6345,483.43432426333646
6346,483.4480844370834
6347,483.46184461083044
6348,483.4756047845774
6349,483.48936495832436
6350,483.5031251320714
6351,483.5168853058184
6352,483.53064547956535
6353,483.5444056533123
6354,483.5581658270593
6355,483.5719260008063
6356,483.58568617455325
6357,483.59944634830026
6358,483.6132065220473
6359,483.62696669579424
6360,483.64072686954125
6361,483.6544870432882
6362,483.6682472170352
6363,483.6820073907822
6364,483.69576756452915
6365,483.7095277382761
6366,483.7232879120231
6367,483.73704808577014
6368,483.7508082595171
6369,483.76456843326406
6370,483.7783286070111
6371,483.79208878075804
6372,483.805848954505
6373,483.819609128252
6374,483.833369301999
6375,483.847129475746
6376,483.860889649493
6377,483.87464982323996
6378,483.8884099969869
6379,483.90217017073394
6380,483.9159303444809
6381,483.92969051822786
6382,483.9434506919749
6383,483.9572108657219
6384,483.97097103946885
6385,483.9847312132158
6386,483.9984913869628
6387,484.0122515607098
6388,484.02601173445674
6389,484.03977190820376
6390,484.0535320819508
6391,484.06729225569774
6392,484.08105242944475
6393,484.0948126031917
6394,484.1085727769387
6395,484.1223329506857
6396,484.13609312443265
6397,484.1498532981796
6398,484.1636134719266
6399,484.17737364567364
6400,484.1911338194206
6401,484.20489399316756
6402,484.2186541669146
6403,484.23241434066153
6404,484.2461745144085
6405,484.2599346881555
6406,484.2736948619025
6407,484.2874550356495
6408,484.3012152093965
6409,484.31497538314346
6410,484.3287355568904
6411,484.34249573063744
6412,484.3562559043844
6413,484.37001607813136
6414,484.3837762518784
6415,484.3975364256254
6416,484.41129659937235
6417,484.4250567731193
6418,484.4388169468663
6419,484.4525771206133
6420,484.46633729436024
6421,484.48009746810726
6422,484.4938576418543
6423,484.50761781560124
6424,484.52137798934825
6425,484.5351381630952
6426,484.54889833684217
6427,484.5626585105892
6428,484.57641868433615
6429,484.5901788580831
6430,484.6039390318301
6431,484.61769920557714
6432,484.6314593793241
6433,484.64521955307106
6434,484.6589797268181
6435,484.6727399005651
6436,484.686500074312
6437,484.700260248059
6438,484.714020421806
6439,484.727780595553
6440,484.7415407693
6441,484.75530094304696
6442,484.7690611167939
6443,484.78282129054094
6444,484.7965814642879
6445,484.81034163803486
6446,484.8241018117819
6447,484.8378619855289
6448,484.85162215927585
6449,484.8653823330228
6450,484.8791425067698
6451,484.89290268051684
6452,484.90666285426374
6453,484.92042302801076
6454,484.9341832017578
6455,484.94794337550474
6456,484.96170354925175
6457,484.9754637229987
6458,484.98922389674567
6459,485.0029840704927
6460,485.01674424423965
6461,485.0305044179866
6462,485.0442645917336
6463,485.05802476548064
6464,485.0717849392276
6465,485.08554511297456
6466,485.0993052867216
6467,485.1130654604686
6468,485.1268256342155
6469,485.1405858079625
6470,485.1543459817095
6471,485.1681061554565
6472,485.1818663292035
6473,485.19562650295046
6474,485.2093866766974
6475,485.22314685044444
6476,485.2369070241914
6477,485.25066719793836
6478,485.2644273716854
6479,485.2781875454324
6480,485.29194771917935
6481,485.3057078929263
6482,485.3194680666733
6483,485.33322824042034
6484,485.34698841416724
6485,485.36074858791426
6486,485.3745087616613
6487,485.38826893540823
6488,485.40202910915525
6489,485.4157892829022
6490,485.42954945664917
6491,485.4433096303962
6492,485.45706980414315
6493,485.4708299778901
6494,485.4845901516371
6495,485.49835032538414
6496,485.5121104991311
6497,485.52587067287806
6498,485.5396308466251
6499,485.5533910203721
6500,485.567151194119
6501,485.580911367866
6502,485.594671541613
6503,485.60843171536
6504,485.622191889107
6505,485.63595206285396
6506,485.6497122366009
6507,485.66347241034794
6508,485.6772325840949
6509,485.69099275784185
6510,485.70475293158887
6511,485.7185131053359
6512,485.73227327908285
6513,485.7460334528298
6514,485.7597936265768
6515,485.77355380032384
6516,485.78731397407074
6517,485.80107414781776
6518,485.8148343215648
6519,485.82859449531173
6520,485.84235466905875
6521,485.8561148428057
6522,485.86987501655267
6523,485.8836351902997
6524,485.89739536404664
6525,485.9111555377936
6526,485.9249157115406
6527,485.93867588528764
6528,485.95243605903465
6529,485.96619623278156
6530,485.9799564065286
6531,485.9937165802756
6532,486.0074767540225
6533,486.0212369277695
6534,486.0349971015165
6535,486.0487572752635
6536,486.0625174490105
6537,486.07627762275746
6538,486.0900377965044
6539,486.10379797025143
6540,486.1175581439984
6541,486.13131831774535
6542,486.14507849149237
6543,486.1588386652394
6544,486.1725988389864
6545,486.1863590127333
6546,486.2001191864803
6547,486.21387936022734
6548,486.22763953397424
6549,486.24139970772126
6550,486.2551598814683
6551,486.26892005521523
6552,486.28268022896225
6553,486.2964404027092
6554,486.31020057645617
6555,486.3239607502032
6556,486.33772092395014
6557,486.3514810976971
6558,486.3652412714441
6559,486.37900144519114
6560,486.39276161893815
6561,486.40652179268506
6562,486.42028196643207
6563,486.4340421401791
6564,486.447802313926
6565,486.461562487673
6566,486.47532266142
6567,486.489082835167
6568,486.502843008914
6569,486.51660318266096
6570,486.5303633564079
6571,486.54412353015493
6572,486.5578837039019
6573,486.57164387764885
6574,486.58540405139587
6575,486.5991642251429
6576,486.6129243988899
6577,486.6266845726368
6578,486.6404447463838
6579,486.65420492013084
6580,486.66796509387774
6581,486.68172526762476
6582,486.6954854413718
6583,486.70924561511873
6584,486.72300578886575
6585,486.7367659626127
6586,486.75052613635967
6587,486.7642863101067
6588,486.77804648385364
6589,486.7918066576006
6590,486.8055668313476
6591,486.81932700509464
6592,486.83308717884165
6593,486.84684735258855
6594,486.86060752633557
6595,486.8743677000826
6596,486.8881278738295
6597,486.9018880475765
6598,486.9156482213235
6599,486.9294083950705
6600,486.9431685688175
6601,486.95692874256446
6602,486.9706889163114
6603,486.98444909005843
6604,486.9982092638054
6605,487.01196943755235
6606,487.02572961129937
6607,487.0394897850464
6608,487.0532499587934
6609,487.0670101325403
6610,487.0807703062873
6611,487.09453048003434
6612,487.10829065378124
6613,487.12205082752826
6614,487.1358110012753
6615,487.14957117502223
6616,487.16333134876925
6617,487.1770915225162
6618,487.19085169626317
6619,487.2046118700102
6620,487.21837204375714
6621,487.2321322175041
6622,487.2458923912511
6623,487.25965256499813
6624,487.27341273874515
6625,487.28717291249205
6626,487.30093308623907
6627,487.3146932599861
6628,487.328453433733
6629,487.34221360748
6630,487.355973781227
6631,487.369733954974
6632,487.383494128721
6633,487.39725430246796
6634,487.4110144762149
6635,487.42477464996193
6636,487.4385348237089
6637,487.45229499745585
6638,487.46605517120287
6639,487.4798153449499
6640,487.4935755186969
6641,487.5073356924438
6642,487.5210958661908
6643,487.53485603993784
6644,487.54861621368474
6645,487.56237638743175
6646,487.57613656117877
6647,487.58989673492573
6648,487.60365690867275
6649,487.6174170824197
6650,487.63117725616667
6651,487.6449374299137
6652,487.65869760366064
6653,487.6724577774076
6654,487.6862179511546
6655,487.69997812490163
6656,487.71373829864865
6657,487.72749847239555
6658,487.74125864614257
6659,487.7550188198896
6660,487.7687789936365
6661,487.7825391673835
6662,487.7962993411305
6663,487.8100595148775
6664,487.8238196886245
6665,487.83757986237146
6666,487.8513400361184
6667,487.86510020986543
6668,487.8788603836124
6669,487.89262055735935
6670,487.90638073110637
6671,487.9201409048534
6672,487.9339010786004
6673,487.9476612523473
6674,487.9614214260943
6675,487.97518159984133
6676,487.98894177358824
6677,488.00270194733525
6678,488.01646212108227
6679,488.03022229482923
6680,488.04398246857625
6681,488.0577426423232
6682,488.07150281607016
6683,488.0852629898172
6684,488.09902316356414
6685,488.1127833373111
6686,488.1265435110581
6687,488.14030368480513
6688,488.15406385855215
6689,488.16782403229905
6690,488.18158420604607
6691,488.1953443797931
6692,488.20910455354
6693,488.222864727287
6694,488.236624901034
6695,488.250385074781
6696,488.264145248528
6697,488.27790542227496
6698,488.2916655960219
6699,488.30542576976893
6700,488.3191859435159
6701,488.33294611726285
6702,488.34670629100987
6703,488.3604664647569
6704,488.3742266385039
6705,488.3879868122508
6706,488.4017469859978
6707,488.41550715974483
6708,488.42926733349174
6709,488.44302750723875
6710,488.45678768098577
6711,488.47054785473273
6712,488.48430802847975
6713,488.4980682022267
6714,488.51182837597366
6715,488.5255885497207
6716,488.53934872346764
6717,488.5531088972146
6718,488.5668690709616
6719,488.58062924470863
6720,488.59438941845565
6721,488.60814959220255
6722,488.62190976594957
6723,488.6356699396966
6724,488.6494301134435
6725,488.6631902871905
6726,488.6769504609375
6727,488.6907106346845
6728,488.7044708084315
6729,488.71823098217845
6730,488.7319911559254
6731,488.74575132967243
6732,488.7595115034194
6733,488.77327167716635
6734,488.78703185091337
6735,488.8007920246604
6736,488.8145521984074
6737,488.8283123721543
6738,488.8420725459013
6739,488.85583271964833
6740,488.86959289339524
6741,488.88335306714225
6742,488.89711324088927
6743,488.9108734146362
6744,488.92463358838324
6745,488.9383937621302
6746,488.95215393587716
6747,488.9659141096242
6748,488.97967428337114
6749,488.9934344571181
6750,489.0071946308651
6751,489.02095480461213
6752,489.03471497835915
6753,489.04847515210605
6754,489.06223532585307
6755,489.0759954996001
6756,489.089755673347
6757,489.103515847094
6758,489.117276020841
6759,489.131036194588
6760,489.144796368335
6761,489.15855654208195
6762,489.1723167158289
6763,489.18607688957593
6764,489.1998370633229
6765,489.21359723706985
6766,489.22735741081686
6767,489.2411175845639
6768,489.2548777583109
6769,489.2686379320578
6770,489.2823981058048
6771,489.29615827955183
6772,489.30991845329874
6773,489.32367862704575
6774,489.33743880079277
6775,489.3511989745397
6776,489.36495914828674
6777,489.3787193220337
6778,489.39247949578066
6779,489.4062396695277
6780,489.41999984327464
6781,489.4337600170216
6782,489.4475201907686
6783,489.46128036451563
6784,489.47504053826265
6785,489.48880071200955
6786,489.50256088575657
6787,489.5163210595036
6788,489.5300812332505
6789,489.5438414069975
6790,489.5576015807445
6791,489.5713617544915
6792,489.5851219282385
6793,489.59888210198545
6794,489.6126422757324
6795,489.62640244947943
6796,489.6401626232264
6797,489.65392279697335
6798,489.66768297072036
6799,489.6814431444674
6800,489.6952033182144
6801,489.7089634919613
6802,489.7227236657083
6803,489.73648383945533
6804,489.75024401320223
6805,489.76400418694925
6806,489.77776436069627
6807,489.7915245344432
6808,489.80528470819024
6809,489.8190448819372
6810,489.83280505568416
6811,489.8465652294312
6812,489.86032540317814
6813,489.8740855769251
6814,489.8878457506721
6815,489.90160592441913
6816,489.91536609816615
6817,489.92912627191305
6818,489.94288644566006
6819,489.9566466194071
6820,489.970406793154
6821,489.984166966901
6822,489.997927140648
6823,490.011687314395
6824,490.025447488142
6825,490.03920766188895
6826,490.0529678356359
6827,490.0667280093829
6828,490.0804881831299
6829,490.09424835687685
6830,490.10800853062386
6831,490.1217687043709
6832,490.1355288781179
6833,490.1492890518648
6834,490.1630492256118
6835,490.17680939935883
6836,490.19056957310573
6837,490.20432974685275
6838,490.21808992059977
6839,490.2318500943467
6840,490.24561026809374
6841,490.2593704418407
6842,490.27313061558766
6843,490.2868907893347
6844,490.30065096308164
6845,490.31441113682865
6846,490.3281713105756
6847,490.34193148432263
6848,490.35569165806965
6849,490.36945183181655
6850,490.38321200556356
6851,490.3969721793106
6852,490.4107323530575
6853,490.4244925268045
6854,490.4382527005515
6855,490.4520128742985
6856,490.4657730480455
6857,490.47953322179245
6858,490.4932933955394
6859,490.5070535692864
6860,490.5208137430334
6861,490.5345739167804
6862,490.54833409052736
6863,490.5620942642744
6864,490.5758544380214
6865,490.5896146117683
6866,490.6033747855153
6867,490.61713495926233
6868,490.63089513300923
6869,490.64465530675625
6870,490.65841548050327
6871,490.6721756542502
6872,490.68593582799724
6873,490.6996960017442
6874,490.71345617549116
6875,490.7272163492382
6876,490.74097652298514
6877,490.75473669673215
6878,490.7684968704791
6879,490.7822570442261
6880,490.79601721797314
6881,490.80977739172005
6882,490.82353756546706
6883,490.8372977392141
6884,490.851057912961
6885,490.864818086708
6886,490.878578260455
6887,490.892338434202
6888,490.906098607949
6889,490.91985878169595
6890,490.9336189554429
6891,490.9473791291899
6892,490.9611393029369
6893,490.9748994766839
6894,490.98865965043086
6895,491.0024198241779
6896,491.0161799979249
6897,491.0299401716718
6898,491.0437003454188
6899,491.05746051916583
6900,491.07122069291273
6901,491.08498086665975
6902,491.09874104040676
6903,491.1125012141537
6904,491.12626138790074
6905,491.1400215616477
6906,491.15378173539466
6907,491.1675419091417
6908,491.18130208288864
6909,491.19506225663565
6910,491.2088224303826
6911,491.2225826041296
6912,491.23634277787664
6913,491.25010295162355
6914,491.26386312537056
6915,491.2776232991176
6916,491.2913834728645
6917,491.3051436466115
6918,491.3189038203585
6919,491.3326639941055
6920,491.3464241678525
6921,491.36018434159945
6922,491.37394451534647
6923,491.3877046890934
6924,491.4014648628404
6925,491.4152250365874
6926,491.42898521033436
6927,491.4427453840814
6928,491.4565055578284
6929,491.4702657315753
6930,491.4840259053223
6931,491.49778607906933
6932,491.51154625281623
6933,491.52530642656325
6934,491.53906660031026
6935,491.5528267740572
6936,491.56658694780424
6937,491.5803471215512
6938,491.5941072952982
6939,491.6078674690452
6940,491.62162764279213
6941,491.63538781653915
6942,491.6491479902861
6943,491.6629081640331
6944,491.67666833778014
6945,491.69042851152705
6946,491.70418868527406
6947,491.7179488590211
6948,491.731709032768
6949,491.745469206515
6950,491.759229380262
6951,491.772989554009
6952,491.786749727756
6953,491.80050990150295
6954,491.81427007524996
6955,491.8280302489969
6956,491.8417904227439
6957,491.8555505964909
6958,491.86931077023786
6959,491.8830709439849
6960,491.8968311177319
6961,491.9105912914788
6962,491.9243514652258
6963,491.9381116389728
6964,491.95187181271973
6965,491.96563198646675
6966,491.97939216021376
6967,491.9931523339607
6968,492.00691250770774
6969,492.0206726814547
6970,492.0344328552017
6971,492.0481930289487
6972,492.06195320269563
6973,492.07571337644265
6974,492.0894735501896
6975,492.1032337239366
6976,492.11699389768364
6977,492.13075407143054
6978,492.14451424517756
6979,492.1582744189246
6980,492.1720345926715
6981,492.1857947664185
6982,492.1995549401655
6983,492.2133151139125
6984,492.2270752876595
6985,492.24083546140645
6986,492.25459563515346
6987,492.2683558089004
6988,492.2821159826474
6989,492.2958761563944
6990,492.30963633014136
6991,492.3233965038884
6992,492.3371566776354
6993,492.3509168513823
6994,492.3646770251293
6995,492.3784371988763
6996,492.39219737262323
6997,492.40595754637025
6998,492.41971772011726
6999,492.4334778938642
7000,492.44723806761124
7001,492.4609982413582
7002,492.4747584151052
7003,492.4885185888522
7004,492.50227876259913
7005,492.51603893634615
7006,492.5297991100931
7007,492.5435592838401
7008,492.55731945758714
7009,492.57107963133404
7010,492.58483980508106
7011,492.5985999788281
7012,492.612360152575
7013,492.626120326322
7014,492.639880500069
7015,492.653640673816
7016,492.667400847563
7017,492.68116102130995
7018,492.69492119505696
7019,492.7086813688039
7020,492.7224415425509
7021,492.7362017162979
7022,492.74996189004486
7023,492.7637220637919
7024,492.7774822375389
7025,492.7912424112858
7026,492.8050025850328
7027,492.8187627587798
7028,492.83252293252673
7029,492.84628310627375
7030,492.86004328002076
7031,492.8738034537678
7032,492.88756362751474
7033,492.9013238012617
7034,492.9150839750087
7035,492.9288441487557
7036,492.94260432250263
7037,492.95636449624965
7038,492.9701246699966
7039,492.9838848437436
7040,492.99764501749064
7041,493.01140519123754
7042,493.02516536498456
7043,493.0389255387316
7044,493.0526857124785
7045,493.0664458862255
7046,493.0802060599725
7047,493.0939662337195
7048,493.1077264074665
7049,493.12148658121345
7050,493.13524675496046
7051,493.1490069287074
7052,493.1627671024544
7053,493.1765272762014
7054,493.19028744994836
7055,493.2040476236954
7056,493.2178077974424
7057,493.2315679711893
7058,493.2453281449363
7059,493.2590883186833
7060,493.2728484924302
7061,493.28660866617724
7062,493.30036883992426
7063,493.3141290136713
7064,493.32788918741824
7065,493.3416493611652
7066,493.3554095349122
7067,493.3691697086592
7068,493.38292988240613
7069,493.39669005615315
7070,493.4104502299001
7071,493.4242104036471
7072,493.43797057739414
7073,493.45173075114104
7074,493.46549092488806
7075,493.4792510986351
7076,493.493011272382
7077,493.506771446129
7078,493.520531619876
7079,493.534291793623
7080,493.54805196737
7081,493.56181214111695
7082,493.57557231486396
7083,493.5893324886109
7084,493.6030926623579
7085,493.6168528361049
7086,493.63061300985186
7087,493.6443731835989
7088,493.6581333573459
7089,493.6718935310928
7090,493.6856537048398
7091,493.6994138785868
7092,493.7131740523337
7093,493.72693422608074
7094,493.74069439982776
7095,493.7544545735748
7096,493.76821474732174
7097,493.7819749210687
7098,493.7957350948157
7099,493.80949526856267
7100,493.82325544230963
7101,493.83701561605665
7102,493.8507757898036
7103,493.8645359635506
7104,493.87829613729764
7105,493.89205631104454
7106,493.90581648479156
7107,493.9195766585386
7108,493.9333368322855
7109,493.9470970060325
7110,493.9608571797795
7111,493.9746173535265
7112,493.9883775272735
7113,494.00213770102044
7114,494.01589787476746
7115,494.0296580485144
7116,494.0434182222614
7117,494.0571783960084
7118,494.07093856975536
7119,494.0846987435024
7120,494.0984589172494
7121,494.1122190909963
7122,494.1259792647433
7123,494.1397394384903
7124,494.1534996122372
7125,494.16725978598424
7126,494.18101995973126
7127,494.1947801334783
7128,494.20854030722523
7129,494.2223004809722
7130,494.2360606547192
7131,494.24982082846617
7132,494.26358100221313
7133,494.27734117596015
7134,494.2911013497071
7135,494.3048615234541
7136,494.31862169720114
7137,494.33238187094804
7138,494.34614204469506
7139,494.3599022184421
7140,494.373662392189
7141,494.387422565936
7142,494.401182739683
7143,494.41494291343
7144,494.428703087177
7145,494.44246326092394
7146,494.45622343467096
7147,494.4699836084179
7148,494.4837437821649
7149,494.4975039559119
7150,494.51126412965885
7151,494.52502430340587
7152,494.5387844771529
7153,494.5525446508998
7154,494.5663048246468
7155,494.5800649983938
7156,494.5938251721407
7157,494.60758534588774
7158,494.62134551963476
7159,494.6351056933818
7160,494.64886586712873
7161,494.6626260408757
7162,494.6763862146227
7163,494.69014638836967
7164,494.70390656211663
7165,494.71766673586365
7166,494.7314269096106
7167,494.7451870833576
7168,494.75894725710464
7169,494.77270743085154
7170,494.78646760459856
7171,494.8002277783456
7172,494.8139879520925
7173,494.8277481258395
7174,494.8415082995865
7175,494.8552684733335
7176,494.8690286470805
7177,494.88278882082744
7178,494.89654899457446
7179,494.9103091683214
7180,494.9240693420684
7181,494.9378295158154
7182,494.95158968956235
7183,494.96534986330937
7184,494.9791100370564
7185,494.9928702108033
7186,495.0066303845503
7187,495.0203905582973
7188,495.0341507320442
7189,495.04791090579124
7190,495.06167107953826
7191,495.0754312532853
7192,495.08919142703223
7193,495.1029516007792
7194,495.1167117745262
7195,495.13047194827317
7196,495.1442321220201
7197,495.15799229576714
7198,495.1717524695141
7199,495.1855126432611
7200,495.19927281700814
7201,495.21303299075504
7202,495.22679316450206
7203,495.2405533382491
7204,495.254313511996
7205,495.268073685743
7206,495.28183385949
7207,495.295594033237
7208,495.309354206984
7209,495.32311438073094
7210,495.33687455447796
7211,495.3506347282249
7212,495.3643949019719
7213,495.3781550757189
7214,495.39191524946585
7215,495.40567542321287
7216,495.4194355969599
7217,495.4331957707068
7218,495.4469559444538
7219,495.4607161182008
7220,495.4744762919477
7221,495.48823646569474
7222,495.50199663944176
7223,495.5157568131888
7224,495.52951698693573
7225,495.5432771606827
7226,495.5570373344297
7227,495.57079750817667
7228,495.5845576819236
7229,495.59831785567064
7230,495.6120780294176
7231,495.6258382031646
7232,495.63959837691164
7233,495.65335855065854
7234,495.66711872440555
7235,495.68087889815257
7236,495.6946390718995
7237,495.7083992456465
7238,495.7221594193935
7239,495.7359195931405
7240,495.7496797668875
7241,495.76343994063444
7242,495.77720011438146
7243,495.7909602881284
7244,495.8047204618754
7245,495.8184806356224
7246,495.83224080936935
7247,495.84600098311637
7248,495.8597611568634
7249,495.8735213306103
7250,495.8872815043573
7251,495.9010416781043
7252,495.9148018518512
7253,495.92856202559824
7254,495.94232219934526
7255,495.9560823730923
7256,495.96984254683923
7257,495.9836027205862
7258,495.9973628943332
7259,496.01112306808017
7260,496.0248832418271
7261,496.03864341557414
7262,496.0524035893211
7263,496.0661637630681
7264,496.07992393681513
7265,496.09368411056204
7266,496.10744428430905
7267,496.12120445805607
7268,496.134964631803
7269,496.14872480555
7270,496.162484979297
7271,496.176245153044
7272,496.190005326791
7273,496.20376550053794
7274,496.21752567428496
7275,496.2312858480319
7276,496.2450460217789
7277,496.2588061955259
7278,496.27256636927285
7279,496.28632654301987
7280,496.3000867167669
7281,496.3138468905138
7282,496.3276070642608
7283,496.3413672380078
7284,496.3551274117547
7285,496.36888758550174
7286,496.38264775924875
7287,496.39640793299577
7288,496.41016810674273
7289,496.4239282804897
7290,496.4376884542367
7291,496.45144862798367
7292,496.4652088017306
7293,496.47896897547764
7294,496.4927291492246
7295,496.5064893229716
7296,496.52024949671863
7297,496.53400967046554
7298,496.54776984421255
7299,496.56153001795957
7300,496.5752901917065
7301,496.5890503654535
7302,496.6028105392005
7303,496.6165707129475
7304,496.6303308866945
7305,496.64409106044144
7306,496.65785123418846
7307,496.6716114079354
7308,496.6853715816824
7309,496.6991317554294
7310,496.71289192917635
7311,496.72665210292337
7312,496.7404122766704
7313,496.7541724504173
7314,496.7679326241643
7315,496.7816927979113
7316,496.7954529716583
7317,496.80921314540524
7318,496.82297331915225
7319,496.83673349289927
7320,496.85049366664623
7321,496.8642538403932
7322,496.8780140141402
7323,496.89177418788717
7324,496.9055343616341
7325,496.91929453538114
7326,496.9330547091281
7327,496.9468148828751
7328,496.96057505662213
7329,496.97433523036904
7330,496.98809540411605
7331,497.00185557786307
7332,497.01561575161
7333,497.029375925357
7334,497.043136099104
7335,497.056896272851
7336,497.070656446598
7337,497.08441662034494
7338,497.09817679409196
7339,497.1119369678389
7340,497.1256971415859
7341,497.1394573153329
7342,497.15321748907985
7343,497.16697766282687
7344,497.1807378365739
7345,497.1944980103208
7346,497.2082581840678
7347,497.2220183578148
7348,497.2357785315618
7349,497.24953870530874
7350,497.26329887905575
7351,497.27705905280277
7352,497.29081922654973
7353,497.3045794002967
7354,497.3183395740437
7355,497.33209974779066
7356,497.3458599215376
7357,497.35962009528464
7358,497.3733802690316
7359,497.3871404427786
7360,497.40090061652563
7361,497.41466079027253
7362,497.42842096401955
7363,497.44218113776657
7364,497.4559413115135
7365,497.4697014852605
7366,497.4834616590075
7367,497.4972218327545
7368,497.5109820065015
7369,497.52474218024844
7370,497.53850235399545
7371,497.5522625277424
7372,497.5660227014894
7373,497.5797828752364
7374,497.59354304898335
7375,497.60730322273037
7376,497.6210633964774
7377,497.6348235702243
7378,497.6485837439713
7379,497.6623439177183
7380,497.6761040914653
7381,497.68986426521224
7382,497.70362443895925
7383,497.71738461270627
7384,497.7311447864532
7385,497.7449049602002
7386,497.7586651339472
7387,497.77242530769416
7388,497.7861854814411
7389,497.79994565518814
7390,497.8137058289351
7391,497.8274660026821
7392,497.84122617642913
7393,497.85498635017603
7394,497.86874652392305
7395,497.88250669767007
7396,497.896266871417
7397,497.910027045164
7398,497.923787218911
7399,497.937547392658
7400,497.951307566405
7401,497.96506774015194
7402,497.97882791389895
7403,497.9925880876459
7404,498.0063482613929
7405,498.0201084351399
7406,498.03386860888685
7407,498.04762878263386
7408,498.0613889563809
7409,498.07514913012784
7410,498.0889093038748
7411,498.1026694776218
7412,498.1164296513688
7413,498.13018982511574
7414,498.14394999886275
7415,498.15771017260977
7416,498.1714703463567
7417,498.1852305201037
7418,498.1989906938507
7419,498.21275086759766
7420,498.2265110413446
7421,498.24027121509164
7422,498.2540313888386
7423,498.2677915625856
7424,498.28155173633263
7425,498.2953119100796
7426,498.30907208382655
7427,498.32283225757357
7428,498.3365924313205
7429,498.3503526050675
7430,498.3641127788145
7431,498.3778729525615
7432,498.3916331263085
7433,498.40539330005544
7434,498.41915347380245
7435,498.4329136475494
7436,498.4466738212964
7437,498.4604339950434
7438,498.47419416879035
7439,498.48795434253736
7440,498.5017145162844
7441,498.51547469003134
7442,498.5292348637783
7443,498.5429950375253
7444,498.5567552112723
7445,498.57051538501923
7446,498.58427555876625
7447,498.59803573251327
7448,498.6117959062602
7449,498.6255560800072
7450,498.6393162537542
7451,498.65307642750116
7452,498.6668366012481
7453,498.68059677499514
7454,498.6943569487421
7455,498.7081171224891
7456,498.72187729623613
7457,498.7356374699831
7458,498.74939764373005
7459,498.76315781747707
7460,498.776917991224
7461,498.790678164971
7462,498.804438338718
7463,498.818198512465
7464,498.831958686212
7465,498.84571885995894
7466,498.85947903370595
7467,498.8732392074529
7468,498.88699938119987
7469,498.9007595549469
7470,498.91451972869385
7471,498.92827990244086
7472,498.9420400761879
7473,498.95580024993484
7474,498.9695604236818
7475,498.9833205974288
7476,498.9970807711758
7477,499.01084094492273
7478,499.02460111866975
7479,499.03836129241677
7480,499.0521214661637
7481,499.0658816399107
7482,499.0796418136577
7483,499.09340198740466
7484,499.1071621611516
7485,499.12092233489864
7486,499.13468250864565
7487,499.1484426823926
7488,499.16220285613963
7489,499.1759630298866
7490,499.18972320363355
7491,499.20348337738056
7492,499.2172435511275
7493,499.2310037248745
7494,499.2447638986215
7495,499.2585240723685
7496,499.2722842461155
7497,499.28604441986244
7498,499.29980459360945
7499,499.3135647673564
7500,499.32732494110337
7501,499.3410851148504
7502,499.3548452885974
7503,499.36860546234436
7504,499.3823656360914
7505,499.39612580983834
7506,499.4098859835853
7507,499.4236461573323
7508,499.4374063310793
7509,499.45116650482623
7510,499.46492667857325
7511,499.47868685232027
7512,499.4924470260672
7513,499.5062071998142
7514,499.5199673735612
7515,499.53372754730816
7516,499.5474877210551
7517,499.56124789480214
7518,499.57500806854915
7519,499.5887682422961
7520,499.6025284160431
7521,499.6162885897901
7522,499.63004876353705
7523,499.64380893728406
7524,499.657569111031
7525,499.671329284778
7526,499.685089458525
7527,499.698849632272
7528,499.712609806019
7529,499.72636997976593
7530,499.74013015351295
7531,499.7538903272599
7532,499.76765050100687
7533,499.7814106747539
7534,499.7951708485009
7535,499.80893102224786
7536,499.8226911959949
7537,499.83645136974184
7538,499.8502115434888
7539,499.8639717172358
7540,499.8777318909828
7541,499.89149206472973
7542,499.90525223847675
7543,499.91901241222376
7544,499.9327725859707
7545,499.9465327597177
7546,499.9602929334647
7547,499.97405310721166
7548,499.9878132809586
7549,500.00157345470564
7550,500.01533362845265
7551,500.0290938021996
7552,500.0428539759466
7553,500.0566141496936
7554,500.07037432344055
7555,500.08413449718756
7556,500.0978946709345
7557,500.1116548446815
7558,500.1254150184285
7559,500.1391751921755
7560,500.1529353659225
7561,500.16669553966943
7562,500.18045571341645
7563,500.1942158871634
7564,500.20797606091037
7565,500.2217362346574
7566,500.2354964084044
7567,500.24925658215136
7568,500.2630167558984
7569,500.27677692964534
7570,500.2905371033923
7571,500.3042972771393
7572,500.3180574508863
7573,500.33181762463323
7574,500.34557779838025
7575,500.35933797212726
7576,500.3730981458742
7577,500.3868583196212
7578,500.4006184933682
7579,500.4143786671152
7580,500.4281388408621
7581,500.44189901460913
7582,500.45565918835615
7583,500.4694193621031
7584,500.4831795358501
7585,500.4969397095971
7586,500.51069988334405
7587,500.52446005709106
7588,500.538220230838
7589,500.551980404585
7590,500.565740578332
7591,500.579500752079
7592,500.593260925826
7593,500.60702109957293
7594,500.62078127331995
7595,500.63454144706697
7596,500.64830162081387
7597,500.6620617945609
7598,500.6758219683079
7599,500.68958214205486
7600,500.7033423158019
7601,500.71710248954884
7602,500.7308626632958
7603,500.7446228370428
7604,500.75838301078977
7605,500.77214318453673
7606,500.78590335828375
7607,500.79966353203076
7608,500.8134237057777
7609,500.8271838795247
7610,500.8409440532717
7611,500.8547042270187
7612,500.8684644007656
7613,500.88222457451263
7614,500.89598474825965
7615,500.9097449220066
7616,500.9235050957536
7617,500.9372652695006
7618,500.95102544324754
7619,500.96478561699456
7620,500.9785457907415
7621,500.9923059644885
7622,501.0060661382355
7623,501.0198263119825
7624,501.0335864857295
7625,501.04734665947643
7626,501.06110683322345
7627,501.07486700697046
7628,501.08862718071737
7629,501.1023873544644
7630,501.1161475282114
7631,501.12990770195836
7632,501.1436678757054
7633,501.15742804945234
7634,501.1711882231993
7635,501.1849483969463
7636,501.19870857069327
7637,501.21246874444023
7638,501.22622891818725
7639,501.23998909193426
7640,501.2537492656812
7641,501.2675094394282
7642,501.2812696131752
7643,501.2950297869222
7644,501.3087899606691
7645,501.32255013441613
7646,501.33631030816315
7647,501.3500704819101
7648,501.3638306556571
7649,501.3775908294041
7650,501.39135100315104
7651,501.40511117689806
7652,501.418871350645
7653,501.432631524392
7654,501.446391698139
7655,501.460151871886
7656,501.473912045633
7657,501.48767221937993
7658,501.50143239312695
7659,501.51519256687396
7660,501.52895274062087
7661,501.5427129143679
7662,501.5564730881149
7663,501.57023326186186
7664,501.5839934356089
7665,501.59775360935583
7666,501.6115137831028
7667,501.6252739568498
7668,501.63903413059677
7669,501.65279430434373
7670,501.66655447809075
7671,501.68031465183776
7672,501.6940748255848
7673,501.7078349993317
7674,501.7215951730787
7675,501.7353553468257
7676,501.7491155205726
7677,501.76287569431963
7678,501.77663586806665
7679,501.7903960418136
7680,501.8041562155606
7681,501.8179163893076
7682,501.83167656305454
7683,501.84543673680156
7684,501.8591969105485
7685,501.8729570842955
7686,501.8867172580425
7687,501.9004774317895
7688,501.9142376055365
7689,501.92799777928343
7690,501.94175795303045
7691,501.95551812677746
7692,501.96927830052437
7693,501.9830384742714
7694,501.9967986480184
7695,502.01055882176536
7696,502.0243189955124
7697,502.03807916925933
7698,502.0518393430063
7699,502.0655995167533
7700,502.07935969050027
7701,502.0931198642472
7702,502.10688003799424
7703,502.12064021174126
7704,502.1344003854883
7705,502.1481605592352
7706,502.1619207329822
7707,502.1756809067292
7708,502.1894410804761
7709,502.20320125422313
7710,502.21696142797015
7711,502.2307216017171
7712,502.2444817754641
7713,502.2582419492111
7714,502.27200212295804
7715,502.28576229670506
7716,502.299522470452
7717,502.313282644199
7718,502.327042817946
7719,502.340802991693
7720,502.35456316544
7721,502.36832333918693
7722,502.38208351293395
7723,502.39584368668096
7724,502.40960386042786
7725,502.4233640341749
7726,502.4371242079219
7727,502.45088438166886
7728,502.4646445554159
7729,502.47840472916283
7730,502.4921649029098
7731,502.5059250766568
7732,502.51968525040377
7733,502.5334454241507
7734,502.54720559789774
7735,502.56096577164476
7736,502.5747259453918
7737,502.5884861191387
7738,502.6022462928857
7739,502.6160064666327
7740,502.6297666403796
7741,502.64352681412663
7742,502.65728698787365
7743,502.6710471616206
7744,502.6848073353676
7745,502.6985675091146
7746,502.71232768286154
7747,502.72608785660856
7748,502.7398480303555
7749,502.7536082041025
7750,502.7673683778495
7751,502.7811285515965
7752,502.7948887253435
7753,502.80864889909043
7754,502.82240907283744
7755,502.83616924658446
7756,502.84992942033136
7757,502.8636895940784
7758,502.8774497678254
7759,502.89120994157236
7760,502.9049701153194
7761,502.91873028906633
7762,502.9324904628133
7763,502.9462506365603
7764,502.96001081030727
7765,502.9737709840542
7766,502.98753115780124
7767,503.00129133154826
7768,503.0150515052953
7769,503.0288116790422
7770,503.0425718527892
7771,503.0563320265362
7772,503.0700922002831
7773,503.08385237403013
7774,503.09761254777715
7775,503.1113727215241
7776,503.1251328952711
7777,503.1388930690181
7778,503.15265324276504
7779,503.16641341651206
7780,503.180173590259
7781,503.193933764006
7782,503.207693937753
7783,503.2214541115
7784,503.235214285247
7785,503.2489744589939
7786,503.26273463274094
7787,503.27649480648796
7788,503.29025498023486
7789,503.3040151539819
7790,503.3177753277289
7791,503.33153550147586
7792,503.34529567522287
7793,503.35905584896983
7794,503.3728160227168
7795,503.3865761964638
7796,503.40033637021077
7797,503.4140965439577
7798,503.42785671770474
7799,503.44161689145176
7800,503.4553770651988
7801,503.4691372389457
7802,503.4828974126927
7803,503.4966575864397
7804,503.5104177601866
7805,503.52417793393363
7806,503.53793810768065
7807,503.5516982814276
7808,503.5654584551746
7809,503.5792186289216
7810,503.59297880266854
7811,503.60673897641556
7812,503.6204991501625
7813,503.6342593239095
7814,503.6480194976565
7815,503.6617796714035
7816,503.6755398451505
7817,503.6893000188974
7818,503.70306019264444
7819,503.71682036639146
7820,503.73058054013836
7821,503.7443407138854
7822,503.7581008876324
7823,503.77186106137935
7824,503.78562123512637
7825,503.79938140887333
7826,503.8131415826203
7827,503.8269017563673
7828,503.84066193011427
7829,503.8544221038612
7830,503.86818227760824
7831,503.88194245135526
7832,503.8957026251023
7833,503.9094627988492
7834,503.9232229725962
7835,503.9369831463432
7836,503.9507433200901
7837,503.9645034938371
7838,503.97826366758414
7839,503.9920238413311
7840,504.0057840150781
7841,504.0195441888251
7842,504.03330436257204
7843,504.04706453631906
7844,504.060824710066
7845,504.074584883813
7846,504.08834505756
7847,504.102105231307
7848,504.115865405054
7849,504.1296255788009
7850,504.14338575254794
7851,504.15714592629496
7852,504.17090610004186
7853,504.1846662737889
7854,504.1984264475359
7855,504.21218662128285
7856,504.22594679502987
7857,504.23970696877683
7858,504.2534671425238
7859,504.2672273162708
7860,504.28098749001776
7861,504.2947476637647
7862,504.30850783751174
7863,504.32226801125876
7864,504.3360281850058
7865,504.3497883587527
7866,504.3635485324997
7867,504.3773087062467
7868,504.3910688799936
7869,504.4048290537406
7870,504.41858922748764
7871,504.4323494012346
7872,504.4461095749816
7873,504.4598697487286
7874,504.47362992247554
7875,504.48739009622255
7876,504.5011502699695
7877,504.5149104437165
7878,504.5286706174635
7879,504.5424307912105
7880,504.5561909649575
7881,504.5699511387044
7882,504.58371131245144
7883,504.59747148619846
7884,504.61123165994536
7885,504.6249918336924
7886,504.6387520074394
7887,504.65251218118635
7888,504.66627235493337
7889,504.68003252868033
7890,504.6937927024273
7891,504.7075528761743
7892,504.72131304992126
7893,504.7350732236682
7894,504.74883339741524
7895,504.76259357116226
7896,504.7763537449093
7897,504.7901139186562
7898,504.8038740924032
7899,504.8176342661502
7900,504.8313944398971
7901,504.8451546136441
7902,504.85891478739114
7903,504.8726749611381
7904,504.8864351348851
7905,504.9001953086321
7906,504.91395548237904
7907,504.92771565612605
7908,504.941475829873
7909,504.95523600362
7910,504.968996177367
7911,504.982756351114
7912,504.996516524861
7913,505.0102766986079
7914,505.02403687235494
7915,505.03779704610196
7916,505.05155721984886
7917,505.0653173935959
7918,505.0790775673429
7919,505.09283774108985
7920,505.10659791483687
7921,505.1203580885838
7922,505.1341182623308
7923,505.1478784360778
7924,505.16163860982476
7925,505.1753987835717
7926,505.18915895731874
7927,505.20291913106576
7928,505.21667930481277
7929,505.2304394785597
7930,505.2441996523067
7931,505.2579598260537
7932,505.2717199998006
7933,505.2854801735476
7934,505.29924034729464
7935,505.3130005210416
7936,505.3267606947886
7937,505.3405208685356
7938,505.35428104228254
7939,505.36804121602955
7940,505.3818013897765
7941,505.3955615635235
7942,505.4093217372705
7943,505.4230819110175
7944,505.4368420847645
7945,505.4506022585114
7946,505.46436243225844
7947,505.47812260600546
7948,505.49188277975236
7949,505.5056429534994
7950,505.5194031272464
7951,505.53316330099335
7952,505.54692347474037
7953,505.5606836484873
7954,505.5744438222343
7955,505.5882039959813
7956,505.60196416972826
7957,505.6157243434752
7958,505.62948451722224
7959,505.64324469096925
7960,505.65700486471627
7961,505.6707650384632
7962,505.6845252122102
7963,505.6982853859572
7964,505.7120455597041
7965,505.7258057334511
7966,505.73956590719814
7967,505.7533260809451
7968,505.7670862546921
7969,505.7808464284391
7970,505.79460660218604
7971,505.80836677593305
7972,505.82212694968
7973,505.835887123427
7974,505.849647297174
7975,505.863407470921
7976,505.877167644668
7977,505.8909278184149
7978,505.90468799216194
7979,505.91844816590896
7980,505.93220833965586
7981,505.9459685134029
7982,505.9597286871499
7983,505.97348886089685
7984,505.98724903464387
7985,506.0010092083908
7986,506.0147693821378
7987,506.0285295558848
7988,506.04228972963176
7989,506.0560499033788
7990,506.06981007712574
7991,506.08357025087275
7992,506.09733042461977
7993,506.1110905983667
7994,506.1248507721137
7995,506.1386109458607
7996,506.1523711196076
7997,506.1661312933546
7998,506.17989146710164
7999,506.1936516408486
8000,506.2074118145956
8001,506.2211719883426
8002,506.23493216208954
8003,506.24869233583655
8004,506.2624525095835
8005,506.2762126833305
8006,506.2899728570775
8007,506.3037330308245
8008,506.3174932045715
8009,506.3312533783184
8010,506.34501355206544
8011,506.35877372581245
8012,506.37253389955936
8013,506.3862940733064
8014,506.4000542470534
8015,506.41381442080035
8016,506.42757459454737
8017,506.4413347682943
8018,506.4550949420413
8019,506.4688551157883
8020,506.48261528953526
8021,506.4963754632823
8022,506.51013563702924
8023,506.52389581077625
8024,506.53765598452327
8025,506.5514161582702
8026,506.5651763320172
8027,506.5789365057642
8028,506.5926966795111
8029,506.6064568532581
8030,506.62021702700514
8031,506.6339772007521
8032,506.6477373744991
8033,506.6614975482461
8034,506.67525772199303
8035,506.68901789574005
8036,506.702778069487
8037,506.716538243234
8038,506.730298416981
8039,506.744058590728
8040,506.757818764475
8041,506.7715789382219
8042,506.78533911196894
8043,506.79909928571595
8044,506.81285945946286
8045,506.8266196332099
8046,506.8403798069569
8047,506.85413998070385
8048,506.86790015445087
8049,506.8816603281978
8050,506.89542050194484
8051,506.9091806756918
8052,506.92294084943876
8053,506.9367010231858
8054,506.95046119693274
8055,506.96422137067975
8056,506.97798154442677
8057,506.99174171817367
8058,507.0055018919207
8059,507.0192620656677
8060,507.0330222394146
8061,507.0467824131616
8062,507.06054258690864
8063,507.0743027606556
8064,507.0880629344026
8065,507.1018231081496
8066,507.1155832818966
8067,507.12934345564355
8068,507.1431036293905
8069,507.1568638031375
8070,507.1706239768845
8071,507.1843841506315
8072,507.1981443243785
8073,507.2119044981254
8074,507.22566467187244
8075,507.23942484561945
8076,507.25318501936636
8077,507.2669451931134
8078,507.2807053668604
8079,507.29446554060735
8080,507.30822571435436
8081,507.3219858881013
8082,507.33574606184834
8083,507.3495062355953
8084,507.36326640934226
8085,507.3770265830893
8086,507.39078675683623
8087,507.40454693058325
8088,507.41830710433027
8089,507.43206727807717
8090,507.4458274518242
8091,507.4595876255712
8092,507.4733477993181
8093,507.4871079730651
8094,507.50086814681214
8095,507.5146283205591
8096,507.5283884943061
8097,507.5421486680531
8098,507.5559088418001
8099,507.56966901554705
8100,507.583429189294
8101,507.597189363041
8102,507.610949536788
8103,507.624709710535
8104,507.638469884282
8105,507.6522300580289
8106,507.66599023177594
8107,507.67975040552295
8108,507.69351057926986
8109,507.70727075301687
8110,507.7210309267639
8111,507.73479110051085
8112,507.74855127425786
8113,507.7623114480048
8114,507.77607162175184
8115,507.7898317954988
8116,507.80359196924576
8117,507.8173521429928
8118,507.83111231673973
8119,507.84487249048675
8120,507.85863266423377
8121,507.87239283798067
8122,507.8861530117277
8123,507.8999131854747
8124,507.9136733592216
8125,507.9274335329686
8126,507.94119370671564
8127,507.9549538804626
8128,507.9687140542096
8129,507.9824742279566
8130,507.9962344017036
8131,508.00999457545055
8132,508.0237547491975
8133,508.0375149229445
8134,508.0512750966915
8135,508.0650352704385
8136,508.0787954441855
8137,508.0925556179324
8138,508.10631579167944
8139,508.12007596542645
8140,508.13383613917335
8141,508.14759631292037
8142,508.1613564866674
8143,508.1751166604144
8144,508.18887683416136
8145,508.2026370079083
8146,508.21639718165534
8147,508.2301573554023
8148,508.24391752914926
8149,508.2576777028963
8150,508.27143787664323
8151,508.28519805039025
8152,508.29895822413727
8153,508.31271839788417
8154,508.3264785716312
8155,508.3402387453782
8156,508.3539989191251
8157,508.3677590928721
8158,508.38151926661914
8159,508.39527944036615
8160,508.4090396141131
8161,508.4227997878601
8162,508.4365599616071
8163,508.45032013535405
8164,508.464080309101
8165,508.477840482848
8166,508.491600656595
8167,508.505360830342
8168,508.519121004089
8169,508.5328811778359
8170,508.54664135158293
8171,508.56040152532995
8172,508.57416169907685
8173,508.58792187282387
8174,508.6016820465709
8175,508.6154422203179
8176,508.62920239406486
8177,508.6429625678118
8178,508.65672274155884
8179,508.6704829153058
8180,508.68424308905276
8181,508.6980032627998
8182,508.71176343654673
8183,508.72552361029375
8184,508.73928378404077
8185,508.75304395778767
8186,508.7668041315347
8187,508.7805643052817
8188,508.7943244790286
8189,508.8080846527756
8190,508.82184482652264
8191,508.83560500026965
8192,508.8493651740166
8193,508.86312534776357
8194,508.8768855215106
8195,508.89064569525755
8196,508.9044058690045
8197,508.9181660427515
8198,508.9319262164985
8199,508.9456863902455
8200,508.9594465639925
8201,508.9732067377394
8202,508.98696691148643
8203,509.00072708523345
8204,509.01448725898035
8205,509.02824743272737
8206,509.0420076064744
8207,509.0557677802214
8208,509.06952795396836
8209,509.0832881277153
8210,509.09704830146234
8211,509.1108084752093
8212,509.12456864895626
8213,509.1383288227033
8214,509.15208899645023
8215,509.16584917019725
8216,509.17960934394426
8217,509.19336951769117
8218,509.2071296914382
8219,509.2208898651852
8220,509.2346500389321
8221,509.2484102126791
8222,509.26217038642613
8223,509.27593056017315
8224,509.2896907339201
8225,509.30345090766707
8226,509.3172110814141
8227,509.33097125516105
8228,509.344731428908
8229,509.358491602655
8230,509.372251776402
8231,509.386011950149
8232,509.399772123896
8233,509.4135322976429
8234,509.42729247138993
8235,509.44105264513695
8236,509.45481281888385
8237,509.46857299263087
8238,509.4823331663779
8239,509.4960933401249
8240,509.50985351387186
8241,509.5236136876188
8242,509.53737386136584
8243,509.5511340351128
8244,509.56489420885976
8245,509.57865438260677
8246,509.59241455635373
8247,509.60617473010075
8248,509.61993490384776
8249,509.63369507759467
8250,509.6474552513417
8251,509.6612154250887
8252,509.6749755988356
8253,509.6887357725826
8254,509.70249594632963
8255,509.71625612007665
8256,509.7300162938236
8257,509.74377646757057
8258,509.7575366413176
8259,509.77129681506455
8260,509.7850569888115
8261,509.7988171625585
8262,509.8125773363055
8263,509.8263375100525
8264,509.8400976837995
8265,509.8538578575464
8266,509.86761803129343
8267,509.88137820504045
8268,509.89513837878735
8269,509.90889855253437
8270,509.9226587262814
8271,509.9364189000284
8272,509.95017907377536
8273,509.9639392475223
8274,509.97769942126934
8275,509.9914595950163
8276,510.00521976876325
8277,510.01897994251027
8278,510.03274011625723
8279,510.04650029000425
8280,510.06026046375126
8281,510.07402063749817
8282,510.0877808112452
8283,510.1015409849922
8284,510.1153011587391
8285,510.1290613324861
8286,510.14282150623313
8287,510.15658167998015
8288,510.1703418537271
8289,510.18410202747407
8290,510.1978622012211
8291,510.21162237496804
8292,510.225382548715
8293,510.239142722462
8294,510.252902896209
8295,510.266663069956
8296,510.280423243703
8297,510.2941834174499
8298,510.30794359119693
8299,510.32170376494395
8300,510.33546393869085
8301,510.34922411243787
8302,510.3629842861849
8303,510.3767444599319
8304,510.39050463367886
8305,510.4042648074258
8306,510.41802498117283
8307,510.4317851549198
8308,510.44554532866675
8309,510.45930550241377
8310,510.47306567616073
8311,510.48682584990775
8312,510.50058602365476
8313,510.51434619740166
8314,510.5281063711487
8315,510.5418665448957
8316,510.5556267186426
8317,510.5693868923896
8318,510.58314706613663
8319,510.59690723988365
8320,510.6106674136306
8321,510.62442758737757
8322,510.6381877611246
8323,510.65194793487154
8324,510.6657081086185
8325,510.6794682823655
8326,510.6932284561125
8327,510.7069886298595
8328,510.7207488036065
8329,510.7345089773534
8330,510.74826915110043
8331,510.76202932484745
8332,510.77578949859435
8333,510.78954967234137
8334,510.8033098460884
8335,510.8170700198354
8336,510.83083019358236
8337,510.8445903673293
8338,510.85835054107633
8339,510.8721107148233
8340,510.88587088857025
8341,510.89963106231727
8342,510.91339123606423
8343,510.92715140981124
8344,510.94091158355826
8345,510.95467175730516
8346,510.9684319310522
8347,510.9821921047992
8348,510.9959522785461
8349,511.0097124522931
8350,511.02347262604013
8351,511.03723279978715
8352,511.0509929735341
8353,511.06475314728107
8354,511.0785133210281
8355,511.09227349477504
8356,511.106033668522
8357,511.119793842269
8358,511.133554016016
8359,511.147314189763
8360,511.16107436351
8361,511.1748345372569
8362,511.18859471100393
8363,511.20235488475095
8364,511.21611505849785
8365,511.22987523224486
8366,511.2436354059919
8367,511.2573955797389
8368,511.27115575348586
8369,511.2849159272328
8370,511.29867610097983
8371,511.3124362747268
8372,511.32619644847375
8373,511.33995662222077
8374,511.3537167959677
8375,511.36747696971474
8376,511.38123714346176
8377,511.39499731720866
8378,511.4087574909557
8379,511.4225176647027
8380,511.4362778384496
8381,511.4500380121966
8382,511.46379818594363
8383,511.47755835969065
8384,511.4913185334376
8385,511.50507870718457
8386,511.5188388809316
8387,511.53259905467854
8388,511.5463592284255
8389,511.5601194021725
8390,511.5738795759195
8391,511.5876397496665
8392,511.6013999234135
8393,511.6151600971604
8394,511.62892027090743
8395,511.64268044465445
8396,511.65644061840135
8397,511.67020079214836
8398,511.6839609658954
8399,511.6977211396424
8400,511.71148131338936
8401,511.7252414871363
8402,511.73900166088333
8403,511.7527618346303
8404,511.76652200837725
8405,511.78028218212427
8406,511.7940423558712
8407,511.80780252961824
8408,511.82156270336526
8409,511.83532287711216
8410,511.8490830508592
8411,511.8628432246062
8412,511.8766033983531
8413,511.8903635721001
8414,511.90412374584713
8415,511.91788391959415
8416,511.9316440933411
8417,511.94540426708807
8418,511.9591644408351
8419,511.97292461458204
8420,511.986684788329
8421,512.000444962076
8422,512.014205135823
8423,512.02796530957
8424,512.041725483317
8425,512.055485657064
8426,512.0692458308109
8427,512.0830060045579
8428,512.0967661783048
8429,512.1105263520519
8430,512.1242865257989
8431,512.1380466995458
8432,512.1518068732929
8433,512.1655670470398
8434,512.1793272207868
8435,512.1930873945338
8436,512.2068475682808
8437,512.2206077420277
8438,512.2343679157748
8439,512.2481280895217
8440,512.2618882632687
8441,512.2756484370157
8442,512.2894086107627
8443,512.3031687845097
8444,512.3169289582567
8445,512.3306891320036
8446,512.3444493057506
8447,512.3582094794976
8448,512.3719696532446
8449,512.3857298269916
8450,512.3994900007385
8451,512.4132501744856
8452,512.4270103482326
8453,512.4407705219795
8454,512.4545306957265
8455,512.4682908694735
8456,512.4820510432205
8457,512.4958112169675
8458,512.5095713907144
8459,512.5233315644614
8460,512.5370917382083
8461,512.5508519119554
8462,512.5646120857024
8463,512.5783722594493
8464,512.5921324331964
8465,512.6058926069433
8466,512.6196527806903
8467,512.6334129544373
8468,512.6471731281842
8469,512.6609333019312
8470,512.6746934756783
8471,512.6884536494252
8472,512.7022138231722
8473,512.7159739969192
8474,512.7297341706662
8475,512.7434943444132
8476,512.7572545181602
8477,512.7710146919071
8478,512.7847748656541
8479,512.7985350394011
8480,512.8122952131481
8481,512.8260553868951
8482,512.839815560642
8483,512.8535757343891
8484,512.867335908136
8485,512.881096081883
8486,512.89485625563
8487,512.908616429377
8488,512.922376603124
8489,512.936136776871
8490,512.9498969506179
8491,512.9636571243649
8492,512.9774172981118
8493,512.9911774718589
8494,513.0049376456059
8495,513.0186978193528
8496,513.0324579930999
8497,513.0462181668468
8498,513.0599783405938
8499,513.0737385143408
8500,513.0874986880877
8501,513.1012588618347
8502,513.1150190355818
8503,513.1287792093287
8504,513.1425393830757
8505,513.1562995568227
8506,513.1700597305697
8507,513.1838199043167
8508,513.1975800780637
8509,513.2113402518106
8510,513.2251004255576
8511,513.2388605993046
8512,513.2526207730516
8513,513.2663809467986
8514,513.2801411205455
8515,513.2939012942926
8516,513.3076614680396
8517,513.3214216417865
8518,513.3351818155335
8519,513.3489419892805
8520,513.3627021630275
8521,513.3764623367745
8522,513.3902225105214
8523,513.4039826842684
8524,513.4177428580153
8525,513.4315030317624
8526,513.4452632055094
8527,513.4590233792563
8528,513.4727835530034
8529,513.4865437267503
8530,513.5003039004973
8531,513.5140640742443
8532,513.5278242479912
8533,513.5415844217382
8534,513.5553445954853
8535,513.5691047692322
8536,513.5828649429792
8537,513.5966251167262
8538,513.6103852904732
8539,513.6241454642202
8540,513.6379056379672
8541,513.6516658117141
8542,513.6654259854611
8543,513.6791861592081
8544,513.6929463329551
8545,513.7067065067021
8546,513.720466680449
8547,513.7342268541961
8548,513.747987027943
8549,513.76174720169
8550,513.775507375437
8551,513.789267549184
8552,513.803027722931
8553,513.816787896678
8554,513.8305480704249
8555,513.8443082441719
8556,513.8580684179188
8557,513.8718285916659
8558,513.8855887654129
8559,513.8993489391598
8560,513.9131091129069
8561,513.9268692866539
8562,513.9406294604008
8563,513.9543896341478
8564,513.9681498078947
8565,513.9819099816417
8566,513.9956701553888
8567,514.0094303291357
8568,514.0231905028827
8569,514.0369506766297
8570,514.0507108503767
8571,514.0644710241237
8572,514.0782311978707
8573,514.0919913716176
8574,514.1057515453646
8575,514.1195117191116
8576,514.1332718928586
8577,514.1470320666056
8578,514.1607922403525
8579,514.1745524140996
8580,514.1883125878466
8581,514.2020727615935
8582,514.2158329353405
8583,514.2295931090875
8584,514.2433532828345
8585,514.2571134565815
8586,514.2708736303284
8587,514.2846338040754
8588,514.2983939778223
8589,514.3121541515694
8590,514.3259143253164
8591,514.3396744990633
8592,514.3534346728104
8593,514.3671948465574
8594,514.3809550203043
8595,514.3947151940513
8596,514.4084753677982
8597,514.4222355415452
8598,514.4359957152923
8599,514.4497558890392
8600,514.4635160627862
8601,514.4772762365332
8602,514.4910364102802
8603,514.5047965840272
8604,514.5185567577741
8605,514.5323169315211
8606,514.5460771052681
8607,514.5598372790151
8608,514.5735974527621
8609,514.5873576265091
8610,514.601117800256
8611,514.6148779740031
8612,514.62863814775
8613,514.642398321497
8614,514.656158495244
8615,514.669918668991
8616,514.683678842738
8617,514.697439016485
8618,514.7111991902319
8619,514.7249593639789
8620,514.7387195377258
8621,514.7524797114729
8622,514.7662398852199
8623,514.7800000589668
8624,514.7937602327139
8625,514.8075204064609
8626,514.8212805802078
8627,514.8350407539548
8628,514.8488009277017
8629,514.8625611014487
8630,514.8763212751958
8631,514.8900814489427
8632,514.9038416226897
8633,514.9176017964367
8634,514.9313619701837
8635,514.9451221439307
8636,514.9588823176776
8637,514.9726424914246
8638,514.9864026651717
8639,515.0001628389186
8640,515.0139230126656
