step,ds,forecast_tb
1,2026-04-06 11:38:37,396.12602183872
2,2026-04-06 12:38:37,396.1735140944937
3,2026-04-06 13:38:37,396.2087938002806
4,2026-04-06 14:38:37,396.2358543413436
5,2026-04-06 15:38:37,396.2695679867327
6,2026-04-06 16:38:37,396.3184066736019
7,2026-04-06 17:38:37,396.3748110158734
8,2026-04-06 18:38:37,396.4231559998871
9,2026-04-06 19:38:37,396.45670019046264
10,2026-04-06 20:38:37,396.4854699295198
11,2026-04-06 21:38:37,396.52638548591267
12,2026-04-06 22:38:37,396.5854940478235
13,2026-04-06 23:38:37,396.65083607303285
14,2026-04-07 00:38:37,396.7040634888335
15,2026-04-07 01:38:37,396.739693065111
16,2026-04-07 02:38:37,396.772338466903
17,2026-04-07 03:38:37,396.82353112522077
18,2026-04-07 04:38:37,396.9000563666737
19,2026-04-07 05:38:37,396.98491263013824
20,2026-04-07 06:38:37,397.0505225971908
21,2026-04-07 07:38:37,397.08252885293035
22,2026-04-07 08:38:37,397.0921246378986
23,2026-04-07 09:38:37,397.1056220451033
24,2026-04-07 10:38:37,397.14144000269124
25,2026-04-07 11:38:37,397.1960927458034
26,2026-04-07 12:38:37,397.25130034236014
27,2026-04-07 13:38:37,397.29371337519774
28,2026-04-07 14:38:37,397.32728375079375
29,2026-04-07 15:38:37,397.36684483373756
30,2026-04-07 16:38:37,397.4208323646661
31,2026-04-07 17:38:37,397.481653591464
32,2026-04-07 18:38:37,397.5336530759837
33,2026-04-07 19:38:37,397.5700619992699
34,2026-04-07 20:38:37,397.60088244719134
35,2026-04-07 21:38:37,397.643013634766
36,2026-04-07 22:38:37,397.70248496034776
37,2026-04-07 23:38:37,397.7673224047991
38,2026-04-08 00:38:37,397.8191667673081
39,2026-04-08 01:38:37,397.8525270612651
40,2026-04-08 02:38:37,397.8820125765136
41,2026-04-08 03:38:37,397.92915374681957
42,2026-04-08 04:38:37,398.00073826310637
43,2026-04-08 05:38:37,398.0797702609222
44,2026-04-08 06:38:37,398.138681408957
45,2026-04-08 07:38:37,398.16312651559286
46,2026-04-08 08:38:37,398.16431421431787
47,2026-04-08 09:38:37,398.16857508250666
48,2026-04-08 10:38:37,398.1943495343508
49,2026-04-08 11:38:37,398.2381761920274
50,2026-04-08 12:38:37,398.2818023001779
51,2026-04-08 13:38:37,398.3119082867477
52,2026-04-08 14:38:37,398.33247844088925
53,2026-04-08 15:38:37,398.3583809076695
54,2026-04-08 16:38:37,398.3980884579482
55,2026-04-08 17:38:37,398.44404746382656
56,2026-04-08 18:38:37,398.4806435426065
57,2026-04-08 19:38:37,398.5011506929284
58,2026-04-08 20:38:37,398.5156154057074
59,2026-04-08 21:38:37,398.54098270886965
60,2026-04-08 22:38:37,398.58332903782315
61,2026-04-08 23:38:37,398.6307284475405
62,2026-04-09 00:38:37,398.6648706586441
63,2026-04-09 01:38:37,398.6803142617338
64,2026-04-09 02:38:37,398.69171858700935
65,2026-04-09 03:38:37,398.7206643787887
66,2026-04-09 04:38:37,398.7739897163029
67,2026-04-09 05:38:37,398.83474900992013
68,2026-04-09 06:38:37,398.8754239004257
69,2026-04-09 07:38:37,398.8817186790127
70,2026-04-09 08:38:37,398.86489078964274
71,2026-04-09 09:38:37,398.85131876883054
72,2026-04-09 10:38:37,398.8594899644789
73,2026-04-09 11:38:37,398.88598873837174
74,2026-04-09 12:38:37,398.91260671810346
75,2026-04-09 13:38:37,398.92606720206464
76,2026-04-09 14:38:37,398.9303956887572
77,2026-04-09 15:38:37,398.9404997307122
78,2026-04-09 16:38:37,398.96488957187796
79,2026-04-09 17:38:37,398.9960469993184
80,2026-04-09 18:38:37,399.0183908725939
81,2026-04-09 19:38:37,399.0252261548786
82,2026-04-09 20:38:37,399.02662792873775
83,2026-04-09 21:38:37,399.0395673558936
84,2026-04-09 22:38:37,399.07014447313344
85,2026-04-09 23:38:37,399.10645434045887
86,2026-04-10 00:38:37,399.13020503400423
87,2026-04-10 01:38:37,399.135970808098
88,2026-04-10 02:38:37,399.1384239335562
89,2026-04-10 03:38:37,399.15915535185695
90,2026-04-10 04:38:37,399.2050105865306
91,2026-04-10 05:38:37,399.25904874084756
92,2026-04-10 06:38:37,399.293753409326
93,2026-04-10 07:38:37,399.29482812054613
94,2026-04-10 08:38:37,399.27352687271946
95,2026-04-10 09:38:37,399.2562221168444
96,2026-04-10 10:38:37,399.26139252878517
97,2026-04-10 11:38:37,399.28561127453486
98,2026-04-10 12:38:37,399.31065633412373
99,2026-04-10 13:38:37,399.32323498736923
100,2026-04-10 14:38:37,399.3273544323206
101,2026-04-10 15:38:37,399.3379017362302
102,2026-04-10 16:38:37,399.3633645774111
103,2026-04-10 17:38:37,399.3962002083306
104,2026-04-10 18:38:37,399.4208011027586
105,2026-04-10 19:38:37,399.4304441104798
106,2026-04-10 20:38:37,399.43517460191777
107,2026-04-10 21:38:37,399.45193256140305
108,2026-04-10 22:38:37,399.4867855206455
109,2026-04-10 23:38:37,399.5277948478749
110,2026-04-11 00:38:37,399.55663388457464
111,2026-04-11 01:38:37,399.5678412535561
112,2026-04-11 02:38:37,399.5760528448052
113,2026-04-11 03:38:37,399.6028226181656
114,2026-04-11 04:38:37,399.6549586635075
115,2026-04-11 05:38:37,399.7154823469199
116,2026-04-11 06:38:37,399.75683936974485
117,2026-04-11 07:38:37,399.76469535744087
118,2026-04-11 08:38:37,399.75026653903507
119,2026-04-11 09:38:37,399.7398878715209
120,2026-04-11 10:38:37,399.7520009498918
121,2026-04-11 11:38:37,399.7831424066181
122,2026-04-11 12:38:37,399.815054365476
123,2026-04-11 13:38:37,399.8344090524472
124,2026-04-11 14:38:37,399.8451795340972
125,2026-04-11 15:38:37,399.86221978280827
126,2026-04-11 16:38:37,399.8939855268506
127,2026-04-11 17:38:37,399.9329033152709
128,2026-04-11 18:38:37,399.9633362600595
129,2026-04-11 19:38:37,399.9785332788298
130,2026-04-11 20:38:37,399.9885133200688
131,2026-04-11 21:38:37,400.0101915294786
132,2026-04-11 22:38:37,400.0496122487464
133,2026-04-11 23:38:37,400.0948153620741
134,2026-04-12 00:38:37,400.1274544822692
135,2026-04-12 01:38:37,400.1420503000184
136,2026-04-12 02:38:37,400.15322260279663
137,2026-04-12 03:38:37,400.1825111023927
138,2026-04-12 04:38:37,400.23671151178695
139,2026-04-12 05:38:37,400.298834699924
140,2026-04-12 06:38:37,400.34131775135614
141,2026-04-12 07:38:37,400.34981954780415
142,2026-04-12 08:38:37,400.33555143263044
143,2026-04-12 09:38:37,400.3248453127306
144,2026-04-12 10:38:37,400.3361415387636
145,2026-04-12 11:38:37,400.3659772678233
146,2026-04-12 12:38:37,400.3960968736927
147,2026-04-12 13:38:37,400.4131765077466
148,2026-04-12 14:38:37,400.421194781234
149,2026-04-12 15:38:37,400.43501276867744
150,2026-04-12 16:38:37,400.46309479075467
151,2026-04-12 17:38:37,400.4978774070322
152,2026-04-12 18:38:37,400.52373508143245
153,2026-04-12 19:38:37,400.53392934410664
154,2026-04-12 20:38:37,400.5384929322049
155,2026-04-12 21:38:37,400.55435586850444
156,2026-04-12 22:38:37,400.5875783697283
157,2026-04-12 23:38:37,400.62621710032494
158,2026-04-13 00:38:37,400.65194326397994
159,2026-04-13 01:38:37,400.6592958569709
160,2026-04-13 02:38:37,400.66291359027906
161,2026-04-13 03:38:37,400.68435561990015
162,2026-04-13 04:38:37,400.7304375265639
163,2026-04-13 05:38:37,400.7841903738514
164,2026-04-13 06:38:37,400.8180716721388
165,2026-04-13 07:38:37,400.8177608658286
166,2026-04-13 08:38:37,400.794489905332
167,2026-04-13 09:38:37,400.77461125862663
168,2026-04-13 10:38:37,400.7765857038159
169,2026-04-13 11:38:37,400.7969706070395
170,2026-04-13 12:38:37,400.8175302513183
171,2026-04-13 13:38:37,400.8249603196793
172,2026-04-13 14:38:37,400.823258503612
173,2026-04-13 15:38:37,400.8273044368721
174,2026-04-13 16:38:37,400.84558041325255
175,2026-04-13 17:38:37,400.8705403189201
176,2026-04-13 18:38:37,400.886575242395
177,2026-04-13 19:38:37,400.88696258603875
178,2026-04-13 20:38:37,400.8817501616697
179,2026-04-13 21:38:37,400.887882229404
180,2026-04-13 22:38:37,400.9114323716
181,2026-04-13 23:38:37,400.9404697178189
182,2026-04-14 00:38:37,400.9566770130048
183,2026-04-14 01:38:37,400.95460385310025
184,2026-04-14 02:38:37,400.94889859488086
185,2026-04-14 03:38:37,400.9611290795121
186,2026-04-14 04:38:37,400.99811861084464
187,2026-04-14 05:38:37,401.0429050174293
188,2026-04-14 06:38:37,401.0679516254879
189,2026-04-14 07:38:37,401.0589427601725
190,2026-04-14 08:38:37,401.02711433637467
191,2026-04-14 09:38:37,400.9988218937377
192,2026-04-14 10:38:37,400.9925284170602
193,2026-04-14 11:38:37,401.004792646178
194,2026-04-14 12:38:37,401.01737944069316
195,2026-04-14 13:38:37,401.0169843025875
196,2026-04-14 14:38:37,401.00760402746783
197,2026-04-14 15:38:37,401.0041166841909
198,2026-04-14 16:38:37,401.01500238114807
199,2026-04-14 17:38:37,401.03271224947605
200,2026-04-14 18:38:37,401.0416341059615
201,2026-04-14 19:38:37,401.03504161914384
202,2026-04-14 20:38:37,401.0229784608831
203,2026-04-14 21:38:37,401.0223844021541
204,2026-04-14 22:38:37,401.0393282446394
205,2026-04-14 23:38:37,401.06187410357177
206,2026-04-15 00:38:37,401.07169953382544
207,2026-04-15 01:38:37,401.06334882301854
208,2026-04-15 02:38:37,401.05146495815956
209,2026-04-15 03:38:37,401.05761040492956
210,2026-04-15 04:38:37,401.0886031404193
211,2026-04-15 05:38:37,401.1274757678613
212,2026-04-15 06:38:37,401.1466865404147
213,2026-04-15 07:38:37,401.13191491100014
214,2026-04-15 08:38:37,401.09439216919674
215,2026-04-15 09:38:37,401.0604695196227
216,2026-04-15 10:38:37,401.0486059427317
217,2026-04-15 11:38:37,401.0553565419401
218,2026-04-15 12:38:37,401.06248294224883
219,2026-04-15 13:38:37,401.05667784321804
220,2026-04-15 14:38:37,401.04193569691483
221,2026-04-15 15:38:37,401.0331327104676
222,2026-04-15 16:38:37,401.03874763137117
223,2026-04-15 17:38:37,401.0512307457681
224,2026-04-15 18:38:37,401.054969552393
225,2026-04-15 19:38:37,401.0432379356715
226,2026-04-15 20:38:37,401.02608032021374
227,2026-04-15 21:38:37,401.02043776551244
228,2026-04-15 22:38:37,401.0323808924099
229,2026-04-15 23:38:37,401.0499761568875
230,2026-04-16 00:38:37,401.0549039632221
231,2026-04-16 01:38:37,401.04171194042397
232,2026-04-16 02:38:37,401.0250468885492
233,2026-04-16 03:38:37,401.02647553419706
234,2026-04-16 04:38:37,401.05282053611313
235,2026-04-16 05:38:37,401.0871195696641
236,2026-04-16 06:38:37,401.10183631739386
237,2026-04-16 07:38:37,401.08265598293855
238,2026-04-16 08:38:37,401.0408158894866
239,2026-04-16 09:38:37,401.00267351744145
240,2026-04-16 10:38:37,400.98669432256446
241,2026-04-16 11:38:37,400.9894400386592
242,2026-04-16 12:38:37,400.9926790302839
243,2026-04-16 13:38:37,400.98311079867545
244,2026-04-16 14:38:37,400.96473661173576
245,2026-04-16 15:38:37,400.9524394579897
246,2026-04-16 16:38:37,400.9547047830452
247,2026-04-16 17:38:37,400.9639894389704
248,2026-04-16 18:38:37,400.9646873096225
249,2026-04-16 19:38:37,400.950078435726
250,2026-04-16 20:38:37,400.9302131221869
251,2026-04-16 21:38:37,400.922037986759
252,2026-04-16 22:38:37,400.9316288419114
253,2026-04-16 23:38:37,400.947056925697
254,2026-04-17 00:38:37,400.95000697395017
255,2026-04-17 01:38:37,400.9350304579493
256,2026-04-17 02:38:37,400.9167774944086
257,2026-04-17 03:38:37,400.91681756726854
258,2026-04-17 04:38:37,400.94197550249345
259,2026-04-17 05:38:37,400.9752905247729
260,2026-04-17 06:38:37,400.98922722352734
261,2026-04-17 07:38:37,400.9694710456695
262,2026-04-17 08:38:37,400.92725887641404
263,2026-04-17 09:38:37,400.88894706294946
264,2026-04-17 10:38:37,400.87299922229386
265,2026-04-17 11:38:37,400.8759745375455
266,2026-04-17 12:38:37,400.87963810799977
267,2026-04-17 13:38:37,400.8706854564258
268,2026-04-17 14:38:37,400.8531131642839
269,2026-04-17 15:38:37,400.84179883488054
270,2026-04-17 16:38:37,400.8452218428673
271,2026-04-17 17:38:37,400.855832300539
272,2026-04-17 18:38:37,400.8580167038325
273,2026-04-17 19:38:37,400.84504708176945
274,2026-04-17 20:38:37,400.82696513170436
275,2026-04-17 21:38:37,400.8207082993593
276,2026-04-17 22:38:37,400.83234269537195
277,2026-04-17 23:38:37,400.84992936396475
278,2026-04-18 00:38:37,400.85514239588144
279,2026-04-18 01:38:37,400.8425222095522
280,2026-04-18 02:38:37,400.82670750711264
281,2026-04-18 03:38:37,400.8292560445336
282,2026-04-18 04:38:37,400.85698065680907
283,2026-04-18 05:38:37,400.89290836687724
284,2026-04-18 06:38:37,400.90949140538487
285,2026-04-18 07:38:37,400.8924027584992
286,2026-04-18 08:38:37,400.8528668047374
287,2026-04-18 09:38:37,400.81722739543744
288,2026-04-18 10:38:37,400.80393571976794
289,2026-04-18 11:38:37,400.80953865831754
290,2026-04-18 12:38:37,400.8157891903895
291,2026-04-18 13:38:37,400.8093709579768
292,2026-04-18 14:38:37,400.7942689569784
293,2026-04-18 15:38:37,400.78534955529074
294,2026-04-18 16:38:37,400.7910812959475
295,2026-04-18 17:38:37,400.8039039154678
296,2026-04-18 18:38:37,400.8081940400476
297,2026-04-18 19:38:37,400.79721438305893
298,2026-04-18 20:38:37,400.7809979260026
299,2026-04-18 21:38:37,400.7764740416303
300,2026-04-18 22:38:37,400.7897014507338
301,2026-04-18 23:38:37,400.8087345280303
302,2026-04-19 00:38:37,400.81524144905035
303,2026-04-19 01:38:37,400.8037575018306
304,2026-04-19 02:38:37,400.788917069874
305,2026-04-19 03:38:37,400.7922744254906
306,2026-04-19 04:38:37,400.8206397743164
307,2026-04-19 05:38:37,400.8570383796128
308,2026-04-19 06:38:37,400.8739215933451
309,2026-04-19 07:38:37,400.85696241116204
310,2026-04-19 08:38:37,400.8173861122622
311,2026-04-19 09:38:37,400.78153833864485
312,2026-04-19 10:38:37,400.7678729547485
313,2026-04-19 11:38:37,400.7729403914533
314,2026-04-19 12:38:37,400.778498039647
315,2026-04-19 13:38:37,400.7712347963622
316,2026-04-19 14:38:37,400.75514173416985
317,2026-04-19 15:38:37,400.7450920935206
318,2026-04-19 16:38:37,400.7495620563278
319,2026-04-19 17:38:37,400.76099973112446
320,2026-04-19 18:38:37,400.7637908125534
321,2026-04-19 19:38:37,400.7512077388286
322,2026-04-19 20:38:37,400.73329382953807
323,2026-04-19 21:38:37,400.72698936267767
324,2026-04-19 22:38:37,400.7383644826445
325,2026-04-19 23:38:37,400.75548545485765
326,2026-04-20 00:38:37,400.7600327591656
327,2026-04-20 01:38:37,400.7465543460869
328,2026-04-20 02:38:37,400.72969756264
329,2026-04-20 03:38:37,400.7310298871185
330,2026-04-20 04:38:37,400.7573749139391
331,2026-04-20 05:38:37,400.79177141740075
332,2026-04-20 06:38:37,400.8066843217083
333,2026-04-20 07:38:37,400.78780019462675
334,2026-04-20 08:38:37,400.7463578260983
335,2026-04-20 09:38:37,400.70871624657445
336,2026-04-20 10:38:37,400.69334252639743
337,2026-04-20 11:38:37,400.6968000604905
338,2026-04-20 12:38:37,400.7008589038238
339,2026-04-20 13:38:37,400.69222026100806
340,2026-04-20 14:38:37,400.67488710088674
341,2026-04-20 15:38:37,400.66374409616634
342,2026-04-20 16:38:37,400.6672783466079
343,2026-04-20 17:38:37,400.677948316311
344,2026-04-20 18:38:37,400.6801494481663
345,2026-04-20 19:38:37,400.66716327926554
346,2026-04-20 20:38:37,400.64904153985424
347,2026-04-20 21:38:37,400.64273219493543
348,2026-04-20 22:38:37,400.6543123203884
349,2026-04-20 23:38:37,400.6718543294217
350,2026-04-21 00:38:37,400.67704404167296
351,2026-04-21 01:38:37,400.6644339191175
352,2026-04-21 02:38:37,400.64867497557896
353,2026-04-21 03:38:37,400.6513374993795
354,2026-04-21 04:38:37,400.67924703017377
355,2026-04-21 05:38:37,400.7154434189596
356,2026-04-21 06:38:37,400.7323917985358
357,2026-04-21 07:38:37,400.71577808183883
358,2026-04-21 08:38:37,400.67683954937655
359,2026-04-21 09:38:37,400.64193288052456
360,2026-04-21 10:38:37,400.6295219699275
361,2026-04-21 11:38:37,400.6361662331178
362,2026-04-21 12:38:37,400.6436309668162
363,2026-04-21 13:38:37,400.63861186699825
364,2026-04-21 14:38:37,400.6251056755525
365,2026-04-21 15:38:37,400.61799015533114
366,2026-04-21 16:38:37,400.62574485196404
367,2026-04-21 17:38:37,400.6408200727532
368,2026-04-21 18:38:37,400.6476025455049
369,2026-04-21 19:38:37,400.63936458084976
370,2026-04-21 20:38:37,400.6261482204085
371,2026-04-21 21:38:37,400.62489132962276
372,2026-04-21 22:38:37,400.6416605268834
373,2026-04-21 23:38:37,400.66451746447297
374,2026-04-22 00:38:37,400.6751369533864
375,2026-04-22 01:38:37,400.66806025583963
376,2026-04-22 02:38:37,400.65792705204717
377,2026-04-22 03:38:37,400.66629622042194
378,2026-04-22 04:38:37,400.6999818720426
379,2026-04-22 05:38:37,400.7420124679771
380,2026-04-22 06:38:37,400.76484184653555
381,2026-04-22 07:38:37,400.7541447775038
382,2026-04-22 08:38:37,400.72114760435664
383,2026-04-22 09:38:37,400.6921963289096
384,2026-04-22 10:38:37,400.6857444793266
385,2026-04-22 11:38:37,400.69834146545173
386,2026-04-22 12:38:37,400.7117429865229
387,2026-04-22 13:38:37,400.71263559422806
388,2026-04-22 14:38:37,400.70500738163736
389,2026-04-22 15:38:37,400.7037279976275
390,2026-04-22 16:38:37,400.7172694449227
391,2026-04-22 17:38:37,400.738075091943
392,2026-04-22 18:38:37,400.75052536108973
393,2026-04-22 19:38:37,400.747886916923
394,2026-04-22 20:38:37,400.740196836414
395,2026-04-22 21:38:37,400.74438871999956
396,2026-04-22 22:38:37,400.7665256349878
397,2026-04-22 23:38:37,400.79466640674553
398,2026-04-23 00:38:37,400.81048374967776
399,2026-04-23 01:38:37,400.80851756179743
400,2026-04-23 02:38:37,400.80340688945876
401,2026-04-23 03:38:37,400.81671070139873
402,2026-04-23 04:38:37,400.855243912997
403,2026-04-23 05:38:37,400.9020364893869
404,2026-04-23 06:38:37,400.92954445455786
405,2026-04-23 07:38:37,400.923445423631
406,2026-04-23 08:38:37,400.89496921938525
407,2026-04-23 09:38:37,400.87046592765836
408,2026-04-23 10:38:37,400.8683937327266
409,2026-04-23 11:38:37,400.8853072367112
410,2026-04-23 12:38:37,400.90296782838544
411,2026-04-23 13:38:37,400.90806820444334
412,2026-04-23 14:38:37,400.9046030140881
413,2026-04-23 15:38:37,400.90744882667656
414,2026-04-23 16:38:37,400.92508488093705
415,2026-04-23 17:38:37,400.94996204608213
416,2026-04-23 18:38:37,400.96646845780924
417,2026-04-23 19:38:37,400.96787865288354
418,2026-04-23 20:38:37,400.96423768478246
419,2026-04-23 21:38:37,400.9724871794496
420,2026-04-23 22:38:37,400.9986982229495
421,2026-04-23 23:38:37,401.03093759683463
422,2026-04-24 00:38:37,401.05088585346067
423,2026-04-24 01:38:37,401.05309055541915
424,2026-04-24 02:38:37,401.05219818590575
425,2026-04-24 03:38:37,401.0697748695204
426,2026-04-24 04:38:37,401.1126423446424
427,2026-04-24 05:38:37,401.16383701636374
428,2026-04-24 06:38:37,401.19582091735816
429,2026-04-24 07:38:37,401.1942771941373
430,2026-04-24 08:38:37,401.1704406800605
431,2026-04-24 09:38:37,401.15066590993894
432,2026-04-24 10:38:37,401.15341491756635
433,2026-04-24 11:38:37,401.1752455204795
434,2026-04-24 12:38:37,401.19792165747754
435,2026-04-24 13:38:37,401.20813788219556
436,2026-04-24 14:38:37,401.20988998368455
437,2026-04-24 15:38:37,401.21805493398
438,2026-04-24 16:38:37,401.24111162119334
439,2026-04-24 17:38:37,401.27150979865456
440,2026-04-24 18:38:37,401.2936357131187
441,2026-04-24 19:38:37,401.30076123580676
442,2026-04-24 20:38:37,401.3029279788397
443,2026-04-24 21:38:37,401.31707335607337
444,2026-04-24 22:38:37,401.34926348017154
445,2026-04-24 23:38:37,401.3875594116652
446,2026-04-25 00:38:37,401.41363525222863
447,2026-04-25 01:38:37,401.4220314062082
448,2026-04-25 02:38:37,401.4273865172009
449,2026-04-25 03:38:37,401.4512582190025
450,2026-04-25 04:38:37,401.50045914196784
451,2026-04-25 05:38:37,401.5580160035933
452,2026-04-25 06:38:37,401.59638061052345
453,2026-04-25 07:38:37,401.6012253892514
454,2026-04-25 08:38:37,401.5837740066338
455,2026-04-25 09:38:37,401.57036943488225
456,2026-04-25 10:38:37,401.57946180203606
457,2026-04-25 11:38:37,401.60759673204547
458,2026-04-25 12:38:37,401.6365257396588
459,2026-04-25 13:38:37,401.65293078313846
460,2026-04-25 14:38:37,401.6607949454611
461,2026-04-25 15:38:37,401.6749824436842
462,2026-04-25 16:38:37,401.70395942467013
463,2026-04-25 17:38:37,401.74016297741315
464,2026-04-25 18:38:37,401.76796682462094
465,2026-04-25 19:38:37,401.7806305170142
466,2026-04-25 20:38:37,401.7881836125611
467,2026-04-25 21:38:37,401.80755179933504
468,2026-04-25 22:38:37,401.8447898534919
469,2026-04-25 23:38:37,401.8879479478079
470,2026-04-26 00:38:37,401.9186898026839
471,2026-04-26 01:38:37,401.93154600333474
472,2026-04-26 02:38:37,401.9411459896652
473,2026-04-26 03:38:37,401.9690388578733
474,2026-04-26 04:38:37,402.0220294145205
475,2026-04-26 05:38:37,402.0831373116357
476,2026-04-26 06:38:37,402.12480808980246
477,2026-04-26 07:38:37,402.1327087462347
478,2026-04-26 08:38:37,402.1180583888085
479,2026-04-26 09:38:37,402.1071963304305
480,2026-04-26 10:38:37,402.1185699646742
481,2026-04-26 11:38:37,402.1487231265425
482,2026-04-26 12:38:37,402.17940650351863
483,2026-04-26 13:38:37,402.19730219974156
484,2026-04-26 14:38:37,402.2063944239303
485,2026-04-26 15:38:37,402.22154950064004
486,2026-04-26 16:38:37,402.25123666300755
487,2026-04-26 17:38:37,402.287897057238
488,2026-04-26 18:38:37,402.3159094214583
489,2026-04-26 19:38:37,402.3285392624797
490,2026-04-26 20:38:37,402.3358230127047
491,2026-04-26 21:38:37,402.3546941259922
492,2026-04-26 22:38:37,402.3912160040478
493,2026-04-26 23:38:37,402.43344826895606
494,2026-04-27 00:38:37,402.4630648738739
495,2026-04-27 01:38:37,402.47460737584163
496,2026-04-27 02:38:37,402.4827168773585
497,2026-04-27 03:38:37,402.50895477602506
498,2026-04-27 04:38:37,402.56013876323334
499,2026-04-27 05:38:37,402.61930190072763
500,2026-04-27 06:38:37,402.65890360226877
501,2026-04-27 07:38:37,402.66462513772154
502,2026-04-27 08:38:37,402.6477002208262
503,2026-04-27 09:38:37,402.6344830353834
504,2026-04-27 10:38:37,402.64343604110485
505,2026-04-27 11:38:37,402.671118263372
506,2026-04-27 12:38:37,402.69929563238026
507,2026-04-27 13:38:37,402.71466547491923
508,2026-04-27 14:38:37,402.721227129751
509,2026-04-27 15:38:37,402.7338618865614
510,2026-04-27 16:38:37,402.7610537070304
511,2026-04-27 17:38:37,402.7952581586155
512,2026-04-27 18:38:37,402.820868024104
513,2026-04-27 19:38:37,402.831162410785
514,2026-04-27 20:38:37,402.83619084189695
515,2026-04-27 21:38:37,402.85289928948066
516,2026-04-27 22:38:37,402.88736304058824
517,2026-04-27 23:38:37,402.9276529127589
518,2026-04-28 00:38:37,402.9554533111467
519,2026-04-28 01:38:37,402.96531545152715
520,2026-04-28 02:38:37,402.9718892561419
521,2026-04-28 03:38:37,402.99674406194987
522,2026-04-28 04:38:37,403.0467045825112
523,2026-04-28 05:38:37,403.1048099525653
524,2026-04-28 06:38:37,403.14352468273194
525,2026-04-28 07:38:37,403.1485341418605
526,2026-04-28 08:38:37,403.1310751284137
527,2026-04-28 09:38:37,403.1175038857896
528,2026-04-28 10:38:37,403.12628390288444
529,2026-04-28 11:38:37,403.1539742042716
530,2026-04-28 12:38:37,403.182339695488
531,2026-04-28 13:38:37,403.198075666714
532,2026-04-28 14:38:37,403.2051784257818
533,2026-04-28 15:38:37,403.21852526047894
534,2026-04-28 16:38:37,403.2465951885932
535,2026-04-28 17:38:37,403.28183792621587
536,2026-04-28 18:38:37,403.3086395372209
537,2026-04-28 19:38:37,403.320271587629
538,2026-04-28 20:38:37,403.32677528730693
539,2026-04-28 21:38:37,403.34508757794066
540,2026-04-28 22:38:37,403.3812740589843
541,2026-04-28 23:38:37,403.42339526723356
542,2026-04-29 00:38:37,403.4531248021232
543,2026-04-29 01:38:37,403.4650026206391
544,2026-04-29 02:38:37,403.47366700851984
545,2026-04-29 03:38:37,403.5006753668939
546,2026-04-29 04:38:37,403.5528402552597
547,2026-04-29 05:38:37,403.6131885194361
548,2026-04-29 06:38:37,403.6541723315468
549,2026-04-29 07:38:37,403.66146475906726
550,2026-04-29 08:38:37,403.64629042397695
551,2026-04-29 09:38:37,403.63499360639423
552,2026-04-29 10:38:37,403.6460261336034
553,2026-04-29 11:38:37,403.67593575833854
554,2026-04-29 12:38:37,403.7064765913855
555,2026-04-29 13:38:37,403.7243336913165
556,2026-04-29 14:38:37,403.7334937818132
557,2026-04-29 15:38:37,403.7488252961092
558,2026-04-29 16:38:37,403.77879920650776
559,2026-04-29 17:38:37,403.81585806907907
560,2026-04-29 18:38:37,403.84438174598995
561,2026-04-29 19:38:37,403.85763662875587
562,2026-04-29 20:38:37,403.8656598444595
563,2026-04-29 21:38:37,403.8853854034691
564,2026-04-29 22:38:37,403.9228771799788
565,2026-04-29 23:38:37,403.9661952406717
566,2026-04-30 00:38:37,403.9970140132623
567,2026-04-30 01:38:37,404.00987561850627
568,2026-04-30 02:38:37,404.0194218720451
569,2026-04-30 03:38:37,404.04721509501235
570,2026-04-30 04:38:37,404.1000741740291
571,2026-04-30 05:38:37,404.1610336990749
572,2026-04-30 06:38:37,404.2025550060738
573,2026-04-30 07:38:37,404.21032174114794
574,2026-04-30 08:38:37,404.19557050742554
575,2026-04-30 09:38:37,404.18465894876465
576,2026-04-30 10:38:37,404.1960536112258
577,2026-04-30 11:38:37,404.2263182862108
578,2026-04-30 12:38:37,404.2572244003389
579,2026-04-30 13:38:37,404.2754755549555
580,2026-04-30 14:38:37,404.28507818587326
581,2026-04-30 15:38:37,404.3009215429805
582,2026-04-30 16:38:37,404.33149844790745
583,2026-04-30 17:38:37,404.3692742600437
584,2026-04-30 18:38:37,404.3986525136355
585,2026-04-30 19:38:37,404.4129240495374
586,2026-04-30 20:38:37,404.422151123989
587,2026-04-30 21:38:37,404.4432934533117
588,2026-04-30 22:38:37,404.48244108621833
589,2026-04-30 23:38:37,404.5276806194785
590,2026-05-01 00:38:37,404.56071324910613
591,2026-05-01 01:38:37,404.576107981185
592,2026-05-01 02:38:37,404.58853350909817
593,2026-05-01 03:38:37,404.6195788967182
594,2026-05-01 04:38:37,404.6760895086266
595,2026-05-01 05:38:37,404.7411260164654
596,2026-05-01 06:38:37,404.78717530876077
597,2026-05-01 07:38:37,404.7999459218554
598,2026-05-01 08:38:37,404.7906985533129
599,2026-05-01 09:38:37,404.7858140128327
600,2026-05-01 10:38:37,404.8037809520819
601,2026-05-01 11:38:37,404.8411840779881
602,2026-05-01 12:38:37,404.8798144151393
603,2026-05-01 13:38:37,404.9063937208253
604,2026-05-01 14:38:37,404.9249450238832
605,2026-05-01 15:38:37,404.9503724876118
606,2026-05-01 16:38:37,404.9911820554912
607,2026-05-01 17:38:37,405.0398503105719
608,2026-05-01 18:38:37,405.080790011837
609,2026-05-01 19:38:37,405.1072991315989
610,2026-05-01 20:38:37,405.12944487683365
611,2026-05-01 21:38:37,405.1641896538402
612,2026-05-01 22:38:37,405.2176238683572
613,2026-05-01 23:38:37,405.2778320773075
614,2026-05-02 00:38:37,405.3265109847667
615,2026-05-02 01:38:37,405.35822260656823
616,2026-05-02 02:38:37,405.38762611073594
617,2026-05-02 03:38:37,405.43629847350513
618,2026-05-02 04:38:37,405.51107039231766
619,2026-05-02 05:38:37,405.5949852850631
620,2026-05-02 06:38:37,405.66051020314455
621,2026-05-02 07:38:37,405.6933312760549
622,2026-05-02 08:38:37,405.7046842489769
623,2026-05-02 09:38:37,405.7209224684824
624,2026-05-02 10:38:37,405.7605046577275
625,2026-05-02 11:38:37,405.81998318562836
626,2026-05-02 12:38:37,405.88111439562124
627,2026-05-02 13:38:37,405.9305830973462
628,2026-05-02 14:38:37,405.9723731923181
629,2026-05-02 15:38:37,406.021347633528
630,2026-05-02 16:38:37,406.0859691775213
631,2026-05-02 17:38:37,406.1586693594983
632,2026-05-02 18:38:37,406.2238141543343
633,2026-05-02 19:38:37,406.27465314723605
634,2026-05-02 20:38:37,406.3212036965035
635,2026-05-02 21:38:37,406.38037704729857
636,2026-05-02 22:38:37,406.45821128801214
637,2026-05-02 23:38:37,406.54273766494043
638,2026-05-03 00:38:37,406.6155987472073
639,2026-05-03 01:38:37,406.6713017657682
640,2026-05-03 02:38:37,406.72445063308663
641,2026-05-03 03:38:37,406.79656678253593
642,2026-05-03 04:38:37,406.89442526822467
643,2026-05-03 05:38:37,407.00101395388083
644,2026-05-03 06:38:37,407.0887446175795
645,2026-05-03 07:38:37,407.14324858926636
646,2026-05-03 08:38:37,407.1757074819222
647,2026-05-03 09:38:37,407.21242137060636
648,2026-05-03 10:38:37,407.27179676000975
649,2026-05-03 11:38:37,407.3503350443219
650,2026-05-03 12:38:37,407.4297430241574
651,2026-05-03 13:38:37,407.49665758317207
652,2026-05-03 14:38:37,407.5550164946646
653,2026-05-03 15:38:37,407.61963855740305
654,2026-05-03 16:38:37,407.69894451839485
655,2026-05-03 17:38:37,407.7853262125615
656,2026-05-03 18:38:37,407.86311238139893
657,2026-05-03 19:38:37,407.9255179938097
658,2026-05-03 20:38:37,407.9825285507569
659,2026-05-03 21:38:37,408.05102633219764
660,2026-05-03 22:38:37,408.13702347717793
661,2026-05-03 23:38:37,408.22852841233623
662,2026-05-04 00:38:37,408.30716412013237
663,2026-05-04 01:38:37,408.3674215703044
664,2026-05-04 02:38:37,408.42389182058037
665,2026-05-04 03:38:37,408.4980869253462
666,2026-05-04 04:38:37,408.5967760926569
667,2026-05-04 05:38:37,408.7029449178618
668,2026-05-04 06:38:37,408.7890065204382
669,2026-05-04 07:38:37,408.8405972007161
670,2026-05-04 08:38:37,408.8689071772188
671,2026-05-04 09:38:37,408.90024875876685
672,2026-05-04 10:38:37,408.95304429187183
673,2026-05-04 11:38:37,409.02381458726455
674,2026-05-04 12:38:37,409.09428939037355
675,2026-05-04 13:38:37,409.1511319984076
676,2026-05-04 14:38:37,409.1983099945843
677,2026-05-04 15:38:37,409.25067529888884
678,2026-05-04 16:38:37,409.31668499337576
679,2026-05-04 17:38:37,409.3887703522468
680,2026-05-04 18:38:37,409.45130253923304
681,2026-05-04 19:38:37,409.4975417957013
682,2026-05-04 20:38:37,409.5375216018134
683,2026-05-04 21:38:37,409.58817476949645
684,2026-05-04 22:38:37,409.6555663587579
685,2026-05-04 23:38:37,409.7277599331134
686,2026-05-05 00:38:37,409.7864356461683
687,2026-05-05 01:38:37,409.8261434833453
688,2026-05-05 02:38:37,409.8615351656157
689,2026-05-05 03:38:37,409.9141848546244
690,2026-05-05 04:38:37,409.9909251003191
691,2026-05-05 05:38:37,410.0748058601195
692,2026-05-05 06:38:37,410.13830541706795
693,2026-05-05 07:38:37,410.1671258144433
694,2026-05-05 08:38:37,410.1725233683761
695,2026-05-05 09:38:37,410.1808766134527
696,2026-05-05 10:38:37,410.2106740227501
697,2026-05-05 11:38:37,410.258502206936
698,2026-05-05 12:38:37,410.30615615812314
699,2026-05-05 13:38:37,410.34036364206355
700,2026-05-05 14:38:37,410.3651557099751
701,2026-05-05 15:38:37,410.39544653030543
702,2026-05-05 16:38:37,410.43975399928877
703,2026-05-05 17:38:37,410.49056856128794
704,2026-05-05 18:38:37,410.53231870231
705,2026-05-05 19:38:37,410.5583199408824
706,2026-05-05 20:38:37,410.57865879937236
707,2026-05-05 21:38:37,410.61031871520373
708,2026-05-05 22:38:37,410.6594127843103
709,2026-05-05 23:38:37,410.7140498531117
710,2026-05-06 00:38:37,410.75595245179346
711,2026-05-06 01:38:37,410.7797098934234
712,2026-05-06 02:38:37,410.80001004632686
713,2026-05-06 03:38:37,410.83845991959794
714,2026-05-06 04:38:37,410.9019215033338
715,2026-05-06 05:38:37,410.9734706930413
716,2026-05-06 06:38:37,411.02560812600024
717,2026-05-06 07:38:37,411.04405454736786
718,2026-05-06 08:38:37,411.0400812678768
719,2026-05-06 09:38:37,411.0400780682373
720,2026-05-06 10:38:37,411.06254089192896
721,2026-05-06 11:38:37,411.10406003101986
722,2026-05-06 12:38:37,411.14643037081794
723,2026-05-06 13:38:37,411.17637579689864
724,2026-05-06 14:38:37,411.1979197357105
725,2026-05-06 15:38:37,411.2259650289815
726,2026-05-06 16:38:37,411.26901460059656
727,2026-05-06 17:38:37,411.3195403466664
728,2026-05-06 18:38:37,411.36194871193555
729,2026-05-06 19:38:37,411.3895297763857
730,2026-05-06 20:38:37,411.4123413346911
731,2026-05-06 21:38:37,411.44733492757194
732,2026-05-06 22:38:37,411.5005887169161
733,2026-05-06 23:38:37,411.5601737204004
734,2026-05-07 00:38:37,411.60777189784204
735,2026-05-07 01:38:37,411.63792941321435
736,2026-05-07 02:38:37,411.6652885790784
737,2026-05-07 03:38:37,411.711408622639
738,2026-05-07 04:38:37,411.78310171431553
739,2026-05-07 05:38:37,411.86339208749
740,2026-05-07 06:38:37,411.9247270764981
741,2026-05-07 07:38:37,411.95277268983006
742,2026-05-07 08:38:37,411.9587442795707
743,2026-05-07 09:38:37,411.9689746613836
744,2026-05-07 10:38:37,412.0019020258776
745,2026-05-07 11:38:37,412.0540583451113
746,2026-05-07 12:38:37,412.10717983924474
747,2026-05-07 13:38:37,412.1479316059379
748,2026-05-07 14:38:37,412.1802783829274
749,2026-05-07 15:38:37,412.21906464307114
750,2026-05-07 16:38:37,412.272735479717
751,2026-05-07 17:38:37,412.3337057122778
752,2026-05-07 18:38:37,412.3863256743393
753,2026-05-07 19:38:37,412.42383050732246
754,2026-05-07 20:38:37,412.4562244416055
755,2026-05-07 21:38:37,412.5004070233896
756,2026-05-07 22:38:37,412.5624061783945
757,2026-05-07 23:38:37,412.63024462748433
758,2026-05-08 00:38:37,412.68555814570607
759,2026-05-08 01:38:37,412.7228489881307
760,2026-05-08 02:38:37,412.756717988527
761,2026-05-08 03:38:37,412.80868546964643
762,2026-05-08 04:38:37,412.88552740537807
763,2026-05-08 05:38:37,412.97023466308394
764,2026-05-08 06:38:37,413.03522415259243
765,2026-05-08 07:38:37,413.0661344986349
766,2026-05-08 08:38:37,413.0741567972411
767,2026-05-08 09:38:37,413.08560281023966
768,2026-05-08 10:38:37,413.1188929384033
769,2026-05-08 11:38:37,413.1705446768805
770,2026-05-08 12:38:37,413.2222831177215
771,2026-05-08 13:38:37,413.2607656020896
772,2026-05-08 14:38:37,413.28995249253774
773,2026-05-08 15:38:37,413.3246872646723
774,2026-05-08 16:38:37,413.3734173761541
775,2026-05-08 17:38:37,413.42856334306094
776,2026-05-08 18:38:37,413.47448448610754
777,2026-05-08 19:38:37,413.5044281699841
778,2026-05-08 20:38:37,413.5284140180261
779,2026-05-08 21:38:37,413.56336006079255
780,2026-05-08 22:38:37,413.61531571005594
781,2026-05-08 23:38:37,413.67232807370567
782,2026-05-09 00:38:37,413.7160601035235
783,2026-05-09 01:38:37,413.7410438996806
784,2026-05-09 02:38:37,413.7619126786228
785,2026-05-09 03:38:37,413.80022154357636
786,2026-05-09 04:38:37,413.8627834986599
787,2026-05-09 05:38:37,413.9326285354435
788,2026-05-09 06:38:37,413.9822146192156
789,2026-05-09 07:38:37,413.997223192295
790,2026-05-09 08:38:37,413.98888975575784
791,2026-05-09 09:38:37,413.98357188434227
792,2026-05-09 10:38:37,413.9997370158771
793,2026-05-09 11:38:37,414.03395071961995
794,2026-05-09 12:38:37,414.0679870090554
795,2026-05-09 13:38:37,414.0885528025594
796,2026-05-09 14:38:37,414.09965850303394
797,2026-05-09 15:38:37,414.1161978966412
798,2026-05-09 16:38:37,414.1466688293478
799,2026-05-09 17:38:37,414.18354209206143
800,2026-05-09 18:38:37,414.2112269775737
801,2026-05-09 19:38:37,414.2230203334054
802,2026-05-09 20:38:37,414.22899059335026
803,2026-05-09 21:38:37,414.24610374711625
804,2026-05-09 22:38:37,414.28045614018333
805,2026-05-09 23:38:37,414.3201406200503
806,2026-05-10 00:38:37,414.34686452144996
807,2026-05-10 01:38:37,414.3552028149967
808,2026-05-10 02:38:37,414.3598299264909
809,2026-05-10 03:38:37,414.38234036662055
810,2026-05-10 04:38:37,414.42958461259036
811,2026-05-10 05:38:37,414.48462807093614
812,2026-05-10 06:38:37,414.5199619492028
813,2026-05-10 07:38:37,414.52129865424575
814,2026-05-10 08:38:37,414.49990227878936
815,2026-05-10 09:38:37,414.48215653136566
816,2026-05-10 10:38:37,414.48655245118783
817,2026-05-10 11:38:37,414.50967661253884
818,2026-05-10 12:38:37,414.5333213844165
819,2026-05-10 13:38:37,414.5442093489238
820,2026-05-10 14:38:37,414.5463638495811
821,2026-05-10 15:38:37,414.5546888697083
822,2026-05-10 16:38:37,414.5776896995751
823,2026-05-10 17:38:37,414.60784182298846
824,2026-05-10 18:38:37,414.6295564864755
825,2026-05-10 19:38:37,414.6361297749392
826,2026-05-10 20:38:37,414.63762667642555
827,2026-05-10 21:38:37,414.6510070951299
828,2026-05-10 22:38:37,414.6823587044896
829,2026-05-10 23:38:37,414.71976315621424
830,2026-05-11 00:38:37,414.74491413747086
831,2026-05-11 01:38:37,414.7523706003018
832,2026-05-11 02:38:37,414.7567886700529
833,2026-05-11 03:38:37,414.77974237213635
834,2026-05-11 04:38:37,414.8280596181242
835,2026-05-11 05:38:37,414.8847812799498
836,2026-05-11 06:38:37,414.92237217936867
837,2026-05-11 07:38:37,414.92651660984626
838,2026-05-11 08:38:37,414.9084489519671
839,2026-05-11 09:38:37,414.8945217368744
840,2026-05-11 10:38:37,414.90319349869924
841,2026-05-11 11:38:37,414.93101711995376
842,2026-05-11 12:38:37,414.959750234987
843,2026-05-11 13:38:37,414.97607979438135
844,2026-05-11 14:38:37,414.98399276083006
845,2026-05-11 15:38:37,414.99835613601635
846,2026-05-11 16:38:37,415.0276377765533
847,2026-05-11 17:38:37,415.06427542905936
848,2026-05-11 18:38:37,415.09264244689444
849,2026-05-11 19:38:37,415.1059970118326
850,2026-05-11 20:38:37,415.1143663427432
851,2026-05-11 21:38:37,415.1346728498074
852,2026-05-11 22:38:37,415.17296712559613
853,2026-05-11 23:38:37,415.2172942882966
854,2026-05-12 00:38:37,415.2493121688222
855,2026-05-12 01:38:37,415.2635446653814
856,2026-05-12 02:38:37,415.2746137718309
857,2026-05-12 03:38:37,415.3040604187147
858,2026-05-12 04:38:37,415.358680567563
859,2026-05-12 05:38:37,415.42148438689
860,2026-05-12 06:38:37,415.4649073366684
861,2026-05-12 07:38:37,415.4746057781966
862,2026-05-12 08:38:37,415.46178767011884
863,2026-05-12 09:38:37,415.4527807049503
864,2026-05-12 10:38:37,415.4660202268
865,2026-05-12 11:38:37,415.4980376341543
866,2026-05-12 12:38:37,415.53057083268135
867,2026-05-12 13:38:37,415.55028884084396
868,2026-05-12 14:38:37,415.56116251882025
869,2026-05-12 15:38:37,415.5780446202446
870,2026-05-12 16:38:37,415.60939062483277
871,2026-05-12 17:38:37,415.64762778206443
872,2026-05-12 18:38:37,415.6771208285063
873,2026-05-12 19:38:37,415.6911212021961
874,2026-05-12 20:38:37,415.69965123634
875,2026-05-12 21:38:37,415.71963029101516
876,2026-05-12 22:38:37,415.75710771446865
877,2026-05-12 23:38:37,415.8001291495019
878,2026-05-13 00:38:37,415.83035467703934
879,2026-05-13 01:38:37,415.84231212068
880,2026-05-13 02:38:37,415.8506290189678
881,2026-05-13 03:38:37,415.876853404585
882,2026-05-13 04:38:37,415.927789831467
883,2026-05-13 05:38:37,415.9864584786489
884,2026-05-13 06:38:37,416.0253061580421
885,2026-05-13 07:38:37,416.03000184347377
886,2026-05-13 08:38:37,416.0117672822565
887,2026-05-13 09:38:37,415.996945043976
888,2026-05-13 10:38:37,416.0039863477823
889,2026-05-13 11:38:37,416.0294393724047
890,2026-05-13 12:38:37,416.055059614392
891,2026-05-13 13:38:37,416.0675343977962
892,2026-05-13 14:38:37,416.070853506302
893,2026-05-13 15:38:37,416.0798891377518
894,2026-05-13 16:38:37,416.1031166396084
895,2026-05-13 17:38:37,416.132983455993
896,2026-05-13 18:38:37,416.1538747492889
897,2026-05-13 19:38:37,416.1590625202218
898,2026-05-13 20:38:37,416.1585897090376
899,2026-05-13 21:38:37,416.16939623691235
900,2026-05-13 22:38:37,416.19755187952035
901,2026-05-13 23:38:37,416.23112248871985
902,2026-05-14 00:38:37,416.25178805466436
903,2026-05-14 01:38:37,416.25409593261054
904,2026-05-14 02:38:37,416.25269274134416
905,2026-05-14 03:38:37,416.2691450727796
906,2026-05-14 04:38:37,416.3102754539672
907,2026-05-14 05:38:37,416.3591213905392
908,2026-05-14 06:38:37,416.38814631900357
909,2026-05-14 07:38:37,416.38303508540366
910,2026-05-14 08:38:37,416.3550245117217
911,2026-05-14 09:38:37,416.3304714048763
912,2026-05-14 10:38:37,416.32784034965476
913,2026-05-14 11:38:37,416.34369198989907
914,2026-05-14 12:38:37,416.3597933634171
915,2026-05-14 13:38:37,416.36284239392444
916,2026-05-14 14:38:37,416.35683851090573
917,2026-05-14 15:38:37,416.35666259736183
918,2026-05-14 16:38:37,416.3707977238885
919,2026-05-14 17:38:37,416.39169809957025
920,2026-05-14 18:38:37,416.4037547026378
921,2026-05-14 19:38:37,416.40024441456575
922,2026-05-14 20:38:37,416.39121414008275
923,2026-05-14 21:38:37,416.39360687202435
924,2026-05-14 22:38:37,416.4134945927646
925,2026-05-14 23:38:37,416.43894452785656
926,2026-05-15 00:38:37,416.4516372440403
927,2026-05-15 01:38:37,416.44611991552125
928,2026-05-15 02:38:37,416.437038265202
929,2026-05-15 03:38:37,416.44595732009753
930,2026-05-15 04:38:37,416.4796974218608
931,2026-05-15 05:38:37,416.52129332109337
932,2026-05-15 06:38:37,416.5432051825691
933,2026-05-15 07:38:37,416.53111411851177
934,2026-05-15 08:38:37,416.49625281093415
935,2026-05-15 09:38:37,416.46497357762627
936,2026-05-15 10:38:37,416.45573622269177
937,2026-05-15 11:38:37,416.46509637565026
938,2026-05-15 12:38:37,416.47481588423574
939,2026-05-15 13:38:37,416.47158736384387
940,2026-05-15 14:38:37,416.4594048741848
941,2026-05-15 15:38:37,416.4531439227823
942,2026-05-15 16:38:37,416.46128225346354
943,2026-05-15 17:38:37,416.47626885000096
944,2026-05-15 18:38:37,416.48248961756246
945,2026-05-15 19:38:37,416.47321656539214
946,2026-05-15 20:38:37,416.45849197290585
947,2026-05-15 21:38:37,416.45525449790983
948,2026-05-15 22:38:37,416.46957211843426
949,2026-05-15 23:38:37,416.4895084236192
950,2026-05-16 00:38:37,416.4967407455957
951,2026-05-16 01:38:37,416.48581345615196
952,2026-05-16 02:38:37,416.4713699346494
953,2026-05-16 03:38:37,416.474973346375
954,2026-05-16 04:38:37,416.5034426720844
955,2026-05-16 05:38:37,416.53981181738646
956,2026-05-16 06:38:37,416.5565406290029
957,2026-05-16 07:38:37,416.5393104350388
958,2026-05-16 08:38:37,416.4993546702663
959,2026-05-16 09:38:37,416.46302694098574
960,2026-05-16 10:38:37,416.44878887046445
961,2026-05-16 11:38:37,416.453198428968
962,2026-05-16 12:38:37,416.4580203136352
963,2026-05-16 13:38:37,416.44995048124764
964,2026-05-16 14:38:37,416.4329868045713
965,2026-05-16 15:38:37,416.4220090520465
966,2026-05-16 16:38:37,416.4254996491586
967,2026-05-16 17:38:37,416.43591265180623
968,2026-05-16 18:38:37,416.4376393945438
969,2026-05-16 19:38:37,416.42395763733253
970,2026-05-16 20:38:37,416.40491569319107
971,2026-05-16 21:38:37,416.39745849572523
972,2026-05-16 22:38:37,416.407660498267
973,2026-05-16 23:38:37,416.4235919203391
974,2026-05-17 00:38:37,416.4269368336313
975,2026-05-17 01:38:37,416.41224641160886
976,2026-05-17 02:38:37,416.3941708494671
977,2026-05-17 03:38:37,416.39428009389474
978,2026-05-17 04:38:37,416.419399823757
979,2026-05-17 05:38:37,416.452570510588
980,2026-05-17 06:38:37,416.46625838623265
981,2026-05-17 07:38:37,416.44615093509265
982,2026-05-17 08:38:37,416.40348747223896
983,2026-05-17 09:38:37,416.36462716223167
984,2026-05-17 10:38:37,416.34803681996374
985,2026-05-17 11:38:37,416.35027919777724
986,2026-05-17 12:38:37,416.35312332436223
987,2026-05-17 13:38:37,416.34326899877607
988,2026-05-17 14:38:37,416.3247174104339
989,2026-05-17 15:38:37,416.3123510851205
990,2026-05-17 16:38:37,416.31465461553825
991,2026-05-17 17:38:37,416.3240836069145
992,2026-05-17 18:38:37,416.3250303006771
993,2026-05-17 19:38:37,416.3107727000626
994,2026-05-17 20:38:37,416.2913586801213
995,2026-05-17 21:38:37,416.2837320412361
996,2026-05-17 22:38:37,416.2939653979989
997,2026-05-17 23:38:37,416.31012641922257
998,2026-05-18 00:38:37,416.31389591134774
999,2026-05-18 01:38:37,416.2998210693597
1000,2026-05-18 02:38:37,416.2825474020181
1001,2026-05-18 03:38:37,416.2836394707881
1002,2026-05-18 04:38:37,416.3099168835802
1003,2026-05-18 05:38:37,416.3444133721554
1004,2026-05-18 06:38:37,416.3595877804401
1005,2026-05-18 07:38:37,416.3411195811335
1006,2026-05-18 08:38:37,416.30023948175517
1007,2026-05-18 09:38:37,416.2632974748316
1008,2026-05-18 10:38:37,416.2487506734265
1009,2026-05-18 11:38:37,416.2531516360437
1010,2026-05-18 12:38:37,416.25825874629135
1011,2026-05-18 13:38:37,416.25076075037606
1012,2026-05-18 14:38:37,416.234647423138
1013,2026-05-18 15:38:37,416.2247895623862
1014,2026-05-18 16:38:37,416.22965976985506
1015,2026-05-18 17:38:37,416.2417014490178
1016,2026-05-18 18:38:37,416.245294482535
1017,2026-05-18 19:38:37,416.23370441288904
1018,2026-05-18 20:38:37,416.2169666084447
1019,2026-05-18 21:38:37,416.2120123737249
1020,2026-05-18 22:38:37,416.2249018954731
1021,2026-05-18 23:38:37,416.24369053999646
1022,2026-05-19 00:38:37,416.2500469937367
1023,2026-05-19 01:38:37,416.238506570911
1024,2026-05-19 02:38:37,416.2237031947128
1025,2026-05-19 03:38:37,416.22719019119796
1026,2026-05-19 04:38:37,416.25577633666086
1027,2026-05-19 05:38:37,416.2924849870852
1028,2026-05-19 06:38:37,416.30976511665756
1029,2026-05-19 07:38:37,416.2932868824264
1030,2026-05-19 08:38:37,416.25427227605275
1031,2026-05-19 09:38:37,416.219063217103
1032,2026-05-19 10:38:37,416.2061094287889
1033,2026-05-19 11:38:37,416.21195680010885
1034,2026-05-19 12:38:37,416.2183577994623
1035,2026-05-19 13:38:37,416.21199604265666
1036,2026-05-19 14:38:37,416.19685698589893
1037,2026-05-19 15:38:37,416.187807943341
1038,2026-05-19 16:38:37,416.1933188873608
1039,2026-05-19 17:38:37,416.2058314617525
1040,2026-05-19 18:38:37,416.20972467049467
1041,2026-05-19 19:38:37,416.1982640655538
1042,2026-05-19 20:38:37,416.1814859159691
1043,2026-05-19 21:38:37,416.1763233169293
1044,2026-05-19 22:38:37,416.18883913045215
1045,2026-05-19 23:38:37,416.2070922731321
1046,2026-05-20 00:38:37,416.2127558429935
1047,2026-05-20 01:38:37,416.2003704092949
1048,2026-05-20 02:38:37,416.1845759719052
1049,2026-05-20 03:38:37,416.18693272942613
1050,2026-05-20 04:38:37,416.21425709704016
1051,2026-05-20 05:38:37,416.2495808027422
1052,2026-05-20 06:38:37,416.26536188916367
1053,2026-05-20 07:38:37,416.2472802381943
1054,2026-05-20 08:38:37,416.2065681795905
1055,2026-05-20 09:38:37,416.1695785381508
1056,2026-05-20 10:38:37,416.1547724606996
1057,2026-05-20 11:38:37,416.1587077269375
1058,2026-05-20 12:38:37,416.163149109578
1059,2026-05-20 13:38:37,416.1547928869133
1060,2026-05-20 14:38:37,416.13763747866585
1061,2026-05-20 15:38:37,416.1265634049708
1062,2026-05-20 16:38:37,416.1300540269844
1063,2026-05-20 17:38:37,416.14056449954285
1064,2026-05-20 18:38:37,416.14248739885556
1065,2026-05-20 19:38:37,416.12910184902
1066,2026-05-20 20:38:37,416.1104576298039
1067,2026-05-20 21:38:37,416.10350122485823
1068,2026-05-20 22:38:37,416.1143087021021
1069,2026-05-20 23:38:37,416.1309519421697
1070,2026-05-21 00:38:37,416.1351167071716
1071,2026-05-21 01:38:37,416.1213558739426
1072,2026-05-21 02:38:37,416.104321338618
1073,2026-05-21 03:38:37,416.10558473207163
1074,2026-05-21 04:38:37,416.1319733873217
1075,2026-05-21 05:38:37,416.1665293879302
1076,2026-05-21 06:38:37,416.181720524776
1077,2026-05-21 07:38:37,416.1632357786294
1078,2026-05-21 08:38:37,416.1223158899027
1079,2026-05-21 09:38:37,416.085321370406
1080,2026-05-21 10:38:37,416.07072029844363
1081,2026-05-21 11:38:37,416.07507660150196
1082,2026-05-21 12:38:37,416.0801603920853
1083,2026-05-21 13:38:37,416.07267245994115
1084,2026-05-21 14:38:37,416.05661489160417
1085,2026-05-21 15:38:37,416.04687101723107
1086,2026-05-21 16:38:37,416.0519261432207
1087,2026-05-21 17:38:37,416.0642365011008
1088,2026-05-21 18:38:37,416.06819487568526
1089,2026-05-21 19:38:37,416.0570797362325
1090,2026-05-21 20:38:37,416.04093935308487
1091,2026-05-21 21:38:37,416.0367178588117
1092,2026-05-21 22:38:37,416.0504881456322
1093,2026-05-21 23:38:37,416.07031811479646
1094,2026-05-22 00:38:37,416.0778887701636
1095,2026-05-22 01:38:37,416.0677474799318
1096,2026-05-22 02:38:37,416.05453991328676
1097,2026-05-22 03:38:37,416.0598307912379
1098,2026-05-22 04:38:37,416.0904398926769
1099,2026-05-22 05:38:37,416.1294011443702
1100,2026-05-22 06:38:37,416.1491736221148
1101,2026-05-22 07:38:37,416.13543708021723
1102,2026-05-22 08:38:37,416.09942257045924
1103,2026-05-22 09:38:37,416.06748050509526
1104,2026-05-22 10:38:37,416.0580685049382
1105,2026-05-22 11:38:37,416.06773973655146
1106,2026-05-22 12:38:37,416.0782533037967
1107,2026-05-22 13:38:37,416.076298796663
1108,2026-05-22 14:38:37,416.0658669680724
1109,2026-05-22 15:38:37,416.0618297382745
1110,2026-05-22 16:38:37,416.07266098508734
1111,2026-05-22 17:38:37,416.09080555011667
1112,2026-05-22 18:38:37,416.1006449236832
1113,2026-05-22 19:38:37,416.09544643189395
1114,2026-05-22 20:38:37,416.08524740806587
1115,2026-05-22 21:38:37,416.08698130719614
1116,2026-05-22 22:38:37,416.106710655032
1117,2026-05-22 23:38:37,416.13249334713106
1118,2026-05-23 00:38:37,416.1460007898688
1119,2026-05-23 01:38:37,416.1417712071592
1120,2026-05-23 02:38:37,416.13444161937207
1121,2026-05-23 03:38:37,416.1455686335351
1122,2026-05-23 04:38:37,416.18196448563646
1123,2026-05-23 05:38:37,416.2266561635607
1124,2026-05-23 06:38:37,416.2520964376993
1125,2026-05-23 07:38:37,416.2439594162896
1126,2026-05-23 08:38:37,416.21347118646537
1127,2026-05-23 09:38:37,416.18697789547264
1128,2026-05-23 10:38:37,416.1829336130421
1129,2026-05-23 11:38:37,416.1978886788254
1130,2026-05-23 12:38:37,416.2136001000895
1131,2026-05-23 13:38:37,416.21675610262315
1132,2026-05-23 14:38:37,416.21134680548164
1133,2026-05-23 15:38:37,416.2122442192505
1134,2026-05-23 16:38:37,416.2279230260418
1135,2026-05-23 17:38:37,416.2508295715278
1136,2026-05-23 18:38:37,416.26534753170824
1137,2026-05-23 19:38:37,416.2647470780236
1138,2026-05-23 20:38:37,416.25906902309106
1139,2026-05-23 21:38:37,416.26525090594293
1140,2026-05-23 22:38:37,416.28935990843087
1141,2026-05-23 23:38:37,416.31945911839176
1142,2026-05-24 00:38:37,416.33722563173114
1143,2026-05-24 01:38:37,416.33720381737777
1144,2026-05-24 02:38:37,416.3340372518201
1145,2026-05-24 03:38:37,416.3492894625836
1146,2026-05-24 04:38:37,416.3897799216484
1147,2026-05-24 05:38:37,416.4385431177001
1148,2026-05-24 06:38:37,416.46803953441923
1149,2026-05-24 07:38:37,416.4639511522493
1150,2026-05-24 08:38:37,416.43751203483333
1151,2026-05-24 09:38:37,416.41507635492087
1152,2026-05-24 10:38:37,416.4151062010037
1153,2026-05-24 11:38:37,416.4341598689144
1154,2026-05-24 12:38:37,416.45400220387245
1155,2026-05-24 13:38:37,416.4613290962445
1156,2026-05-24 14:38:37,416.4601381019306
1157,2026-05-24 15:38:37,416.4653083873718
1158,2026-05-24 16:38:37,416.4853214576866
1159,2026-05-24 17:38:37,416.51263009850436
1160,2026-05-24 18:38:37,416.5316239945079
1161,2026-05-24 19:38:37,416.5355788485302
1162,2026-05-24 20:38:37,416.53454048376955
1163,2026-05-24 21:38:37,416.54545088822505
1164,2026-05-24 22:38:37,416.574381093271
1165,2026-05-24 23:38:37,416.60939740215827
1166,2026-05-25 00:38:37,416.63217946082455
1167,2026-05-25 01:38:37,416.63727349512976
1168,2026-05-25 02:38:37,416.6393242214172
1169,2026-05-25 03:38:37,416.6598955698877
1170,2026-05-25 04:38:37,416.7058066619052
1171,2026-05-25 05:38:37,416.7600908702737
1172,2026-05-25 06:38:37,416.7952067897274
1173,2026-05-25 07:38:37,416.7968337351739
1174,2026-05-25 08:38:37,416.7762023288893
1175,2026-05-25 09:38:37,416.75966253154564
1176,2026-05-25 10:38:37,416.76567145822634
1177,2026-05-25 11:38:37,416.79078168374576
1178,2026-05-25 12:38:37,416.81675160264
1179,2026-05-25 13:38:37,416.8302699470326
1180,2026-05-25 14:38:37,416.8353264332247
1181,2026-05-25 15:38:37,416.8467917368549
1182,2026-05-25 16:38:37,416.87313825501406
1183,2026-05-25 17:38:37,416.90680908573296
1184,2026-05-25 18:38:37,416.9321836876721
1185,2026-05-25 19:38:37,416.94252704364243
1186,2026-05-25 20:38:37,416.9478738103419
1187,2026-05-25 21:38:37,416.96515441316876
1188,2026-05-25 22:38:37,417.0004279777409
1189,2026-05-25 23:38:37,417.0417486137234
1190,2026-05-26 00:38:37,417.0707835430053
1191,2026-05-26 01:38:37,417.0820663960716
1192,2026-05-26 02:38:37,417.0902291831951
1193,2026-05-26 03:38:37,417.11682307959074
1194,2026-05-26 04:38:37,417.16865446538276
1195,2026-05-26 05:38:37,417.2287440490304
1196,2026-05-26 06:38:37,417.26953790122985
1197,2026-05-26 07:38:37,417.2767030163812
1198,2026-05-26 08:38:37,417.2614579626108
1199,2026-05-26 09:38:37,417.25014097480766
1200,2026-05-26 10:38:37,417.26119783154587
1201,2026-05-26 11:38:37,417.29117021988833
1202,2026-05-26 12:38:37,417.32180615309585
1203,2026-05-26 13:38:37,417.33978454416024
1204,2026-05-26 14:38:37,417.34908590568983
1205,2026-05-26 15:38:37,417.3645723757246
1206,2026-05-26 16:38:37,417.39470852756523
1207,2026-05-26 17:38:37,417.4319303937761
1208,2026-05-26 18:38:37,417.4606111669523
1209,2026-05-26 19:38:37,417.47401040062624
1210,2026-05-26 20:38:37,417.48215819251476
1211,2026-05-26 21:38:37,417.5019813087172
1212,2026-05-26 22:38:37,417.53953614037874
1213,2026-05-26 23:38:37,417.58287500822223
1214,2026-05-27 00:38:37,417.61366430686445
1215,2026-05-27 01:38:37,417.6264378126747
1216,2026-05-27 02:38:37,417.6358286616644
1217,2026-05-27 03:38:37,417.66339013654675
1218,2026-05-27 04:38:37,417.7159317037218
1219,2026-05-27 05:38:37,417.77647812885573
1220,2026-05-27 06:38:37,417.81748049806737
1221,2026-05-27 07:38:37,417.82461176184466
1222,2026-05-27 08:38:37,417.80909736275584
1223,2026-05-27 09:38:37,417.7972833014646
1224,2026-05-27 10:38:37,417.80762398210294
1225,2026-05-27 11:38:37,417.8366705410352
1226,2026-05-27 12:38:37,417.86618122428615
1227,2026-05-27 13:38:37,417.8828459166672
1228,2026-05-27 14:38:37,417.8906567933834
1229,2026-05-27 15:38:37,417.90448829387594
1230,2026-05-27 16:38:37,417.9328178762781
1231,2026-05-27 17:38:37,417.96809498286694
1232,2026-05-27 18:38:37,417.99470667941824
1233,2026-05-27 19:38:37,418.00592679211434
1234,2026-05-27 20:38:37,418.01180002453356
1235,2026-05-27 21:38:37,418.0292680136695
1236,2026-05-27 22:38:37,418.0644022168085
1237,2026-05-27 23:38:37,418.1052701450509
1238,2026-05-28 00:38:37,418.13355343572636
1239,2026-05-28 01:38:37,418.14380108785303
1240,2026-05-28 02:38:37,418.1506613674846
1241,2026-05-28 03:38:37,418.17570252246895
1242,2026-05-28 04:38:37,418.22574874774466
1243,2026-05-28 05:38:37,418.2838392302337
1244,2026-05-28 06:38:37,418.3224391007132
1245,2026-05-28 07:38:37,418.32723491015037
1246,2026-05-28 08:38:37,418.3094651919473
1247,2026-05-28 09:38:37,418.2954884649527
1248,2026-05-28 10:38:37,418.30377101864264
1249,2026-05-28 11:38:37,418.33087518483825
1250,2026-05-28 12:38:37,418.3585696615583
1251,2026-05-28 13:38:37,418.3735539923521
1252,2026-05-28 14:38:37,418.37982917216664
1253,2026-05-28 15:38:37,418.3922775798018
1254,2026-05-28 16:38:37,418.4193836955573
1255,2026-05-28 17:38:37,418.4536030347056
1256,2026-05-28 18:38:37,418.479327759881
1257,2026-05-28 19:38:37,418.4898357962517
1258,2026-05-28 20:38:37,418.49517493212227
1259,2026-05-28 21:38:37,418.5122888640764
1260,2026-05-28 22:38:37,418.5472500785888
1261,2026-05-28 23:38:37,418.5881260859498
1262,2026-05-29 00:38:37,418.61659749883523
1263,2026-05-29 01:38:37,418.6272112796474
1264,2026-05-29 02:38:37,418.63461266351567
1265,2026-05-29 03:38:37,418.6603658963855
1266,2026-05-29 04:38:37,418.71129022930586
1267,2026-05-29 05:38:37,418.7704189978345
1268,2026-05-29 06:38:37,418.81021061383007
1269,2026-05-29 07:38:37,418.81634408699637
1270,2026-05-29 08:38:37,418.800049637357
1271,2026-05-29 09:38:37,418.78767675341174
1272,2026-05-29 10:38:37,418.797682037038
1273,2026-05-29 11:38:37,418.8266175393141
1274,2026-05-29 12:38:37,418.85624115253495
1275,2026-05-29 13:38:37,418.8732411614655
1276,2026-05-29 14:38:37,418.8816069245442
1277,2026-05-29 15:38:37,418.8962088847454
1278,2026-05-29 16:38:37,418.9255193683044
1279,2026-05-29 17:38:37,418.9619816015779
1280,2026-05-29 18:38:37,418.98997540869635
1281,2026-05-29 19:38:37,419.002766413459
1282,2026-05-29 20:38:37,419.0103902276828
1283,2026-05-29 21:38:37,419.02977858468046
1284,2026-05-29 22:38:37,419.06699230930775
1285,2026-05-29 23:38:37,419.11008764001656
1286,2026-05-30 00:38:37,419.1407343947323
1287,2026-05-30 01:38:37,419.1534693042496
1288,2026-05-30 02:38:37,419.16292801954694
1289,2026-05-30 03:38:37,419.1906659320161
1290,2026-05-30 04:38:37,419.2434942472212
1291,2026-05-30 05:38:37,419.3044391406967
1292,2026-05-30 06:38:37,419.34595282259863
1293,2026-05-30 07:38:37,419.35370912812203
1294,2026-05-30 08:38:37,419.3389341945115
1295,2026-05-30 09:38:37,419.32797457894156
1296,2026-05-30 10:38:37,419.3392851580326
1297,2026-05-30 11:38:37,419.36941751275054
1298,2026-05-30 12:38:37,419.40013036367355
1299,2026-05-30 13:38:37,419.4181141593312
1300,2026-05-30 14:38:37,419.4273617880701
1301,2026-05-30 15:38:37,419.44274861286397
1302,2026-05-30 16:38:37,419.4727532870738
1303,2026-05-30 17:38:37,419.50982678121596
1304,2026-05-30 18:38:37,419.53835808322293
1305,2026-05-30 19:38:37,419.5516233955401
1306,2026-05-30 20:38:37,419.5596703111337
1307,2026-05-30 21:38:37,419.57944392705167
1308,2026-05-30 22:38:37,419.61701978692975
1309,2026-05-30 23:38:37,419.66047016789
1310,2026-05-31 00:38:37,419.6914822036841
1311,2026-05-31 01:38:37,419.70461116788687
1312,2026-05-31 02:38:37,419.7145124236076
1313,2026-05-31 03:38:37,419.7427621788889
1314,2026-05-31 04:38:37,419.79619348862275
1315,2026-05-31 05:38:37,419.85785533166245
1316,2026-05-31 06:38:37,419.90022359024346
1317,2026-05-31 07:38:37,419.90899654890194
1318,2026-05-31 08:38:37,419.89542547404074
1319,2026-05-31 09:38:37,419.88588262878477
1320,2026-05-31 10:38:37,419.8988490642738
1321,2026-05-31 11:38:37,419.9309028915573
1322,2026-05-31 12:38:37,419.9638295995184
1323,2026-05-31 13:38:37,419.9843465220088
1324,2026-05-31 14:38:37,419.9964734251223
1325,2026-05-31 15:38:37,420.0151124145696
1326,2026-05-31 16:38:37,420.04876862167464
1327,2026-05-31 17:38:37,420.0899190986048
1328,2026-05-31 18:38:37,420.12297838590916
1329,2026-05-31 19:38:37,420.1412475762481
1330,2026-05-31 20:38:37,420.1547983570215
1331,2026-05-31 21:38:37,420.18059899111796
1332,2026-05-31 22:38:37,420.2247471277861
1333,2026-05-31 23:38:37,420.27533595966605
1334,2026-06-01 00:38:37,420.3140722184857
1335,2026-06-01 01:38:37,420.3355293337578
1336,2026-06-01 02:38:37,420.35437926161757
1337,2026-06-01 03:38:37,420.3922131235181
1338,2026-06-01 04:38:37,420.4558770962025
1339,2026-06-01 05:38:37,420.52843138218964
1340,2026-06-01 06:38:37,420.58236108844767
1341,2026-06-01 07:38:37,420.6033716309654
1342,2026-06-01 08:38:37,420.6027192268848
1343,2026-06-01 09:38:37,420.60677882931145
1344,2026-06-01 10:38:37,420.6340318464108
1345,2026-06-01 11:38:37,420.6810543493869
1346,2026-06-01 12:38:37,420.7296273351795
1347,2026-06-01 13:38:37,420.7664611473953
1348,2026-06-01 14:38:37,420.79556602676183
1349,2026-06-01 15:38:37,420.8318319913584
1350,2026-06-01 16:38:37,420.88374950536314
1351,2026-06-01 17:38:37,420.94377836720207
1352,2026-06-01 18:38:37,420.99631328029545
1353,2026-06-01 19:38:37,421.03463293044814
1354,2026-06-01 20:38:37,421.0687840526848
1355,2026-06-01 21:38:37,421.1157074467699
1356,2026-06-01 22:38:37,421.1814708334318
1357,2026-06-01 23:38:37,421.2541350673051
1358,2026-06-02 00:38:37,421.3153721989668
1359,2026-06-02 01:38:37,421.3597187102806
1360,2026-06-02 02:38:37,421.4018074300515
1361,2026-06-02 03:38:37,421.4631882694332
1362,2026-06-02 04:38:37,421.55066421823335
1363,2026-06-02 05:38:37,421.64725043111395
1364,2026-06-02 06:38:37,421.7253852309429
1365,2026-06-02 07:38:37,421.77072564660097
1366,2026-06-02 08:38:37,421.7944780465546
1367,2026-06-02 09:38:37,421.82296622277056
1368,2026-06-02 10:38:37,421.87461926606477
1369,2026-06-02 11:38:37,421.94595993702245
1370,2026-06-02 12:38:37,422.018715097617
1371,2026-06-02 13:38:37,422.07954030659363
1372,2026-06-02 14:38:37,422.1323905491108
1373,2026-06-02 15:38:37,422.1921003003869
1374,2026-06-02 16:38:37,422.2671043812687
1375,2026-06-02 17:38:37,422.3498070360244
1376,2026-06-02 18:38:37,422.42454769473164
1377,2026-06-02 19:38:37,422.4845502436561
1378,2026-06-02 20:38:37,422.53980728562914
1379,2026-06-02 21:38:37,422.6072063488923
1380,2026-06-02 22:38:37,422.6927629357182
1381,2026-06-02 23:38:37,422.7844869260028
1382,2026-06-03 00:38:37,422.8640008275064
1383,2026-06-03 01:38:37,422.92579319610405
1384,2026-06-03 02:38:37,422.98445073239805
1385,2026-06-03 03:38:37,423.0614791933094
1386,2026-06-03 04:38:37,423.16363955911237
1387,2026-06-03 05:38:37,423.2739072841772
1388,2026-06-03 06:38:37,423.3646834580113
1389,2026-06-03 07:38:37,423.4215904931737
1390,2026-06-03 08:38:37,423.4558029008071
1391,2026-06-03 09:38:37,423.49361550766855
1392,2026-06-03 10:38:37,423.55343145523614
1393,2026-06-03 11:38:37,423.63175068441376
1394,2026-06-03 12:38:37,423.7102804705425
1395,2026-06-03 13:38:37,423.7756601111324
1396,2026-06-03 14:38:37,423.83183173660433
1397,2026-06-03 15:38:37,423.89362044319637
1398,2026-06-03 16:38:37,423.9694552057
1399,2026-06-03 17:38:37,424.051738
1400,2026-06-03 18:38:37,424.1248095975867
1401,2026-06-03 19:38:37,424.1818988551073
1402,2026-06-03 20:38:37,424.23300698092567
1403,2026-06-03 21:38:37,424.29503373705217
1404,2026-06-03 22:38:37,424.3740104675745
1405,2026-06-03 23:38:37,424.45796646894365
1406,2026-06-04 00:38:37,424.5285471937185
1407,2026-06-04 01:38:37,424.5802676113407
1408,2026-06-04 02:38:37,424.6277442323205
1409,2026-06-04 03:38:37,424.6925159347992
1410,2026-06-04 04:38:37,424.7813800340872
1411,2026-06-04 05:38:37,424.8773514238646
1412,2026-06-04 06:38:37,424.95287361584144
1413,2026-06-04 07:38:37,424.9936142950655
1414,2026-06-04 08:38:37,425.0107959518662
1415,2026-06-04 09:38:37,425.030763944971
1416,2026-06-04 10:38:37,425.0719743368144
1417,2026-06-04 11:38:37,425.13098220519254
1418,2026-06-04 12:38:37,425.1895519965794
1419,2026-06-04 13:38:37,425.23438202416907
1420,2026-06-04 14:38:37,425.2694750816393
1421,2026-06-04 15:38:37,425.3097183724787
1422,2026-06-04 16:38:37,425.3636042133674
1423,2026-06-04 17:38:37,425.423598942259
1424,2026-06-04 18:38:37,425.47410849421607
1425,2026-06-04 19:38:37,425.50842746883404
1426,2026-06-04 20:38:37,425.53662317208426
1427,2026-06-04 21:38:37,425.5756615917389
1428,2026-06-04 22:38:37,425.6316401984563
1429,2026-06-04 23:38:37,425.69265408861355
1430,2026-06-05 00:38:37,425.74041396146924
1431,2026-06-05 01:38:37,425.7694992549964
1432,2026-06-05 02:38:37,425.7945899477092
1433,2026-06-05 03:38:37,425.8372871662115
1434,2026-06-05 04:38:37,425.904449040001
1435,2026-06-05 05:38:37,425.9791496329043
1436,2026-06-05 06:38:37,426.0338897789189
1437,2026-06-05 07:38:37,426.0543924402488
1438,2026-06-05 08:38:37,426.05193314942113
1439,2026-06-05 09:38:37,426.0529078906767
1440,2026-06-05 10:38:37,426.07582076236326
1441,2026-06-05 11:38:37,426.1172721251929
1442,2026-06-05 12:38:37,426.15906880220655
1443,2026-06-05 13:38:37,426.1879484342484
1444,2026-06-05 14:38:37,426.2079499623506
1445,2026-06-05 15:38:37,426.2339934374486
1446,2026-06-05 16:38:37,426.27460061637873
1447,2026-06-05 17:38:37,426.322263775184
1448,2026-06-05 18:38:37,426.3614112031506
1449,2026-06-05 19:38:37,426.3853562017607
1450,2026-06-05 20:38:37,426.4041810715846
1451,2026-06-05 21:38:37,426.43486304652237
1452,2026-06-05 22:38:37,426.4835070676325
1453,2026-06-05 23:38:37,426.5382119126977
1454,2026-06-06 00:38:37,426.580688174166
1455,2026-06-06 01:38:37,426.6055114098327
1456,2026-06-06 02:38:37,426.62735397344443
1457,2026-06-06 03:38:37,426.66780566488745
1458,2026-06-06 04:38:37,426.73370964130976
1459,2026-06-06 05:38:37,426.80812141828335
1460,2026-06-06 06:38:37,426.86351978854447
1461,2026-06-06 07:38:37,426.88560227575283
1462,2026-06-06 08:38:37,426.8856156847426
1463,2026-06-06 09:38:37,426.8899241030437
1464,2026-06-06 10:38:37,426.9169966949692
1465,2026-06-06 11:38:37,426.9633959924794
1466,2026-06-06 12:38:37,427.0108882482535
1467,2026-06-06 13:38:37,427.0461679540399
1468,2026-06-06 14:38:37,427.07322849510274
1469,2026-06-06 15:38:37,427.10694214048993
1470,2026-06-06 16:38:37,427.15578082735937
1471,2026-06-06 17:38:37,427.2121851696323
1472,2026-06-06 18:38:37,427.2605301536465
1473,2026-06-06 19:38:37,427.2940743442222
1474,2026-06-06 20:38:37,427.3228440832768
1475,2026-06-06 21:38:37,427.3637596396691
1476,2026-06-06 22:38:37,427.4228682015806
1477,2026-06-06 23:38:37,427.4882102267923
1478,2026-06-07 00:38:37,427.5414376425901
1479,2026-06-07 01:38:37,427.5770672188705
1480,2026-06-07 02:38:37,427.60971262066016
1481,2026-06-07 03:38:37,427.66090527898
1482,2026-06-07 04:38:37,427.73743052043307
1483,2026-06-07 05:38:37,427.82228678389833
1484,2026-06-07 06:38:37,427.88789675094796
1485,2026-06-07 07:38:37,427.9199030066874
1486,2026-06-07 08:38:37,427.929498791656
1487,2026-06-07 09:38:37,427.94299619886294
1488,2026-06-07 10:38:37,427.9788141564508
1489,2026-06-07 11:38:37,428.03346689956254
1490,2026-06-07 12:38:37,428.0886744961181
1491,2026-06-07 13:38:37,428.1310875289547
1492,2026-06-07 14:38:37,428.164657904551
1493,2026-06-07 15:38:37,428.2042189874968
1494,2026-06-07 16:38:37,428.2582065184254
1495,2026-06-07 17:38:37,428.31902774522274
1496,2026-06-07 18:38:37,428.37102722974254
1497,2026-06-07 19:38:37,428.4074361530277
1498,2026-06-07 20:38:37,428.43825660094836
1499,2026-06-07 21:38:37,428.4803877885254
1500,2026-06-07 22:38:37,428.5398591141068
1501,2026-06-07 23:38:37,428.60469655855826
1502,2026-06-08 00:38:37,428.6565409210669
1503,2026-06-08 01:38:37,428.6899012150225
1504,2026-06-08 02:38:37,428.7193867302709
1505,2026-06-08 03:38:37,428.7665279005784
1506,2026-06-08 04:38:37,428.83811241686584
1507,2026-06-08 05:38:37,428.9171444146797
1508,2026-06-08 06:38:37,428.97605556271617
1509,2026-06-08 07:38:37,429.00050066935
1510,2026-06-08 08:38:37,429.0016883680774
1511,2026-06-08 09:38:37,429.00594923626505
1512,2026-06-08 10:38:37,429.03172368810954
1513,2026-06-08 11:38:37,429.07555034578496
1514,2026-06-08 12:38:37,429.1191764539355
1515,2026-06-08 13:38:37,429.14928244050657
1516,2026-06-08 14:38:37,429.16985259464815
1517,2026-06-08 15:38:37,429.19575506142894
1518,2026-06-08 16:38:37,429.2354626117053
1519,2026-06-08 17:38:37,429.28142161758467
1520,2026-06-08 18:38:37,429.3180176963642
1521,2026-06-08 19:38:37,429.33852484668756
1522,2026-06-08 20:38:37,429.35298955946644
1523,2026-06-08 21:38:37,429.3783568626286
1524,2026-06-08 22:38:37,429.4207031915809
1525,2026-06-08 23:38:37,429.46810260129837
1526,2026-06-09 00:38:37,429.50224481240235
1527,2026-06-09 01:38:37,429.5176884154927
1528,2026-06-09 02:38:37,429.52909274076757
1529,2026-06-09 03:38:37,429.55803853254776
1530,2026-06-09 04:38:37,429.6113638700612
1531,2026-06-09 05:38:37,429.6721231636776
1532,2026-06-09 06:38:37,429.71279805418317
1533,2026-06-09 07:38:37,429.7190928327719
1534,2026-06-09 08:38:37,429.7022649434021
1535,2026-06-09 09:38:37,429.6886929225881
1536,2026-06-09 10:38:37,429.69686411823676
1537,2026-06-09 11:38:37,429.7233628921301
1538,2026-06-09 12:38:37,429.7499808718614
1539,2026-06-09 13:38:37,429.763441355823
1540,2026-06-09 14:38:37,429.7677698425143
1541,2026-06-09 15:38:37,429.7778738844716
1542,2026-06-09 16:38:37,429.8022637256354
1543,2026-06-09 17:38:37,429.8334211530771
1544,2026-06-09 18:38:37,429.8557650263524
1545,2026-06-09 19:38:37,429.86260030863764
1546,2026-06-09 20:38:37,429.86400208249614
1547,2026-06-09 21:38:37,429.8769415096511
1548,2026-06-09 22:38:37,429.90751862689143
1549,2026-06-09 23:38:37,429.94382849421845
1550,2026-06-10 00:38:37,429.9675791877631
1551,2026-06-10 01:38:37,429.97334496185687
1552,2026-06-10 02:38:37,429.97579808731325
1553,2026-06-10 03:38:37,429.9965295056156
1554,2026-06-10 04:38:37,430.0423847402883
1555,2026-06-10 05:38:37,430.0964228946062
1556,2026-06-10 06:38:37,430.13112756308533
1557,2026-06-10 07:38:37,430.1322022743056
1558,2026-06-10 08:38:37,430.11090102647745
1559,2026-06-10 09:38:37,430.09359627060076
1560,2026-06-10 10:38:37,430.0987666825436
1561,2026-06-10 11:38:37,430.12298542829393
1562,2026-06-10 12:38:37,430.14803048788235
1563,2026-06-10 13:38:37,430.1606091411275
1564,2026-06-10 14:38:37,430.1647285860778
1565,2026-06-10 15:38:37,430.1752758899885
1566,2026-06-10 16:38:37,430.20073873116786
1567,2026-06-10 17:38:37,430.2335743620896
1568,2026-06-10 18:38:37,430.25817525651786
1569,2026-06-10 19:38:37,430.267818264239
1570,2026-06-10 20:38:37,430.2725487556752
1571,2026-06-10 21:38:37,430.289306715161
1572,2026-06-10 22:38:37,430.3241596744036
1573,2026-06-10 23:38:37,430.3651690016327
1574,2026-06-11 00:38:37,430.39400803833354
1575,2026-06-11 01:38:37,430.405215407315
1576,2026-06-11 02:38:37,430.4134269985639
1577,2026-06-11 03:38:37,430.4401967719232
1578,2026-06-11 04:38:37,430.49233281726583
1579,2026-06-11 05:38:37,430.55285650067754
1580,2026-06-11 06:38:37,430.59421352350313
1581,2026-06-11 07:38:37,430.6020695111998
1582,2026-06-11 08:38:37,430.5876406927937
1583,2026-06-11 09:38:37,430.57726202527954
1584,2026-06-11 10:38:37,430.58937510365104
1585,2026-06-11 11:38:37,430.6205165603764
1586,2026-06-11 12:38:37,430.6524285192339
1587,2026-06-11 13:38:37,430.6717832062061
1588,2026-06-11 14:38:37,430.68255368785583
1589,2026-06-11 15:38:37,430.6995939365667
1590,2026-06-11 16:38:37,430.7313596806094
1591,2026-06-11 17:38:37,430.7702774690294
1592,2026-06-11 18:38:37,430.8007104138177
1593,2026-06-11 19:38:37,430.81590743258806
1594,2026-06-11 20:38:37,430.82588747382715
1595,2026-06-11 21:38:37,430.84756568323695
1596,2026-06-11 22:38:37,430.8869864025042
1597,2026-06-11 23:38:37,430.9321895158327
1598,2026-06-12 00:38:37,430.9648286360277
1599,2026-06-12 01:38:37,430.9794244537771
1600,2026-06-12 02:38:37,430.99059675655474
1601,2026-06-12 03:38:37,431.0198852561511
1602,2026-06-12 04:38:37,431.0740856655451
1603,2026-06-12 05:38:37,431.13620885368175
1604,2026-06-12 06:38:37,431.17869190511533
1605,2026-06-12 07:38:37,431.1871937015628
1606,2026-06-12 08:38:37,431.1729255863912
1607,2026-06-12 09:38:37,431.1622194664885
1608,2026-06-12 10:38:37,431.1735156925213
1609,2026-06-12 11:38:37,431.203351421583
1610,2026-06-12 12:38:37,431.23347102745157
1611,2026-06-12 13:38:37,431.2505506615062
1612,2026-06-12 14:38:37,431.25856893499144
1613,2026-06-12 15:38:37,431.27238692243674
1614,2026-06-12 16:38:37,431.30046894451283
1615,2026-06-12 17:38:37,431.3352515607909
1616,2026-06-12 18:38:37,431.36110923519027
1617,2026-06-12 19:38:37,431.3713034978643
1618,2026-06-12 20:38:37,431.37586708596257
1619,2026-06-12 21:38:37,431.39173002226295
1620,2026-06-12 22:38:37,431.4249525234869
1621,2026-06-12 23:38:37,431.4635912540848
1622,2026-06-13 00:38:37,431.4893174177378
1623,2026-06-13 01:38:37,431.4966700107282
1624,2026-06-13 02:38:37,431.5002877440361
1625,2026-06-13 03:38:37,431.5217297736596
1626,2026-06-13 04:38:37,431.5678116803231
1627,2026-06-13 05:38:37,431.62156452761013
1628,2026-06-13 06:38:37,431.65544582589655
1629,2026-06-13 07:38:37,431.6551350195865
1630,2026-06-13 08:38:37,431.63186405908965
1631,2026-06-13 09:38:37,431.61198541238565
1632,2026-06-13 10:38:37,431.6139598575746
1633,2026-06-13 11:38:37,431.6343447608001
1634,2026-06-13 12:38:37,431.6549044050759
1635,2026-06-13 13:38:37,431.66233447343757
1636,2026-06-13 14:38:37,431.66063265736875
1637,2026-06-13 15:38:37,431.66467859063164
1638,2026-06-13 16:38:37,431.6829545670128
1639,2026-06-13 17:38:37,431.70791447267936
1640,2026-06-13 18:38:37,431.72394939615305
1641,2026-06-13 19:38:37,431.72433673979623
1642,2026-06-13 20:38:37,431.7191243154303
1643,2026-06-13 21:38:37,431.7252563831604
1644,2026-06-13 22:38:37,431.7488065253594
1645,2026-06-13 23:38:37,431.77784387157635
1646,2026-06-14 00:38:37,431.79405116676213
1647,2026-06-14 01:38:37,431.7919780068574
1648,2026-06-14 02:38:37,431.78627274864056
1649,2026-06-14 03:38:37,431.79850323327037
1650,2026-06-14 04:38:37,431.83549276460064
1651,2026-06-14 05:38:37,431.8802791711867
1652,2026-06-14 06:38:37,431.9053257792451
1653,2026-06-14 07:38:37,431.8963169139316
1654,2026-06-14 08:38:37,431.864488490134
1655,2026-06-14 09:38:37,431.8361960474972
1656,2026-06-14 10:38:37,431.8299025708179
1657,2026-06-14 11:38:37,431.84216679993517
1658,2026-06-14 12:38:37,431.8547535944506
1659,2026-06-14 13:38:37,431.85435845634646
1660,2026-06-14 14:38:37,431.84497818122765
1661,2026-06-14 15:38:37,431.84149083795023
1662,2026-06-14 16:38:37,431.85237653490606
1663,2026-06-14 17:38:37,431.87008640323324
1664,2026-06-14 18:38:37,431.879008259719
1665,2026-06-14 19:38:37,431.87241577290337
1666,2026-06-14 20:38:37,431.8603526146432
1667,2026-06-14 21:38:37,431.8597585559134
1668,2026-06-14 22:38:37,431.87670239839696
1669,2026-06-14 23:38:37,431.89924825732936
1670,2026-06-15 00:38:37,431.90907368758275
1671,2026-06-15 01:38:37,431.90072297677835
1672,2026-06-15 02:38:37,431.88883911191914
1673,2026-06-15 03:38:37,431.89498455868954
1674,2026-06-15 04:38:37,431.9259772941766
1675,2026-06-15 05:38:37,431.9648499216209
1676,2026-06-15 06:38:37,431.9840606941719
1677,2026-06-15 07:38:37,431.9692890647596
1678,2026-06-15 08:38:37,431.93176632295354
1679,2026-06-15 09:38:37,431.89784367338325
1680,2026-06-15 10:38:37,431.88598009648877
1681,2026-06-15 11:38:37,431.8927306956997
1682,2026-06-15 12:38:37,431.8998570960087
1683,2026-06-15 13:38:37,431.8940519969778
1684,2026-06-15 14:38:37,431.87930985067186
1685,2026-06-15 15:38:37,431.8705068642246
1686,2026-06-15 16:38:37,431.8761217851288
1687,2026-06-15 17:38:37,431.88860489952833
1688,2026-06-15 18:38:37,431.8923437061529
1689,2026-06-15 19:38:37,431.88061208942884
1690,2026-06-15 20:38:37,431.86345447397133
1691,2026-06-15 21:38:37,431.8578119192691
1692,2026-06-15 22:38:37,431.8697550461669
1693,2026-06-15 23:38:37,431.887350310647
1694,2026-06-16 00:38:37,431.89227811698237
1695,2026-06-16 01:38:37,431.87908609418145
1696,2026-06-16 02:38:37,431.8624210423063
1697,2026-06-16 03:38:37,431.8638496879545
1698,2026-06-16 04:38:37,431.8901946898702
1699,2026-06-16 05:38:37,431.9244937234239
1700,2026-06-16 06:38:37,431.9392104711534
1701,2026-06-16 07:38:37,431.92003013669887
1702,2026-06-16 08:38:37,431.87819004324314
1703,2026-06-16 09:38:37,431.8400476711986
1704,2026-06-16 10:38:37,431.82406847632126
1705,2026-06-16 11:38:37,431.8268141924193
1706,2026-06-16 12:38:37,431.8300531840436
1707,2026-06-16 13:38:37,431.8204849524349
1708,2026-06-16 14:38:37,431.8021107654927
1709,2026-06-16 15:38:37,431.78981361174675
1710,2026-06-16 16:38:37,431.7920789368026
1711,2026-06-16 17:38:37,431.8013635927268
1712,2026-06-16 18:38:37,431.8020614633828
1713,2026-06-16 19:38:37,431.7874525894857
1714,2026-06-16 20:38:37,431.76758727594677
1715,2026-06-16 21:38:37,431.7594121405187
1716,2026-06-16 22:38:37,431.76900299566887
1717,2026-06-16 23:38:37,431.78443107945395
1718,2026-06-17 00:38:37,431.78738112770696
1719,2026-06-17 01:38:37,431.77240461170646
1720,2026-06-17 02:38:37,431.7541516481684
1721,2026-06-17 03:38:37,431.7541917210283
1722,2026-06-17 04:38:37,431.779349656253
1723,2026-06-17 05:38:37,431.8126646785307
1724,2026-06-17 06:38:37,431.82660137728436
1725,2026-06-17 07:38:37,431.8068451994265
1726,2026-06-17 08:38:37,431.76463303017357
1727,2026-06-17 09:38:37,431.72632121670927
1728,2026-06-17 10:38:37,431.71037337605355
1729,2026-06-17 11:38:37,431.7133486913029
1730,2026-06-17 12:38:37,431.71701226175765
1731,2026-06-17 13:38:37,431.70805961018306
1732,2026-06-17 14:38:37,431.6904873180436
1733,2026-06-17 15:38:37,431.67917298864
1734,2026-06-17 16:38:37,431.6825959966271
1735,2026-06-17 17:38:37,431.6932064542957
1736,2026-06-17 18:38:37,431.69539085759004
1737,2026-06-17 19:38:37,431.68242123552693
1738,2026-06-17 20:38:37,431.6643392854635
1739,2026-06-17 21:38:37,431.6580824531188
1740,2026-06-17 22:38:37,431.66971684913125
1741,2026-06-17 23:38:37,431.6873035177225
1742,2026-06-18 00:38:37,431.6925165496384
1743,2026-06-18 01:38:37,431.67989636331
1744,2026-06-18 02:38:37,431.66408166086995
1745,2026-06-18 03:38:37,431.6666301982928
1746,2026-06-18 04:38:37,431.6943548105684
1747,2026-06-18 05:38:37,431.73028252063557
1748,2026-06-18 06:38:37,431.74686555914445
1749,2026-06-18 07:38:37,431.7297769122567
1750,2026-06-18 08:38:37,431.6902409584951
1751,2026-06-18 09:38:37,431.65460154919515
1752,2026-06-18 10:38:37,431.6413098735278
1753,2026-06-18 11:38:37,431.64691281207536
1754,2026-06-18 12:38:37,431.653163344149
1755,2026-06-18 13:38:37,431.6467451117359
1756,2026-06-18 14:38:37,431.6316431107376
1757,2026-06-18 15:38:37,431.62272370904844
1758,2026-06-18 16:38:37,431.6284554497052
1759,2026-06-18 17:38:37,431.6412780692246
1760,2026-06-18 18:38:37,431.6455681938073
1761,2026-06-18 19:38:37,431.6345885368183
1762,2026-06-18 20:38:37,431.6183720797617
1763,2026-06-18 21:38:37,431.6138481953876
1764,2026-06-18 22:38:37,431.6270756044916
1765,2026-06-18 23:38:37,431.64610868178846
1766,2026-06-19 00:38:37,431.6526156028087
1767,2026-06-19 01:38:37,431.64113165559
1768,2026-06-19 02:38:37,431.62629122363364
1769,2026-06-19 03:38:37,431.62964857924857
1770,2026-06-19 04:38:37,431.6580139280738
1771,2026-06-19 05:38:37,431.6944125333704
1772,2026-06-19 06:38:37,431.71129574710477
1773,2026-06-19 07:38:37,431.694336564921
1774,2026-06-19 08:38:37,431.6547602660216
1775,2026-06-19 09:38:37,431.6189124924025
1776,2026-06-19 10:38:37,431.60524710850655
1777,2026-06-19 11:38:37,431.61031454521304
1778,2026-06-19 12:38:37,431.61587219340623
1779,2026-06-19 13:38:37,431.6086089501215
1780,2026-06-19 14:38:37,431.5925158879274
1781,2026-06-19 15:38:37,431.58246624727866
1782,2026-06-19 16:38:37,431.5869362100853
1783,2026-06-19 17:38:37,431.59837388488404
1784,2026-06-19 18:38:37,431.6011649663111
1785,2026-06-19 19:38:37,431.5885818925877
1786,2026-06-19 20:38:37,431.57066798329504
1787,2026-06-19 21:38:37,431.5643635164349
1788,2026-06-19 22:38:37,431.57573863640465
1789,2026-06-19 23:38:37,431.59285960861706
1790,2026-06-20 00:38:37,431.59740691292325
1791,2026-06-20 01:38:37,431.58392849984415
1792,2026-06-20 02:38:37,431.5670717163973
1793,2026-06-20 03:38:37,431.5684040408755
1794,2026-06-20 04:38:37,431.5947490676985
1795,2026-06-20 05:38:37,431.62914557116017
1796,2026-06-20 06:38:37,431.644058475466
1797,2026-06-20 07:38:37,431.62517434838435
1798,2026-06-20 08:38:37,431.5837319798554
1799,2026-06-20 09:38:37,431.5460904003307
1800,2026-06-20 10:38:37,431.53071668015764
1801,2026-06-20 11:38:37,431.5341742142499
1802,2026-06-20 12:38:37,431.53823305758334
1803,2026-06-20 13:38:37,431.5295944147654
1804,2026-06-20 14:38:37,431.51226125464393
1805,2026-06-20 15:38:37,431.5011182499231
1806,2026-06-20 16:38:37,431.50465250036626
1807,2026-06-20 17:38:37,431.5153224700715
1808,2026-06-20 18:38:37,431.5175236019264
1809,2026-06-20 19:38:37,431.5045374330227
1810,2026-06-20 20:38:37,431.4864156936113
1811,2026-06-20 21:38:37,431.48010634869314
1812,2026-06-20 22:38:37,431.4916864741487
1813,2026-06-20 23:38:37,431.50922848317913
1814,2026-06-21 00:38:37,431.51441819543317
1815,2026-06-21 01:38:37,431.5018080728751
1816,2026-06-21 02:38:37,431.4860491293385
1817,2026-06-21 03:38:37,431.4887116531389
1818,2026-06-21 04:38:37,431.5166211839338
1819,2026-06-21 05:38:37,431.5528175727169
1820,2026-06-21 06:38:37,431.5697659522933
1821,2026-06-21 07:38:37,431.5531522355986
1822,2026-06-21 08:38:37,431.51421370313636
1823,2026-06-21 09:38:37,431.4793070342839
1824,2026-06-21 10:38:37,431.46689612368493
1825,2026-06-21 11:38:37,431.47354038687513
1826,2026-06-21 12:38:37,431.48100512057323
1827,2026-06-21 13:38:37,431.4759860207555
1828,2026-06-21 14:38:37,431.4624798293123
1829,2026-06-21 15:38:37,431.4553643090907
1830,2026-06-21 16:38:37,431.4631190057209
1831,2026-06-21 17:38:37,431.47819422651077
1832,2026-06-21 18:38:37,431.48497669926235
1833,2026-06-21 19:38:37,431.47673873460695
1834,2026-06-21 20:38:37,431.4635223741679
1835,2026-06-21 21:38:37,431.46226548338285
1836,2026-06-21 22:38:37,431.47903468064084
1837,2026-06-21 23:38:37,431.5018916182305
1838,2026-06-22 00:38:37,431.5125111071441
1839,2026-06-22 01:38:37,431.505434409597
1840,2026-06-22 02:38:37,431.4953012058067
1841,2026-06-22 03:38:37,431.5036703741814
1842,2026-06-22 04:38:37,431.537356025801
1843,2026-06-22 05:38:37,431.5793866217341
1844,2026-06-22 06:38:37,431.6022160002929
1845,2026-06-22 07:38:37,431.5915189312615
1846,2026-06-22 08:38:37,431.55852175811435
1847,2026-06-22 09:38:37,431.52957048266836
1848,2026-06-22 10:38:37,431.52311863308626
1849,2026-06-22 11:38:37,431.53571561921194
1850,2026-06-22 12:38:37,431.54911714028185
1851,2026-06-22 13:38:37,431.5500097479848
1852,2026-06-22 14:38:37,431.5423815353946
1853,2026-06-22 15:38:37,431.54110215138525
1854,2026-06-22 16:38:37,431.55464359868137
1855,2026-06-22 17:38:37,431.57544924570215
1856,2026-06-22 18:38:37,431.5878995148494
1857,2026-06-22 19:38:37,431.58526107068246
1858,2026-06-22 20:38:37,431.57757099017107
1859,2026-06-22 21:38:37,431.5817628737565
1860,2026-06-22 22:38:37,431.6038997887458
1861,2026-06-22 23:38:37,431.63204056050563
1862,2026-06-23 00:38:37,431.6478579034371
1863,2026-06-23 01:38:37,431.64589171555605
1864,2026-06-23 02:38:37,431.64078104321646
1865,2026-06-23 03:38:37,431.65408485515627
1866,2026-06-23 04:38:37,431.69261806675377
1867,2026-06-23 05:38:37,431.73941064314533
1868,2026-06-23 06:38:37,431.7669186083183
1869,2026-06-23 07:38:37,431.76081957739046
1870,2026-06-23 08:38:37,431.73234337314256
1871,2026-06-23 09:38:37,431.7078400814154
1872,2026-06-23 10:38:37,431.7057678864845
1873,2026-06-23 11:38:37,431.72268139047173
1874,2026-06-23 12:38:37,431.74034198214383
1875,2026-06-23 13:38:37,431.74544235820395
1876,2026-06-23 14:38:37,431.74197716784545
1877,2026-06-23 15:38:37,431.7448229804348
1878,2026-06-23 16:38:37,431.762459034694
1879,2026-06-23 17:38:37,431.7873361998402
1880,2026-06-23 18:38:37,431.80384261156894
1881,2026-06-23 19:38:37,431.80525280664307
1882,2026-06-23 20:38:37,431.8016118385393
1883,2026-06-23 21:38:37,431.8098613332065
1884,2026-06-23 22:38:37,431.8360723767074
1885,2026-06-23 23:38:37,431.8683117505926
1886,2026-06-24 00:38:37,431.888260007218
1887,2026-06-24 01:38:37,431.89046470917833
1888,2026-06-24 02:38:37,431.88957233966374
1889,2026-06-24 03:38:37,431.90714902327954
1890,2026-06-24 04:38:37,431.9500164984009
1891,2026-06-24 05:38:37,432.00121117012117
1892,2026-06-24 06:38:37,432.03319507111667
1893,2026-06-24 07:38:37,432.0316513478947
1894,2026-06-24 08:38:37,432.0078148338181
1895,2026-06-24 09:38:37,431.98804006369863
1896,2026-06-24 10:38:37,431.99078907132554
1897,2026-06-24 11:38:37,432.0126196742382
1898,2026-06-24 12:38:37,432.03529581123456
1899,2026-06-24 13:38:37,432.0455120359543
1900,2026-06-24 14:38:37,432.0472641374421
1901,2026-06-24 15:38:37,432.05542908773907
1902,2026-06-24 16:38:37,432.0784857749525
1903,2026-06-24 17:38:37,432.1088839524137
1904,2026-06-24 18:38:37,432.13100986687675
1905,2026-06-24 19:38:37,432.1381353895643
1906,2026-06-24 20:38:37,432.1403021325973
1907,2026-06-24 21:38:37,432.154447509832
1908,2026-06-24 22:38:37,432.1866376339306
1909,2026-06-24 23:38:37,432.22493356542407
1910,2026-06-25 00:38:37,432.2510094059866
1911,2026-06-25 01:38:37,432.2594055599659
1912,2026-06-25 02:38:37,432.2647606709591
1913,2026-06-25 03:38:37,432.2886323727613
1914,2026-06-25 04:38:37,432.337833295726
1915,2026-06-25 05:38:37,432.395390157351
1916,2026-06-25 06:38:37,432.4337547642816
1917,2026-06-25 07:38:37,432.43859954300916
1918,2026-06-25 08:38:37,432.4211481603921
1919,2026-06-25 09:38:37,432.40774358864013
1920,2026-06-25 10:38:37,432.416835955795
1921,2026-06-25 11:38:37,432.4449708858037
1922,2026-06-25 12:38:37,432.4738998934173
1923,2026-06-25 13:38:37,432.4903049368968
1924,2026-06-25 14:38:37,432.49816909921964
1925,2026-06-25 15:38:37,432.5123565974422
1926,2026-06-25 16:38:37,432.54133357842846
1927,2026-06-25 17:38:37,432.5775371311715
1928,2026-06-25 18:38:37,432.6053409783794
1929,2026-06-25 19:38:37,432.61800467077273
1930,2026-06-25 20:38:37,432.6255577663198
1931,2026-06-25 21:38:37,432.64492595309343
1932,2026-06-25 22:38:37,432.68216400725026
1933,2026-06-25 23:38:37,432.72532210156686
1934,2026-06-26 00:38:37,432.7560639564423
1935,2026-06-26 01:38:37,432.76892015709313
1936,2026-06-26 02:38:37,432.7785201434235
1937,2026-06-26 03:38:37,432.80641301163195
1938,2026-06-26 04:38:37,432.8594035682787
1939,2026-06-26 05:38:37,432.92051146539376
1940,2026-06-26 06:38:37,432.96218224356113
1941,2026-06-26 07:38:37,432.9700828999932
1942,2026-06-26 08:38:37,432.95543254256614
1943,2026-06-26 09:38:37,432.9445704841893
1944,2026-06-26 10:38:37,432.9559441184326
1945,2026-06-26 11:38:37,432.9860972803011
1946,2026-06-26 12:38:37,433.01678065727657
1947,2026-06-26 13:38:37,433.03467635349944
1948,2026-06-26 14:38:37,433.0437685776889
1949,2026-06-26 15:38:37,433.05892365439774
1950,2026-06-26 16:38:37,433.08861081676633
1951,2026-06-26 17:38:37,433.1252712109965
1952,2026-06-26 18:38:37,433.1532835752167
1953,2026-06-26 19:38:37,433.1659134162377
1954,2026-06-26 20:38:37,433.1731971664634
1955,2026-06-26 21:38:37,433.1920682797509
1956,2026-06-26 22:38:37,433.2285901578063
1957,2026-06-26 23:38:37,433.27082242271393
1958,2026-06-27 00:38:37,433.30043902763214
1959,2026-06-27 01:38:37,433.3119815296004
1960,2026-06-27 02:38:37,433.3200910311171
1961,2026-06-27 03:38:37,433.34632892978357
1962,2026-06-27 04:38:37,433.3975129169917
1963,2026-06-27 05:38:37,433.45667605448546
1964,2026-06-27 06:38:37,433.4962777560268
1965,2026-06-27 07:38:37,433.5019992914799
1966,2026-06-27 08:38:37,433.485074374584
1967,2026-06-27 09:38:37,433.4718571891421
1968,2026-06-27 10:38:37,433.4808101948629
1969,2026-06-27 11:38:37,433.5084924171304
1970,2026-06-27 12:38:37,433.5366697861382
1971,2026-06-27 13:38:37,433.55203962867716
1972,2026-06-27 14:38:37,433.55860128350963
1973,2026-06-27 15:38:37,433.5712360403196
1974,2026-06-27 16:38:37,433.5984278607893
1975,2026-06-27 17:38:37,433.632632312374
1976,2026-06-27 18:38:37,433.6582421778625
1977,2026-06-27 19:38:37,433.66853656454333
1978,2026-06-27 20:38:37,433.6735649956558
1979,2026-06-27 21:38:37,433.69027344323894
1980,2026-06-27 22:38:37,433.7247371943467
1981,2026-06-27 23:38:37,433.7650270665165
1982,2026-06-28 00:38:37,433.7928274649052
1983,2026-06-28 01:38:37,433.8026896052858
1984,2026-06-28 02:38:37,433.8092634099002
1985,2026-06-28 03:38:37,433.8341182157085
1986,2026-06-28 04:38:37,433.88407873626943
1987,2026-06-28 05:38:37,433.9421841063243
1988,2026-06-28 06:38:37,433.9808988364902
1989,2026-06-28 07:38:37,433.9859082956189
1990,2026-06-28 08:38:37,433.9684492821723
1991,2026-06-28 09:38:37,433.9548780395483
1992,2026-06-28 10:38:37,433.9636580566429
1993,2026-06-28 11:38:37,433.99134835802994
1994,2026-06-28 12:38:37,434.019713849247
1995,2026-06-28 13:38:37,434.0354498204722
1996,2026-06-28 14:38:37,434.0425525795402
1997,2026-06-28 15:38:37,434.0558994142373
1998,2026-06-28 16:38:37,434.08396934235185
1999,2026-06-28 17:38:37,434.1192120799735
2000,2026-06-28 18:38:37,434.14601369097943
2001,2026-06-28 19:38:37,434.1576457413875
2002,2026-06-28 20:38:37,434.16414944106515
2003,2026-06-28 21:38:37,434.1824617316987
2004,2026-06-28 22:38:37,434.2186482127426
2005,2026-06-28 23:38:37,434.2607694209922
2006,2026-06-29 00:38:37,434.2904989558809
2007,2026-06-29 01:38:37,434.302376774398
2008,2026-06-29 02:38:37,434.31104116227846
2009,2026-06-29 03:38:37,434.3380495206522
2010,2026-06-29 04:38:37,434.3902144090173
2011,2026-06-29 05:38:37,434.45056267319535
2012,2026-06-29 06:38:37,434.4915464853056
2013,2026-06-29 07:38:37,434.4988389128254
2014,2026-06-29 08:38:37,434.48366457773517
2015,2026-06-29 09:38:37,434.47236776015313
2016,2026-06-29 10:38:37,434.483400287362
2017,2026-06-29 11:38:37,434.51330991209596
2018,2026-06-29 12:38:37,434.5438507451445
2019,2026-06-29 13:38:37,434.56170784507503
2020,2026-06-29 14:38:37,434.57086793557244
2021,2026-06-29 15:38:37,434.58619944986754
2022,2026-06-29 16:38:37,434.61617336026626
2023,2026-06-29 17:38:37,434.65323222283644
2024,2026-06-29 18:38:37,434.6817558997482
2025,2026-06-29 19:38:37,434.69501078251443
2026,2026-06-29 20:38:37,434.7030339982184
2027,2026-06-29 21:38:37,434.7227595572282
2028,2026-06-29 22:38:37,434.7602513337371
2029,2026-06-29 23:38:37,434.8035693944303
2030,2026-06-30 00:38:37,434.83438816701846
2031,2026-06-30 01:38:37,434.8472497722645
2032,2026-06-30 02:38:37,434.85679602580376
2033,2026-06-30 03:38:37,434.8845892487714
2034,2026-06-30 04:38:37,434.93744832778856
2035,2026-06-30 05:38:37,434.99840785283436
2036,2026-06-30 06:38:37,435.03992915983133
2037,2026-06-30 07:38:37,435.04769589490445
2038,2026-06-30 08:38:37,435.0329446611846
2039,2026-06-30 09:38:37,435.0220331025242
2040,2026-06-30 10:38:37,435.03342776498505
2041,2026-06-30 11:38:37,435.06369243996954
2042,2026-06-30 12:38:37,435.09459855409625
2043,2026-06-30 13:38:37,435.1128497087133
2044,2026-06-30 14:38:37,435.12245233963216
2045,2026-06-30 15:38:37,435.1382956967397
2046,2026-06-30 16:38:37,435.16887260166715
2047,2026-06-30 17:38:37,435.2066484138021
2048,2026-06-30 18:38:37,435.236026667393
2049,2026-06-30 19:38:37,435.25029820329456
2050,2026-06-30 20:38:37,435.2595252777484
2051,2026-06-30 21:38:37,435.280667607071
2052,2026-06-30 22:38:37,435.31981523997723
2053,2026-06-30 23:38:37,435.365054773236
2054,2026-07-01 00:38:37,435.39808740286395
2055,2026-07-01 01:38:37,435.41348213494337
2056,2026-07-01 02:38:37,435.42590766285656
2057,2026-07-01 03:38:37,435.45695305047593
2058,2026-07-01 04:38:37,435.5134636623862
2059,2026-07-01 05:38:37,435.578500170223
2060,2026-07-01 06:38:37,435.6245494625195
2061,2026-07-01 07:38:37,435.6373200756143
2062,2026-07-01 08:38:37,435.62807270707265
2063,2026-07-01 09:38:37,435.62318816658944
2064,2026-07-01 10:38:37,435.64115510583946
2065,2026-07-01 11:38:37,435.67855823174557
2066,2026-07-01 12:38:37,435.7171885688984
2067,2026-07-01 13:38:37,435.7437678745842
2068,2026-07-01 14:38:37,435.7623191776422
2069,2026-07-01 15:38:37,435.7877466413694
2070,2026-07-01 16:38:37,435.82855620924806
2071,2026-07-01 17:38:37,435.8772244643293
2072,2026-07-01 18:38:37,435.9181641655966
2073,2026-07-01 19:38:37,435.9446732853578
2074,2026-07-01 20:38:37,435.96681903059294
2075,2026-07-01 21:38:37,436.0015638075997
2076,2026-07-01 22:38:37,436.0549980221148
2077,2026-07-01 23:38:37,436.11520623106446
2078,2026-07-02 00:38:37,436.1638851385259
2079,2026-07-02 01:38:37,436.19559676032776
2080,2026-07-02 02:38:37,436.22500026449507
2081,2026-07-02 03:38:37,436.27367262726466
2082,2026-07-02 04:38:37,436.34844454607537
2083,2026-07-02 05:38:37,436.4323594388181
2084,2026-07-02 06:38:37,436.4978843569036
2085,2026-07-02 07:38:37,436.53070542981476
2086,2026-07-02 08:38:37,436.5420584027339
2087,2026-07-02 09:38:37,436.5582966222418
2088,2026-07-02 10:38:37,436.59787881148463
2089,2026-07-02 11:38:37,436.6573573393874
2090,2026-07-02 12:38:37,436.7184885493801
2091,2026-07-02 13:38:37,436.76795725110526
2092,2026-07-02 14:38:37,436.80974734607605
2093,2026-07-02 15:38:37,436.85872178728454
2094,2026-07-02 16:38:37,436.92334333128065
2095,2026-07-02 17:38:37,436.99604351325786
2096,2026-07-02 18:38:37,437.0611883080943
2097,2026-07-02 19:38:37,437.1120273009922
2098,2026-07-02 20:38:37,437.15857785025975
2099,2026-07-02 21:38:37,437.21775120105656
2100,2026-07-02 22:38:37,437.29558544177183
2101,2026-07-02 23:38:37,437.38011181869973
2102,2026-07-03 00:38:37,437.45297290096636
2103,2026-07-03 01:38:37,437.5086759195254
2104,2026-07-03 02:38:37,437.56182478684406
2105,2026-07-03 03:38:37,437.6339409362921
2106,2026-07-03 04:38:37,437.7317994219852
2107,2026-07-03 05:38:37,437.8383881076407
2108,2026-07-03 06:38:37,437.92611877133965
2109,2026-07-03 07:38:37,437.9806227430222
2110,2026-07-03 08:38:37,438.0130816356778
2111,2026-07-03 09:38:37,438.04979552436316
2112,2026-07-03 10:38:37,438.10917091376956
2113,2026-07-03 11:38:37,438.187709198081
2114,2026-07-03 12:38:37,438.2671171779163
2115,2026-07-03 13:38:37,438.3340317369285
2116,2026-07-03 14:38:37,438.39239064842235
2117,2026-07-03 15:38:37,438.4570127111588
2118,2026-07-03 16:38:37,438.5363186721555
2119,2026-07-03 17:38:37,438.622700366318
2120,2026-07-03 18:38:37,438.7004865351594
2121,2026-07-03 19:38:37,438.7628921475689
2122,2026-07-03 20:38:37,438.81990270451627
2123,2026-07-03 21:38:37,438.88840048595773
2124,2026-07-03 22:38:37,438.974397630938
2125,2026-07-03 23:38:37,439.06590256609263
2126,2026-07-04 00:38:37,439.1445382738889
2127,2026-07-04 01:38:37,439.2047957240649
2128,2026-07-04 02:38:37,439.2612659743408
2129,2026-07-04 03:38:37,439.3354610791057
2130,2026-07-04 04:38:37,439.43415024641706
2131,2026-07-04 05:38:37,439.5403190716181
2132,2026-07-04 06:38:37,439.62638067419556
2133,2026-07-04 07:38:37,439.6779713544719
2134,2026-07-04 08:38:37,439.70628133097887
2135,2026-07-04 09:38:37,439.7376229125273
2136,2026-07-04 10:38:37,439.79041844563164
2137,2026-07-04 11:38:37,439.86118874102135
2138,2026-07-04 12:38:37,439.93166354412966
2139,2026-07-04 13:38:37,439.9885061521652
2140,2026-07-04 14:38:37,440.03568414834416
2141,2026-07-04 15:38:37,440.08804945264836
2142,2026-07-04 16:38:37,440.15405914713585
2143,2026-07-04 17:38:37,440.2261445060036
2144,2026-07-04 18:38:37,440.28867669298944
2145,2026-07-04 19:38:37,440.3349159494575
2146,2026-07-04 20:38:37,440.37489575557333
2147,2026-07-04 21:38:37,440.42554892325614
2148,2026-07-04 22:38:37,440.4929405125175
2149,2026-07-04 23:38:37,440.56513408686965
2150,2026-07-05 00:38:37,440.6238097999252
2151,2026-07-05 01:38:37,440.6635176371014
2152,2026-07-05 02:38:37,440.6989093193723
2153,2026-07-05 03:38:37,440.7515590083843
2154,2026-07-05 04:38:37,440.8282992540786
2155,2026-07-05 05:38:37,440.91218001387927
2156,2026-07-05 06:38:37,440.9756795708247
2157,2026-07-05 07:38:37,441.0044999682002
2158,2026-07-05 08:38:37,441.00989752213275
2159,2026-07-05 09:38:37,441.0182507672098
2160,2026-07-05 10:38:37,441.04804817650967
2161,2026-07-05 11:38:37,441.09587636069574
2162,2026-07-05 12:38:37,441.14353031188244
2163,2026-07-05 13:38:37,441.17773779582365
2164,2026-07-05 14:38:37,441.2025298637323
2165,2026-07-05 15:38:37,441.2328206840624
2166,2026-07-05 16:38:37,441.27712815304614
2167,2026-07-05 17:38:37,441.32794271504815
2168,2026-07-05 18:38:37,441.3696928560696
2169,2026-07-05 19:38:37,441.39569409464195
2170,2026-07-05 20:38:37,441.4160329531291
2171,2026-07-05 21:38:37,441.44769286896076
2172,2026-07-05 22:38:37,441.4967869380674
2173,2026-07-05 23:38:37,441.5514240068703
2174,2026-07-06 00:38:37,441.59332660555333
2175,2026-07-06 01:38:37,441.617084047182
2176,2026-07-06 02:38:37,441.63738420008673
2177,2026-07-06 03:38:37,441.6758340733548
2178,2026-07-06 04:38:37,441.73929565709096
2179,2026-07-06 05:38:37,441.8108448468007
2180,2026-07-06 06:38:37,441.8629822797595
2181,2026-07-06 07:38:37,441.88142870112745
2182,2026-07-06 08:38:37,441.8774554216361
2183,2026-07-06 09:38:37,441.8774522219945
2184,2026-07-06 10:38:37,441.899915045686
2185,2026-07-06 11:38:37,441.9414341847769
2186,2026-07-06 12:38:37,441.9838045245773
2187,2026-07-06 13:38:37,442.0137499506584
2188,2026-07-06 14:38:37,442.03529388946777
2189,2026-07-06 15:38:37,442.0633391827386
2190,2026-07-06 16:38:37,442.106388754354
2191,2026-07-06 17:38:37,442.156914500426
2192,2026-07-06 18:38:37,442.1993228656928
2193,2026-07-06 19:38:37,442.22690393014494
2194,2026-07-06 20:38:37,442.2497154884486
2195,2026-07-06 21:38:37,442.28470908133124
2196,2026-07-06 22:38:37,442.3379628706756
2197,2026-07-06 23:38:37,442.39754787416
2198,2026-07-07 00:38:37,442.44514605159947
2199,2026-07-07 01:38:37,442.4753035669719
2200,2026-07-07 02:38:37,442.50266273283563
2201,2026-07-07 03:38:37,442.54878277639864
2202,2026-07-07 04:38:37,442.6204758680748
2203,2026-07-07 05:38:37,442.7007662412493
2204,2026-07-07 06:38:37,442.7621012302552
2205,2026-07-07 07:38:37,442.7901468435873
2206,2026-07-07 08:38:37,442.79611843332725
2207,2026-07-07 09:38:37,442.806348815143
2208,2026-07-07 10:38:37,442.8392761796369
2209,2026-07-07 11:38:37,442.89143249887076
2210,2026-07-07 12:38:37,442.9445539930015
2211,2026-07-07 13:38:37,442.98530575969505
2212,2026-07-07 14:38:37,443.01765253668435
2213,2026-07-07 15:38:37,443.0564387968305
2214,2026-07-07 16:38:37,443.1101096334764
2215,2026-07-07 17:38:37,443.1710798660373
2216,2026-07-07 18:38:37,443.22369982809664
2217,2026-07-07 19:38:37,443.2612046610796
2218,2026-07-07 20:38:37,443.29359859536345
2219,2026-07-07 21:38:37,443.33778117714854
2220,2026-07-07 22:38:37,443.39978033215414
2221,2026-07-07 23:38:37,443.4676187812416
2222,2026-07-08 00:38:37,443.5229322994655
2223,2026-07-08 01:38:37,443.5602231418881
2224,2026-07-08 02:38:37,443.5940921422862
2225,2026-07-08 03:38:37,443.64605962340585
2226,2026-07-08 04:38:37,443.7229015591371
2227,2026-07-08 05:38:37,443.8076088168412
2228,2026-07-08 06:38:37,443.87259830635145
2229,2026-07-08 07:38:37,443.9035086523936
2230,2026-07-08 08:38:37,443.9115309509998
2231,2026-07-08 09:38:37,443.92297696399896
2232,2026-07-08 10:38:37,443.9562670921606
2233,2026-07-08 11:38:37,444.0079188306376
2234,2026-07-08 12:38:37,444.0596572714789
2235,2026-07-08 13:38:37,444.0981397558487
2236,2026-07-08 14:38:37,444.12732664629675
2237,2026-07-08 15:38:37,444.16206141843145
2238,2026-07-08 16:38:37,444.2107915299118
2239,2026-07-08 17:38:37,444.265937496819
2240,2026-07-08 18:38:37,444.31185863986497
2241,2026-07-08 19:38:37,444.341802323743
2242,2026-07-08 20:38:37,444.36578817178554
2243,2026-07-08 21:38:37,444.40073421455145
2244,2026-07-08 22:38:37,444.4526898638139
2245,2026-07-08 23:38:37,444.50970222746326
2246,2026-07-09 00:38:37,444.5534342572817
2247,2026-07-09 01:38:37,444.57841805343963
2248,2026-07-09 02:38:37,444.59928683238206
2249,2026-07-09 03:38:37,444.6375956973352
2250,2026-07-09 04:38:37,444.7001576524175
2251,2026-07-09 05:38:37,444.77000268920125
2252,2026-07-09 06:38:37,444.8195887729732
2253,2026-07-09 07:38:37,444.83459734605395
2254,2026-07-09 08:38:37,444.82626390951594
2255,2026-07-09 09:38:37,444.82094603810185
2256,2026-07-09 10:38:37,444.8371111696341
2257,2026-07-09 11:38:37,444.8713248733789
2258,2026-07-09 12:38:37,444.9053611628135
2259,2026-07-09 13:38:37,444.92592695631856
2260,2026-07-09 14:38:37,444.9370326567913
2261,2026-07-09 15:38:37,444.95357205039886
2262,2026-07-09 16:38:37,444.9840429831063
2263,2026-07-09 17:38:37,445.0209162458195
2264,2026-07-09 18:38:37,445.0486011313326
2265,2026-07-09 19:38:37,445.0603944871637
2266,2026-07-09 20:38:37,445.0663647471083
2267,2026-07-09 21:38:37,445.0834779008736
2268,2026-07-09 22:38:37,445.11783029394195
2269,2026-07-09 23:38:37,445.15751477380917
2270,2026-07-10 00:38:37,445.184238675208
2271,2026-07-10 01:38:37,445.19257696875565
2272,2026-07-10 02:38:37,445.1972040802489
2273,2026-07-10 03:38:37,445.2197145203781
2274,2026-07-10 04:38:37,445.2669587663494
2275,2026-07-10 05:38:37,445.3220022246945
2276,2026-07-10 06:38:37,445.3573361029616
2277,2026-07-10 07:38:37,445.3586728080033
2278,2026-07-10 08:38:37,445.33727643254775
2279,2026-07-10 09:38:37,445.3195306851239
2280,2026-07-10 10:38:37,445.32392660494537
2281,2026-07-10 11:38:37,445.3470507662977
2282,2026-07-10 12:38:37,445.3706955381759
2283,2026-07-10 13:38:37,445.38158350268264
2284,2026-07-10 14:38:37,445.3837380033387
2285,2026-07-10 15:38:37,445.39206302346673
2286,2026-07-10 16:38:37,445.4150638533339
2287,2026-07-10 17:38:37,445.4452159767458
2288,2026-07-10 18:38:37,445.4669306402343
2289,2026-07-10 19:38:37,445.4735039286981
2290,2026-07-10 20:38:37,445.4750008301847
2291,2026-07-10 21:38:37,445.48838124888755
2292,2026-07-10 22:38:37,445.51973285824715
2293,2026-07-10 23:38:37,445.55713730997286
2294,2026-07-11 00:38:37,445.58228829122805
2295,2026-07-11 01:38:37,445.58974475406086
2296,2026-07-11 02:38:37,445.5941628238117
2297,2026-07-11 03:38:37,445.6171165258955
2298,2026-07-11 04:38:37,445.6654337718834
2299,2026-07-11 05:38:37,445.72215543370737
2300,2026-07-11 06:38:37,445.75974633312643
2301,2026-07-11 07:38:37,445.76389076360357
2302,2026-07-11 08:38:37,445.7458231057267
2303,2026-07-11 09:38:37,445.7318958906331
2304,2026-07-11 10:38:37,445.74056765245814
2305,2026-07-11 11:38:37,445.7683912737119
2306,2026-07-11 12:38:37,445.79712438874543
2307,2026-07-11 13:38:37,445.81345394813917
2308,2026-07-11 14:38:37,445.8213669145887
2309,2026-07-11 15:38:37,445.8357302897757
2310,2026-07-11 16:38:37,445.8650119303118
2311,2026-07-11 17:38:37,445.9016495828168
2312,2026-07-11 18:38:37,445.93001660065227
2313,2026-07-11 19:38:37,445.9433711655909
2314,2026-07-11 20:38:37,445.9517404965014
2315,2026-07-11 21:38:37,445.9720470035659
2316,2026-07-11 22:38:37,446.0103412793552
2317,2026-07-11 23:38:37,446.0546684420549
2318,2026-07-12 00:38:37,446.08668632257996
2319,2026-07-12 01:38:37,446.1009188191394
2320,2026-07-12 02:38:37,446.1119879255897
2321,2026-07-12 03:38:37,446.14143457247263
2322,2026-07-12 04:38:37,446.19605472132145
2323,2026-07-12 05:38:37,446.25885854064825
2324,2026-07-12 06:38:37,446.3022814904267
2325,2026-07-12 07:38:37,446.31197993195457
2326,2026-07-12 08:38:37,446.2991618238772
2327,2026-07-12 09:38:37,446.2901548587088
2328,2026-07-12 10:38:37,446.30339438055813
2329,2026-07-12 11:38:37,446.33541178791256
2330,2026-07-12 12:38:37,446.3679449864395
2331,2026-07-12 13:38:37,446.3876629946022
2332,2026-07-12 14:38:37,446.3985366725791
2333,2026-07-12 15:38:37,446.4154187740029
2334,2026-07-12 16:38:37,446.4467647785914
2335,2026-07-12 17:38:37,446.4850019358236
2336,2026-07-12 18:38:37,446.51449498226395
2337,2026-07-12 19:38:37,446.5284953559534
2338,2026-07-12 20:38:37,446.53702539009754
2339,2026-07-12 21:38:37,446.55700444477526
2340,2026-07-12 22:38:37,446.5944818682267
2341,2026-07-12 23:38:37,446.6375033032603
2342,2026-07-13 00:38:37,446.66772883079756
2343,2026-07-13 01:38:37,446.6796862744383
2344,2026-07-13 02:38:37,446.6880031727257
2345,2026-07-13 03:38:37,446.71422755834334
2346,2026-07-13 04:38:37,446.7651639852275
2347,2026-07-13 05:38:37,446.8238326324081
2348,2026-07-13 06:38:37,446.8626803117991
2349,2026-07-13 07:38:37,446.86737599723097
2350,2026-07-13 08:38:37,446.84914143601446
2351,2026-07-13 09:38:37,446.8343191977356
2352,2026-07-13 10:38:37,446.841360501541
2353,2026-07-13 11:38:37,446.8668135261632
2354,2026-07-13 12:38:37,446.8924337681496
2355,2026-07-13 13:38:37,446.9049085515539
2356,2026-07-13 14:38:37,446.90822766006164
2357,2026-07-13 15:38:37,446.91726329151055
2358,2026-07-13 16:38:37,446.94049079336827
2359,2026-07-13 17:38:37,446.970357609751
2360,2026-07-13 18:38:37,446.9912489030456
2361,2026-07-13 19:38:37,446.99643667397856
2362,2026-07-13 20:38:37,446.995963862797
2363,2026-07-13 21:38:37,447.0067703906714
2364,2026-07-13 22:38:37,447.03492603327925
2365,2026-07-13 23:38:37,447.0684966424779
2366,2026-07-14 00:38:37,447.08916220842247
2367,2026-07-14 01:38:37,447.0914700863706
2368,2026-07-14 02:38:37,447.09006689510335
2369,2026-07-14 03:38:37,447.10651922653733
2370,2026-07-14 04:38:37,447.147649607726
2371,2026-07-14 05:38:37,447.1964955442962
2372,2026-07-14 06:38:37,447.22552047276014
2373,2026-07-14 07:38:37,447.22040923916336
2374,2026-07-14 08:38:37,447.1923986654818
2375,2026-07-14 09:38:37,447.16784555863364
2376,2026-07-14 10:38:37,447.165214503412
2377,2026-07-14 11:38:37,447.1810661436563
2378,2026-07-14 12:38:37,447.19716751717436
2379,2026-07-14 13:38:37,447.20021654768306
2380,2026-07-14 14:38:37,447.1942126646656
2381,2026-07-14 15:38:37,447.1940367511215
2382,2026-07-14 16:38:37,447.20817187764584
2383,2026-07-14 17:38:37,447.2290722533275
2384,2026-07-14 18:38:37,447.24112885639477
2385,2026-07-14 19:38:37,447.237618568325
2386,2026-07-14 20:38:37,447.2285882938422
2387,2026-07-14 21:38:37,447.23098102578456
2388,2026-07-14 22:38:37,447.25086874652175
2389,2026-07-14 23:38:37,447.27631868161427
2390,2026-07-15 00:38:37,447.28901139779805
2391,2026-07-15 01:38:37,447.2834940692808
2392,2026-07-15 02:38:37,447.27441241895923
2393,2026-07-15 03:38:37,447.2833314738574
2394,2026-07-15 04:38:37,447.31707157561914
2395,2026-07-15 05:38:37,447.35866747485284
2396,2026-07-15 06:38:37,447.38057933632894
2397,2026-07-15 07:38:37,447.36848827227146
2398,2026-07-15 08:38:37,447.33362696469163
2399,2026-07-15 09:38:37,447.30234773138363
2400,2026-07-15 10:38:37,447.2931103764516
2401,2026-07-15 11:38:37,447.30247052941013
2402,2026-07-15 12:38:37,447.3121900379954
2403,2026-07-15 13:38:37,447.3089615176017
2404,2026-07-15 14:38:37,447.296779027942
2405,2026-07-15 15:38:37,447.29051807653957
2406,2026-07-15 16:38:37,447.2986564072211
2407,2026-07-15 17:38:37,447.31364300376094
2408,2026-07-15 18:38:37,447.31986377132176
2409,2026-07-15 19:38:37,447.31059071914956
2410,2026-07-15 20:38:37,447.2958661266629
2411,2026-07-15 21:38:37,447.29262865166726
2412,2026-07-15 22:38:37,447.3069462721914
2413,2026-07-15 23:38:37,447.3268825773786
2414,2026-07-16 00:38:37,447.33411489935537
2415,2026-07-16 01:38:37,447.32318760990876
2416,2026-07-16 02:38:37,447.3087440884069
2417,2026-07-16 03:38:37,447.31234750013215
2418,2026-07-16 04:38:37,447.34081682584156
2419,2026-07-16 05:38:37,447.37718597114593
2420,2026-07-16 06:38:37,447.39391478276247
2421,2026-07-16 07:38:37,447.37668458879574
2422,2026-07-16 08:38:37,447.3367288240237
2423,2026-07-16 09:38:37,447.3004010947431
2424,2026-07-16 10:38:37,447.2861630242214
2425,2026-07-16 11:38:37,447.2905725827254
2426,2026-07-16 12:38:37,447.29539446739483
2427,2026-07-16 13:38:37,447.28732463500796
2428,2026-07-16 14:38:37,447.270360958331
2429,2026-07-16 15:38:37,447.25938320580644
2430,2026-07-16 16:38:37,447.2628738029163
2431,2026-07-16 17:38:37,447.2732868055635
2432,2026-07-16 18:38:37,447.2750135483008
2433,2026-07-16 19:38:37,447.261331791092
2434,2026-07-16 20:38:37,447.24228984695105
2435,2026-07-16 21:38:37,447.2348326494849
2436,2026-07-16 22:38:37,447.245034652027
2437,2026-07-16 23:38:37,447.26096607409596
2438,2026-07-17 00:38:37,447.2643109873887
2439,2026-07-17 01:38:37,447.2496205653656
2440,2026-07-17 02:38:37,447.23154500322727
2441,2026-07-17 03:38:37,447.2316542476546
2442,2026-07-17 04:38:37,447.2567739775165
2443,2026-07-17 05:38:37,447.2899446643451
2444,2026-07-17 06:38:37,447.30363253998985
2445,2026-07-17 07:38:37,447.28352508884973
2446,2026-07-17 08:38:37,447.24086162599883
2447,2026-07-17 09:38:37,447.2020013159921
2448,2026-07-17 10:38:37,447.18541097372366
2449,2026-07-17 11:38:37,447.18765335153455
2450,2026-07-17 12:38:37,447.19049747811914
2451,2026-07-17 13:38:37,447.18064315253343
2452,2026-07-17 14:38:37,447.1620915641934
2453,2026-07-17 15:38:37,447.1497252388802
2454,2026-07-17 16:38:37,447.15202876929857
2455,2026-07-17 17:38:37,447.1614577606717
2456,2026-07-17 18:38:37,447.1624044544343
2457,2026-07-17 19:38:37,447.1481468538199
2458,2026-07-17 20:38:37,447.12873283388217
2459,2026-07-17 21:38:37,447.12110619499566
2460,2026-07-17 22:38:37,447.1313395517585
2461,2026-07-17 23:38:37,447.14750057298
2462,2026-07-18 00:38:37,447.15127006510505
2463,2026-07-18 01:38:37,447.1371952231167
2464,2026-07-18 02:38:37,447.11992155577536
2465,2026-07-18 03:38:37,447.12101362454575
2466,2026-07-18 04:38:37,447.14729103733936
2467,2026-07-18 05:38:37,447.181787525913
2468,2026-07-18 06:38:37,447.19696193419946
2469,2026-07-18 07:38:37,447.17849373489315
2470,2026-07-18 08:38:37,447.137613635512
2471,2026-07-18 09:38:37,447.10067162858945
2472,2026-07-18 10:38:37,447.0861248271839
2473,2026-07-18 11:38:37,447.0905257898009
2474,2026-07-18 12:38:37,447.09563290005076
2475,2026-07-18 13:38:37,447.0881349041351
2476,2026-07-18 14:38:37,447.07202157689596
2477,2026-07-18 15:38:37,447.0621637161434
2478,2026-07-18 16:38:37,447.0670339236132
2479,2026-07-18 17:38:37,447.0790756027758
2480,2026-07-18 18:38:37,447.08266863629433
2481,2026-07-18 19:38:37,447.07107856664845
2482,2026-07-18 20:38:37,447.0543407622044
2483,2026-07-18 21:38:37,447.0493865274825
2484,2026-07-18 22:38:37,447.06227604923066
2485,2026-07-18 23:38:37,447.08106469375423
2486,2026-07-19 00:38:37,447.08742114749623
2487,2026-07-19 01:38:37,447.07588072467024
2488,2026-07-19 02:38:37,447.06107734847217
2489,2026-07-19 03:38:37,447.0645643449557
2490,2026-07-19 04:38:37,447.0931504904187
2491,2026-07-19 05:38:37,447.1298591408426
2492,2026-07-19 06:38:37,447.14713927041663
2493,2026-07-19 07:38:37,447.1306610361859
2494,2026-07-19 08:38:37,447.0916464298097
2495,2026-07-19 09:38:37,447.05643737086086
2496,2026-07-19 10:38:37,447.04348358254595
2497,2026-07-19 11:38:37,447.0493309538684
2498,2026-07-19 12:38:37,447.05573195322
2499,2026-07-19 13:38:37,447.04937019641557
2500,2026-07-19 14:38:37,447.0342311396564
2501,2026-07-19 15:38:37,447.0251820970998
2502,2026-07-19 16:38:37,447.03069304112057
2503,2026-07-19 17:38:37,447.04320561551174
2504,2026-07-19 18:38:37,447.0470988242525
2505,2026-07-19 19:38:37,447.0356382193117
2506,2026-07-19 20:38:37,447.01886006972677
2507,2026-07-19 21:38:37,447.01369747068674
2508,2026-07-19 22:38:37,447.0262132842112
2509,2026-07-19 23:38:37,447.0444664268918
2510,2026-07-20 00:38:37,447.0501299967512
2511,2026-07-20 01:38:37,447.0377445630525
2512,2026-07-20 02:38:37,447.02195012566256
2513,2026-07-20 03:38:37,447.0243068831837
2514,2026-07-20 04:38:37,447.0516312507993
2515,2026-07-20 05:38:37,447.0869549565013
2516,2026-07-20 06:38:37,447.1027360429208
2517,2026-07-20 07:38:37,447.08465439195254
2518,2026-07-20 08:38:37,447.04394233334654
2519,2026-07-20 09:38:37,447.0069526919084
2520,2026-07-20 10:38:37,446.99214661445825
2521,2026-07-20 11:38:37,446.9960818806977
2522,2026-07-20 12:38:37,447.00052326333514
2523,2026-07-20 13:38:37,446.9921670406702
2524,2026-07-20 14:38:37,446.97501163242293
2525,2026-07-20 15:38:37,446.9639375587279
2526,2026-07-20 16:38:37,446.9674281807443
2527,2026-07-20 17:38:37,446.977938653299
2528,2026-07-20 18:38:37,446.979861552616
2529,2026-07-20 19:38:37,446.9664760027778
2530,2026-07-20 20:38:37,446.9478317835637
2531,2026-07-20 21:38:37,446.9408753786171
2532,2026-07-20 22:38:37,446.9516828558623
2533,2026-07-20 23:38:37,446.96832609592724
2534,2026-07-21 00:38:37,446.9724908609275
2535,2026-07-21 01:38:37,446.9587300276996
2536,2026-07-21 02:38:37,446.94169549237813
2537,2026-07-21 03:38:37,446.94295888583207
2538,2026-07-21 04:38:37,446.96934754107855
2539,2026-07-21 05:38:37,447.00390354168775
2540,2026-07-21 06:38:37,447.01909467853346
2541,2026-07-21 07:38:37,447.00060993238907
2542,2026-07-21 08:38:37,446.9596900436627
2543,2026-07-21 09:38:37,446.922695524166
2544,2026-07-21 10:38:37,446.90809445220145
2545,2026-07-21 11:38:37,446.9124507552593
2546,2026-07-21 12:38:37,446.91753454584267
2547,2026-07-21 13:38:37,446.91004661370056
2548,2026-07-21 14:38:37,446.89398904536404
2549,2026-07-21 15:38:37,446.8842451709913
2550,2026-07-21 16:38:37,446.8893002969782
2551,2026-07-21 17:38:37,446.90161065485734
2552,2026-07-21 18:38:37,446.9055690294429
2553,2026-07-21 19:38:37,446.89445388998973
2554,2026-07-21 20:38:37,446.87831350684456
2555,2026-07-21 21:38:37,446.87409201257117
2556,2026-07-21 22:38:37,446.88786229938955
2557,2026-07-21 23:38:37,446.90769226855394
2558,2026-07-22 00:38:37,446.91526292392024
2559,2026-07-22 01:38:37,446.9051216336893
2560,2026-07-22 02:38:37,446.89191406704674
2561,2026-07-22 03:38:37,446.8972049449976
2562,2026-07-22 04:38:37,446.927814046434
2563,2026-07-22 05:38:37,446.9667752981304
2564,2026-07-22 06:38:37,446.986547775872
2565,2026-07-22 07:38:37,446.9728112339745
2566,2026-07-22 08:38:37,446.9367967242168
2567,2026-07-22 09:38:37,446.9048546588526
2568,2026-07-22 10:38:37,446.8954426586954
2569,2026-07-22 11:38:37,446.9051138903109
2570,2026-07-22 12:38:37,446.91562745755704
2571,2026-07-22 13:38:37,446.9136729504222
2572,2026-07-22 14:38:37,446.9032411218293
2573,2026-07-22 15:38:37,446.89920389203206
2574,2026-07-22 16:38:37,446.910035138845
2575,2026-07-22 17:38:37,446.9281797038761
2576,2026-07-22 18:38:37,446.93801907744233
2577,2026-07-22 19:38:37,446.932820585654
2578,2026-07-22 20:38:37,446.92262156182335
2579,2026-07-22 21:38:37,446.924355460953
2580,2026-07-22 22:38:37,446.94408480878917
2581,2026-07-22 23:38:37,446.9698675008906
2582,2026-07-23 00:38:37,446.9833749436283
2583,2026-07-23 01:38:37,446.97914536091827
2584,2026-07-23 02:38:37,446.97181577312904
2585,2026-07-23 03:38:37,446.98294278729264
2586,2026-07-23 04:38:37,447.01933863939394
2587,2026-07-23 05:38:37,447.0640303173204
2588,2026-07-23 06:38:37,447.0894705914585
2589,2026-07-23 07:38:37,447.08133357004976
2590,2026-07-23 08:38:37,447.0508453402237
2591,2026-07-23 09:38:37,447.0243520492299
2592,2026-07-23 10:38:37,447.02030776679936
2593,2026-07-23 11:38:37,447.035262832585
2594,2026-07-23 12:38:37,447.0509742538499
2595,2026-07-23 13:38:37,447.05413025638177
2596,2026-07-23 14:38:37,447.04872095924094
2597,2026-07-23 15:38:37,447.04961837300857
2598,2026-07-23 16:38:37,447.06529717979936
2599,2026-07-23 17:38:37,447.08820372528476
2600,2026-07-23 18:38:37,447.10272168546544
2601,2026-07-23 19:38:37,447.10212123178417
2602,2026-07-23 20:38:37,447.0964431768505
2603,2026-07-23 21:38:37,447.1026250597026
2604,2026-07-23 22:38:37,447.1267340621885
2605,2026-07-23 23:38:37,447.15683327214964
2606,2026-07-24 00:38:37,447.174599785489
2607,2026-07-24 01:38:37,447.1745779711346
2608,2026-07-24 02:38:37,447.1714114055784
2609,2026-07-24 03:38:37,447.18666361634286
2610,2026-07-24 04:38:37,447.2271540754092
2611,2026-07-24 05:38:37,447.2759172714569
2612,2026-07-24 06:38:37,447.30541368817717
2613,2026-07-24 07:38:37,447.3013253060072
2614,2026-07-24 08:38:37,447.27488618859087
2615,2026-07-24 09:38:37,447.25245050867983
2616,2026-07-24 10:38:37,447.25248035476295
2617,2026-07-24 11:38:37,447.27153402267214
2618,2026-07-24 12:38:37,447.29137635762976
2619,2026-07-24 13:38:37,447.29870325000184
2620,2026-07-24 14:38:37,447.297512255689
2621,2026-07-24 15:38:37,447.30268254113133
2622,2026-07-24 16:38:37,447.3226956114455
2623,2026-07-24 17:38:37,447.35000425226184
2624,2026-07-24 18:38:37,447.3689981482658
2625,2026-07-24 19:38:37,447.37295300228783
2626,2026-07-24 20:38:37,447.3719146375266
2627,2026-07-24 21:38:37,447.38282504198474
2628,2026-07-24 22:38:37,447.41175524703027
2629,2026-07-24 23:38:37,447.4467715559161
2630,2026-07-25 00:38:37,447.4695536145823
2631,2026-07-25 01:38:37,447.4746476488871
2632,2026-07-25 02:38:37,447.4766983751767
2633,2026-07-25 03:38:37,447.49726972364573
2634,2026-07-25 04:38:37,447.54318081566504
2635,2026-07-25 05:38:37,447.59746502403107
2636,2026-07-25 06:38:37,447.6325809434865
2637,2026-07-25 07:38:37,447.63420788893194
2638,2026-07-25 08:38:37,447.6135764826481
2639,2026-07-25 09:38:37,447.5970366853031
2640,2026-07-25 10:38:37,447.60304561198427
2641,2026-07-25 11:38:37,447.62815583750375
2642,2026-07-25 12:38:37,447.65412575639846
2643,2026-07-25 13:38:37,447.6676441007914
2644,2026-07-25 14:38:37,447.6727005869837
2645,2026-07-25 15:38:37,447.68416589061263
2646,2026-07-25 16:38:37,447.7105124087714
2647,2026-07-25 17:38:37,447.7441832394911
2648,2026-07-25 18:38:37,447.769557841431
2649,2026-07-25 19:38:37,447.7799011974007
2650,2026-07-25 20:38:37,447.78524796410034
2651,2026-07-25 21:38:37,447.8025285669276
2652,2026-07-25 22:38:37,447.837802131499
2653,2026-07-25 23:38:37,447.87912276748204
2654,2026-07-26 00:38:37,447.9081576967638
2655,2026-07-26 01:38:37,447.9194405498303
2656,2026-07-26 02:38:37,447.9276033369534
2657,2026-07-26 03:38:37,447.95419723334885
2658,2026-07-26 04:38:37,448.00602861914183
2659,2026-07-26 05:38:37,448.0661182027886
2660,2026-07-26 06:38:37,448.10691205498836
2661,2026-07-26 07:38:37,448.1140771701394
2662,2026-07-26 08:38:37,448.09883211637214
2663,2026-07-26 09:38:37,448.08751512856537
2664,2026-07-26 10:38:37,448.0985719853042
2665,2026-07-26 11:38:37,448.1285443736466
2666,2026-07-26 12:38:37,448.15918030685424
2667,2026-07-26 13:38:37,448.1771586979183
2668,2026-07-26 14:38:37,448.18646005944805
2669,2026-07-26 15:38:37,448.2019465294836
2670,2026-07-26 16:38:37,448.2320826813231
2671,2026-07-26 17:38:37,448.26930454753483
2672,2026-07-26 18:38:37,448.29798532070987
2673,2026-07-26 19:38:37,448.3113845543852
2674,2026-07-26 20:38:37,448.3195323462729
2675,2026-07-26 21:38:37,448.33935546247557
2676,2026-07-26 22:38:37,448.37691029413696
2677,2026-07-26 23:38:37,448.42024916198
2678,2026-07-27 00:38:37,448.45103846062295
2679,2026-07-27 01:38:37,448.46381196643244
2680,2026-07-27 02:38:37,448.47320281542306
2681,2026-07-27 03:38:37,448.50076429030486
2682,2026-07-27 04:38:37,448.5533058574802
2683,2026-07-27 05:38:37,448.6138522826138
2684,2026-07-27 06:38:37,448.65485465182576
2685,2026-07-27 07:38:37,448.6619859156034
2686,2026-07-27 08:38:37,448.646471516515
2687,2026-07-27 09:38:37,448.6346574552231
2688,2026-07-27 10:38:37,448.6449981358607
2689,2026-07-27 11:38:37,448.6740446947934
2690,2026-07-27 12:38:37,448.70355537804437
2691,2026-07-27 13:38:37,448.7202200704261
2692,2026-07-27 14:38:37,448.7280309471417
2693,2026-07-27 15:38:37,448.7418624476349
2694,2026-07-27 16:38:37,448.77019203003636
2695,2026-07-27 17:38:37,448.80546913662556
2696,2026-07-27 18:38:37,448.832080833176
2697,2026-07-27 19:38:37,448.84330094587284
2698,2026-07-27 20:38:37,448.8491741782915
2699,2026-07-27 21:38:37,448.8666421674276
2700,2026-07-27 22:38:37,448.90177637056695
2701,2026-07-27 23:38:37,448.94264429880917
2702,2026-07-28 00:38:37,448.97092758948554
2703,2026-07-28 01:38:37,448.981175241611
2704,2026-07-28 02:38:37,448.9880355212433
2705,2026-07-28 03:38:37,449.01307667622706
2706,2026-07-28 04:38:37,449.06312290150066
2707,2026-07-28 05:38:37,449.12121338399214
2708,2026-07-28 06:38:37,449.1598132544716
2709,2026-07-28 07:38:37,449.16460906390887
2710,2026-07-28 08:38:37,449.14683934570576
2711,2026-07-28 09:38:37,449.1328626187114
2712,2026-07-28 10:38:37,449.14114517240085
2713,2026-07-28 11:38:37,449.16824933859687
2714,2026-07-28 12:38:37,449.19594381531664
2715,2026-07-28 13:38:37,449.2109281461109
2716,2026-07-28 14:38:37,449.2172033259249
2717,2026-07-28 15:38:37,449.2296517335603
2718,2026-07-28 16:38:37,449.2567578493159
2719,2026-07-28 17:38:37,449.2909771884643
2720,2026-07-28 18:38:37,449.3167019136392
2721,2026-07-28 19:38:37,449.3272099500101
2722,2026-07-28 20:38:37,449.33254908588043
2723,2026-07-28 21:38:37,449.34966301783476
2724,2026-07-28 22:38:37,449.38462423234705
2725,2026-07-28 23:38:37,449.4255002397081
2726,2026-07-29 00:38:37,449.4539716525936
2727,2026-07-29 01:38:37,449.46458543340526
2728,2026-07-29 02:38:37,449.4719868172739
2729,2026-07-29 03:38:37,449.4977400501439
2730,2026-07-29 04:38:37,449.5486643830641
2731,2026-07-29 05:38:37,449.6077931515924
2732,2026-07-29 06:38:37,449.64758476758874
2733,2026-07-29 07:38:37,449.6537182407547
2734,2026-07-29 08:38:37,449.63742379111477
2735,2026-07-29 09:38:37,449.62505090717127
2736,2026-07-29 10:38:37,449.63505619079655
2737,2026-07-29 11:38:37,449.6639916930723
2738,2026-07-29 12:38:37,449.69361530629294
2739,2026-07-29 13:38:37,449.7106153152241
2740,2026-07-29 14:38:37,449.7189810783028
2741,2026-07-29 15:38:37,449.7335830385038
2742,2026-07-29 16:38:37,449.7628935220631
2743,2026-07-29 17:38:37,449.79935575533653
2744,2026-07-29 18:38:37,449.8273495624547
2745,2026-07-29 19:38:37,449.84014056721685
2746,2026-07-29 20:38:37,449.84776438144155
2747,2026-07-29 21:38:37,449.86715273843873
2748,2026-07-29 22:38:37,449.90436646306654
2749,2026-07-29 23:38:37,449.94746179377523
2750,2026-07-30 00:38:37,449.97810854849087
2751,2026-07-30 01:38:37,449.9908434580078
2752,2026-07-30 02:38:37,450.0003021733061
2753,2026-07-30 03:38:37,450.0280400857747
2754,2026-07-30 04:38:37,450.0808684009797
2755,2026-07-30 05:38:37,450.1418132944552
2756,2026-07-30 06:38:37,450.18332697635714
2757,2026-07-30 07:38:37,450.19108328187986
2758,2026-07-30 08:38:37,450.176308348269
2759,2026-07-30 09:38:37,450.16534873269995
2760,2026-07-30 10:38:37,450.17665931179124
2761,2026-07-30 11:38:37,450.20679166650916
2762,2026-07-30 12:38:37,450.23750451743086
2763,2026-07-30 13:38:37,450.25548831308936
2764,2026-07-30 14:38:37,450.26473594182926
2765,2026-07-30 15:38:37,450.28012276662207
2766,2026-07-30 16:38:37,450.3101274408325
2767,2026-07-30 17:38:37,450.34720093497435
2768,2026-07-30 18:38:37,450.37573223698104
2769,2026-07-30 19:38:37,450.38899754929764
2770,2026-07-30 20:38:37,450.3970444648923
2771,2026-07-30 21:38:37,450.41681808080966
2772,2026-07-30 22:38:37,450.4543939406888
2773,2026-07-30 23:38:37,450.4978443216477
2774,2026-07-31 00:38:37,450.52885635744326
2775,2026-07-31 01:38:37,450.54198532164673
2776,2026-07-31 02:38:37,450.5518865773672
2777,2026-07-31 03:38:37,450.58013633264585
2778,2026-07-31 04:38:37,450.6335676423801
2779,2026-07-31 05:38:37,450.6952294854202
2780,2026-07-31 06:38:37,450.737597744003
2781,2026-07-31 07:38:37,450.7463707026609
2782,2026-07-31 08:38:37,450.73279962779856
2783,2026-07-31 09:38:37,450.72325678254305
2784,2026-07-31 10:38:37,450.73622321803094
2785,2026-07-31 11:38:37,450.7682770453148
2786,2026-07-31 12:38:37,450.8012037532773
2787,2026-07-31 13:38:37,450.8217206757685
2788,2026-07-31 14:38:37,450.83384757888206
2789,2026-07-31 15:38:37,450.8524865683261
2790,2026-07-31 16:38:37,450.8861427754323
2791,2026-07-31 17:38:37,450.92729325236263
2792,2026-07-31 18:38:37,450.96035253966863
2793,2026-07-31 19:38:37,450.97862173000686
2794,2026-07-31 20:38:37,450.9921725107807
2795,2026-07-31 21:38:37,451.01797314487555
2796,2026-07-31 22:38:37,451.0621212815432
2797,2026-07-31 23:38:37,451.1127101134236
2798,2026-08-01 00:38:37,451.15144637224483
2799,2026-08-01 01:38:37,451.17290348751715
2800,2026-08-01 02:38:37,451.1917534153751
2801,2026-08-01 03:38:37,451.2295872772773
2802,2026-08-01 04:38:37,451.29325124995984
2803,2026-08-01 05:38:37,451.36580553594933
2804,2026-08-01 06:38:37,451.41973524220685
2805,2026-08-01 07:38:37,451.4407457847246
2806,2026-08-01 08:38:37,451.4400933806421
2807,2026-08-01 09:38:37,451.4441529830708
2808,2026-08-01 10:38:37,451.47140600016775
2809,2026-08-01 11:38:37,451.51842850314625
2810,2026-08-01 12:38:37,451.5670014889395
2811,2026-08-01 13:38:37,451.6038353011524
2812,2026-08-01 14:38:37,451.6329401805191
2813,2026-08-01 15:38:37,451.66920614511565
2814,2026-08-01 16:38:37,451.7211236591229
2815,2026-08-01 17:38:37,451.7811525209611
2816,2026-08-01 18:38:37,451.83368743405515
2817,2026-08-01 19:38:37,451.87200708420596
2818,2026-08-01 20:38:37,451.90615820644126
2819,2026-08-01 21:38:37,451.9530816005261
2820,2026-08-01 22:38:37,452.01884498719113
2821,2026-08-01 23:38:37,452.09150922106505
2822,2026-08-02 00:38:37,452.15274635272567
2823,2026-08-02 01:38:37,452.1970928640375
2824,2026-08-02 02:38:37,452.2391815838086
2825,2026-08-02 03:38:37,452.30056242319046
2826,2026-08-02 04:38:37,452.3880383719919
2827,2026-08-02 05:38:37,452.4846245848742
2828,2026-08-02 06:38:37,452.5627593847026
2829,2026-08-02 07:38:37,452.60809980035816
2830,2026-08-02 08:38:37,452.6318522003111
2831,2026-08-02 09:38:37,452.66034037652685
2832,2026-08-02 10:38:37,452.711993419825
2833,2026-08-02 11:38:37,452.78333409077914
2834,2026-08-02 12:38:37,452.8560892513777
2835,2026-08-02 13:38:37,452.91691446034946
2836,2026-08-02 14:38:37,452.9697647028711
2837,2026-08-02 15:38:37,453.02947445414276
2838,2026-08-02 16:38:37,453.1044785350281
2839,2026-08-02 17:38:37,453.1871811897806
2840,2026-08-02 18:38:37,453.2619218484883
2841,2026-08-02 19:38:37,453.3219243974138
2842,2026-08-02 20:38:37,453.37718143938787
2843,2026-08-02 21:38:37,453.4445805026523
2844,2026-08-02 22:38:37,453.53013708947793
2845,2026-08-02 23:38:37,453.6218610797595
2846,2026-08-03 00:38:37,453.7013749812626
2847,2026-08-03 01:38:37,453.76316734986443
2848,2026-08-03 02:38:37,453.8218248861584
2849,2026-08-03 03:38:37,453.8988533470693
2850,2026-08-03 04:38:37,454.0010137128717
2851,2026-08-03 05:38:37,454.11128143793525
2852,2026-08-03 06:38:37,454.2020576117677
2853,2026-08-03 07:38:37,454.25896464693443
2854,2026-08-03 08:38:37,454.29317705456685
2855,2026-08-03 09:38:37,454.33098966142893
2856,2026-08-03 10:38:37,454.3908056089963
2857,2026-08-03 11:38:37,454.46912483816993
2858,2026-08-03 12:38:37,454.54765462429964
2859,2026-08-03 13:38:37,454.6130342648887
2860,2026-08-03 14:38:37,454.6692058903645
2861,2026-08-03 15:38:37,454.730994596956
2862,2026-08-03 16:38:37,454.80682935945975
2863,2026-08-03 17:38:37,454.88911215375674
2864,2026-08-03 18:38:37,454.96218375134305
2865,2026-08-03 19:38:37,455.01927300886405
2866,2026-08-03 20:38:37,455.07038113468496
2867,2026-08-03 21:38:37,455.13240789081226
2868,2026-08-03 22:38:37,455.2113846213347
2869,2026-08-03 23:38:37,455.29534062270307
2870,2026-08-04 00:38:37,455.3659213474744
2871,2026-08-04 01:38:37,455.4176417650973
2872,2026-08-04 02:38:37,455.46511838607717
2873,2026-08-04 03:38:37,455.52989008855513
2874,2026-08-04 04:38:37,455.61875418784655
2875,2026-08-04 05:38:37,455.71472557762456
2876,2026-08-04 06:38:37,455.7902477696012
2877,2026-08-04 07:38:37,455.83098844882517
2878,2026-08-04 08:38:37,455.8481701056225
2879,2026-08-04 09:38:37,455.8681380987274
2880,2026-08-04 10:38:37,455.9093484905709
2881,2026-08-04 11:38:37,455.9683563589523
2882,2026-08-04 12:38:37,456.02692615033897
2883,2026-08-04 13:38:37,456.0717561779289
2884,2026-08-04 14:38:37,456.10684923539634
2885,2026-08-04 15:38:37,456.1470925262351
2886,2026-08-04 16:38:37,456.20097836712375
2887,2026-08-04 17:38:37,456.2609730960187
2888,2026-08-04 18:38:37,456.3114826479761
2889,2026-08-04 19:38:37,456.3458016225932
2890,2026-08-04 20:38:37,456.373997325841
2891,2026-08-04 21:38:37,456.41303574549585
2892,2026-08-04 22:38:37,456.46901435221326
2893,2026-08-04 23:38:37,456.5300282423734
2894,2026-08-05 00:38:37,456.5777881152291
2895,2026-08-05 01:38:37,456.6068734087563
2896,2026-08-05 02:38:37,456.6319641014657
2897,2026-08-05 03:38:37,456.67466131996883
2898,2026-08-05 04:38:37,456.7418231937583
2899,2026-08-05 05:38:37,456.8165237866639
2900,2026-08-05 06:38:37,456.87126393267846
2901,2026-08-05 07:38:37,456.8917665940087
2902,2026-08-05 08:38:37,456.8893073031807
2903,2026-08-05 09:38:37,456.8902820444328
2904,2026-08-05 10:38:37,456.9131949161207
2905,2026-08-05 11:38:37,456.95464627895245
2906,2026-08-05 12:38:37,456.99644295596363
2907,2026-08-05 13:38:37,457.0253225880075
2908,2026-08-05 14:38:37,457.0453241161099
2909,2026-08-05 15:38:37,457.07136759120823
2910,2026-08-05 16:38:37,457.11197477013496
2911,2026-08-05 17:38:37,457.1596379289434
2912,2026-08-05 18:38:37,457.19878535690776
2913,2026-08-05 19:38:37,457.2227303555181
2914,2026-08-05 20:38:37,457.2415552253417
2915,2026-08-05 21:38:37,457.27223720028195
2916,2026-08-05 22:38:37,457.3208812213922
2917,2026-08-05 23:38:37,457.37558606645746
2918,2026-08-06 00:38:37,457.4180623279231
2919,2026-08-06 01:38:37,457.44288556358987
2920,2026-08-06 02:38:37,457.46472812720106
2921,2026-08-06 03:38:37,457.50517981864715
2922,2026-08-06 04:38:37,457.5710837950693
2923,2026-08-06 05:38:37,457.6454955720427
2924,2026-08-06 06:38:37,457.70089394230143
2925,2026-08-06 07:38:37,457.7229764295103
2926,2026-08-06 08:38:37,457.72298983849987
2927,2026-08-06 09:38:37,457.72729825680244
2928,2026-08-06 10:38:37,457.7543708487288
2929,2026-08-06 11:38:37,457.8007701462388
2930,2026-08-06 12:38:37,457.84826240201045
2931,2026-08-06 13:38:37,457.8835421077967
2932,2026-08-06 14:38:37,457.91060264886005
2933,2026-08-06 15:38:37,457.9443162942496
2934,2026-08-06 16:38:37,457.99315498111815
2935,2026-08-06 17:38:37,458.0495593233894
2936,2026-08-06 18:38:37,458.09790430740384
2937,2026-08-06 19:38:37,458.1314484979794
2938,2026-08-06 20:38:37,458.16021823703596
2939,2026-08-06 21:38:37,458.20113379342894
2940,2026-08-06 22:38:37,458.26024235534
2941,2026-08-06 23:38:37,458.3255843805493
2942,2026-08-07 00:38:37,458.37881179634974
2943,2026-08-07 01:38:37,458.41444137262783
2944,2026-08-07 02:38:37,458.4470867744199
2945,2026-08-07 03:38:37,458.49827943273925
2946,2026-08-07 04:38:37,458.57480467419026
2947,2026-08-07 05:38:37,458.65966093765513
2948,2026-08-07 06:38:37,458.7252709047076
2949,2026-08-07 07:38:37,458.75727716044673
2950,2026-08-07 08:38:37,458.7668729454154
2951,2026-08-07 09:38:37,458.7803703526227
2952,2026-08-07 10:38:37,458.816188310208
2953,2026-08-07 11:38:37,458.8708410533201
2954,2026-08-07 12:38:37,458.92604864987675
2955,2026-08-07 13:38:37,458.9684616827146
2956,2026-08-07 14:38:37,459.00203205831014
2957,2026-08-07 15:38:37,459.04159314125593
2958,2026-08-07 16:38:37,459.0955806721831
2959,2026-08-07 17:38:37,459.1564018989801
2960,2026-08-07 18:38:37,459.20840138349985
2961,2026-08-07 19:38:37,459.2448103067866
2962,2026-08-07 20:38:37,459.27563075470744
2963,2026-08-07 21:38:37,459.31776194228445
2964,2026-08-07 22:38:37,459.37723326786426
2965,2026-08-07 23:38:37,459.4420707123154
2966,2026-08-08 00:38:37,459.49391507482454
2967,2026-08-08 01:38:37,459.5272753687812
2968,2026-08-08 02:38:37,459.5567608840305
2969,2026-08-08 03:38:37,459.60390205433725
2970,2026-08-08 04:38:37,459.67548657062315
2971,2026-08-08 05:38:37,459.7545185684386
2972,2026-08-08 06:38:37,459.8134297164739
2973,2026-08-08 07:38:37,459.8378748231093
2974,2026-08-08 08:38:37,459.839062521835
2975,2026-08-08 09:38:37,459.843323390023
2976,2026-08-08 10:38:37,459.86909784186724
2977,2026-08-08 11:38:37,459.9129244995444
2978,2026-08-08 12:38:37,459.9565506076941
2979,2026-08-08 13:38:37,459.9866565942647
2980,2026-08-08 14:38:37,460.0072267484058
2981,2026-08-08 15:38:37,460.03312921518653
2982,2026-08-08 16:38:37,460.072836765464
2983,2026-08-08 17:38:37,460.118795771344
2984,2026-08-08 18:38:37,460.15539185012284
2985,2026-08-08 19:38:37,460.17589900044624
2986,2026-08-08 20:38:37,460.19036371322414
2987,2026-08-08 21:38:37,460.21573101638654
2988,2026-08-08 22:38:37,460.2580773453398
2989,2026-08-08 23:38:37,460.3054767550564
2990,2026-08-09 00:38:37,460.33961896616137
2991,2026-08-09 01:38:37,460.35506256925083
2992,2026-08-09 02:38:37,460.3664668945255
2993,2026-08-09 03:38:37,460.39541268630524
2994,2026-08-09 04:38:37,460.4487380238198
2995,2026-08-09 05:38:37,460.5094973174368
2996,2026-08-09 06:38:37,460.55017220794156
2997,2026-08-09 07:38:37,460.55646698653084
2998,2026-08-09 08:38:37,460.53963909715986
2999,2026-08-09 09:38:37,460.5260670763463
3000,2026-08-09 10:38:37,460.53423827199526
3001,2026-08-09 11:38:37,460.56073704588846
3002,2026-08-09 12:38:37,460.58735502562
3003,2026-08-09 13:38:37,460.600815509582
3004,2026-08-09 14:38:37,460.605143996273
3005,2026-08-09 15:38:37,460.61524803822937
3006,2026-08-09 16:38:37,460.63963787939383
3007,2026-08-09 17:38:37,460.6707953068358
3008,2026-08-09 18:38:37,460.6931391801101
3009,2026-08-09 19:38:37,460.6999744623966
3010,2026-08-09 20:38:37,460.7013762362549
3011,2026-08-09 21:38:37,460.7143156634106
3012,2026-08-09 22:38:37,460.74489278064937
3013,2026-08-09 23:38:37,460.7812026479761
3014,2026-08-10 00:38:37,460.80495334152215
3015,2026-08-10 01:38:37,460.8107191156153
3016,2026-08-10 02:38:37,460.813172241072
3017,2026-08-10 03:38:37,460.8339036593737
3018,2026-08-10 04:38:37,460.8797588940477
3019,2026-08-10 05:38:37,460.93379704836445
3020,2026-08-10 06:38:37,460.9685017168428
3021,2026-08-10 07:38:37,460.96957642806336
3022,2026-08-10 08:38:37,460.94827518023556
3023,2026-08-10 09:38:37,460.9309704243604
3024,2026-08-10 10:38:37,460.93614083630155
3025,2026-08-10 11:38:37,460.9603595820516
3026,2026-08-10 12:38:37,460.9854046416406
3027,2026-08-10 13:38:37,460.99798329488567
3028,2026-08-10 14:38:37,461.0021027398364
3029,2026-08-10 15:38:37,461.0126500437464
3030,2026-08-10 16:38:37,461.03811288492705
3031,2026-08-10 17:38:37,461.0709485158482
3032,2026-08-10 18:38:37,461.09554941027557
3033,2026-08-10 19:38:37,461.105192417997
3034,2026-08-10 20:38:37,461.1099229094344
3035,2026-08-10 21:38:37,461.12668086892
3036,2026-08-10 22:38:37,461.161533828162
3037,2026-08-10 23:38:37,461.20254315539046
3038,2026-08-11 00:38:37,461.2313821920919
3039,2026-08-11 01:38:37,461.24258956107275
3040,2026-08-11 02:38:37,461.25080115232265
3041,2026-08-11 03:38:37,461.2775709256817
3042,2026-08-11 04:38:37,461.32970697102456
3043,2026-08-11 05:38:37,461.39023065443587
3044,2026-08-11 06:38:37,461.43158767726214
3045,2026-08-11 07:38:37,461.43944366495776
3046,2026-08-11 08:38:37,461.4250148465519
3047,2026-08-11 09:38:37,461.4146361790377
3048,2026-08-11 10:38:37,461.42674925740874
3049,2026-08-11 11:38:37,461.4578907141348
3050,2026-08-11 12:38:37,461.48980267299225
3051,2026-08-11 13:38:37,461.5091573599649
3052,2026-08-11 14:38:37,461.51992784161394
3053,2026-08-11 15:38:37,461.53696809032493
3054,2026-08-11 16:38:37,461.5687338343674
3055,2026-08-11 17:38:37,461.6076516227881
3056,2026-08-11 18:38:37,461.63808456757613
3057,2026-08-11 19:38:37,461.6532815863462
3058,2026-08-11 20:38:37,461.6632616275861
3059,2026-08-11 21:38:37,461.68493983699506
3060,2026-08-11 22:38:37,461.7243605562634
3061,2026-08-11 23:38:37,461.76956366959115
3062,2026-08-12 00:38:37,461.8022027897859
3063,2026-08-12 01:38:37,461.81679860753525
3064,2026-08-12 02:38:37,461.82797091031273
3065,2026-08-12 03:38:37,461.8572594099101
3066,2026-08-12 04:38:37,461.9114598193029
3067,2026-08-12 05:38:37,461.9735830074404
3068,2026-08-12 06:38:37,462.0160660588735
3069,2026-08-12 07:38:37,462.02456785532036
3070,2026-08-12 08:38:37,462.01029974014887
3071,2026-08-12 09:38:37,461.99959362024765
3072,2026-08-12 10:38:37,462.0108898462807
3073,2026-08-12 11:38:37,462.04072557534033
3074,2026-08-12 12:38:37,462.07084518120877
3075,2026-08-12 13:38:37,462.08792481526433
3076,2026-08-12 14:38:37,462.09594308875046
3077,2026-08-12 15:38:37,462.1097610761943
3078,2026-08-12 16:38:37,462.1378430982715
3079,2026-08-12 17:38:37,462.17262571454904
3080,2026-08-12 18:38:37,462.19848338894946
3081,2026-08-12 19:38:37,462.20867765162393
3082,2026-08-12 20:38:37,462.213241239721
3083,2026-08-12 21:38:37,462.2291041760206
3084,2026-08-12 22:38:37,462.2623266772447
3085,2026-08-12 23:38:37,462.300965407842
3086,2026-08-13 00:38:37,462.3266915714959
3087,2026-08-13 01:38:37,462.33404416448786
3088,2026-08-13 02:38:37,462.3376618977954
3089,2026-08-13 03:38:37,462.35910392741636
3090,2026-08-13 04:38:37,462.40518583408067
3091,2026-08-13 05:38:37,462.45893868136915
3092,2026-08-13 06:38:37,462.4928199796543
3093,2026-08-13 07:38:37,462.4925091733456
3094,2026-08-13 08:38:37,462.4692382128496
3095,2026-08-13 09:38:37,462.4493595661433
3096,2026-08-13 10:38:37,462.4513340113325
3097,2026-08-13 11:38:37,462.4717189145569
3098,2026-08-13 12:38:37,462.492278558835
3099,2026-08-13 13:38:37,462.4997086271969
3100,2026-08-13 14:38:37,462.4980068111284
3101,2026-08-13 15:38:37,462.50205274438844
3102,2026-08-13 16:38:37,462.5203287207703
3103,2026-08-13 17:38:37,462.5452886264371
3104,2026-08-13 18:38:37,462.5613235499101
3105,2026-08-13 19:38:37,462.5617108935562
3106,2026-08-13 20:38:37,462.5564984691873
3107,2026-08-13 21:38:37,462.56263053692015
3108,2026-08-13 22:38:37,462.586180679116
3109,2026-08-13 23:38:37,462.6152180253359
3110,2026-08-14 00:38:37,462.63142532052154
3111,2026-08-14 01:38:37,462.6293521606172
3112,2026-08-14 02:38:37,462.62364690239735
3113,2026-08-14 03:38:37,462.6358773870269
3114,2026-08-14 04:38:37,462.67286691835835
3115,2026-08-14 05:38:37,462.717653324947
3116,2026-08-14 06:38:37,462.7426999330046
3117,2026-08-14 07:38:37,462.7336910676887
3118,2026-08-14 08:38:37,462.70186264389196
3119,2026-08-14 09:38:37,462.6735702012546
3120,2026-08-14 10:38:37,462.6672767245767
3121,2026-08-14 11:38:37,462.67954095369475
3122,2026-08-14 12:38:37,462.6921277482111
3123,2026-08-14 13:38:37,462.69173261010394
3124,2026-08-14 14:38:37,462.6823523349847
3125,2026-08-14 15:38:37,462.6788649917081
3126,2026-08-14 16:38:37,462.6897506886657
3127,2026-08-14 17:38:37,462.7074605569926
3128,2026-08-14 18:38:37,462.7163824134784
3129,2026-08-14 19:38:37,462.7097899266613
3130,2026-08-14 20:38:37,462.69772676840006
3131,2026-08-14 21:38:37,462.69713270967077
3132,2026-08-14 22:38:37,462.71407655215427
3133,2026-08-14 23:38:37,462.73662241108906
3134,2026-08-15 00:38:37,462.7464478413417
3135,2026-08-15 01:38:37,462.7380971305359
3136,2026-08-15 02:38:37,462.72621326567673
3137,2026-08-15 03:38:37,462.7323587124466
3138,2026-08-15 04:38:37,462.76335144793387
3139,2026-08-15 05:38:37,462.80222407537894
3140,2026-08-15 06:38:37,462.8214348479317
3141,2026-08-15 07:38:37,462.80666321851663
3142,2026-08-15 08:38:37,462.7691404767133
3143,2026-08-15 09:38:37,462.7352178271406
3144,2026-08-15 10:38:37,462.7233542502462
3145,2026-08-15 11:38:37,462.73010484945684
3146,2026-08-15 12:38:37,462.7372312497657
3147,2026-08-15 13:38:37,462.7314261507349
3148,2026-08-15 14:38:37,462.7166840044319
3149,2026-08-15 15:38:37,462.70788101798433
3150,2026-08-15 16:38:37,462.71349593888783
3151,2026-08-15 17:38:37,462.7259790532856
3152,2026-08-15 18:38:37,462.7297178599101
3153,2026-08-15 19:38:37,462.71798624318575
3154,2026-08-15 20:38:37,462.70082862773074
3155,2026-08-15 21:38:37,462.69518607302945
3156,2026-08-15 22:38:37,462.70712919992684
3157,2026-08-15 23:38:37,462.7247244644044
3158,2026-08-16 00:38:37,462.7296522707398
3159,2026-08-16 01:38:37,462.7164602479388
3160,2026-08-16 02:38:37,462.699795196066
3161,2026-08-16 03:38:37,462.70122384171407
3162,2026-08-16 04:38:37,462.7275688436303
3163,2026-08-16 05:38:37,462.7618678771812
3164,2026-08-16 06:38:37,462.776584624911
3165,2026-08-16 07:38:37,462.7574042904561
3166,2026-08-16 08:38:37,462.71556419700295
3167,2026-08-16 09:38:37,462.67742182495806
3168,2026-08-16 10:38:37,462.66144263008124
3169,2026-08-16 11:38:37,462.66418834617605
3170,2026-08-16 12:38:37,462.6674273378007
3171,2026-08-16 13:38:37,462.65785910619223
3172,2026-08-16 14:38:37,462.6394849192529
3173,2026-08-16 15:38:37,462.6271877655064
3174,2026-08-16 16:38:37,462.62945309056187
3175,2026-08-16 17:38:37,462.6387377464873
3176,2026-08-16 18:38:37,462.63943561714007
3177,2026-08-16 19:38:37,462.6248267432429
3178,2026-08-16 20:38:37,462.60496142970345
3179,2026-08-16 21:38:37,462.59678629427646
3180,2026-08-16 22:38:37,462.60637714942806
3181,2026-08-16 23:38:37,462.6218052332139
3182,2026-08-17 00:38:37,462.62475528146683
3183,2026-08-17 01:38:37,462.6097787654678
3184,2026-08-17 02:38:37,462.5915258019252
3185,2026-08-17 03:38:37,462.5915658747854
3186,2026-08-17 04:38:37,462.61672381001085
3187,2026-08-17 05:38:37,462.650038832288
3188,2026-08-17 06:38:37,462.663975531044
3189,2026-08-17 07:38:37,462.6442193531866
3190,2026-08-17 08:38:37,462.60200718393105
3191,2026-08-17 09:38:37,462.5636953704659
3192,2026-08-17 10:38:37,462.5477475298111
3193,2026-08-17 11:38:37,462.55072284505997
3194,2026-08-17 12:38:37,462.5543864155171
3195,2026-08-17 13:38:37,462.54543376394224
3196,2026-08-17 14:38:37,462.52786147180126
3197,2026-08-17 15:38:37,462.5165471423975
3198,2026-08-17 16:38:37,462.5199701503839
3199,2026-08-17 17:38:37,462.53058060805364
3200,2026-08-17 18:38:37,462.5327650113496
3201,2026-08-17 19:38:37,462.5197953892864
3202,2026-08-17 20:38:37,462.5017134392207
3203,2026-08-17 21:38:37,462.49545660687687
3204,2026-08-17 22:38:37,462.5070910028886
3205,2026-08-17 23:38:37,462.5246776714803
3206,2026-08-18 00:38:37,462.52989070339817
3207,2026-08-18 01:38:37,462.5172705170697
3208,2026-08-18 02:38:37,462.50145581462766
3209,2026-08-18 03:38:37,462.5040043520507
3210,2026-08-18 04:38:37,462.53172896432665
3211,2026-08-18 05:38:37,462.5676566743948
3212,2026-08-18 06:38:37,462.58423971290404
3213,2026-08-18 07:38:37,462.56715106601587
3214,2026-08-18 08:38:37,462.5276151122532
3215,2026-08-18 09:38:37,462.49197570295433
3216,2026-08-18 10:38:37,462.47868402728557
3217,2026-08-18 11:38:37,462.48428696583443
3218,2026-08-18 12:38:37,462.4905374979068
3219,2026-08-18 13:38:37,462.48411926549386
3220,2026-08-18 14:38:37,462.469017264495
3221,2026-08-18 15:38:37,462.4600978628078
3222,2026-08-18 16:38:37,462.4658296034646
3223,2026-08-18 17:38:37,462.4786522229843
3224,2026-08-18 18:38:37,462.4829423475643
3225,2026-08-18 19:38:37,462.47196269057594
3226,2026-08-18 20:38:37,462.45574623351916
3227,2026-08-18 21:38:37,462.45122234914686
3228,2026-08-18 22:38:37,462.4644497582508
3229,2026-08-18 23:38:37,462.483482835547
3230,2026-08-19 00:38:37,462.4899897565668
3231,2026-08-19 01:38:37,462.4785058093467
3232,2026-08-19 02:38:37,462.46366537739107
3233,2026-08-19 03:38:37,462.46702273300593
3234,2026-08-19 04:38:37,462.4953880818332
3235,2026-08-19 05:38:37,462.5317866871297
3236,2026-08-19 06:38:37,462.548669900862
3237,2026-08-19 07:38:37,462.5317107186789
3238,2026-08-19 08:38:37,462.4921344197797
3239,2026-08-19 09:38:37,462.45628664616015
3240,2026-08-19 10:38:37,462.4426212622657
3241,2026-08-19 11:38:37,462.447688698972
3242,2026-08-19 12:38:37,462.453246347164
3243,2026-08-19 13:38:37,462.44598310387875
3244,2026-08-19 14:38:37,462.42989004168646
3245,2026-08-19 15:38:37,462.4198404010362
3246,2026-08-19 16:38:37,462.4243103638457
3247,2026-08-19 17:38:37,462.43574803864146
3248,2026-08-19 18:38:37,462.43853912006796
3249,2026-08-19 19:38:37,462.4259560463455
3250,2026-08-19 20:38:37,462.4080421370552
3251,2026-08-19 21:38:37,462.40173767019394
3252,2026-08-19 22:38:37,462.41311279016185
3253,2026-08-19 23:38:37,462.4302337623742
3254,2026-08-20 00:38:37,462.4347810666813
3255,2026-08-20 01:38:37,462.4213026536027
3256,2026-08-20 02:38:37,462.4044458701567
3257,2026-08-20 03:38:37,462.4057781946359
3258,2026-08-20 04:38:37,462.43212322145604
3259,2026-08-20 05:38:37,462.4665197249174
3260,2026-08-20 06:38:37,462.48143262922275
3261,2026-08-20 07:38:37,462.46254850214444
3262,2026-08-20 08:38:37,462.4211061336157
3263,2026-08-20 09:38:37,462.38346455409004
3264,2026-08-20 10:38:37,462.36809083391466
3265,2026-08-20 11:38:37,462.3715483680074
3266,2026-08-20 12:38:37,462.3756072113409
3267,2026-08-20 13:38:37,462.36696856852507
3268,2026-08-20 14:38:37,462.3496354084037
3269,2026-08-20 15:38:37,462.3384924036835
3270,2026-08-20 16:38:37,462.34202665412425
3271,2026-08-20 17:38:37,462.35269662382865
3272,2026-08-20 18:38:37,462.3548977556832
3273,2026-08-20 19:38:37,462.3419115867826
3274,2026-08-20 20:38:37,462.32378984737136
3275,2026-08-20 21:38:37,462.3174805024525
3276,2026-08-20 22:38:37,462.32906062790596
3277,2026-08-20 23:38:37,462.3466026369396
3278,2026-08-21 00:38:37,462.35179234919076
3279,2026-08-21 01:38:37,462.3391822266317
3280,2026-08-21 02:38:37,462.32342328309556
3281,2026-08-21 03:38:37,462.3260858068967
3282,2026-08-21 04:38:37,462.3539953376906
3283,2026-08-21 05:38:37,462.3901917264765
3284,2026-08-21 06:38:37,462.40714010605296
3285,2026-08-21 07:38:37,462.39052638935794
3286,2026-08-21 08:38:37,462.35158785689276
3287,2026-08-21 09:38:37,462.31668118804123
3288,2026-08-21 10:38:37,462.30427027744196
3289,2026-08-21 11:38:37,462.3109145406348
3290,2026-08-21 12:38:37,462.31837927433264
3291,2026-08-21 13:38:37,462.313360174515
3292,2026-08-21 14:38:37,462.2998539830695
3293,2026-08-21 15:38:37,462.29273846284775
3294,2026-08-21 16:38:37,462.30049315947844
3295,2026-08-21 17:38:37,462.31556838027046
3296,2026-08-21 18:38:37,462.322350853022
3297,2026-08-21 19:38:37,462.3141128883663
3298,2026-08-21 20:38:37,462.30089652792594
3299,2026-08-21 21:38:37,462.29963963714016
3300,2026-08-21 22:38:37,462.3164088343985
3301,2026-08-21 23:38:37,462.3392657719899
3302,2026-08-22 00:38:37,462.3498852609038
3303,2026-08-22 01:38:37,462.3428085633567
3304,2026-08-22 02:38:37,462.33267535956406
3305,2026-08-22 03:38:37,462.3410445279391
3306,2026-08-22 04:38:37,462.3747301795585
3307,2026-08-22 05:38:37,462.41676077549363
3308,2026-08-22 06:38:37,462.439590154052
3309,2026-08-22 07:38:37,462.4288930850206
3310,2026-08-22 08:38:37,462.39589591187354
3311,2026-08-22 09:38:37,462.3669446364262
3312,2026-08-22 10:38:37,462.3604927868435
3313,2026-08-22 11:38:37,462.3730897729691
3314,2026-08-22 12:38:37,462.3864912940404
3315,2026-08-22 13:38:37,462.387383901744
3316,2026-08-22 14:38:37,462.3797556891536
3317,2026-08-22 15:38:37,462.3784763051445
3318,2026-08-22 16:38:37,462.3920177524397
3319,2026-08-22 17:38:37,462.41282339946014
3320,2026-08-22 18:38:37,462.42527366860696
3321,2026-08-22 19:38:37,462.42263522444006
3322,2026-08-22 20:38:37,462.4149451439317
3323,2026-08-22 21:38:37,462.41913702751566
3324,2026-08-22 22:38:37,462.4412739425053
3325,2026-08-22 23:38:37,462.4694147142627
3326,2026-08-23 00:38:37,462.48523205719493
3327,2026-08-23 01:38:37,462.483265869314
3328,2026-08-23 02:38:37,462.4781551969753
3329,2026-08-23 03:38:37,462.49145900891676
3330,2026-08-23 04:38:37,462.52999222051295
3331,2026-08-23 05:38:37,462.5767847969028
3332,2026-08-23 06:38:37,462.6042927620751
3333,2026-08-23 07:38:37,462.59819373114817
3334,2026-08-23 08:38:37,462.56971752690015
3335,2026-08-23 09:38:37,462.5452142351752
3336,2026-08-23 10:38:37,462.5431420402434
3337,2026-08-23 11:38:37,462.56005554422967
3338,2026-08-23 12:38:37,462.5777161359013
3339,2026-08-23 13:38:37,462.5828165119609
3340,2026-08-23 14:38:37,462.57935132160236
3341,2026-08-23 15:38:37,462.5821971341947
3342,2026-08-23 16:38:37,462.5998331884537
3343,2026-08-23 17:38:37,462.6247103535978
3344,2026-08-23 18:38:37,462.64121676532636
3345,2026-08-23 19:38:37,462.64262696040043
3346,2026-08-23 20:38:37,462.63898599229856
3347,2026-08-23 21:38:37,462.6472354869655
3348,2026-08-23 22:38:37,462.6734465304671
3349,2026-08-23 23:38:37,462.7056859043505
3350,2026-08-24 00:38:37,462.72563416097745
3351,2026-08-24 01:38:37,462.7278388629358
3352,2026-08-24 02:38:37,462.72694649342264
3353,2026-08-24 03:38:37,462.7445231770373
3354,2026-08-24 04:38:37,462.78739065215854
3355,2026-08-24 05:38:37,462.8385853238795
3356,2026-08-24 06:38:37,462.8705692248752
3357,2026-08-24 07:38:37,462.86902550165416
3358,2026-08-24 08:38:37,462.8451889875774
3359,2026-08-24 09:38:37,462.82541421745606
3360,2026-08-24 10:38:37,462.8281632250832
3361,2026-08-24 11:38:37,462.84999382799583
3362,2026-08-24 12:38:37,462.87266996499477
3363,2026-08-24 13:38:37,462.8828861897128
3364,2026-08-24 14:38:37,462.8846382912011
3365,2026-08-24 15:38:37,462.892803241497
3366,2026-08-24 16:38:37,462.9158599287106
3367,2026-08-24 17:38:37,462.9462581061712
3368,2026-08-24 18:38:37,462.9683840206356
3369,2026-08-24 19:38:37,462.9755095433238
3370,2026-08-24 20:38:37,462.9776762863563
3371,2026-08-24 21:38:37,462.9918216635898
3372,2026-08-24 22:38:37,463.02401178768855
3373,2026-08-24 23:38:37,463.0623077191818
3374,2026-08-25 00:38:37,463.088383559745
3375,2026-08-25 01:38:37,463.09677971372446
3376,2026-08-25 02:38:37,463.10213482471755
3377,2026-08-25 03:38:37,463.1260065265192
3378,2026-08-25 04:38:37,463.175207449484
3379,2026-08-25 05:38:37,463.2327643111105
3380,2026-08-25 06:38:37,463.27112891803955
3381,2026-08-25 07:38:37,463.2759736967676
3382,2026-08-25 08:38:37,463.2585223141503
3383,2026-08-25 09:38:37,463.24511774239863
3384,2026-08-25 10:38:37,463.25421010955324
3385,2026-08-25 11:38:37,463.2823450395622
3386,2026-08-25 12:38:37,463.3112740471761
3387,2026-08-25 13:38:37,463.3276790906562
3388,2026-08-25 14:38:37,463.3355432529778
3389,2026-08-25 15:38:37,463.3497307512006
3390,2026-08-25 16:38:37,463.37870773218725
3391,2026-08-25 17:38:37,463.4149112849297
3392,2026-08-25 18:38:37,463.44271513213766
3393,2026-08-25 19:38:37,463.4553788245311
3394,2026-08-25 20:38:37,463.4629319200781
3395,2026-08-25 21:38:37,463.4823001068519
3396,2026-08-25 22:38:37,463.5195381610084
3397,2026-08-25 23:38:37,463.56269625532514
3398,2026-08-26 00:38:37,463.59343811020034
3399,2026-08-26 01:38:37,463.6062943108519
3400,2026-08-26 02:38:37,463.61589429718214
3401,2026-08-26 03:38:37,463.6437871653902
3402,2026-08-26 04:38:37,463.69677772203727
3403,2026-08-26 05:38:37,463.7578856191524
3404,2026-08-26 06:38:37,463.7995563973192
3405,2026-08-26 07:38:37,463.8074570537511
3406,2026-08-26 08:38:37,463.7928066963247
3407,2026-08-26 09:38:37,463.78194463794824
3408,2026-08-26 10:38:37,463.7933182721908
3409,2026-08-26 11:38:37,463.8234714340594
3410,2026-08-26 12:38:37,463.8541548110352
3411,2026-08-26 13:38:37,463.87205050725817
3412,2026-08-26 14:38:37,463.88114273144686
3413,2026-08-26 15:38:37,463.89629780815613
3414,2026-08-26 16:38:37,463.92598497052467
3415,2026-08-26 17:38:37,463.9626453647552
3416,2026-08-26 18:38:37,463.9906577289749
3417,2026-08-26 19:38:37,464.00328756999613
3418,2026-08-26 20:38:37,464.01057132022186
3419,2026-08-26 21:38:37,464.0294424335092
3420,2026-08-26 22:38:37,464.0659643115642
3421,2026-08-26 23:38:37,464.1081965764726
3422,2026-08-27 00:38:37,464.13781318139104
3423,2026-08-27 01:38:37,464.14935568335864
3424,2026-08-27 02:38:37,464.15746518487504
3425,2026-08-27 03:38:37,464.18370308354173
3426,2026-08-27 04:38:37,464.23488707075063
3427,2026-08-27 05:38:37,464.29405020824373
3428,2026-08-27 06:38:37,464.33365190978526
3429,2026-08-27 07:38:37,464.3393734452385
3430,2026-08-27 08:38:37,464.3224485283429
3431,2026-08-27 09:38:37,464.30923134290015
3432,2026-08-27 10:38:37,464.3181843486216
3433,2026-08-27 11:38:37,464.34586657088875
3434,2026-08-27 12:38:37,464.37404393989664
3435,2026-08-27 13:38:37,464.38941378243595
3436,2026-08-27 14:38:37,464.395975437268
3437,2026-08-27 15:38:37,464.40861019407816
3438,2026-08-27 16:38:37,464.4358020145469
3439,2026-08-27 17:38:37,464.4700064661324
3440,2026-08-27 18:38:37,464.4956163316208
3441,2026-08-27 19:38:37,464.50591071830155
3442,2026-08-27 20:38:37,464.510939149414
3443,2026-08-27 21:38:37,464.5276475969977
3444,2026-08-27 22:38:37,464.56211134810513
3445,2026-08-27 23:38:37,464.6024012202751
3446,2026-08-28 00:38:37,464.6302016186637
3447,2026-08-28 01:38:37,464.64006375904427
3448,2026-08-28 02:38:37,464.6466375636584
3449,2026-08-28 03:38:37,464.6714923694669
3450,2026-08-28 04:38:37,464.72145289002833
3451,2026-08-28 05:38:37,464.7795582600824
3452,2026-08-28 06:38:37,464.8182729902485
3453,2026-08-28 07:38:37,464.82328244937736
3454,2026-08-28 08:38:37,464.8058234359308
3455,2026-08-28 09:38:37,464.792252193306
3456,2026-08-28 10:38:37,464.80103221040133
3457,2026-08-28 11:38:37,464.8287225117882
3458,2026-08-28 12:38:37,464.8570880030053
3459,2026-08-28 13:38:37,464.87282397423036
3460,2026-08-28 14:38:37,464.8799267332987
3461,2026-08-28 15:38:37,464.89327356799566
3462,2026-08-28 16:38:37,464.9213434961095
3463,2026-08-28 17:38:37,464.95658623373185
3464,2026-08-28 18:38:37,464.98338784473776
3465,2026-08-28 19:38:37,464.99501989514613
3466,2026-08-28 20:38:37,465.0015235948233
3467,2026-08-28 21:38:37,465.01983588545755
3468,2026-08-28 22:38:37,465.05602236650105
3469,2026-08-28 23:38:37,465.09814357475074
3470,2026-08-29 00:38:37,465.1278731096393
3471,2026-08-29 01:38:37,465.13975092815645
3472,2026-08-29 02:38:37,465.14841531603673
3473,2026-08-29 03:38:37,465.1754236744106
3474,2026-08-29 04:38:37,465.2275885627762
3475,2026-08-29 05:38:37,465.28793682695346
3476,2026-08-29 06:38:37,465.3289206390638
3477,2026-08-29 07:38:37,465.3362130665834
3478,2026-08-29 08:38:37,465.3210387314941
3479,2026-08-29 09:38:37,465.30974191391067
3480,2026-08-29 10:38:37,465.3207744411207
3481,2026-08-29 11:38:37,465.35068406585515
3482,2026-08-29 12:38:37,465.3812248989026
3483,2026-08-29 13:38:37,465.39908199883286
3484,2026-08-29 14:38:37,465.408242089331
3485,2026-08-29 15:38:37,465.42357360362644
3486,2026-08-29 16:38:37,465.45354751402374
3487,2026-08-29 17:38:37,465.49060637659505
3488,2026-08-29 18:38:37,465.51913005350593
3489,2026-08-29 19:38:37,465.53238493627293
3490,2026-08-29 20:38:37,465.5404081519766
3491,2026-08-29 21:38:37,465.5601337109859
3492,2026-08-29 22:38:37,465.59762548749575
3493,2026-08-29 23:38:37,465.6409435481879
3494,2026-08-30 00:38:37,465.6717623207774
3495,2026-08-30 01:38:37,465.6846239260221
3496,2026-08-30 02:38:37,465.6941701795634
3497,2026-08-30 03:38:37,465.72196340252935
3498,2026-08-30 04:38:37,465.77482248154604
3499,2026-08-30 05:38:37,465.8357820065916
3500,2026-08-30 06:38:37,465.87730331359046
3501,2026-08-30 07:38:37,465.885070048664
3502,2026-08-30 08:38:37,465.87031881494386
3503,2026-08-30 09:38:37,465.859407256282
3504,2026-08-30 10:38:37,465.8708019187432
3505,2026-08-30 11:38:37,465.90106659372725
3506,2026-08-30 12:38:37,465.93197270785487
3507,2026-08-30 13:38:37,465.9502238624721
3508,2026-08-30 14:38:37,465.9598264933915
3509,2026-08-30 15:38:37,465.97566985049787
3510,2026-08-30 16:38:37,466.00624675542457
3511,2026-08-30 17:38:37,466.04402256755975
3512,2026-08-30 18:38:37,466.07340082115167
3513,2026-08-30 19:38:37,466.087672357054
3514,2026-08-30 20:38:37,466.096899431507
3515,2026-08-30 21:38:37,466.11804176082825
3516,2026-08-30 22:38:37,466.1571893937354
3517,2026-08-30 23:38:37,466.20242892699423
3518,2026-08-31 00:38:37,466.2354615566234
3519,2026-08-31 01:38:37,466.25085628870113
3520,2026-08-31 02:38:37,466.2632818166145
3521,2026-08-31 03:38:37,466.2943272042348
3522,2026-08-31 04:38:37,466.3508378161433
3523,2026-08-31 05:38:37,466.415874323982
3524,2026-08-31 06:38:37,466.46192361627857
3525,2026-08-31 07:38:37,466.47469422937195
3526,2026-08-31 08:38:37,466.46544686083007
3527,2026-08-31 09:38:37,466.46056232034846
3528,2026-08-31 10:38:37,466.4785292595988
3529,2026-08-31 11:38:37,466.5159323855045
3530,2026-08-31 12:38:37,466.5545627226575
3531,2026-08-31 13:38:37,466.5811420283416
3532,2026-08-31 14:38:37,466.5996933313998
3533,2026-08-31 15:38:37,466.62512079512845
3534,2026-08-31 16:38:37,466.6659303630071
3535,2026-08-31 17:38:37,466.71459861808887
3536,2026-08-31 18:38:37,466.75553831935537
3537,2026-08-31 19:38:37,466.78204743911533
3538,2026-08-31 20:38:37,466.8041931843498
3539,2026-08-31 21:38:37,466.8389379613572
3540,2026-08-31 22:38:37,466.89237217587373
3541,2026-08-31 23:38:37,466.95258038482365
3542,2026-09-01 00:38:37,467.0012592922856
3543,2026-09-01 01:38:37,467.0329709140845
3544,2026-09-01 02:38:37,467.0623744182521
3545,2026-09-01 03:38:37,467.11104678102186
3546,2026-09-01 04:38:37,467.1858186998347
3547,2026-09-01 05:38:37,467.2697335925772
3548,2026-09-01 06:38:37,467.3352585106632
3549,2026-09-01 07:38:37,467.368079583572
3550,2026-09-01 08:38:37,467.3794325564933
3551,2026-09-01 09:38:37,467.39567077599844
3552,2026-09-01 10:38:37,467.43525296524405
3553,2026-09-01 11:38:37,467.4947314931443
3554,2026-09-01 12:38:37,467.5558627031369
3555,2026-09-01 13:38:37,467.6053314048628
3556,2026-09-01 14:38:37,467.6471214998351
3557,2026-09-01 15:38:37,467.6960959410445
3558,2026-09-01 16:38:37,467.7607174850378
3559,2026-09-01 17:38:37,467.8334176670144
3560,2026-09-01 18:38:37,467.89856246185076
3561,2026-09-01 19:38:37,467.949401454752
3562,2026-09-01 20:38:37,467.99595200402075
3563,2026-09-01 21:38:37,468.0551253548158
3564,2026-09-01 22:38:37,468.13295959553255
3565,2026-09-01 23:38:37,468.2174859724569
3566,2026-09-02 00:38:37,468.2903470547233
3567,2026-09-02 01:38:37,468.3460500732848
3568,2026-09-02 02:38:37,468.3991989406032
3569,2026-09-02 03:38:37,468.47131509005305
3570,2026-09-02 04:38:37,468.56917357574525
3571,2026-09-02 05:38:37,468.6757622613962
3572,2026-09-02 06:38:37,468.7634929250964
3573,2026-09-02 07:38:37,468.8179968967819
3574,2026-09-02 08:38:37,468.85045578943846
3575,2026-09-02 09:38:37,468.88716967812246
3576,2026-09-02 10:38:37,468.94654506753056
3577,2026-09-02 11:38:37,469.02508335183757
3578,2026-09-02 12:38:37,469.10449133167253
3579,2026-09-02 13:38:37,469.1714058906878
3580,2026-09-02 14:38:37,469.22976480218233
3581,2026-09-02 15:38:37,469.2943868649197
3582,2026-09-02 16:38:37,469.3736928259149
3583,2026-09-02 17:38:37,469.46007452007785
3584,2026-09-02 18:38:37,469.53786068891606
3585,2026-09-02 19:38:37,469.6002663013253
3586,2026-09-02 20:38:37,469.65727685827414
3587,2026-09-02 21:38:37,469.72577463971317
3588,2026-09-02 22:38:37,469.8117717846992
3589,2026-09-02 23:38:37,469.90327671985307
3590,2026-09-03 00:38:37,469.98191242764864
3591,2026-09-03 01:38:37,470.04216987782104
3592,2026-09-03 02:38:37,470.0986401280972
3593,2026-09-03 03:38:37,470.17283523286324
3594,2026-09-03 04:38:37,470.2715244001726
3595,2026-09-03 05:38:37,470.37769322537764
3596,2026-09-03 06:38:37,470.4637548279557
3597,2026-09-03 07:38:37,470.51534550823214
3598,2026-09-03 08:38:37,470.54365548473487
3599,2026-09-03 09:38:37,470.5749970662831
3600,2026-09-03 10:38:37,470.62779259938833
3601,2026-09-03 11:38:37,470.6985628947811
3602,2026-09-03 12:38:37,470.76903769788913
3603,2026-09-03 13:38:37,470.8258803059246
3604,2026-09-03 14:38:37,470.87305830210056
3605,2026-09-03 15:38:37,470.92542360640493
3606,2026-09-03 16:38:37,470.9914333008923
3607,2026-09-03 17:38:37,471.0635186597633
3608,2026-09-03 18:38:37,471.1260508467495
3609,2026-09-03 19:38:37,471.1722901032171
3610,2026-09-03 20:38:37,471.2122699093306
3611,2026-09-03 21:38:37,471.2629230770123
3612,2026-09-03 22:38:37,471.33031466627455
3613,2026-09-03 23:38:37,471.40250824062974
3614,2026-09-04 00:38:37,471.4611839536849
3615,2026-09-04 01:38:37,471.50089179086143
3616,2026-09-04 02:38:37,471.5362834731294
3617,2026-09-04 03:38:37,471.5889331621413
3618,2026-09-04 04:38:37,471.6656734078351
3619,2026-09-04 05:38:37,471.7495541676396
3620,2026-09-04 06:38:37,471.81305372458434
3621,2026-09-04 07:38:37,471.84187412196
3622,2026-09-04 08:38:37,471.84727167589256
3623,2026-09-04 09:38:37,471.85562492096983
3624,2026-09-04 10:38:37,471.8854223302662
3625,2026-09-04 11:38:37,471.93325051445527
3626,2026-09-04 12:38:37,471.9809044656398
3627,2026-09-04 13:38:37,472.01511194958005
3628,2026-09-04 14:38:37,472.0399040174921
3629,2026-09-04 15:38:37,472.07019483782193
3630,2026-09-04 16:38:37,472.11450230680646
3631,2026-09-04 17:38:37,472.1653168688066
3632,2026-09-04 18:38:37,472.2070670098267
3633,2026-09-04 19:38:37,472.23306824839915
3634,2026-09-04 20:38:37,472.2534071068885
3635,2026-09-04 21:38:37,472.28506702272017
3636,2026-09-04 22:38:37,472.3341610918264
3637,2026-09-04 23:38:37,472.3887981606303
3638,2026-09-05 00:38:37,472.4307007593094
3639,2026-09-05 01:38:37,472.4544582009393
3640,2026-09-05 02:38:37,472.47475835384364
3641,2026-09-05 03:38:37,472.5132082271144
3642,2026-09-05 04:38:37,472.5766698108503
3643,2026-09-05 05:38:37,472.6482190005604
3644,2026-09-05 06:38:37,472.70035643351656
3645,2026-09-05 07:38:37,472.7188028548842
3646,2026-09-05 08:38:37,472.7148295753935
3647,2026-09-05 09:38:37,472.714826375754
3648,2026-09-05 10:38:37,472.7372891994453
3649,2026-09-05 11:38:37,472.77880833853635
3650,2026-09-05 12:38:37,472.8211786783349
3651,2026-09-05 13:38:37,472.85112410441513
3652,2026-09-05 14:38:37,472.87266804322707
3653,2026-09-05 15:38:37,472.90071333649814
3654,2026-09-05 16:38:37,472.9437629081138
3655,2026-09-05 17:38:37,472.9942886541824
3656,2026-09-05 18:38:37,473.0366970194525
3657,2026-09-05 19:38:37,473.06427808390237
3658,2026-09-05 20:38:37,473.087089642208
3659,2026-09-05 21:38:37,473.1220832350881
3660,2026-09-05 22:38:37,473.17533702443177
3661,2026-09-05 23:38:37,473.2349220279174
3662,2026-09-06 00:38:37,473.28252020535814
3663,2026-09-06 01:38:37,473.3126777207313
3664,2026-09-06 02:38:37,473.34003688659504
3665,2026-09-06 03:38:37,473.3861569301581
3666,2026-09-06 04:38:37,473.45785002183175
3667,2026-09-06 05:38:37,473.53814039500685
3668,2026-09-06 06:38:37,473.59947538401457
3669,2026-09-06 07:38:37,473.6275209973465
3670,2026-09-06 08:38:37,473.6334925870866
3671,2026-09-06 09:38:37,473.6437229689027
3672,2026-09-06 10:38:37,473.67665033339415
3673,2026-09-06 11:38:37,473.72880665262784
3674,2026-09-06 12:38:37,473.78192814676146
3675,2026-09-06 13:38:37,473.8226799134541
3676,2026-09-06 14:38:37,473.8550266904439
3677,2026-09-06 15:38:37,473.89381295058973
3678,2026-09-06 16:38:37,473.94748378723375
3679,2026-09-06 17:38:37,474.00845401979404
3680,2026-09-06 18:38:37,474.06107398185605
3681,2026-09-06 19:38:37,474.09857881483924
3682,2026-09-06 20:38:37,474.13097274912263
3683,2026-09-06 21:38:37,474.17515533090756
3684,2026-09-06 22:38:37,474.23715448591116
3685,2026-09-06 23:38:37,474.30499293500054
3686,2026-09-07 00:38:37,474.3603064532222
3687,2026-09-07 01:38:37,474.39759729564724
3688,2026-09-07 02:38:37,474.4314662960434
3689,2026-09-07 03:38:37,474.48343377716157
3690,2026-09-07 04:38:37,474.5602757128942
3691,2026-09-07 05:38:37,474.64498297060067
3692,2026-09-07 06:38:37,474.70997246011046
3693,2026-09-07 07:38:37,474.74088280615285
3694,2026-09-07 08:38:37,474.74890510475706
3695,2026-09-07 09:38:37,474.7603511177562
3696,2026-09-07 10:38:37,474.7936412459197
3697,2026-09-07 11:38:37,474.8452929843968
3698,2026-09-07 12:38:37,474.89703142523786
3699,2026-09-07 13:38:37,474.93551390960573
3700,2026-09-07 14:38:37,474.9647008000544
3701,2026-09-07 15:38:37,474.99943557218893
3702,2026-09-07 16:38:37,475.0481656836705
3703,2026-09-07 17:38:37,475.10331165057835
3704,2026-09-07 18:38:37,475.14923279362426
3705,2026-09-07 19:38:37,475.1791764775005
3706,2026-09-07 20:38:37,475.20316232554313
3707,2026-09-07 21:38:37,475.23810836830944
3708,2026-09-07 22:38:37,475.29006401757283
3709,2026-09-07 23:38:37,475.3470763812221
3710,2026-09-08 00:38:37,475.39080841104084
3711,2026-09-08 01:38:37,475.4157922071987
3712,2026-09-08 02:38:37,475.4366609861394
3713,2026-09-08 03:38:37,475.47496985109296
3714,2026-09-08 04:38:37,475.5375318061767
3715,2026-09-08 05:38:37,475.60737684296026
3716,2026-09-08 06:38:37,475.656962926732
3717,2026-09-08 07:38:37,475.6719714998129
3718,2026-09-08 08:38:37,475.6636380632753
3719,2026-09-08 09:38:37,475.6583201918587
3720,2026-09-08 10:38:37,475.67448532339336
3721,2026-09-08 11:38:37,475.70869902713645
3722,2026-09-08 12:38:37,475.74273531657207
3723,2026-09-08 13:38:37,475.76330111007695
3724,2026-09-08 14:38:37,475.77440681055026
3725,2026-09-08 15:38:37,475.79094620415776
3726,2026-09-08 16:38:37,475.82141713686417
3727,2026-09-08 17:38:37,475.8582903995772
3728,2026-09-08 18:38:37,475.8859752850908
3729,2026-09-08 19:38:37,475.8977686409214
3730,2026-09-08 20:38:37,475.903738900867
3731,2026-09-08 21:38:37,475.92085205463263
3732,2026-09-08 22:38:37,475.9552044477012
3733,2026-09-08 23:38:37,475.9948889275669
3734,2026-09-09 00:38:37,476.02161282896583
3735,2026-09-09 01:38:37,476.02995112251403
3736,2026-09-09 02:38:37,476.0345782340072
3737,2026-09-09 03:38:37,476.0570886741368
3738,2026-09-09 04:38:37,476.10433292010794
3739,2026-09-09 05:38:37,476.15937637845326
3740,2026-09-09 06:38:37,476.19471025672
3741,2026-09-09 07:38:37,476.1960469617612
3742,2026-09-09 08:38:37,476.174650586307
3743,2026-09-09 09:38:37,476.1569048388819
3744,2026-09-09 10:38:37,476.1613007587052
3745,2026-09-09 11:38:37,476.1844249200553
3746,2026-09-09 12:38:37,476.2080696919334
3747,2026-09-09 13:38:37,476.2189576564408
3748,2026-09-09 14:38:37,476.22111215709737
3749,2026-09-09 15:38:37,476.22943717722563
3750,2026-09-09 16:38:37,476.25243800709114
3751,2026-09-09 17:38:37,476.2825901305045
3752,2026-09-09 18:38:37,476.30430479399257
3753,2026-09-09 19:38:37,476.31087808245593
3754,2026-09-09 20:38:37,476.31237498394233
3755,2026-09-09 21:38:37,476.3257554026468
3756,2026-09-09 22:38:37,476.35710701200645
3757,2026-09-09 23:38:37,476.39451146373057
3758,2026-09-10 00:38:37,476.419662444987
3759,2026-09-10 01:38:37,476.4271189078191
3760,2026-09-10 02:38:37,476.4315369775701
3761,2026-09-10 03:38:37,476.4544906796535
3762,2026-09-10 04:38:37,476.5028079256396
3763,2026-09-10 05:38:37,476.5595295874665
3764,2026-09-10 06:38:37,476.5971204868849
3765,2026-09-10 07:38:37,476.6012649173624
3766,2026-09-10 08:38:37,476.58319725948564
3767,2026-09-10 09:38:37,476.5692700443915
3768,2026-09-10 10:38:37,476.5779418062161
3769,2026-09-10 11:38:37,476.60576542747054
3770,2026-09-10 12:38:37,476.6344985425037
3771,2026-09-10 13:38:37,476.65082810189824
3772,2026-09-10 14:38:37,476.6587410683471
3773,2026-09-10 15:38:37,476.67310444353376
3774,2026-09-10 16:38:37,476.7023860840704
3775,2026-09-10 17:38:37,476.73902373657575
3776,2026-09-10 18:38:37,476.7673907544106
3777,2026-09-10 19:38:37,476.7807453193492
3778,2026-09-10 20:38:37,476.78911465026016
3779,2026-09-10 21:38:37,476.8094211573238
3780,2026-09-10 22:38:37,476.84771543311325
3781,2026-09-10 23:38:37,476.892042595813
3782,2026-09-11 00:38:37,476.92406047633864
3783,2026-09-11 01:38:37,476.93829297289756
3784,2026-09-11 02:38:37,476.9493620793484
3785,2026-09-11 03:38:37,476.97880872623136
3786,2026-09-11 04:38:37,477.03342887507966
3787,2026-09-11 05:38:37,477.0962326944063
3788,2026-09-11 06:38:37,477.13965564418544
3789,2026-09-11 07:38:37,477.149354085713
3790,2026-09-11 08:38:37,477.13653597763556
3791,2026-09-11 09:38:37,477.1275290124686
3792,2026-09-11 10:38:37,477.1407685343169
3793,2026-09-11 11:38:37,477.1727859416717
3794,2026-09-11 12:38:37,477.20531914019745
3795,2026-09-11 13:38:37,477.22503714836114
3796,2026-09-11 14:38:37,477.2359108263379
3797,2026-09-11 15:38:37,477.252792927761
3798,2026-09-11 16:38:37,477.28413893234904
3799,2026-09-11 17:38:37,477.322376089581
3800,2026-09-11 18:38:37,477.3518691360232
3801,2026-09-11 19:38:37,477.3658695097119
3802,2026-09-11 20:38:37,477.37439954385593
3803,2026-09-11 21:38:37,477.3943785985327
3804,2026-09-11 22:38:37,477.4318560219848
3805,2026-09-11 23:38:37,477.47487745701875
3806,2026-09-12 00:38:37,477.5051029845561
3807,2026-09-12 01:38:37,477.5170604281976
3808,2026-09-12 02:38:37,477.5253773264848
3809,2026-09-12 03:38:37,477.55160171210116
3810,2026-09-12 04:38:37,477.60253813898476
3811,2026-09-12 05:38:37,477.66120678616505
3812,2026-09-12 06:38:37,477.7000544655579
3813,2026-09-12 07:38:37,477.70475015099026
3814,2026-09-12 08:38:37,477.6865155897732
3815,2026-09-12 09:38:37,477.67169335149356
3816,2026-09-12 10:38:37,477.67873465529885
3817,2026-09-12 11:38:37,477.704187679922
3818,2026-09-12 12:38:37,477.7298079219065
3819,2026-09-12 13:38:37,477.7422827053146
3820,2026-09-12 14:38:37,477.7456018138209
3821,2026-09-12 15:38:37,477.75463744526843
3822,2026-09-12 16:38:37,477.77786494712535
3823,2026-09-12 17:38:37,477.80773176351073
3824,2026-09-12 18:38:37,477.82862305680396
3825,2026-09-12 19:38:37,477.8338108277382
3826,2026-09-12 20:38:37,477.83333801655516
3827,2026-09-12 21:38:37,477.8441445444291
3828,2026-09-12 22:38:37,477.8723001870368
3829,2026-09-12 23:38:37,477.9058707962366
3830,2026-09-13 00:38:37,477.92653636218114
3831,2026-09-13 01:38:37,477.9288442401282
3832,2026-09-13 02:38:37,477.9274410488612
3833,2026-09-13 03:38:37,477.94389338029515
3834,2026-09-13 04:38:37,477.9850237614851
3835,2026-09-13 05:38:37,478.03386969805575
3836,2026-09-13 06:38:37,478.0628946265198
3837,2026-09-13 07:38:37,478.05778339292
3838,2026-09-13 08:38:37,478.02977281923864
3839,2026-09-13 09:38:37,478.00521971239135
3840,2026-09-13 10:38:37,478.0025886571718
3841,2026-09-13 11:38:37,478.0184402974151
3842,2026-09-13 12:38:37,478.0345416709333
3843,2026-09-13 13:38:37,478.0375907014405
3844,2026-09-13 14:38:37,478.03158681842314
3845,2026-09-13 15:38:37,478.03141090487895
3846,2026-09-13 16:38:37,478.04554603140525
3847,2026-09-13 17:38:37,478.0664464070872
3848,2026-09-13 18:38:37,478.0785030101542
3849,2026-09-13 19:38:37,478.0749927220821
3850,2026-09-13 20:38:37,478.06596244760004
3851,2026-09-13 21:38:37,478.06835517954215
3852,2026-09-13 22:38:37,478.08824290028224
3853,2026-09-13 23:38:37,478.11369283537374
3854,2026-09-14 00:38:37,478.1263855515576
3855,2026-09-14 01:38:37,478.12086822303837
3856,2026-09-14 02:38:37,478.1117865727193
3857,2026-09-14 03:38:37,478.12070562761494
3858,2026-09-14 04:38:37,478.1544457293766
3859,2026-09-14 05:38:37,478.19604162860986
3860,2026-09-14 06:38:37,478.21795349008636
3861,2026-09-14 07:38:37,478.20586242602843
3862,2026-09-14 08:38:37,478.1710011184505
3863,2026-09-14 09:38:37,478.13972188514356
3864,2026-09-14 10:38:37,478.1304845302089
3865,2026-09-14 11:38:37,478.1398446831673
3866,2026-09-14 12:38:37,478.14956419175246
3867,2026-09-14 13:38:37,478.146335671359
3868,2026-09-14 14:38:37,478.13415318170155
3869,2026-09-14 15:38:37,478.127892230299
3870,2026-09-14 16:38:37,478.13603056098077
3871,2026-09-14 17:38:37,478.15101715751837
3872,2026-09-14 18:38:37,478.15723792507913
3873,2026-09-14 19:38:37,478.1479648729068
3874,2026-09-14 20:38:37,478.1332402804229
3875,2026-09-14 21:38:37,478.13000280542656
3876,2026-09-14 22:38:37,478.14432042595143
3877,2026-09-14 23:38:37,478.164256731136
3878,2026-09-15 00:38:37,478.171489053113
3879,2026-09-15 01:38:37,478.1605617636661
3880,2026-09-15 02:38:37,478.14611824216655
3881,2026-09-15 03:38:37,478.14972165389196
3882,2026-09-15 04:38:37,478.1781909796009
3883,2026-09-15 05:38:37,478.21456012490313
3884,2026-09-15 06:38:37,478.23128893651983
3885,2026-09-15 07:38:37,478.21405874255333
3886,2026-09-15 08:38:37,478.1741029777827
3887,2026-09-15 09:38:37,478.1377752485029
3888,2026-09-15 10:38:37,478.1235371779811
3889,2026-09-15 11:38:37,478.1279467364851
3890,2026-09-15 12:38:37,478.13276862115185
3891,2026-09-15 13:38:37,478.1246987887648
3892,2026-09-15 14:38:37,478.1077351120885
3893,2026-09-15 15:38:37,478.09675735956625
3894,2026-09-15 16:38:37,478.1002479566761
3895,2026-09-15 17:38:37,478.1106609593228
3896,2026-09-15 18:38:37,478.11238770206063
3897,2026-09-15 19:38:37,478.09870594484937
3898,2026-09-15 20:38:37,478.07966400070796
3899,2026-09-15 21:38:37,478.07220680324224
3900,2026-09-15 22:38:37,478.0824088057843
3901,2026-09-15 23:38:37,478.09834022785594
3902,2026-09-16 00:38:37,478.10168514114775
3903,2026-09-16 01:38:37,478.0869947191256
3904,2026-09-16 02:38:37,478.0689191569845
3905,2026-09-16 03:38:37,478.0690284014119
3906,2026-09-16 04:38:37,478.09414813127387
3907,2026-09-16 05:38:37,478.12731881810515
3908,2026-09-16 06:38:37,478.1410066937494
3909,2026-09-16 07:38:37,478.12089924260874
3910,2026-09-16 08:38:37,478.0782357797561
3911,2026-09-16 09:38:37,478.039375469749
3912,2026-09-16 10:38:37,478.0227851274811
3913,2026-09-16 11:38:37,478.0250275052913
3914,2026-09-16 12:38:37,478.0278716318796
3915,2026-09-16 13:38:37,478.01801730629313
3916,2026-09-16 14:38:37,477.9994657179511
3917,2026-09-16 15:38:37,477.98709939263756
3918,2026-09-16 16:38:37,477.9894029230558
3919,2026-09-16 17:38:37,477.99883191442854
3920,2026-09-16 18:38:37,477.9997786081938
3921,2026-09-16 19:38:37,477.9855210075798
3922,2026-09-16 20:38:37,477.9661069876392
3923,2026-09-16 21:38:37,477.9584803487532
3924,2026-09-16 22:38:37,477.96871370551554
3925,2026-09-16 23:38:37,477.9848747267398
3926,2026-09-17 00:38:37,477.98864421886424
3927,2026-09-17 01:38:37,477.97456937687645
3928,2026-09-17 02:38:37,477.9572957095328
3929,2026-09-17 03:38:37,477.958387778305
3930,2026-09-17 04:38:37,477.984665191097
3931,2026-09-17 05:38:37,478.0191616796728
3932,2026-09-17 06:38:37,478.03433608795694
3933,2026-09-17 07:38:37,478.01586788865
3934,2026-09-17 08:38:37,477.97498778926996
3935,2026-09-17 09:38:37,477.93804578234864
3936,2026-09-17 10:38:37,477.92349898094363
3937,2026-09-17 11:38:37,477.9278999435604
3938,2026-09-17 12:38:37,477.933007053809
3939,2026-09-17 13:38:37,477.92550905789267
3940,2026-09-17 14:38:37,477.90939573065305
3941,2026-09-17 15:38:37,477.89953786990293
3942,2026-09-17 16:38:37,477.9044080773726
3943,2026-09-17 17:38:37,477.9164497565345
3944,2026-09-17 18:38:37,477.9200427900519
3945,2026-09-17 19:38:37,477.90845272040616
3946,2026-09-17 20:38:37,477.89171491596187
3947,2026-09-17 21:38:37,477.88676068124164
3948,2026-09-17 22:38:37,477.89965020298996
3949,2026-09-17 23:38:37,477.91843884751376
3950,2026-09-18 00:38:37,477.9247953012532
3951,2026-09-18 01:38:37,477.9132548784282
3952,2026-09-18 02:38:37,477.8984515022298
3953,2026-09-18 03:38:37,477.901938498715
3954,2026-09-18 04:38:37,477.9305246441777
3955,2026-09-18 05:38:37,477.9672332946022
3956,2026-09-18 06:38:37,477.98451342417445
3957,2026-09-18 07:38:37,477.96803518994295
3958,2026-09-18 08:38:37,477.9290205835691
3959,2026-09-18 09:38:37,477.8938115246187
3960,2026-09-18 10:38:37,477.88085773630524
3961,2026-09-18 11:38:37,477.88670510762586
3962,2026-09-18 12:38:37,477.8931061069773
3963,2026-09-18 13:38:37,477.88674435017333
3964,2026-09-18 14:38:37,477.87160529341554
3965,2026-09-18 15:38:37,477.8625562508577
3966,2026-09-18 16:38:37,477.868067194879
3967,2026-09-18 17:38:37,477.8805797692699
3968,2026-09-18 18:38:37,477.88447297800985
3969,2026-09-18 19:38:37,477.8730123730708
3970,2026-09-18 20:38:37,477.85623422348635
3971,2026-09-18 21:38:37,477.85107162444643
3972,2026-09-18 22:38:37,477.8635874379687
3973,2026-09-18 23:38:37,477.88184058064957
3974,2026-09-19 00:38:37,477.8875041505093
3975,2026-09-19 01:38:37,477.87511871681244
3976,2026-09-19 02:38:37,477.8593242794211
3977,2026-09-19 03:38:37,477.86168103694325
3978,2026-09-19 04:38:37,477.8890054045572
3979,2026-09-19 05:38:37,477.92432911025935
3980,2026-09-19 06:38:37,477.94011019667806
3981,2026-09-19 07:38:37,477.922028545712
3982,2026-09-19 08:38:37,477.88131648710663
3983,2026-09-19 09:38:37,477.8443268456673
3984,2026-09-19 10:38:37,477.8295207682158
3985,2026-09-19 11:38:37,477.8334560344546
3986,2026-09-19 12:38:37,477.8378974170931
3987,2026-09-19 13:38:37,477.82954119443
3988,2026-09-19 14:38:37,477.8123857861823
3989,2026-09-19 15:38:37,477.80131171248723
3990,2026-09-19 16:38:37,477.804802334501
3991,2026-09-19 17:38:37,477.815312807059
3992,2026-09-19 18:38:37,477.81723570637286
3993,2026-09-19 19:38:37,477.80385015653707
3994,2026-09-19 20:38:37,477.7852059373208
3995,2026-09-19 21:38:37,477.7782495323776
3996,2026-09-19 22:38:37,477.78905700961906
3997,2026-09-19 23:38:37,477.8057002496873
3998,2026-09-20 00:38:37,477.80986501468766
3999,2026-09-20 01:38:37,477.79610418146
4000,2026-09-20 02:38:37,477.7790696461346
4001,2026-09-20 03:38:37,477.78033303958904
4002,2026-09-20 04:38:37,477.8067216948363
4003,2026-09-20 05:38:37,477.8412776954476
4004,2026-09-20 06:38:37,477.85646883229316
4005,2026-09-20 07:38:37,477.8379840861462
4006,2026-09-20 08:38:37,477.7970641974205
4007,2026-09-20 09:38:37,477.76006967792216
4008,2026-09-20 10:38:37,477.74546860595876
4009,2026-09-20 11:38:37,477.7498249090189
4010,2026-09-20 12:38:37,477.75490869960265
4011,2026-09-20 13:38:37,477.7474207674577
4012,2026-09-20 14:38:37,477.73136319912135
4013,2026-09-20 15:38:37,477.72161932474836
4014,2026-09-20 16:38:37,477.7266744507349
4015,2026-09-20 17:38:37,477.7389848086171
4016,2026-09-20 18:38:37,477.74294318320267
4017,2026-09-20 19:38:37,477.73182804374954
4018,2026-09-20 20:38:37,477.71568766060176
4019,2026-09-20 21:38:37,477.711466166329
4020,2026-09-20 22:38:37,477.72523645314664
4021,2026-09-20 23:38:37,477.7450664223137
4022,2026-09-21 00:38:37,477.75263707768005
4023,2026-09-21 01:38:37,477.7424957874491
4024,2026-09-21 02:38:37,477.7292882208039
4025,2026-09-21 03:38:37,477.73457909875486
4026,2026-09-21 04:38:37,477.76518820019186
4027,2026-09-21 05:38:37,477.80414945188767
4028,2026-09-21 06:38:37,477.8239219296317
4029,2026-09-21 07:38:37,477.810185387734
4030,2026-09-21 08:38:37,477.7741708779763
4031,2026-09-21 09:38:37,477.7422288126124
4032,2026-09-21 10:38:37,477.7328168124529
4033,2026-09-21 11:38:37,477.74248804406864
4034,2026-09-21 12:38:37,477.7530016113141
4035,2026-09-21 13:38:37,477.7510471041803
4036,2026-09-21 14:38:37,477.7406152755887
4037,2026-09-21 15:38:37,477.7365780457914
4038,2026-09-21 16:38:37,477.74740929260423
4039,2026-09-21 17:38:37,477.7655538576337
4040,2026-09-21 18:38:37,477.7753932312
4041,2026-09-21 19:38:37,477.77019473941107
4042,2026-09-21 20:38:37,477.7599957155823
4043,2026-09-21 21:38:37,477.7617296147121
4044,2026-09-21 22:38:37,477.7814589625487
4045,2026-09-21 23:38:37,477.80724165464795
4046,2026-09-22 00:38:37,477.8207490973858
4047,2026-09-22 01:38:37,477.8165195146758
4048,2026-09-22 02:38:37,477.80918992688873
4049,2026-09-22 03:38:37,477.82031694105183
4050,2026-09-22 04:38:37,477.8567127931533
4051,2026-09-22 05:38:37,477.9014044710783
4052,2026-09-22 06:38:37,477.92684474521667
4053,2026-09-22 07:38:37,477.91870772380696
4054,2026-09-22 08:38:37,477.88821949398243
4055,2026-09-22 09:38:37,477.8617262029894
4056,2026-09-22 10:38:37,477.857681920559
4057,2026-09-22 11:38:37,477.87263698634285
4058,2026-09-22 12:38:37,477.88834840760757
4059,2026-09-22 13:38:37,477.89150441014044
4060,2026-09-22 14:38:37,477.8860951129987
4061,2026-09-22 15:38:37,477.88699252676724
4062,2026-09-22 16:38:37,477.90267133355894
4063,2026-09-22 17:38:37,477.9255778790425
4064,2026-09-22 18:38:37,477.9400958392254
4065,2026-09-22 19:38:37,477.93949538554085
4066,2026-09-22 20:38:37,477.93381733060795
4067,2026-09-22 21:38:37,477.93999921346017
4068,2026-09-22 22:38:37,477.9641082159475
4069,2026-09-22 23:38:37,477.99420742590706
4070,2026-09-23 00:38:37,478.01197393924843
4071,2026-09-23 01:38:37,478.0119521248943
4072,2026-09-23 02:38:37,478.0087855593371
4073,2026-09-23 03:38:37,478.02403777009977
4074,2026-09-23 04:38:37,478.0645282291666
4075,2026-09-23 05:38:37,478.11329142521464
4076,2026-09-23 06:38:37,478.14278784193664
4077,2026-09-23 07:38:37,478.13869945976614
4078,2026-09-23 08:38:37,478.11226034235057
4079,2026-09-23 09:38:37,478.089824662438
4080,2026-09-23 10:38:37,478.08985450852015
4081,2026-09-23 11:38:37,478.10890817643025
4082,2026-09-23 12:38:37,478.12875051138894
4083,2026-09-23 13:38:37,478.13607740376204
4084,2026-09-23 14:38:37,478.1348864094477
4085,2026-09-23 15:38:37,478.1400566948885
4086,2026-09-23 16:38:37,478.1600697652037
4087,2026-09-23 17:38:37,478.1873784060196
4088,2026-09-23 18:38:37,478.206372302025
4089,2026-09-23 19:38:37,478.2103271560464
4090,2026-09-23 20:38:37,478.2092887912857
4091,2026-09-23 21:38:37,478.2201991957424
4092,2026-09-23 22:38:37,478.2491294007876
4093,2026-09-23 23:38:37,478.28414570967385
4094,2026-09-24 00:38:37,478.3069277683414
4095,2026-09-24 01:38:37,478.3120218026463
4096,2026-09-24 02:38:37,478.31407252893405
4097,2026-09-24 03:38:37,478.3346438774034
4098,2026-09-24 04:38:37,478.3805549694226
4099,2026-09-24 05:38:37,478.43483917779025
4100,2026-09-24 06:38:37,478.4699550972442
4101,2026-09-24 07:38:37,478.47158204269067
4102,2026-09-24 08:38:37,478.4509506364057
4103,2026-09-24 09:38:37,478.4344108390611
4104,2026-09-24 10:38:37,478.4404197657432
4105,2026-09-24 11:38:37,478.46552999126243
4106,2026-09-24 12:38:37,478.49149991015616
4107,2026-09-24 13:38:37,478.5050182545491
4108,2026-09-24 14:38:37,478.5100747407414
4109,2026-09-24 15:38:37,478.5215400443706
4110,2026-09-24 16:38:37,478.5478865625303
4111,2026-09-24 17:38:37,478.5815573932499
4112,2026-09-24 18:38:37,478.60693199518926
4113,2026-09-24 19:38:37,478.6172753511588
4114,2026-09-24 20:38:37,478.62262211785907
4115,2026-09-24 21:38:37,478.63990272068554
4116,2026-09-24 22:38:37,478.6751762852579
4117,2026-09-24 23:38:37,478.7164969212408
4118,2026-09-25 00:38:37,478.7455318505224
4119,2026-09-25 01:38:37,478.75681470358893
4120,2026-09-25 02:38:37,478.76497749071183
4121,2026-09-25 03:38:37,478.79157138710724
4122,2026-09-25 04:38:37,478.84340277290005
4123,2026-09-25 05:38:37,478.90349235654685
4124,2026-09-25 06:38:37,478.94428620874686
4125,2026-09-25 07:38:37,478.95145132389786
4126,2026-09-25 08:38:37,478.93620627012973
4127,2026-09-25 09:38:37,478.9248892823243
4128,2026-09-25 10:38:37,478.93594613906225
4129,2026-09-25 11:38:37,478.96591852740505
4130,2026-09-25 12:38:37,478.9965544606121
4131,2026-09-25 13:38:37,479.014532851677
4132,2026-09-25 14:38:37,479.0238342132064
4133,2026-09-25 15:38:37,479.0393206832413
4134,2026-09-25 16:38:37,479.06945683508155
4135,2026-09-25 17:38:37,479.1066787012936
4136,2026-09-25 18:38:37,479.1353594744689
4137,2026-09-25 19:38:37,479.14875870814313
4138,2026-09-25 20:38:37,479.1569065000317
4139,2026-09-25 21:38:37,479.17672961623373
4140,2026-09-25 22:38:37,479.2142844478955
4141,2026-09-25 23:38:37,479.2576233157383
4142,2026-09-26 00:38:37,479.28841261438185
4143,2026-09-26 01:38:37,479.30118612019123
4144,2026-09-26 02:38:37,479.3105769691814
4145,2026-09-26 03:38:37,479.3381384440631
4146,2026-09-26 04:38:37,479.39068001123854
4147,2026-09-26 05:38:37,479.45122643637245
4148,2026-09-26 06:38:37,479.4922288055837
4149,2026-09-26 07:38:37,479.4993600693621
4150,2026-09-26 08:38:37,479.4838456702723
4151,2026-09-26 09:38:37,479.4720316089818
4152,2026-09-26 10:38:37,479.4823722896187
4153,2026-09-26 11:38:37,479.5114188485522
4154,2026-09-26 12:38:37,479.5409295318025
4155,2026-09-26 13:38:37,479.557594224184
4156,2026-09-26 14:38:37,479.56540510089985
4157,2026-09-26 15:38:37,479.5792366013926
4158,2026-09-26 16:38:37,479.60756618379537
4159,2026-09-26 17:38:37,479.6428432903843
4160,2026-09-26 18:38:37,479.66945498693514
4161,2026-09-26 19:38:37,479.6806750996314
4162,2026-09-26 20:38:37,479.68654833205
4163,2026-09-26 21:38:37,479.704016321186
4164,2026-09-26 22:38:37,479.7391505243256
4165,2026-09-26 23:38:37,479.7800184525677
4166,2026-09-27 00:38:37,479.8083017432434
4167,2026-09-27 01:38:37,479.81854939536964
4168,2026-09-27 02:38:37,479.8254096750015
4169,2026-09-27 03:38:37,479.85045082998545
4170,2026-09-27 04:38:37,479.9004970552589
4171,2026-09-27 05:38:37,479.9585875377509
4172,2026-09-27 06:38:37,479.99718740823
4173,2026-09-27 07:38:37,480.001983217667
4174,2026-09-27 08:38:37,479.98421349946415
4175,2026-09-27 09:38:37,479.97023677246966
4176,2026-09-27 10:38:37,479.9785193261593
4177,2026-09-27 11:38:37,480.00562349235526
4178,2026-09-27 12:38:37,480.0333179690754
4179,2026-09-27 13:38:37,480.04830229986914
4180,2026-09-27 14:38:37,480.0545774796833
4181,2026-09-27 15:38:37,480.06702588731866
4182,2026-09-27 16:38:37,480.09413200307444
4183,2026-09-27 17:38:37,480.1283513422221
4184,2026-09-27 18:38:37,480.1540760673976
4185,2026-09-27 19:38:37,480.16458410376873
4186,2026-09-27 20:38:37,480.16992323963865
4187,2026-09-27 21:38:37,480.1870371715929
4188,2026-09-27 22:38:37,480.2219983861055
4189,2026-09-27 23:38:37,480.26287439346646
4190,2026-09-28 00:38:37,480.29134580635133
4191,2026-09-28 01:38:37,480.30195958716337
4192,2026-09-28 02:38:37,480.3093609710326
4193,2026-09-28 03:38:37,480.33511420390215
4194,2026-09-28 04:38:37,480.38603853682235
4195,2026-09-28 05:38:37,480.4451673053491
4196,2026-09-28 06:38:37,480.484958921347
4197,2026-09-28 07:38:37,480.4910923945125
4198,2026-09-28 08:38:37,480.47479794487344
4199,2026-09-28 09:38:37,480.46242506093046
4200,2026-09-28 10:38:37,480.47243034455533
4201,2026-09-28 11:38:37,480.5013658468307
4202,2026-09-28 12:38:37,480.5309894600518
4203,2026-09-28 13:38:37,480.54798946898205
4204,2026-09-28 14:38:37,480.55635523206126
4205,2026-09-28 15:38:37,480.570957192262
4206,2026-09-28 16:38:37,480.60026767582156
4207,2026-09-28 17:38:37,480.6367299090945
4208,2026-09-28 18:38:37,480.6647237162133
4209,2026-09-28 19:38:37,480.6775147209758
4210,2026-09-28 20:38:37,480.68513853520074
4211,2026-09-28 21:38:37,480.7045268921967
4212,2026-09-28 22:38:37,480.74174061682436
4213,2026-09-28 23:38:37,480.78483594753357
4214,2026-09-29 00:38:37,480.81548270224914
4215,2026-09-29 01:38:37,480.8282176117663
4216,2026-09-29 02:38:37,480.8376763270647
4217,2026-09-29 03:38:37,480.8654142395328
4218,2026-09-29 04:38:37,480.9182425547378
4219,2026-09-29 05:38:37,480.9791874482127
4220,2026-09-29 06:38:37,481.0207011301154
4221,2026-09-29 07:38:37,481.0284574356384
4222,2026-09-29 08:38:37,481.01368250202836
4223,2026-09-29 09:38:37,481.002722886458
4224,2026-09-29 10:38:37,481.01403346554906
4225,2026-09-29 11:38:37,481.04416582026727
4226,2026-09-29 12:38:37,481.0748786711901
4227,2026-09-29 13:38:37,481.0928624668481
4228,2026-09-29 14:38:37,481.1021100955878
4229,2026-09-29 15:38:37,481.11749692038023
4230,2026-09-29 16:38:37,481.147501594591
4231,2026-09-29 17:38:37,481.18457508873354
4232,2026-09-29 18:38:37,481.21310639073994
4233,2026-09-29 19:38:37,481.2263717030567
4234,2026-09-29 20:38:37,481.2344186186503
4235,2026-09-29 21:38:37,481.25419223456834
4236,2026-09-29 22:38:37,481.29176809444635
4237,2026-09-29 23:38:37,481.3352184754073
4238,2026-09-30 00:38:37,481.36623051120165
4239,2026-09-30 01:38:37,481.3793594754059
4240,2026-09-30 02:38:37,481.38926073112384
4241,2026-09-30 03:38:37,481.4175104864054
4242,2026-09-30 04:38:37,481.4709417961391
4243,2026-09-30 05:38:37,481.532603639179
4244,2026-09-30 06:38:37,481.5749718977619
4245,2026-09-30 07:38:37,481.58374485641883
4246,2026-09-30 08:38:37,481.5701737815563
4247,2026-09-30 09:38:37,481.5606309363009
4248,2026-09-30 10:38:37,481.57359737179013
4249,2026-09-30 11:38:37,481.6056511990744
4250,2026-09-30 12:38:37,481.6385779070361
4251,2026-09-30 13:38:37,481.6590948295256
4252,2026-09-30 14:38:37,481.6712217326389
4253,2026-09-30 15:38:37,481.6898607220858
4254,2026-09-30 16:38:37,481.72351692919034
4255,2026-09-30 17:38:37,481.7646674061218
4256,2026-09-30 18:38:37,481.7977266934278
4257,2026-09-30 19:38:37,481.81599588376446
4258,2026-09-30 20:38:37,481.82954666453804
4259,2026-09-30 21:38:37,481.8553472986348
4260,2026-09-30 22:38:37,481.89949543530264
4261,2026-09-30 23:38:37,481.95008426718294
4262,2026-10-01 00:38:37,481.9888205260041
4263,2026-10-01 01:38:37,482.01027764127474
4264,2026-10-01 02:38:37,482.0291275691339
4265,2026-10-01 03:38:37,482.0669614310349
4266,2026-10-01 04:38:37,482.1306254037194
4267,2026-10-01 05:38:37,482.2031796897066
4268,2026-10-01 06:38:37,482.2571093959643
4269,2026-10-01 07:38:37,482.2781199384819
4270,2026-10-01 08:38:37,482.27746753440175
4271,2026-10-01 09:38:37,482.28152713682937
4272,2026-10-01 10:38:37,482.30878015392756
4273,2026-10-01 11:38:37,482.3558026569035
4274,2026-10-01 12:38:37,482.4043756426969
4275,2026-10-01 13:38:37,482.4412094549115
4276,2026-10-01 14:38:37,482.47031433427844
4277,2026-10-01 15:38:37,482.50658029887535
4278,2026-10-01 16:38:37,482.55849781287975
4279,2026-10-01 17:38:37,482.6185266747182
4280,2026-10-01 18:38:37,482.67106158781195
4281,2026-10-01 19:38:37,482.7093812379653
4282,2026-10-01 20:38:37,482.74353236020056
4283,2026-10-01 21:38:37,482.7904557542867
4284,2026-10-01 22:38:37,482.8562191409478
4285,2026-10-01 23:38:37,482.9288833748218
4286,2026-10-02 00:38:37,482.9901205064827
4287,2026-10-02 01:38:37,483.03446701779734
4288,2026-10-02 02:38:37,483.076555737568
4289,2026-10-02 03:38:37,483.13793657694936
4290,2026-10-02 04:38:37,483.22541252575314
4291,2026-10-02 05:38:37,483.32199873863095
4292,2026-10-02 06:38:37,483.4001335384591
4293,2026-10-02 07:38:37,483.44547395411763
4294,2026-10-02 08:38:37,483.4692263540712
4295,2026-10-02 09:38:37,483.4977145302868
4296,2026-10-02 10:38:37,483.54936757358405
4297,2026-10-02 11:38:37,483.62070824453446
4298,2026-10-02 12:38:37,483.69346340513425
4299,2026-10-02 13:38:37,483.75428861410944
4300,2026-10-02 14:38:37,483.80713885662703
4301,2026-10-02 15:38:37,483.86684860790274
4302,2026-10-02 16:38:37,483.9418526887881
4303,2026-10-02 17:38:37,484.0245553435407
4304,2026-10-02 18:38:37,484.0992960022481
4305,2026-10-02 19:38:37,484.1592985511736
4306,2026-10-02 20:38:37,484.2145555931442
4307,2026-10-02 21:38:37,484.2819546564081
4308,2026-10-02 22:38:37,484.3675112432337
4309,2026-10-02 23:38:37,484.4592352335203
4310,2026-10-03 00:38:37,484.53874913502284
4311,2026-10-03 01:38:37,484.60054150362413
4312,2026-10-03 02:38:37,484.65919903991454
4313,2026-10-03 03:38:37,484.7362275008258
4314,2026-10-03 04:38:37,484.83838786662835
4315,2026-10-03 05:38:37,484.9486555916943
4316,2026-10-03 06:38:37,485.03943176552826
4317,2026-10-03 07:38:37,485.0963388006944
4318,2026-10-03 08:38:37,485.1305512083233
4319,2026-10-03 09:38:37,485.16836381518493
4320,2026-10-03 10:38:37,485.22817976275206
4321,2026-10-03 11:38:37,485.3064989919313
4322,2026-10-03 12:38:37,485.38502877805956
4323,2026-10-03 13:38:37,485.4504084186495
4324,2026-10-03 14:38:37,485.5065800441203
4325,2026-10-03 15:38:37,485.56836875071235
4326,2026-10-03 16:38:37,485.6442035132166
4327,2026-10-03 17:38:37,485.7264863075162
4328,2026-10-03 18:38:37,485.7995579051032
4329,2026-10-03 19:38:37,485.85664716262386
4330,2026-10-03 20:38:37,485.90775528844125
4331,2026-10-03 21:38:37,485.969782044568
4332,2026-10-03 22:38:37,486.0487587750904
4333,2026-10-03 23:38:37,486.13271477645986
4334,2026-10-04 00:38:37,486.20329550123455
4335,2026-10-04 01:38:37,486.2550159188569
4336,2026-10-04 02:38:37,486.30249253983663
4337,2026-10-04 03:38:37,486.3672642423152
4338,2026-10-04 04:38:37,486.456128341603
4339,2026-10-04 05:38:37,486.55209973138057
4340,2026-10-04 06:38:37,486.6276219233583
4341,2026-10-04 07:38:37,486.6683626025835
4342,2026-10-04 08:38:37,486.68554425938265
4343,2026-10-04 09:38:37,486.705512252487
4344,2026-10-04 10:38:37,486.7467226443308
4345,2026-10-04 11:38:37,486.8057305127125
4346,2026-10-04 12:38:37,486.8643003040954
4347,2026-10-04 13:38:37,486.90913033168573
4348,2026-10-04 14:38:37,486.94422338915626
4349,2026-10-04 15:38:37,486.9844666799951
4350,2026-10-04 16:38:37,487.03835252088373
4351,2026-10-04 17:38:37,487.09834724977856
4352,2026-10-04 18:38:37,487.1488568017326
4353,2026-10-04 19:38:37,487.18317577635014
4354,2026-10-04 20:38:37,487.2113714796002
4355,2026-10-04 21:38:37,487.25040989925554
4356,2026-10-04 22:38:37,487.30638850597245
4357,2026-10-04 23:38:37,487.367402396133
4358,2026-10-05 00:38:37,487.41516226898625
4359,2026-10-05 01:38:37,487.44424756251277
4360,2026-10-05 02:38:37,487.46933825522535
4361,2026-10-05 03:38:37,487.5120354737283
4362,2026-10-05 04:38:37,487.579197347518
4363,2026-10-05 05:38:37,487.6538979404236
4364,2026-10-05 06:38:37,487.7086380864353
4365,2026-10-05 07:38:37,487.7291407477656
4366,2026-10-05 08:38:37,487.7266814569395
4367,2026-10-05 09:38:37,487.72765619819256
4368,2026-10-05 10:38:37,487.7505690698801
4369,2026-10-05 11:38:37,487.7920204327091
4370,2026-10-05 12:38:37,487.833817109721
4371,2026-10-05 13:38:37,487.86269674176486
4372,2026-10-05 14:38:37,487.8826982698695
4373,2026-10-05 15:38:37,487.9087417449647
4374,2026-10-05 16:38:37,487.9493489238946
4375,2026-10-05 17:38:37,487.99701208270096
4376,2026-10-05 18:38:37,488.036159510667
4377,2026-10-05 19:38:37,488.0601045092775
4378,2026-10-05 20:38:37,488.0789293791012
4379,2026-10-05 21:38:37,488.10961135403915
4380,2026-10-05 22:38:37,488.158255375149
4381,2026-10-05 23:38:37,488.2129602202145
4382,2026-10-06 00:38:37,488.255436481683
4383,2026-10-06 01:38:37,488.2802597173495
4384,2026-10-06 02:38:37,488.30210228096075
4385,2026-10-06 03:38:37,488.3425539724042
4386,2026-10-06 04:38:37,488.40845794882665
4387,2026-10-06 05:38:37,488.4828697257998
4388,2026-10-06 06:38:37,488.53826809606085
4389,2026-10-06 07:38:37,488.5603505832697
4390,2026-10-06 08:38:37,488.56036399225854
4391,2026-10-06 09:38:37,488.56467241056185
4392,2026-10-06 10:38:37,488.59174500248565
4393,2026-10-06 11:38:37,488.63814429999576
4394,2026-10-06 12:38:37,488.68563655576975
4395,2026-10-06 13:38:37,488.720916261556
4396,2026-10-06 14:38:37,488.74797680261946
4397,2026-10-06 15:38:37,488.7816904480085
4398,2026-10-06 16:38:37,488.83052913487546
4399,2026-10-06 17:38:37,488.88693347714633
4400,2026-10-06 18:38:37,488.93527846116336
4401,2026-10-06 19:38:37,488.9688226517386
4402,2026-10-06 20:38:37,488.9975923907936
4403,2026-10-06 21:38:37,489.0385079471882
4404,2026-10-06 22:38:37,489.09761650909746
4405,2026-10-06 23:38:37,489.1629585343087
4406,2026-10-07 00:38:37,489.2161859501094
4407,2026-10-07 01:38:37,489.25181552638765
4408,2026-10-07 02:38:37,489.284460928177
4409,2026-10-07 03:38:37,489.3356535864969
4410,2026-10-07 04:38:37,489.41217882794933
4411,2026-10-07 05:38:37,489.49703509141466
4412,2026-10-07 06:38:37,489.56264505846667
4413,2026-10-07 07:38:37,489.5946513142042
4414,2026-10-07 08:38:37,489.6042470991718
4415,2026-10-07 09:38:37,489.61774450637967
4416,2026-10-07 10:38:37,489.6535624639669
4417,2026-10-07 11:38:37,489.7082152070792
4418,2026-10-07 12:38:37,489.7634228036361
4419,2026-10-07 13:38:37,489.80583583647154
4420,2026-10-07 14:38:37,489.83940621206733
4421,2026-10-07 15:38:37,489.87896729501307
4422,2026-10-07 16:38:37,489.9329548259425
4423,2026-10-07 17:38:37,489.9937760527397
4424,2026-10-07 18:38:37,490.0457755372592
4425,2026-10-07 19:38:37,490.08218446054383
4426,2026-10-07 20:38:37,490.1130049084654
4427,2026-10-07 21:38:37,490.1551360960416
4428,2026-10-07 22:38:37,490.2146074216236
4429,2026-10-07 23:38:37,490.27944486607475
4430,2026-10-08 00:38:37,490.331289228584
4431,2026-10-08 01:38:37,490.3646495225389
4432,2026-10-08 02:38:37,490.3941350377878
4433,2026-10-08 03:38:37,490.44127620809525
4434,2026-10-08 04:38:37,490.51286072438205
4435,2026-10-08 05:38:37,490.59189272219686
4436,2026-10-08 06:38:37,490.6508038702328
4437,2026-10-08 07:38:37,490.67524897686843
4438,2026-10-08 08:38:37,490.6764366755944
4439,2026-10-08 09:38:37,490.680697543782
4440,2026-10-08 10:38:37,490.7064719956262
4441,2026-10-08 11:38:37,490.7502986533018
4442,2026-10-08 12:38:37,490.7939247614524
4443,2026-10-08 13:38:37,490.8240307480239
4444,2026-10-08 14:38:37,490.8446009021646
4445,2026-10-08 15:38:37,490.87050336894566
4446,2026-10-08 16:38:37,490.9102109192234
4447,2026-10-08 17:38:37,490.9561699251008
4448,2026-10-08 18:38:37,490.9927660038808
4449,2026-10-08 19:38:37,491.0132731542041
4450,2026-10-08 20:38:37,491.02773786698276
4451,2026-10-08 21:38:37,491.05310517014505
4452,2026-10-08 22:38:37,491.0954514990988
4453,2026-10-08 23:38:37,491.1428509088148
4454,2026-10-09 00:38:37,491.1769931199181
4455,2026-10-09 01:38:37,491.192436723009
4456,2026-10-09 02:38:37,491.2038410482843
4457,2026-10-09 03:38:37,491.2327868400644
4458,2026-10-09 04:38:37,491.28611217757816
4459,2026-10-09 05:38:37,491.34687147119456
4460,2026-10-09 06:38:37,491.3875463616998
4461,2026-10-09 07:38:37,491.39384114028815
4462,2026-10-09 08:38:37,491.3770132509188
4463,2026-10-09 09:38:37,491.36344123010525
4464,2026-10-09 10:38:37,491.3716124257546
4465,2026-10-09 11:38:37,491.3981111996468
4466,2026-10-09 12:38:37,491.4247291793776
4467,2026-10-09 13:38:37,491.43818966333976
4468,2026-10-09 14:38:37,491.44251815003116
4469,2026-10-09 15:38:37,491.45262219198895
4470,2026-10-09 16:38:37,491.4770120331531
4471,2026-10-09 17:38:37,491.5081694605935
4472,2026-10-09 18:38:37,491.5305133338691
4473,2026-10-09 19:38:37,491.5373486161546
4474,2026-10-09 20:38:37,491.5387503900125
4475,2026-10-09 21:38:37,491.55168981716804
4476,2026-10-09 22:38:37,491.58226693440844
4477,2026-10-09 23:38:37,491.6185768017357
4478,2026-10-10 00:38:37,491.6423274952794
4479,2026-10-10 01:38:37,491.6480932693742
4480,2026-10-10 02:38:37,491.65054639483037
4481,2026-10-10 03:38:37,491.6712778131322
4482,2026-10-10 04:38:37,491.71713304780513
4483,2026-10-10 05:38:37,491.7711712021229
4484,2026-10-10 06:38:37,491.80587587060205
4485,2026-10-10 07:38:37,491.8069505818211
4486,2026-10-10 08:38:37,491.78564933399326
4487,2026-10-10 09:38:37,491.7683445781181
4488,2026-10-10 10:38:37,491.7735149900599
4489,2026-10-10 11:38:37,491.79773373581094
4490,2026-10-10 12:38:37,491.82277879539913
4491,2026-10-10 13:38:37,491.83535744864423
4492,2026-10-10 14:38:37,491.8394768935956
4493,2026-10-10 15:38:37,491.8500241975046
4494,2026-10-10 16:38:37,491.87548703868515
4495,2026-10-10 17:38:37,491.90832266960564
4496,2026-10-10 18:38:37,491.9329235640349
4497,2026-10-10 19:38:37,491.9425665717553
4498,2026-10-10 20:38:37,491.94729706319293
4499,2026-10-10 21:38:37,491.9640550226774
4500,2026-10-10 22:38:37,491.99890798192064
4501,2026-10-10 23:38:37,492.03991730914896
4502,2026-10-11 00:38:37,492.06875634584975
4503,2026-10-11 01:38:37,492.07996371483193
4504,2026-10-11 02:38:37,492.0881753060806
4505,2026-10-11 03:38:37,492.1149450794395
4506,2026-10-11 04:38:37,492.1670811247821
4507,2026-10-11 05:38:37,492.22760480819477
4508,2026-10-11 06:38:37,492.26896183102
4509,2026-10-11 07:38:37,492.27681781871604
4510,2026-10-11 08:38:37,492.2623890003097
4511,2026-10-11 09:38:37,492.25201033279586
4512,2026-10-11 10:38:37,492.2641234111675
4513,2026-10-11 11:38:37,492.29526486789376
4514,2026-10-11 12:38:37,492.32717682675036
4515,2026-10-11 13:38:37,492.3465315137228
4516,2026-10-11 14:38:37,492.35730199537255
4517,2026-10-11 15:38:37,492.37434224408304
4518,2026-10-11 16:38:37,492.4061079881257
4519,2026-10-11 17:38:37,492.4450257765465
4520,2026-10-11 18:38:37,492.47545872133475
4521,2026-10-11 19:38:37,492.49065574010456
4522,2026-10-11 20:38:37,492.50063578134444
4523,2026-10-11 21:38:37,492.52231399075407
4524,2026-10-11 22:38:37,492.56173471002126
4525,2026-10-11 23:38:37,492.60693782334926
4526,2026-10-12 00:38:37,492.6395769435447
4527,2026-10-12 01:38:37,492.6541727612938
4528,2026-10-12 02:38:37,492.66534506407123
4529,2026-10-12 03:38:37,492.69463356366794
4530,2026-10-12 04:38:37,492.7488339730622
4531,2026-10-12 05:38:37,492.8109571611982
4532,2026-10-12 06:38:37,492.85344021263154
4533,2026-10-12 07:38:37,492.8619420090794
4534,2026-10-12 08:38:37,492.8476738939077
4535,2026-10-12 09:38:37,492.83696777400536
4536,2026-10-12 10:38:37,492.84826400003874
4537,2026-10-12 11:38:37,492.87809972909935
4538,2026-10-12 12:38:37,492.90821933496676
4539,2026-10-12 13:38:37,492.92529896902244
4540,2026-10-12 14:38:37,492.9333172425093
4541,2026-10-12 15:38:37,492.94713522995204
4542,2026-10-12 16:38:37,492.97521725202967
4543,2026-10-12 17:38:37,493.0099998683078
4544,2026-10-12 18:38:37,493.0358575427075
4545,2026-10-12 19:38:37,493.04605180538306
4546,2026-10-12 20:38:37,493.0506153934786
4547,2026-10-12 21:38:37,493.066478329779
4548,2026-10-12 22:38:37,493.09970083100404
4549,2026-10-12 23:38:37,493.1383395616014
4550,2026-10-13 00:38:37,493.1640657252548
4551,2026-10-13 01:38:37,493.17141831824506
4552,2026-10-13 02:38:37,493.1750360515538
4553,2026-10-13 03:38:37,493.1964780811741
4554,2026-10-13 04:38:37,493.2425599878408
4555,2026-10-13 05:38:37,493.29631283512754
4556,2026-10-13 06:38:37,493.3301941334137
4557,2026-10-13 07:38:37,493.3298833271035
4558,2026-10-13 08:38:37,493.3066123666066
4559,2026-10-13 09:38:37,493.2867337199003
4560,2026-10-13 10:38:37,493.28870816509215
4561,2026-10-13 11:38:37,493.3090930683165
4562,2026-10-13 12:38:37,493.3296527125934
4563,2026-10-13 13:38:37,493.3370827809537
4564,2026-10-13 14:38:37,493.33538096488667
4565,2026-10-13 15:38:37,493.33942689814637
4566,2026-10-13 16:38:37,493.3577028745293
4567,2026-10-13 17:38:37,493.38266278019637
4568,2026-10-13 18:38:37,493.39869770366954
4569,2026-10-13 19:38:37,493.39908504731324
4570,2026-10-13 20:38:37,493.39387262294616
4571,2026-10-13 21:38:37,493.4000046906779
4572,2026-10-13 22:38:37,493.423554832876
4573,2026-10-13 23:38:37,493.4525921790936
4574,2026-10-14 00:38:37,493.4687994742811
4575,2026-10-14 01:38:37,493.46672631437406
4576,2026-10-14 02:38:37,493.46102105615716
4577,2026-10-14 03:38:37,493.4732515407865
4578,2026-10-14 04:38:37,493.51024107211833
4579,2026-10-14 05:38:37,493.55502747870395
4580,2026-10-14 06:38:37,493.5800740867625
4581,2026-10-14 07:38:37,493.57106522144664
4582,2026-10-14 08:38:37,493.539236797651
4583,2026-10-14 09:38:37,493.5109443550146
4584,2026-10-14 10:38:37,493.50465087833464
4585,2026-10-14 11:38:37,493.51691510745286
4586,2026-10-14 12:38:37,493.529501901968
4587,2026-10-14 13:38:37,493.5291067638623
4588,2026-10-14 14:38:37,493.51972648874414
4589,2026-10-14 15:38:37,493.51623914546735
4590,2026-10-14 16:38:37,493.5271248424229
4591,2026-10-14 17:38:37,493.54483471075025
4592,2026-10-14 18:38:37,493.553756567236
4593,2026-10-14 19:38:37,493.5471640804185
4594,2026-10-14 20:38:37,493.5351009221596
4595,2026-10-14 21:38:37,493.53450686343007
4596,2026-10-14 22:38:37,493.55145070591374
4597,2026-10-14 23:38:37,493.57399656484614
4598,2026-10-15 00:38:37,493.5838219950995
4599,2026-10-15 01:38:37,493.57547128429263
4600,2026-10-15 02:38:37,493.5635874194363
4601,2026-10-15 03:38:37,493.56973286620615
4602,2026-10-15 04:38:37,493.60072560169345
4603,2026-10-15 05:38:37,493.639598229136
4604,2026-10-15 06:38:37,493.65880900168906
4605,2026-10-15 07:38:37,493.6440373722741
4606,2026-10-15 08:38:37,493.6065146304708
4607,2026-10-15 09:38:37,493.57259198090054
4608,2026-10-15 10:38:37,493.5607284040059
4609,2026-10-15 11:38:37,493.5674790032168
4610,2026-10-15 12:38:37,493.57460540352514
4611,2026-10-15 13:38:37,493.5688003044924
4612,2026-10-15 14:38:37,493.5540581581888
4613,2026-10-15 15:38:37,493.5452551717417
4614,2026-10-15 16:38:37,493.55087009264525
4615,2026-10-15 17:38:37,493.56335320704545
4616,2026-10-15 18:38:37,493.56709201366954
4617,2026-10-15 19:38:37,493.55536039694545
4618,2026-10-15 20:38:37,493.53820278148805
4619,2026-10-15 21:38:37,493.5325602267864
4620,2026-10-15 22:38:37,493.54450335368404
4621,2026-10-15 23:38:37,493.562098618164
4622,2026-10-16 00:38:37,493.5670264244999
4623,2026-10-16 01:38:37,493.55383440169805
4624,2026-10-16 02:38:37,493.53716934982344
4625,2026-10-16 03:38:37,493.5385979954714
4626,2026-10-16 04:38:37,493.56494299738733
4627,2026-10-16 05:38:37,493.5992420309407
4628,2026-10-16 06:38:37,493.61395877867085
4629,2026-10-16 07:38:37,493.59477844421593
4630,2026-10-16 08:38:37,493.5529383507606
4631,2026-10-16 09:38:37,493.5147959787155
4632,2026-10-16 10:38:37,493.49881678383855
4633,2026-10-16 11:38:37,493.50156249993626
4634,2026-10-16 12:38:37,493.5048014915605
4635,2026-10-16 13:38:37,493.49523325995256
4636,2026-10-16 14:38:37,493.47685907300945
4637,2026-10-16 15:38:37,493.46456191926364
4638,2026-10-16 16:38:37,493.46682724431946
4639,2026-10-16 17:38:37,493.47611190024435
4640,2026-10-16 18:38:37,493.47680977089925
4641,2026-10-16 19:38:37,493.46220089700245
4642,2026-10-16 20:38:37,493.442335583461
4643,2026-10-16 21:38:37,493.434160448036
4644,2026-10-16 22:38:37,493.4437513031854
4645,2026-10-16 23:38:37,493.45917938697136
4646,2026-10-17 00:38:37,493.46212943522426
4647,2026-10-17 01:38:37,493.4471529192268
4648,2026-10-17 02:38:37,493.4288999556825
4649,2026-10-17 03:38:37,493.42894002854524
4650,2026-10-17 04:38:37,493.45409796377055
4651,2026-10-17 05:38:37,493.48741298604756
4652,2026-10-17 06:38:37,493.5013496848013
4653,2026-10-17 07:38:37,493.4815935069437
4654,2026-10-17 08:38:37,493.43938133768785
4655,2026-10-17 09:38:37,493.40106952422565
4656,2026-10-17 10:38:37,493.3851216835706
4657,2026-10-17 11:38:37,493.3880969988195
4658,2026-10-17 12:38:37,493.3917605692744
4659,2026-10-17 13:38:37,493.38280791769944
4660,2026-10-17 14:38:37,493.3652356255583
4661,2026-10-17 15:38:37,493.3539212961569
4662,2026-10-17 16:38:37,493.35734430414357
4663,2026-10-17 17:38:37,493.3679547618134
4664,2026-10-17 18:38:37,493.3701391651068
4665,2026-10-17 19:38:37,493.357169543044
4666,2026-10-17 20:38:37,493.3390875929789
4667,2026-10-17 21:38:37,493.3328307606364
4668,2026-10-17 22:38:37,493.3444651566483
4669,2026-10-17 23:38:37,493.3620518252395
4670,2026-10-18 00:38:37,493.36726485715604
4671,2026-10-18 01:38:37,493.35464467082704
4672,2026-10-18 02:38:37,493.33882996838787
4673,2026-10-18 03:38:37,493.34137850581004
4674,2026-10-18 04:38:37,493.36910311808595
4675,2026-10-18 05:38:37,493.405030828152
4676,2026-10-18 06:38:37,493.42161386666146
4677,2026-10-18 07:38:37,493.4045252197738
4678,2026-10-18 08:38:37,493.36498926601166
4679,2026-10-18 09:38:37,493.3293498567121
4680,2026-10-18 10:38:37,493.3160581810444
4681,2026-10-18 11:38:37,493.3216611195922
4682,2026-10-18 12:38:37,493.32791165166395
4683,2026-10-18 13:38:37,493.3214934192529
4684,2026-10-18 14:38:37,493.3063914182543
4685,2026-10-18 15:38:37,493.297472016565
4686,2026-10-18 16:38:37,493.3032037572225
4687,2026-10-18 17:38:37,493.31602637674195
4688,2026-10-18 18:38:37,493.3203165013224
4689,2026-10-18 19:38:37,493.309336844335
4690,2026-10-18 20:38:37,493.29312038727863
4691,2026-10-18 21:38:37,493.28859650290434
4692,2026-10-18 22:38:37,493.30182391200856
4693,2026-10-18 23:38:37,493.3208569893046
4694,2026-10-19 00:38:37,493.32736391032466
4695,2026-10-19 01:38:37,493.3158799631066
4696,2026-10-19 02:38:37,493.301039531151
4697,2026-10-19 03:38:37,493.3043968867652
4698,2026-10-19 04:38:37,493.33276223559074
4699,2026-10-19 05:38:37,493.36916084088745
4700,2026-10-19 06:38:37,493.3860440546198
4701,2026-10-19 07:38:37,493.369084872438
4702,2026-10-19 08:38:37,493.32950857353785
4703,2026-10-19 09:38:37,493.2936607999201
4704,2026-10-19 10:38:37,493.2799954160231
4705,2026-10-19 11:38:37,493.2850628527293
4706,2026-10-19 12:38:37,493.2906205009213
4707,2026-10-19 13:38:37,493.2833572576382
4708,2026-10-19 14:38:37,493.2672641954445
4709,2026-10-19 15:38:37,493.25721455479464
4710,2026-10-19 16:38:37,493.2616845176031
4711,2026-10-19 17:38:37,493.2731221924003
4712,2026-10-19 18:38:37,493.27591327382794
4713,2026-10-19 19:38:37,493.2633302001049
4714,2026-10-19 20:38:37,493.2454162908123
4715,2026-10-19 21:38:37,493.2391118239518
4716,2026-10-19 22:38:37,493.250486943922
4717,2026-10-19 23:38:37,493.2676079161339
4718,2026-10-20 00:38:37,493.2721552204396
4719,2026-10-20 01:38:37,493.2586768073606
4720,2026-10-20 02:38:37,493.2418200239145
4721,2026-10-20 03:38:37,493.2431523483932
4722,2026-10-20 04:38:37,493.26949737521295
4723,2026-10-20 05:38:37,493.30389387867746
4724,2026-10-20 06:38:37,493.3188067829822
4725,2026-10-20 07:38:37,493.29992265590056
4726,2026-10-20 08:38:37,493.25848028737323
4727,2026-10-20 09:38:37,493.22083870784786
4728,2026-10-20 10:38:37,493.2054649876723
4729,2026-10-20 11:38:37,493.20892252176674
4730,2026-10-20 12:38:37,493.21298136510046
4731,2026-10-20 13:38:37,493.20434272228255
4732,2026-10-20 14:38:37,493.18700956216117
4733,2026-10-20 15:38:37,493.17586655744077
4734,2026-10-20 16:38:37,493.1794008078814
4735,2026-10-20 17:38:37,493.19007077758823
4736,2026-10-20 18:38:37,493.1922719094427
4737,2026-10-20 19:38:37,493.17928574053974
4738,2026-10-20 20:38:37,493.1611640011284
4739,2026-10-20 21:38:37,493.15485465621015
4740,2026-10-20 22:38:37,493.16643478166304
4741,2026-10-20 23:38:37,493.18397679069665
4742,2026-10-21 00:38:37,493.1891665029495
4743,2026-10-21 01:38:37,493.1765563803919
4744,2026-10-21 02:38:37,493.16079743685543
4745,2026-10-21 03:38:37,493.1634599606552
4746,2026-10-21 04:38:37,493.19136949144814
4747,2026-10-21 05:38:37,493.22756588023435
4748,2026-10-21 06:38:37,493.24451425981016
4749,2026-10-21 07:38:37,493.2279005431171
4750,2026-10-21 08:38:37,493.1889620106527
4751,2026-10-21 09:38:37,493.15405534180127
4752,2026-10-21 10:38:37,493.1416444312014
4753,2026-10-21 11:38:37,493.14828869439185
4754,2026-10-21 12:38:37,493.1557534280906
4755,2026-10-21 13:38:37,493.15073432827216
4756,2026-10-21 14:38:37,493.13722813682904
4757,2026-10-21 15:38:37,493.1301126166075
4758,2026-10-21 16:38:37,493.1378673132383
4759,2026-10-21 17:38:37,493.1529425340274
4760,2026-10-21 18:38:37,493.15972500677935
4761,2026-10-21 19:38:37,493.1514870421241
4762,2026-10-21 20:38:37,493.13827068168524
4763,2026-10-21 21:38:37,493.13701379089946
4764,2026-10-21 22:38:37,493.153782988158
4765,2026-10-21 23:38:37,493.1766399257475
4766,2026-10-22 00:38:37,493.18725941466073
4767,2026-10-22 01:38:37,493.18018271711406
4768,2026-10-22 02:38:37,493.1700495133235
4769,2026-10-22 03:38:37,493.17841868169864
4770,2026-10-22 04:38:37,493.2121043333174
4771,2026-10-22 05:38:37,493.2541349292516
4772,2026-10-22 06:38:37,493.27696430780946
4773,2026-10-22 07:38:37,493.26626723877825
4774,2026-10-22 08:38:37,493.23327006563494
4775,2026-10-22 09:38:37,493.2043187901853
4776,2026-10-22 10:38:37,493.19786694060303
4777,2026-10-22 11:38:37,493.2104639267267
4778,2026-10-22 12:38:37,493.2238654477987
4779,2026-10-22 13:38:37,493.22475805550175
4780,2026-10-22 14:38:37,493.21712984291213
4781,2026-10-22 15:38:37,493.2158504589024
4782,2026-10-22 16:38:37,493.2293919061985
4783,2026-10-22 17:38:37,493.25019755321773
4784,2026-10-22 18:38:37,493.26264782236655
4785,2026-10-22 19:38:37,493.2600093781986
4786,2026-10-22 20:38:37,493.25231929768864
4787,2026-10-22 21:38:37,493.25651118127456
4788,2026-10-22 22:38:37,493.278648096263
4789,2026-10-22 23:38:37,493.3067888680207
4790,2026-10-23 00:38:37,493.32260621095344
4791,2026-10-23 01:38:37,493.3206400230738
4792,2026-10-23 02:38:37,493.3155293507333
4793,2026-10-23 03:38:37,493.3288331626739
4794,2026-10-23 04:38:37,493.3673663742712
4795,2026-10-23 05:38:37,493.41415895066024
4796,2026-10-23 06:38:37,493.4416669158347
4797,2026-10-23 07:38:37,493.43556788490696
4798,2026-10-23 08:38:37,493.4070916806591
4799,2026-10-23 09:38:37,493.3825883889328
4800,2026-10-23 10:38:37,493.38051619400136
4801,2026-10-23 11:38:37,493.3974296979864
4802,2026-10-23 12:38:37,493.4150902896598
4803,2026-10-23 13:38:37,493.4201906657201
4804,2026-10-23 14:38:37,493.41672547536274
4805,2026-10-23 15:38:37,493.4195712879517
4806,2026-10-23 16:38:37,493.43720734221085
4807,2026-10-23 17:38:37,493.4620845073558
4808,2026-10-23 18:38:37,493.478590919086
4809,2026-10-23 19:38:37,493.48000111415905
4810,2026-10-23 20:38:37,493.47636014605513
4811,2026-10-23 21:38:37,493.48460964072456
4812,2026-10-23 22:38:37,493.5108206842246
4813,2026-10-23 23:38:37,493.54306005810935
4814,2026-10-24 00:38:37,493.5630083147348
4815,2026-10-24 01:38:37,493.56521301669545
4816,2026-10-24 02:38:37,493.5643206471807
4817,2026-10-24 03:38:37,493.58189733079604
4818,2026-10-24 04:38:37,493.6247648059156
4819,2026-10-24 05:38:37,493.67595947763874
4820,2026-10-24 06:38:37,493.70794337863316
4821,2026-10-24 07:38:37,493.70639965541176
4822,2026-10-24 08:38:37,493.6825631413348
4823,2026-10-24 09:38:37,493.66278837121376
4824,2026-10-24 10:38:37,493.6655373788425
4825,2026-10-24 11:38:37,493.6873679817546
4826,2026-10-24 12:38:37,493.71004411875236
4827,2026-10-24 13:38:37,493.7202603434706
4828,2026-10-24 14:38:37,493.72201244495955
4829,2026-10-24 15:38:37,493.7301773952546
4830,2026-10-24 16:38:37,493.7532340824694
4831,2026-10-24 17:38:37,493.7836322599307
4832,2026-10-24 18:38:37,493.8057581743936
4833,2026-10-24 19:38:37,493.81288369708136
4834,2026-10-24 20:38:37,493.81505044011357
4835,2026-10-24 21:38:37,493.82919581734836
4836,2026-10-24 22:38:37,493.861385941447
4837,2026-10-24 23:38:37,493.8996818729408
4838,2026-10-25 00:38:37,493.92575771350323
4839,2026-10-25 01:38:37,493.93415386748273
4840,2026-10-25 02:38:37,493.9395089784755
4841,2026-10-25 03:38:37,493.96338068027694
4842,2026-10-25 04:38:37,494.0125816032436
4843,2026-10-25 05:38:37,494.07013846486836
4844,2026-10-25 06:38:37,494.10850307179834
4845,2026-10-25 07:38:37,494.1133478505259
4846,2026-10-25 08:38:37,494.095896467909
4847,2026-10-25 09:38:37,494.0824918961581
4848,2026-10-25 10:38:37,494.09158426331186
4849,2026-10-25 11:38:37,494.11971919332075
4850,2026-10-25 12:38:37,494.148648200934
4851,2026-10-25 13:38:37,494.1650532444143
4852,2026-10-25 14:38:37,494.1729174067364
4853,2026-10-25 15:38:37,494.1871049049592
4854,2026-10-25 16:38:37,494.21608188594604
4855,2026-10-25 17:38:37,494.25228543868815
4856,2026-10-25 18:38:37,494.28008928589605
4857,2026-10-25 19:38:37,494.2927529782895
4858,2026-10-25 20:38:37,494.3003060738362
4859,2026-10-25 21:38:37,494.3196742606101
4860,2026-10-25 22:38:37,494.3569123147669
4861,2026-10-25 23:38:37,494.4000704090833
4862,2026-10-26 00:38:37,494.4308122639588
4863,2026-10-26 01:38:37,494.4436684646096
4864,2026-10-26 02:38:37,494.4532684509405
4865,2026-10-26 03:38:37,494.4811613191486
4866,2026-10-26 04:38:37,494.5341518757955
4867,2026-10-26 05:38:37,494.59525977291094
4868,2026-10-26 06:38:37,494.6369305510777
4869,2026-10-26 07:38:37,494.6448312075099
4870,2026-10-26 08:38:37,494.6301808500829
4871,2026-10-26 09:38:37,494.61931879170646
4872,2026-10-26 10:38:37,494.6306924259491
4873,2026-10-26 11:38:37,494.66084558781813
4874,2026-10-26 12:38:37,494.6915289647935
4875,2026-10-26 13:38:37,494.7094246610169
4876,2026-10-26 14:38:37,494.71851688520593
4877,2026-10-26 15:38:37,494.7336719619144
4878,2026-10-26 16:38:37,494.76335912428357
4879,2026-10-26 17:38:37,494.80001951851347
4880,2026-10-26 18:38:37,494.8280318827334
4881,2026-10-26 19:38:37,494.84066172375464
4882,2026-10-26 20:38:37,494.84794547398
4883,2026-10-26 21:38:37,494.8668165872672
4884,2026-10-26 22:38:37,494.90333846532286
4885,2026-10-26 23:38:37,494.9455707302303
4886,2026-10-27 00:38:37,494.97518733514937
4887,2026-10-27 01:38:37,494.98672983711623
4888,2026-10-27 02:38:37,494.9948393386338
4889,2026-10-27 03:38:37,495.0210772373003
4890,2026-10-27 04:38:37,495.0722612245085
4891,2026-10-27 05:38:37,495.1314243620023
4892,2026-10-27 06:38:37,495.1710260635438
4893,2026-10-27 07:38:37,495.1767475989971
4894,2026-10-27 08:38:37,495.15982268210126
4895,2026-10-27 09:38:37,495.14660549665876
4896,2026-10-27 10:38:37,495.15555850238025
4897,2026-10-27 11:38:37,495.18324072464713
4898,2026-10-27 12:38:37,495.21141809365486
4899,2026-10-27 13:38:37,495.2267879361945
4900,2026-10-27 14:38:37,495.23334959102624
4901,2026-10-27 15:38:37,495.24598434783655
4902,2026-10-27 16:38:37,495.27317616830567
4903,2026-10-27 17:38:37,495.307380619891
4904,2026-10-27 18:38:37,495.33299048537896
4905,2026-10-27 19:38:37,495.3432848720598
4906,2026-10-27 20:38:37,495.3483133031721
4907,2026-10-27 21:38:37,495.3650217507558
4908,2026-10-27 22:38:37,495.3994855018634
4909,2026-10-27 23:38:37,495.43977537403316
4910,2026-10-28 00:38:37,495.46757577242226
4911,2026-10-28 01:38:37,495.477437912802
4912,2026-10-28 02:38:37,495.4840117174169
4913,2026-10-28 03:38:37,495.50886652322515
4914,2026-10-28 04:38:37,495.5588270437865
4915,2026-10-28 05:38:37,495.6169324138408
4916,2026-10-28 06:38:37,495.6556471440069
4917,2026-10-28 07:38:37,495.66065660313575
4918,2026-10-28 08:38:37,495.64319758968844
4919,2026-10-28 09:38:37,495.6296263470646
4920,2026-10-28 10:38:37,495.63840636415955
4921,2026-10-28 11:38:37,495.6660966655465
4922,2026-10-28 12:38:37,495.6944621567632
4923,2026-10-28 13:38:37,495.7101981279887
4924,2026-10-28 14:38:37,495.71730088705687
4925,2026-10-28 15:38:37,495.73064772175377
4926,2026-10-28 16:38:37,495.758717649868
4927,2026-10-28 17:38:37,495.7939603874909
4928,2026-10-28 18:38:37,495.8207619984964
4929,2026-10-28 19:38:37,495.8323940489042
4930,2026-10-28 20:38:37,495.8388977485822
4931,2026-10-28 21:38:37,495.85721003921554
4932,2026-10-28 22:38:37,495.8933965202594
4933,2026-10-28 23:38:37,495.93551772850924
4934,2026-10-29 00:38:37,495.9652472633984
4935,2026-10-29 01:38:37,495.9771250819154
4936,2026-10-29 02:38:37,495.9857894697952
4937,2026-10-29 03:38:37,496.01279782816874
4938,2026-10-29 04:38:37,496.06496271653435
4939,2026-10-29 05:38:37,496.1253109807122
4940,2026-10-29 06:38:37,496.1662947928222
4941,2026-10-29 07:38:37,496.1735872203424
4942,2026-10-29 08:38:37,496.15841288525166
4943,2026-10-29 09:38:37,496.1471160676692
4944,2026-10-29 10:38:37,496.1581485948779
4945,2026-10-29 11:38:37,496.18805821961405
4946,2026-10-29 12:38:37,496.21859905266086
4947,2026-10-29 13:38:37,496.2364561525918
4948,2026-10-29 14:38:37,496.24561624308836
4949,2026-10-29 15:38:37,496.26094775738375
4950,2026-10-29 16:38:37,496.290921667782
4951,2026-10-29 17:38:37,496.3279805303544
4952,2026-10-29 18:38:37,496.3565042072642
4953,2026-10-29 19:38:37,496.3697590900312
4954,2026-10-29 20:38:37,496.377782305735
4955,2026-10-29 21:38:37,496.39750786474474
4956,2026-10-29 22:38:37,496.43499964125425
4957,2026-10-29 23:38:37,496.4783177019464
4958,2026-10-30 00:38:37,496.50913647453604
4959,2026-10-30 01:38:37,496.5219980797808
4960,2026-10-30 02:38:37,496.531544333321
4961,2026-10-30 03:38:37,496.55933755628786
4962,2026-10-30 04:38:37,496.61219663530517
4963,2026-10-30 05:38:37,496.673156160351
4964,2026-10-30 06:38:37,496.7146774673477
4965,2026-10-30 07:38:37,496.72244420242157
4966,2026-10-30 08:38:37,496.70769296870077
4967,2026-10-30 09:38:37,496.69678141004164
4968,2026-10-30 10:38:37,496.7081760725011
4969,2026-10-30 11:38:37,496.7384407474863
4970,2026-10-30 12:38:37,496.76934686161434
4971,2026-10-30 13:38:37,496.78759801622937
4972,2026-10-30 14:38:37,496.7972006471488
4973,2026-10-30 15:38:37,496.8130440042558
4974,2026-10-30 16:38:37,496.8436209091845
4975,2026-10-30 17:38:37,496.8813967213189
4976,2026-10-30 18:38:37,496.9107749749108
4977,2026-10-30 19:38:37,496.9250465108113
4978,2026-10-30 20:38:37,496.9342735852649
4979,2026-10-30 21:38:37,496.9554159145872
4980,2026-10-30 22:38:37,496.99456354749384
4981,2026-10-30 23:38:37,497.03980308075245
4982,2026-10-31 00:38:37,497.0728357103831
4983,2026-10-31 01:38:37,497.08823044245867
4984,2026-10-31 02:38:37,497.10065597037357
4985,2026-10-31 03:38:37,497.13170135799413
4986,2026-10-31 04:38:37,497.1882119699028
4987,2026-10-31 05:38:37,497.2532484777393
4988,2026-10-31 06:38:37,497.29929777003605
4989,2026-10-31 07:38:37,497.3120683831306
4990,2026-10-31 08:38:37,497.3028210145895
4991,2026-10-31 09:38:37,497.29793647410776
4992,2026-10-31 10:38:37,497.3159034133561
4993,2026-10-31 11:38:37,497.35330653926223
4994,2026-10-31 12:38:37,497.3919368764153
4995,2026-10-31 13:38:37,497.41851618210075
4996,2026-10-31 14:38:37,497.43706748515854
4997,2026-10-31 15:38:37,497.46249494888787
4998,2026-10-31 16:38:37,497.5033045167649
4999,2026-10-31 17:38:37,497.5519727718455
5000,2026-10-31 18:38:37,497.5929124731128
5001,2026-10-31 19:38:37,497.6194215928747
5002,2026-10-31 20:38:37,497.64156733810904
5003,2026-10-31 21:38:37,497.6763121151161
5004,2026-10-31 22:38:37,497.72974632963104
5005,2026-10-31 23:38:37,497.7899545385813
5006,2026-11-01 00:38:37,497.8386334460425
5007,2026-11-01 01:38:37,497.8703450678443
5008,2026-11-01 02:38:37,497.89974857201173
5009,2026-11-01 03:38:37,497.9484209347808
5010,2026-11-01 04:38:37,498.0231928535915
5011,2026-11-01 05:38:37,498.107107746335
5012,2026-11-01 06:38:37,498.17263266442063
5013,2026-11-01 07:38:37,498.2054537373311
5014,2026-11-01 08:38:37,498.2168067102499
5015,2026-11-01 09:38:37,498.233044929758
5016,2026-11-01 10:38:37,498.27262711900363
5017,2026-11-01 11:38:37,498.3321056469037
5018,2026-11-01 12:38:37,498.39323685689743
5019,2026-11-01 13:38:37,498.44270555862244
5020,2026-11-01 14:38:37,498.48449565359203
5021,2026-11-01 15:38:37,498.533470094801
5022,2026-11-01 16:38:37,498.5980916387962
5023,2026-11-01 17:38:37,498.6707918207744
5024,2026-11-01 18:38:37,498.73593661561057
5025,2026-11-01 19:38:37,498.7867756085119
5026,2026-11-01 20:38:37,498.8333261577773
5027,2026-11-01 21:38:37,498.8924995085725
5028,2026-11-01 22:38:37,498.9703337492887
5029,2026-11-01 23:38:37,499.05486012621617
5030,2026-11-02 00:38:37,499.12772120848365
5031,2026-11-02 01:38:37,499.1834242270446
5032,2026-11-02 02:38:37,499.2365730943602
5033,2026-11-02 03:38:37,499.3086892438088
5034,2026-11-02 04:38:37,499.4065477295016
5035,2026-11-02 05:38:37,499.5131364151576
5036,2026-11-02 06:38:37,499.60086707885546
5037,2026-11-02 07:38:37,499.65537105054176
5038,2026-11-02 08:38:37,499.6878299431951
5039,2026-11-02 09:38:37,499.7245438318795
5040,2026-11-02 10:38:37,499.7839192212864
5041,2026-11-02 11:38:37,499.8624575055968
5042,2026-11-02 12:38:37,499.94186548543416
5043,2026-11-02 13:38:37,500.0087800444478
5044,2026-11-02 14:38:37,500.0671389559381
5045,2026-11-02 15:38:37,500.1317610186755
5046,2026-11-02 16:38:37,500.2110669796717
5047,2026-11-02 17:38:37,500.2974486738348
5048,2026-11-02 18:38:37,500.3752348426754
5049,2026-11-02 19:38:37,500.4376404550859
5050,2026-11-02 20:38:37,500.49465101203407
5051,2026-11-02 21:38:37,500.5631487934697
5052,2026-11-02 22:38:37,500.64914593845504
5053,2026-11-02 23:38:37,500.7406508736087
5054,2026-11-03 00:38:37,500.8192865814055
5055,2026-11-03 01:38:37,500.87954403158136
5056,2026-11-03 02:38:37,500.93601428185735
5057,2026-11-03 03:38:37,501.0102093866225
5058,2026-11-03 04:38:37,501.1088985539341
5059,2026-11-03 05:38:37,501.2150673791339
5060,2026-11-03 06:38:37,501.3011289817112
5061,2026-11-03 07:38:37,501.3527196619886
5062,2026-11-03 08:38:37,501.38102963849497
5063,2026-11-03 09:38:37,501.41237122004327
5064,2026-11-03 10:38:37,501.46516675314786
5065,2026-11-03 11:38:37,501.53593704853716
5066,2026-11-03 12:38:37,501.6064118516456
5067,2026-11-03 13:38:37,501.6632544596809
5068,2026-11-03 14:38:37,501.71043245586077
5069,2026-11-03 15:38:37,501.76279776016514
5070,2026-11-03 16:38:37,501.82880745465206
5071,2026-11-03 17:38:37,501.9008928135235
5072,2026-11-03 18:38:37,501.96342500050577
5073,2026-11-03 19:38:37,502.00966425697374
5074,2026-11-03 20:38:37,502.0496440630901
5075,2026-11-03 21:38:37,502.100297230773
5076,2026-11-03 22:38:37,502.1676888200341
5077,2026-11-03 23:38:37,502.2398823943899
5078,2026-11-04 00:38:37,502.2985581074417
5079,2026-11-04 01:38:37,502.3382659446183
5080,2026-11-04 02:38:37,502.3736576268891
5081,2026-11-04 03:38:37,502.42630731590117
5082,2026-11-04 04:38:37,502.50304756159557
5083,2026-11-04 05:38:37,502.5869283213961
5084,2026-11-04 06:38:37,502.65042787834113
5085,2026-11-04 07:38:37,502.6792482757165
5086,2026-11-04 08:38:37,502.6846458296528
5087,2026-11-04 09:38:37,502.69299907472583
5088,2026-11-04 10:38:37,502.7227964840264
5089,2026-11-04 11:38:37,502.7706246682121
5090,2026-11-04 12:38:37,502.81827861939973
5091,2026-11-04 13:38:37,502.8524861033397
5092,2026-11-04 14:38:37,502.8772781712519
5093,2026-11-04 15:38:37,502.90756899157907
5094,2026-11-04 16:38:37,502.9518764605624
5095,2026-11-04 17:38:37,503.00269102256397
5096,2026-11-04 18:38:37,503.0444411635861
5097,2026-11-04 19:38:37,503.0704424021587
5098,2026-11-04 20:38:37,503.09078126064765
5099,2026-11-04 21:38:37,503.12244117647754
5100,2026-11-04 22:38:37,503.1715352455837
5101,2026-11-04 23:38:37,503.2261723143873
5102,2026-11-05 00:38:37,503.26807491306914
5103,2026-11-05 01:38:37,503.29183235469867
5104,2026-11-05 02:38:37,503.3121325076029
5105,2026-11-05 03:38:37,503.35058238087123
5106,2026-11-05 04:38:37,503.4140439646076
5107,2026-11-05 05:38:37,503.48559315431737
5108,2026-11-05 06:38:37,503.53773058727614
5109,2026-11-05 07:38:37,503.55617700864354
5110,2026-11-05 08:38:37,503.552203729153
5111,2026-11-05 09:38:37,503.55220052951046
5112,2026-11-05 10:38:37,503.5746633532029
5113,2026-11-05 11:38:37,503.6161824922934
5114,2026-11-05 12:38:37,503.6585528320941
5115,2026-11-05 13:38:37,503.68849825817466
5116,2026-11-05 14:38:37,503.710042196984
5117,2026-11-05 15:38:37,503.7380874902577
5118,2026-11-05 16:38:37,503.7811370618701
5119,2026-11-05 17:38:37,503.83166280794234
5120,2026-11-05 18:38:37,503.8740711732113
5121,2026-11-05 19:38:37,503.90165223766166
5122,2026-11-05 20:38:37,503.92446379596487
5123,2026-11-05 21:38:37,503.95945738884757
5124,2026-11-05 22:38:37,504.01271117818885
5125,2026-11-05 23:38:37,504.0722961816762
5126,2026-11-06 00:38:37,504.1198943591177
5127,2026-11-06 01:38:37,504.15005187448793
5128,2026-11-06 02:38:37,504.17741104035224
5129,2026-11-06 03:38:37,504.2235310839151
5130,2026-11-06 04:38:37,504.29522417559104
5131,2026-11-06 05:38:37,504.37551454876626
5132,2026-11-06 06:38:37,504.43684953777404
5133,2026-11-06 07:38:37,504.4648951511036
5134,2026-11-06 08:38:37,504.470866740844
5135,2026-11-06 09:38:37,504.4810971226601
5136,2026-11-06 10:38:37,504.5140244871535
5137,2026-11-06 11:38:37,504.5661808063875
5138,2026-11-06 12:38:37,504.6193023005207
5139,2026-11-06 13:38:37,504.66005406721195
5140,2026-11-06 14:38:37,504.6924008442011
5141,2026-11-06 15:38:37,504.731187104347
5142,2026-11-06 16:38:37,504.7848579409936
5143,2026-11-06 17:38:37,504.8458281735534
5144,2026-11-06 18:38:37,504.89844813561507
5145,2026-11-06 19:38:37,504.93595296859587
5146,2026-11-06 20:38:37,504.9683469028793
5147,2026-11-06 21:38:37,505.0125294846649
5148,2026-11-06 22:38:37,505.0745286396703
5149,2026-11-06 23:38:37,505.1423670887567
5150,2026-11-07 00:38:37,505.19768060698163
5151,2026-11-07 01:38:37,505.23497144940427
5152,2026-11-07 02:38:37,505.26884044980255
5153,2026-11-07 03:38:37,505.32080793091876
5154,2026-11-07 04:38:37,505.3976498666535
5155,2026-11-07 05:38:37,505.4823571243577
5156,2026-11-07 06:38:37,505.54734661386806
5157,2026-11-07 07:38:37,505.57825695991005
5158,2026-11-07 08:38:37,505.58627925851687
5159,2026-11-07 09:38:37,505.5977252715153
5160,2026-11-07 10:38:37,505.63101539967926
5161,2026-11-07 11:38:37,505.6826671381545
5162,2026-11-07 12:38:37,505.73440557899534
5163,2026-11-07 13:38:37,505.77288806336543
5164,2026-11-07 14:38:37,505.8020749538135
5165,2026-11-07 15:38:37,505.8368097259481
5166,2026-11-07 16:38:37,505.8855398374297
5167,2026-11-07 17:38:37,505.940685804336
5168,2026-11-07 18:38:37,505.98660694738146
5169,2026-11-07 19:38:37,506.01655063125963
5170,2026-11-07 20:38:37,506.040536479302
5171,2026-11-07 21:38:37,506.0754825220682
5172,2026-11-07 22:38:37,506.1274381713316
5173,2026-11-07 23:38:37,506.1844505349796
5174,2026-11-08 00:38:37,506.2281825647987
5175,2026-11-08 01:38:37,506.25316636095573
5176,2026-11-08 02:38:37,506.274035139898
5177,2026-11-08 03:38:37,506.312344004852
5178,2026-11-08 04:38:37,506.3749059599357
5179,2026-11-08 05:38:37,506.4447509967177
5180,2026-11-08 06:38:37,506.49433708048974
5181,2026-11-08 07:38:37,506.5093456535711
5182,2026-11-08 08:38:37,506.50101221703477
5183,2026-11-08 09:38:37,506.49569434561727
5184,2026-11-08 10:38:37,506.5118594771523
5185,2026-11-08 11:38:37,506.5460731808955
5186,2026-11-08 12:38:37,506.5801094703302
5187,2026-11-08 13:38:37,506.6006752638346
5188,2026-11-08 14:38:37,506.6117809643079
5189,2026-11-08 15:38:37,506.6283203579152
5190,2026-11-08 16:38:37,506.65879129062324
5191,2026-11-08 17:38:37,506.6956645533363
5192,2026-11-08 18:38:37,506.7233494388494
5193,2026-11-08 19:38:37,506.7351427946804
5194,2026-11-08 20:38:37,506.7411130546251
5195,2026-11-08 21:38:37,506.75822620839045
5196,2026-11-08 22:38:37,506.79257860145844
5197,2026-11-08 23:38:37,506.83226308132623
5198,2026-11-09 00:38:37,506.85898698272524
5199,2026-11-09 01:38:37,506.8673252762727
5200,2026-11-09 02:38:37,506.87195238776536
5201,2026-11-09 03:38:37,506.894462827895
5202,2026-11-09 04:38:37,506.94170707386587
5203,2026-11-09 05:38:37,506.99675053221154
5204,2026-11-09 06:38:37,507.0320844104785
5205,2026-11-09 07:38:37,507.0334211155208
5206,2026-11-09 08:38:37,507.01202474006396
5207,2026-11-09 09:38:37,506.99427899263986
5208,2026-11-09 10:38:37,506.99867491246204
5209,2026-11-09 11:38:37,507.02179907381446
5210,2026-11-09 12:38:37,507.0454438456926
5211,2026-11-09 13:38:37,507.05633181019914
5212,2026-11-09 14:38:37,507.05848631085524
5213,2026-11-09 15:38:37,507.06681133098294
5214,2026-11-09 16:38:37,507.0898121608492
5215,2026-11-09 17:38:37,507.11996428426323
5216,2026-11-09 18:38:37,507.1416789477513
5217,2026-11-09 19:38:37,507.1482522362151
5218,2026-11-09 20:38:37,507.1497491377007
5219,2026-11-09 21:38:37,507.1631295564043
5220,2026-11-09 22:38:37,507.19448116576376
5221,2026-11-09 23:38:37,507.23188561749015
5222,2026-11-10 00:38:37,507.2570365987461
5223,2026-11-10 01:38:37,507.26449306157787
5224,2026-11-10 02:38:37,507.26891113132876
5225,2026-11-10 03:38:37,507.2918648334124
5226,2026-11-10 04:38:37,507.34018207939704
5227,2026-11-10 05:38:37,507.3969037412251
5228,2026-11-10 06:38:37,507.43449464064327
5229,2026-11-10 07:38:37,507.43863907112075
5230,2026-11-10 08:38:37,507.4205714132421
5231,2026-11-10 09:38:37,507.4066441981504
5232,2026-11-10 10:38:37,507.4153159599747
5233,2026-11-10 11:38:37,507.44313958122956
5234,2026-11-10 12:38:37,507.4718726962614
5235,2026-11-10 13:38:37,507.48820225565606
5236,2026-11-10 14:38:37,507.4961152221053
5237,2026-11-10 15:38:37,507.5104785972918
5238,2026-11-10 16:38:37,507.53976023782917
5239,2026-11-10 17:38:37,507.5763978903345
5240,2026-11-10 18:38:37,507.60476490816893
5241,2026-11-10 19:38:37,507.6181194731073
5242,2026-11-10 20:38:37,507.62648880401883
5243,2026-11-10 21:38:37,507.64679531108226
5244,2026-11-10 22:38:37,507.68508958687215
5245,2026-11-10 23:38:37,507.7294167495721
5246,2026-11-11 00:38:37,507.76143463009686
5247,2026-11-11 01:38:37,507.77566712665595
5248,2026-11-11 02:38:37,507.7867362331063
5249,2026-11-11 03:38:37,507.81618287999027
5250,2026-11-11 04:38:37,507.8708030288377
5251,2026-11-11 05:38:37,507.9336068481635
5252,2026-11-11 06:38:37,507.977029797944
5253,2026-11-11 07:38:37,507.98672823947135
5254,2026-11-11 08:38:37,507.97391013139423
5255,2026-11-11 09:38:37,507.96490316622675
5256,2026-11-11 10:38:37,507.9781426880749
5257,2026-11-11 11:38:37,508.01016009542957
5258,2026-11-11 12:38:37,508.0426932939566
5259,2026-11-11 13:38:37,508.0624113021196
5260,2026-11-11 14:38:37,508.0732849800955
5261,2026-11-11 15:38:37,508.0901670815194
5262,2026-11-11 16:38:37,508.1215130861084
5263,2026-11-11 17:38:37,508.15975024334006
5264,2026-11-11 18:38:37,508.18924328978085
5265,2026-11-11 19:38:37,508.203243663471
5266,2026-11-11 20:38:37,508.211773697614
5267,2026-11-11 21:38:37,508.2317527522906
5268,2026-11-11 22:38:37,508.26923017574325
5269,2026-11-11 23:38:37,508.3122516107779
5270,2026-11-12 00:38:37,508.3424771383142
5271,2026-11-12 01:38:37,508.3544345819551
5272,2026-11-12 02:38:37,508.3627514802422
5273,2026-11-12 03:38:37,508.38897586585927
5274,2026-11-12 04:38:37,508.4399122927438
5275,2026-11-12 05:38:37,508.4985809399256
5276,2026-11-12 06:38:37,508.53742861931636
5277,2026-11-12 07:38:37,508.5421243047486
5278,2026-11-12 08:38:37,508.5238897435313
5279,2026-11-12 09:38:37,508.5090675052508
5280,2026-11-12 10:38:37,508.5161088090574
5281,2026-11-12 11:38:37,508.5415618336814
5282,2026-11-12 12:38:37,508.56718207566723
5283,2026-11-12 13:38:37,508.57965685907135
5284,2026-11-12 14:38:37,508.5829759675777
5285,2026-11-12 15:38:37,508.59201159902625
5286,2026-11-12 16:38:37,508.615239100885
5287,2026-11-12 17:38:37,508.6451059172678
5288,2026-11-12 18:38:37,508.6659972105627
5289,2026-11-12 19:38:37,508.6711849814968
5290,2026-11-12 20:38:37,508.6707121703145
5291,2026-11-12 21:38:37,508.6815186981875
5292,2026-11-12 22:38:37,508.7096743407956
5293,2026-11-12 23:38:37,508.7432449499944
5294,2026-11-13 00:38:37,508.7639105159391
5295,2026-11-13 01:38:37,508.7662183938874
5296,2026-11-13 02:38:37,508.76481520262007
5297,2026-11-13 03:38:37,508.7812675340542
5298,2026-11-13 04:38:37,508.82239791524233
5299,2026-11-13 05:38:37,508.8712438518137
5300,2026-11-13 06:38:37,508.9002687802767
5301,2026-11-13 07:38:37,508.895157546678
5302,2026-11-13 08:38:37,508.86714697299846
5303,2026-11-13 09:38:37,508.84259386615065
5304,2026-11-13 10:38:37,508.839962810929
5305,2026-11-13 11:38:37,508.855814451173
5306,2026-11-13 12:38:37,508.87191582469177
5307,2026-11-13 13:38:37,508.8749648551974
5308,2026-11-13 14:38:37,508.8689609721819
5309,2026-11-13 15:38:37,508.86878505863876
5310,2026-11-13 16:38:37,508.882920185163
5311,2026-11-13 17:38:37,508.90382056084417
5312,2026-11-13 18:38:37,508.9158771639124
5313,2026-11-13 19:38:37,508.91236687584035
5314,2026-11-13 20:38:37,508.90333660135957
5315,2026-11-13 21:38:37,508.90572933330105
5316,2026-11-13 22:38:37,508.9256170540398
5317,2026-11-13 23:38:37,508.95106698913133
5318,2026-11-14 00:38:37,508.9637597053146
5319,2026-11-14 01:38:37,508.9582423767958
5320,2026-11-14 02:38:37,508.94916072647663
5321,2026-11-14 03:38:37,508.95807978137395
5322,2026-11-14 04:38:37,508.9918198831358
5323,2026-11-14 05:38:37,509.0334157823694
5324,2026-11-14 06:38:37,509.0553276438454
5325,2026-11-14 07:38:37,509.04323657978574
5326,2026-11-14 08:38:37,509.00837527220796
5327,2026-11-14 09:38:37,508.97709603890036
5328,2026-11-14 10:38:37,508.9678586839682
5329,2026-11-14 11:38:37,508.97721883692674
5330,2026-11-14 12:38:37,508.9869383455117
5331,2026-11-14 13:38:37,508.9837098251182
5332,2026-11-14 14:38:37,508.9715273354592
5333,2026-11-14 15:38:37,508.96526638405635
5334,2026-11-14 16:38:37,508.9734047147377
5335,2026-11-14 17:38:37,508.98839131127824
5336,2026-11-14 18:38:37,508.99461207883894
5337,2026-11-14 19:38:37,508.9853390266664
5338,2026-11-14 20:38:37,508.97061443418016
5339,2026-11-14 21:38:37,508.96737695918443
5340,2026-11-14 22:38:37,508.98169457970863
5341,2026-11-14 23:38:37,509.0016308848957
5342,2026-11-15 00:38:37,509.0088632068729
5343,2026-11-15 01:38:37,508.997935917426
5344,2026-11-15 02:38:37,508.9834923959236
5345,2026-11-15 03:38:37,508.98709580764904
5346,2026-11-15 04:38:37,509.01556513335873
5347,2026-11-15 05:38:37,509.051934278663
5348,2026-11-15 06:38:37,509.0686630902794
5349,2026-11-15 07:38:37,509.0514328963131
5350,2026-11-15 08:38:37,509.0114771315402
5351,2026-11-15 09:38:37,508.9751494022598
5352,2026-11-15 10:38:37,508.9609113317382
5353,2026-11-15 11:38:37,508.9653208902442
5354,2026-11-15 12:38:37,508.9701427749119
5355,2026-11-15 13:38:37,508.9620729425246
5356,2026-11-15 14:38:37,508.94510926584564
5357,2026-11-15 15:38:37,508.93413151332334
5358,2026-11-15 16:38:37,508.9376221104328
5359,2026-11-15 17:38:37,508.9480351130804
5360,2026-11-15 18:38:37,508.94976185581794
5361,2026-11-15 19:38:37,508.9360800986092
5362,2026-11-15 20:38:37,508.91703815446505
5363,2026-11-15 21:38:37,508.90958095700256
5364,2026-11-15 22:38:37,508.91978295954397
5365,2026-11-15 23:38:37,508.93571438161314
5366,2026-11-16 00:38:37,508.93905929490563
5367,2026-11-16 01:38:37,508.9243688728827
5368,2026-11-16 02:38:37,508.90629331074126
5369,2026-11-16 03:38:37,508.9064025551712
5370,2026-11-16 04:38:37,508.93152228503425
5371,2026-11-16 05:38:37,508.964692971862
5372,2026-11-16 06:38:37,508.9783808475067
5373,2026-11-16 07:38:37,508.95827339636656
5374,2026-11-16 08:38:37,508.9156099335135
5375,2026-11-16 09:38:37,508.87674962350826
5376,2026-11-16 10:38:37,508.86015928124067
5377,2026-11-16 11:38:37,508.8624016590513
5378,2026-11-16 12:38:37,508.8652457856364
5379,2026-11-16 13:38:37,508.85539146005027
5380,2026-11-16 14:38:37,508.83683987170826
5381,2026-11-16 15:38:37,508.8244735463975
5382,2026-11-16 16:38:37,508.82677707681506
5383,2026-11-16 17:38:37,508.8362060681888
5384,2026-11-16 18:38:37,508.8371527619512
5385,2026-11-16 19:38:37,508.8228951613369
5386,2026-11-16 20:38:37,508.80348114139633
5387,2026-11-16 21:38:37,508.79585450251307
5388,2026-11-16 22:38:37,508.8060878592752
5389,2026-11-16 23:38:37,508.8222488804968
5390,2026-11-17 00:38:37,508.82601837262206
5391,2026-11-17 01:38:37,508.81194353063376
5392,2026-11-17 02:38:37,508.79466986329237
5393,2026-11-17 03:38:37,508.7957619320627
5394,2026-11-17 04:38:37,508.8220393448571
5395,2026-11-17 05:38:37,508.85653583343026
5396,2026-11-17 06:38:37,508.8717102417164
5397,2026-11-17 07:38:37,508.8532420424118
5398,2026-11-17 08:38:37,508.81236194302954
5399,2026-11-17 09:38:37,508.7754199361063
5400,2026-11-17 10:38:37,508.76087313470117
5401,2026-11-17 11:38:37,508.76527409731824
5402,2026-11-17 12:38:37,508.7703812075662
5403,2026-11-17 13:38:37,508.7628832116524
5404,2026-11-17 14:38:37,508.7467698844123
5405,2026-11-17 15:38:37,508.7369120236608
5406,2026-11-17 16:38:37,508.7417822311301
5407,2026-11-17 17:38:37,508.75382391029234
5408,2026-11-17 18:38:37,508.75741694380923
5409,2026-11-17 19:38:37,508.7458268741654
5410,2026-11-17 20:38:37,508.72908906972094
5411,2026-11-17 21:38:37,508.7241348349987
5412,2026-11-17 22:38:37,508.7370243567477
5413,2026-11-17 23:38:37,508.75581300127095
5414,2026-11-18 00:38:37,508.7621694550111
5415,2026-11-18 01:38:37,508.7506290321866
5416,2026-11-18 02:38:37,508.73582565598906
5417,2026-11-18 03:38:37,508.7393126524727
5418,2026-11-18 04:38:37,508.76789879793483
5419,2026-11-18 05:38:37,508.8046074483598
5420,2026-11-18 06:38:37,508.82188757793193
5421,2026-11-18 07:38:37,508.8054093437025
5422,2026-11-18 08:38:37,508.7663947373266
5423,2026-11-18 09:38:37,508.7311856783779
5424,2026-11-18 10:38:37,508.71823189006335
5425,2026-11-18 11:38:37,508.7240792613854
5426,2026-11-18 12:38:37,508.7304802607371
5427,2026-11-18 13:38:37,508.72411850393274
5428,2026-11-18 14:38:37,508.70897944717336
5429,2026-11-18 15:38:37,508.6999304046157
5430,2026-11-18 16:38:37,508.70544134863655
5431,2026-11-18 17:38:37,508.7179539230294
5432,2026-11-18 18:38:37,508.7218471317689
5433,2026-11-18 19:38:37,508.71038652682876
5434,2026-11-18 20:38:37,508.6936083772435
5435,2026-11-18 21:38:37,508.68844577820374
5436,2026-11-18 22:38:37,508.7009615917284
5437,2026-11-18 23:38:37,508.7192147344085
5438,2026-11-19 00:38:37,508.7248783042687
5439,2026-11-19 01:38:37,508.71249287056884
5440,2026-11-19 02:38:37,508.6966984331794
5441,2026-11-19 03:38:37,508.6990551907011
5442,2026-11-19 04:38:37,508.7263795583164
5443,2026-11-19 05:38:37,508.76170326401865
5444,2026-11-19 06:38:37,508.7774843504379
5445,2026-11-19 07:38:37,508.75940269946994
5446,2026-11-19 08:38:37,508.71869064086434
5447,2026-11-19 09:38:37,508.68170099942466
5448,2026-11-19 10:38:37,508.66689492197384
5449,2026-11-19 11:38:37,508.6708301882144
5450,2026-11-19 12:38:37,508.67527157085226
5451,2026-11-19 13:38:37,508.66691534818744
5452,2026-11-19 14:38:37,508.64975993993977
5453,2026-11-19 15:38:37,508.6386858662447
5454,2026-11-19 16:38:37,508.6421764882581
5455,2026-11-19 17:38:37,508.6526869608188
5456,2026-11-19 18:38:37,508.65460986013227
5457,2026-11-19 19:38:37,508.64122431029426
5458,2026-11-19 20:38:37,508.62258009108035
5459,2026-11-19 21:38:37,508.61562368613437
5460,2026-11-19 22:38:37,508.6264311633769
5461,2026-11-19 23:38:37,508.6430744034445
5462,2026-11-20 00:38:37,508.64723916844514
5463,2026-11-20 01:38:37,508.6334783352162
5464,2026-11-20 02:38:37,508.6164437998949
5465,2026-11-20 03:38:37,508.6177071933484
5466,2026-11-20 04:38:37,508.644095848596
5467,2026-11-20 05:38:37,508.6786518492045
5468,2026-11-20 06:38:37,508.69384298605115
5469,2026-11-20 07:38:37,508.6753582399031
5470,2026-11-20 08:38:37,508.63443835117926
5471,2026-11-20 09:38:37,508.59744383168237
5472,2026-11-20 10:38:37,508.58284275971823
5473,2026-11-20 11:38:37,508.58719906277634
5474,2026-11-20 12:38:37,508.5922828533595
5475,2026-11-20 13:38:37,508.5847949212153
5476,2026-11-20 14:38:37,508.5687373528811
5477,2026-11-20 15:38:37,508.55899347850766
5478,2026-11-20 16:38:37,508.5640486044947
5479,2026-11-20 17:38:37,508.5763589623746
5480,2026-11-20 18:38:37,508.58031733696015
5481,2026-11-20 19:38:37,508.56920219750646
5482,2026-11-20 20:38:37,508.5530618143617
5483,2026-11-20 21:38:37,508.54884032008846
5484,2026-11-20 22:38:37,508.5626106069066
5485,2026-11-20 23:38:37,508.58244057607106
5486,2026-11-21 00:38:37,508.59001123143764
5487,2026-11-21 01:38:37,508.57986994120665
5488,2026-11-21 02:38:37,508.56666237456363
5489,2026-11-21 03:38:37,508.5719532525147
5490,2026-11-21 04:38:37,508.6025623539515
5491,2026-11-21 05:38:37,508.6415236056471
5492,2026-11-21 06:38:37,508.6612960833889
5493,2026-11-21 07:38:37,508.6475595414914
5494,2026-11-21 08:38:37,508.61154503173327
5495,2026-11-21 09:38:37,508.57960296636975
5496,2026-11-21 10:38:37,508.57019096621246
5497,2026-11-21 11:38:37,508.5798621978281
5498,2026-11-21 12:38:37,508.5903757650735
5499,2026-11-21 13:38:37,508.58842125793973
5500,2026-11-21 14:38:37,508.57798942934596
5501,2026-11-21 15:38:37,508.57395219954896
5502,2026-11-21 16:38:37,508.58478344636205
5503,2026-11-21 17:38:37,508.60292801139104
5504,2026-11-21 18:38:37,508.6127673849596
5505,2026-11-21 19:38:37,508.6075688931705
5506,2026-11-21 20:38:37,508.59736986934075
5507,2026-11-21 21:38:37,508.59910376846915
5508,2026-11-21 22:38:37,508.61883311630675
5509,2026-11-21 23:38:37,508.64461580840606
5510,2026-11-22 00:38:37,508.65812325114535
5511,2026-11-22 01:38:37,508.6538936684351
5512,2026-11-22 02:38:37,508.64656408064644
5513,2026-11-22 03:38:37,508.65769109481033
5514,2026-11-22 04:38:37,508.69408694691026
5515,2026-11-22 05:38:37,508.73877862483505
5516,2026-11-22 06:38:37,508.76421889897625
5517,2026-11-22 07:38:37,508.7560818775662
5518,2026-11-22 08:38:37,508.72559364774025
5519,2026-11-22 09:38:37,508.69910035674644
5520,2026-11-22 10:38:37,508.69505607431716
5521,2026-11-22 11:38:37,508.7100111401005
5522,2026-11-22 12:38:37,508.7257225613661
5523,2026-11-22 13:38:37,508.72887856389906
5524,2026-11-22 14:38:37,508.7234692667565
5525,2026-11-22 15:38:37,508.7243666805255
5526,2026-11-22 16:38:37,508.7400454873162
5527,2026-11-22 17:38:37,508.7629520328015
5528,2026-11-22 18:38:37,508.7774699929845
5529,2026-11-22 19:38:37,508.7768695393002
5530,2026-11-22 20:38:37,508.7711914843643
5531,2026-11-22 21:38:37,508.777373367219
5532,2026-11-22 22:38:37,508.8014823697059
5533,2026-11-22 23:38:37,508.83158157966676
5534,2026-11-23 00:38:37,508.8493480930056
5535,2026-11-23 01:38:37,508.8493262786516
5536,2026-11-23 02:38:37,508.84615971309523
5537,2026-11-23 03:38:37,508.86141192385924
5538,2026-11-23 04:38:37,508.9019023829255
5539,2026-11-23 05:38:37,508.9506655789744
5540,2026-11-23 06:38:37,508.9801619956945
5541,2026-11-23 07:38:37,508.976073613524
5542,2026-11-23 08:38:37,508.94963449610776
5543,2026-11-23 09:38:37,508.92719881619666
5544,2026-11-23 10:38:37,508.9272286622797
5545,2026-11-23 11:38:37,508.9462823301893
5546,2026-11-23 12:38:37,508.9661246651474
5547,2026-11-23 13:38:37,508.97345155751964
5548,2026-11-23 14:38:37,508.9722605632056
5549,2026-11-23 15:38:37,508.9774308486463
5550,2026-11-23 16:38:37,508.9974439189625
5551,2026-11-23 17:38:37,509.0247525597791
5552,2026-11-23 18:38:37,509.0437464557826
5553,2026-11-23 19:38:37,509.0477013098051
5554,2026-11-23 20:38:37,509.04666294504284
5555,2026-11-23 21:38:37,509.05757334950033
5556,2026-11-23 22:38:37,509.0865035545468
5557,2026-11-23 23:38:37,509.1215198634332
5558,2026-11-24 00:38:37,509.14430192209886
5559,2026-11-24 01:38:37,509.14939595640425
5560,2026-11-24 02:38:37,509.1514466826933
5561,2026-11-24 03:38:37,509.1720180311612
5562,2026-11-24 04:38:37,509.21792912318153
5563,2026-11-24 05:38:37,509.272213331549
5564,2026-11-24 06:38:37,509.30732925100176
5565,2026-11-24 07:38:37,509.3089561964484
5566,2026-11-24 08:38:37,509.28832479016467
5567,2026-11-24 09:38:37,509.2717849928202
5568,2026-11-24 10:38:37,509.2777939195008
5569,2026-11-24 11:38:37,509.30290414502014
5570,2026-11-24 12:38:37,509.3288740639149
5571,2026-11-24 13:38:37,509.3423924083078
5572,2026-11-24 14:38:37,509.34744889450036
5573,2026-11-24 15:38:37,509.3589141981295
5574,2026-11-24 16:38:37,509.38526071628877
5575,2026-11-24 17:38:37,509.41893154700773
5576,2026-11-24 18:38:37,509.44430614894736
5577,2026-11-24 19:38:37,509.45464950491777
5578,2026-11-24 20:38:37,509.4599962716175
5579,2026-11-24 21:38:37,509.4772768744442
5580,2026-11-24 22:38:37,509.512550439016
5581,2026-11-24 23:38:37,509.55387107499905
5582,2026-11-25 00:38:37,509.5829060042802
5583,2026-11-25 01:38:37,509.59418885734755
5584,2026-11-25 02:38:37,509.6023516444704
5585,2026-11-25 03:38:37,509.6289455408659
5586,2026-11-25 04:38:37,509.6807769266584
5587,2026-11-25 05:38:37,509.7408665103057
5588,2026-11-25 06:38:37,509.78166036250497
5589,2026-11-25 07:38:37,509.788825477656
5590,2026-11-25 08:38:37,509.77358042388823
5591,2026-11-25 09:38:37,509.7622634360826
5592,2026-11-25 10:38:37,509.7733202928208
5593,2026-11-25 11:38:37,509.8032926811632
5594,2026-11-25 12:38:37,509.8339286143711
5595,2026-11-25 13:38:37,509.8519070054351
5596,2026-11-25 14:38:37,509.86120836696495
5597,2026-11-25 15:38:37,509.876694837
5598,2026-11-25 16:38:37,509.90683098884045
5599,2026-11-25 17:38:37,509.94405285505184
5600,2026-11-25 18:38:37,509.9727336282268
5601,2026-11-25 19:38:37,509.98613286190255
5602,2026-11-25 20:38:37,509.9942806537899
5603,2026-11-25 21:38:37,510.01410376999263
5604,2026-11-25 22:38:37,510.05165860165425
5605,2026-11-25 23:38:37,510.09499746949695
5606,2026-11-26 00:38:37,510.12578676814
5607,2026-11-26 01:38:37,510.13856027394934
5608,2026-11-26 02:38:37,510.14795112293945
5609,2026-11-26 03:38:37,510.175512597822
5610,2026-11-26 04:38:37,510.22805416499733
5611,2026-11-26 05:38:37,510.2886005901302
5612,2026-11-26 06:38:37,510.329602959342
5613,2026-11-26 07:38:37,510.3367342231203
5614,2026-11-26 08:38:37,510.3212198240309
5615,2026-11-26 09:38:37,510.30940576273946
5616,2026-11-26 10:38:37,510.31974644337777
5617,2026-11-26 11:38:37,510.34879300230995
5618,2026-11-26 12:38:37,510.3783036855605
5619,2026-11-26 13:38:37,510.39496837794206
5620,2026-11-26 14:38:37,510.4027792546588
5621,2026-11-26 15:38:37,510.4166107551516
5622,2026-11-26 16:38:37,510.4449403375533
5623,2026-11-26 17:38:37,510.4802174441425
5624,2026-11-26 18:38:37,510.5068291406931
5625,2026-11-26 19:38:37,510.51804925338956
5626,2026-11-26 20:38:37,510.5239224858081
5627,2026-11-26 21:38:37,510.541390474945
5628,2026-11-26 22:38:37,510.57652467808424
5629,2026-11-26 23:38:37,510.6173926063263
5630,2026-11-27 00:38:37,510.6456758970018
5631,2026-11-27 01:38:37,510.655923549128
5632,2026-11-27 02:38:37,510.6627838287596
5633,2026-11-27 03:38:37,510.68782498374384
5634,2026-11-27 04:38:37,510.73787120901767
5635,2026-11-27 05:38:37,510.795961691509
5636,2026-11-27 06:38:37,510.8345615619883
5637,2026-11-27 07:38:37,510.8393573714254
5638,2026-11-27 08:38:37,510.8215876532227
5639,2026-11-27 09:38:37,510.8076109262275
5640,2026-11-27 10:38:37,510.8158934799178
5641,2026-11-27 11:38:37,510.8429976461134
5642,2026-11-27 12:38:37,510.8706921228336
5643,2026-11-27 13:38:37,510.8856764536273
5644,2026-11-27 14:38:37,510.8919516334418
5645,2026-11-27 15:38:37,510.9044000410771
5646,2026-11-27 16:38:37,510.93150615683226
5647,2026-11-27 17:38:37,510.96572549598073
5648,2026-11-27 18:38:37,510.99145022115613
5649,2026-11-27 19:38:37,511.00195825752695
5650,2026-11-27 20:38:37,511.00729739339675
5651,2026-11-27 21:38:37,511.02441132535176
5652,2026-11-27 22:38:37,511.05937253986383
5653,2026-11-27 23:38:37,511.10024854722474
5654,2026-11-28 00:38:37,511.1287199601099
5655,2026-11-28 01:38:37,511.1393337409222
5656,2026-11-28 02:38:37,511.1467351247909
5657,2026-11-28 03:38:37,511.1724883576602
5658,2026-11-28 04:38:37,511.22341269058114
5659,2026-11-28 05:38:37,511.2825414591078
5660,2026-11-28 06:38:37,511.32233307510535
5661,2026-11-28 07:38:37,511.32846654827085
5662,2026-11-28 08:38:37,511.312172098632
5663,2026-11-28 09:38:37,511.29979921468805
5664,2026-11-28 10:38:37,511.30980449831344
5665,2026-11-28 11:38:37,511.3387400005893
5666,2026-11-28 12:38:37,511.36836361380983
5667,2026-11-28 13:38:37,511.38536362274084
5668,2026-11-28 14:38:37,511.3937293858197
5669,2026-11-28 15:38:37,511.40833134602076
5670,2026-11-28 16:38:37,511.43764182958057
5671,2026-11-28 17:38:37,511.47410406285326
5672,2026-11-28 18:38:37,511.50209786997124
5673,2026-11-28 19:38:37,511.5148888747333
5674,2026-11-28 20:38:37,511.5225126889585
5675,2026-11-28 21:38:37,511.54190104595546
5676,2026-11-28 22:38:37,511.57911477058383
5677,2026-11-28 23:38:37,511.62221010129144
5678,2026-11-29 00:38:37,511.65285685600696
5679,2026-11-29 01:38:37,511.6655917655236
5680,2026-11-29 02:38:37,511.675050480823
5681,2026-11-29 03:38:37,511.70278839329137
5682,2026-11-29 04:38:37,511.7556167084963
5683,2026-11-29 05:38:37,511.81656160197167
5684,2026-11-29 06:38:37,511.85807528387323
5685,2026-11-29 07:38:37,511.8658315893961
5686,2026-11-29 08:38:37,511.85105665578646
5687,2026-11-29 09:38:37,511.8400970402176
5688,2026-11-29 10:38:37,511.85140761930836
5689,2026-11-29 11:38:37,511.8815399740259
5690,2026-11-29 12:38:37,511.9122528249476
5691,2026-11-29 13:38:37,511.9302366206059
5692,2026-11-29 14:38:37,511.939484249346
5693,2026-11-29 15:38:37,511.95487107413936
5694,2026-11-29 16:38:37,511.9848757483502
5695,2026-11-29 17:38:37,512.0219492424917
5696,2026-11-29 18:38:37,512.050480544498
5697,2026-11-29 19:38:37,512.063745856814
5698,2026-11-29 20:38:37,512.0717927724091
5699,2026-11-29 21:38:37,512.0915663883277
5700,2026-11-29 22:38:37,512.1291422482054
5701,2026-11-29 23:38:37,512.172592629164
5702,2026-11-30 00:38:37,512.2036046649606
5703,2026-11-30 01:38:37,512.216733629163
5704,2026-11-30 02:38:37,512.2266348848827
5705,2026-11-30 03:38:37,512.2548846401643
5706,2026-11-30 04:38:37,512.308315949897
5707,2026-11-30 05:38:37,512.369977792937
5708,2026-11-30 06:38:37,512.4123460515189
5709,2026-11-30 07:38:37,512.4211190101781
5710,2026-11-30 08:38:37,512.407547935316
5711,2026-11-30 09:38:37,512.3980050900606
5712,2026-11-30 10:38:37,512.4109715255476
5713,2026-11-30 11:38:37,512.4430253528315
5714,2026-11-30 12:38:37,512.4759520607939
5715,2026-11-30 13:38:37,512.4964689832849
5716,2026-11-30 14:38:37,512.508595886398
5717,2026-11-30 15:38:37,512.5272348758449
5718,2026-11-30 16:38:37,512.5608910829482
5719,2026-11-30 17:38:37,512.6020415598799
5720,2026-11-30 18:38:37,512.6351008471844
5721,2026-11-30 19:38:37,512.6533700375236
5722,2026-11-30 20:38:37,512.6669208182971
5723,2026-11-30 21:38:37,512.6927214523942
5724,2026-11-30 22:38:37,512.73686958906
5725,2026-11-30 23:38:37,512.7874584209397
5726,2026-12-01 00:38:37,512.826194679762
5727,2026-12-01 01:38:37,512.8476517950332
5728,2026-12-01 02:38:37,512.8665017228922
5729,2026-12-01 03:38:37,512.9043355847938
5730,2026-12-01 04:38:37,512.9679995574769
5731,2026-12-01 05:38:37,513.0405538434654
5732,2026-12-01 06:38:37,513.0944835497219
5733,2026-12-01 07:38:37,513.1154940922414
5734,2026-12-01 08:38:37,513.1148416881585
5735,2026-12-01 09:38:37,513.1189012905874
5736,2026-12-01 10:38:37,513.1461543076848
5737,2026-12-01 11:38:37,513.1931768106626
5738,2026-12-01 12:38:37,513.2417497964556
5739,2026-12-01 13:38:37,513.2785836086707
5740,2026-12-01 14:38:37,513.3076884880356
5741,2026-12-01 15:38:37,513.3439544526324
5742,2026-12-01 16:38:37,513.3958719666391
5743,2026-12-01 17:38:37,513.4559008284776
5744,2026-12-01 18:38:37,513.5084357415714
5745,2026-12-01 19:38:37,513.5467553917242
5746,2026-12-01 20:38:37,513.5809065139583
5747,2026-12-01 21:38:37,513.6278299080436
5748,2026-12-01 22:38:37,513.6935932947082
5749,2026-12-01 23:38:37,513.7662575285813
5750,2026-12-02 00:38:37,513.8274946602422
5751,2026-12-02 01:38:37,513.871841171557
5752,2026-12-02 02:38:37,513.9139298913254
5753,2026-12-02 03:38:37,513.9753107307072
5754,2026-12-02 04:38:37,514.0627866795093
5755,2026-12-02 05:38:37,514.1593728923901
5756,2026-12-02 06:38:37,514.2375076922189
5757,2026-12-02 07:38:37,514.2828481078772
5758,2026-12-02 08:38:37,514.3066005078275
5759,2026-12-02 09:38:37,514.3350886840441
5760,2026-12-02 10:38:37,514.3867417273416
5761,2026-12-02 11:38:37,514.4580823982943
5762,2026-12-02 12:38:37,514.5308375588929
5763,2026-12-02 13:38:37,514.5916627678691
5764,2026-12-02 14:38:37,514.6445130103866
5765,2026-12-02 15:38:37,514.7042227616593
5766,2026-12-02 16:38:37,514.7792268425442
5767,2026-12-02 17:38:37,514.8619294972978
5768,2026-12-02 18:38:37,514.9366701560049
5769,2026-12-02 19:38:37,514.9966727049325
5770,2026-12-02 20:38:37,515.0519297469051
5771,2026-12-02 21:38:37,515.119328810168
5772,2026-12-02 22:38:37,515.204885396995
5773,2026-12-02 23:38:37,515.296609387276
5774,2026-12-03 00:38:37,515.3761232887789
5775,2026-12-03 01:38:37,515.4379156573808
5776,2026-12-03 02:38:37,515.4965731936745
5777,2026-12-03 03:38:37,515.5736016545864
5778,2026-12-03 04:38:37,515.6757620203874
5779,2026-12-03 05:38:37,515.786029745451
5780,2026-12-03 06:38:37,515.8768059192845
5781,2026-12-03 07:38:37,515.9337129544505
5782,2026-12-03 08:38:37,515.9679253620831
5783,2026-12-03 09:38:37,516.0057379689451
5784,2026-12-03 10:38:37,516.065553916513
5785,2026-12-03 11:38:37,516.1438731456868
5786,2026-12-03 12:38:37,516.2224029318153
5787,2026-12-03 13:38:37,516.2877825724058
5788,2026-12-03 14:38:37,516.3439541978801
5789,2026-12-03 15:38:37,516.4057429044723
5790,2026-12-03 16:38:37,516.4815776669767
5791,2026-12-03 17:38:37,516.563860461273
5792,2026-12-03 18:38:37,516.6369320588594
5793,2026-12-03 19:38:37,516.6940213163798
5794,2026-12-03 20:38:37,516.7451294422026
5795,2026-12-03 21:38:37,516.8071561983279
5796,2026-12-03 22:38:37,516.8861329288512
5797,2026-12-03 23:38:37,516.9700889302196
5798,2026-12-04 00:38:37,517.0406696549913
5799,2026-12-04 01:38:37,517.0923900726134
5800,2026-12-04 02:38:37,517.139866693597
5801,2026-12-04 03:38:37,517.2046383960705
5802,2026-12-04 04:38:37,517.293502495363
5803,2026-12-04 05:38:37,517.3894738851415
5804,2026-12-04 06:38:37,517.4649960771179
5805,2026-12-04 07:38:37,517.5057367563397
5806,2026-12-04 08:38:37,517.5229184131429
5807,2026-12-04 09:38:37,517.5428864062438
5808,2026-12-04 10:38:37,517.5840967980873
5809,2026-12-04 11:38:37,517.643104666469
5810,2026-12-04 12:38:37,517.7016744578558
5811,2026-12-04 13:38:37,517.7465044854456
5812,2026-12-04 14:38:37,517.7815975429157
5813,2026-12-04 15:38:37,517.8218408337517
5814,2026-12-04 16:38:37,517.8757266746406
5815,2026-12-04 17:38:37,517.9357214035348
5816,2026-12-04 18:38:37,517.9862309554925
5817,2026-12-04 19:38:37,518.0205499301101
5818,2026-12-04 20:38:37,518.0487456333598
5819,2026-12-04 21:38:37,518.0877840530126
5820,2026-12-04 22:38:37,518.1437626597294
5821,2026-12-04 23:38:37,518.2047765498901
5822,2026-12-05 00:38:37,518.2525364227453
5823,2026-12-05 01:38:37,518.2816217162724
5824,2026-12-05 02:38:37,518.3067124089854
5825,2026-12-05 03:38:37,518.349409627485
5826,2026-12-05 04:38:37,518.4165715012749
5827,2026-12-05 05:38:37,518.4912720941805
5828,2026-12-05 06:38:37,518.5460122401951
5829,2026-12-05 07:38:37,518.5665149015248
5830,2026-12-05 08:38:37,518.5640556106995
5831,2026-12-05 09:38:37,518.5650303519498
5832,2026-12-05 10:38:37,518.5879432236369
5833,2026-12-05 11:38:37,518.6293945864687
5834,2026-12-05 12:38:37,518.6711912634804
5835,2026-12-05 13:38:37,518.7000708955244
5836,2026-12-05 14:38:37,518.7200724236262
5837,2026-12-05 15:38:37,518.7461158987244
5838,2026-12-05 16:38:37,518.7867230776519
5839,2026-12-05 17:38:37,518.8343862364596
5840,2026-12-05 18:38:37,518.8735336644268
5841,2026-12-05 19:38:37,518.8974786630345
5842,2026-12-05 20:38:37,518.9163035328581
5843,2026-12-05 21:38:37,518.9469855077981
5844,2026-12-05 22:38:37,518.9956295289087
5845,2026-12-05 23:38:37,519.050334373974
5846,2026-12-06 00:38:37,519.0928106354417
5847,2026-12-06 01:38:37,519.1176338711068
5848,2026-12-06 02:38:37,519.139476434718
5849,2026-12-06 03:38:37,519.1799281261635
5850,2026-12-06 04:38:37,519.2458321025858
5851,2026-12-06 05:38:37,519.3202438795596
5852,2026-12-06 06:38:37,519.3756422498204
5853,2026-12-06 07:38:37,519.3977247370264
5854,2026-12-06 08:38:37,519.3977381460159
5855,2026-12-06 09:38:37,519.4020465643193
5856,2026-12-06 10:38:37,519.4291191562452
5857,2026-12-06 11:38:37,519.4755184537552
5858,2026-12-06 12:38:37,519.5230107095296
5859,2026-12-06 13:38:37,519.558290415313
5860,2026-12-06 14:38:37,519.5853509563766
5861,2026-12-06 15:38:37,519.6190646017658
5862,2026-12-06 16:38:37,519.6679032886351
5863,2026-12-06 17:38:37,519.7243076309053
5864,2026-12-06 18:38:37,519.7726526149228
5865,2026-12-06 19:38:37,519.8061968054959
5866,2026-12-06 20:38:37,519.8349665445529
5867,2026-12-06 21:38:37,519.8758821009453
5868,2026-12-06 22:38:37,519.9349906628566
5869,2026-12-06 23:38:37,520.000332688066
5870,2026-12-07 00:38:37,520.0535601038669
5871,2026-12-07 01:38:37,520.0891896801448
5872,2026-12-07 02:38:37,520.1218350819363
5873,2026-12-07 03:38:37,520.1730277402557
5874,2026-12-07 04:38:37,520.2495529817044
5875,2026-12-07 05:38:37,520.3344092451716
5876,2026-12-07 06:38:37,520.4000192122237
5877,2026-12-07 07:38:37,520.4320254679634
5878,2026-12-07 08:38:37,520.4416212529313
5879,2026-12-07 09:38:37,520.4551186601386
5880,2026-12-07 10:38:37,520.4909366177263
5881,2026-12-07 11:38:37,520.5455893608362
5882,2026-12-07 12:38:37,520.6007969573934
5883,2026-12-07 13:38:37,520.6432099902304
5884,2026-12-07 14:38:37,520.6767803658269
5885,2026-12-07 15:38:37,520.7163414487724
5886,2026-12-07 16:38:37,520.7703289797014
5887,2026-12-07 17:38:37,520.8311502064976
5888,2026-12-07 18:38:37,520.8831496910163
5889,2026-12-07 19:38:37,520.9195586143034
5890,2026-12-07 20:38:37,520.9503790622243
5891,2026-12-07 21:38:37,520.9925102498015
5892,2026-12-07 22:38:37,521.0519815753827
5893,2026-12-07 23:38:37,521.1168190198322
5894,2026-12-08 00:38:37,521.1686633823417
5895,2026-12-08 01:38:37,521.2020236762982
5896,2026-12-08 02:38:37,521.2315091915467
5897,2026-12-08 03:38:37,521.2786503618543
5898,2026-12-08 04:38:37,521.350234878142
5899,2026-12-08 05:38:37,521.4292668759557
5900,2026-12-08 06:38:37,521.48817802399
5901,2026-12-08 07:38:37,521.5126231306261
5902,2026-12-08 08:38:37,521.5138108293521
5903,2026-12-08 09:38:37,521.5180716975404
5904,2026-12-08 10:38:37,521.543846149385
5905,2026-12-08 11:38:37,521.5876728070607
5906,2026-12-08 12:38:37,521.6312989152112
5907,2026-12-08 13:38:37,521.6614049017812
5908,2026-12-08 14:38:37,521.6819750559222
5909,2026-12-08 15:38:37,521.7078775227037
5910,2026-12-08 16:38:37,521.7475850729804
5911,2026-12-08 17:38:37,521.79354407886
5912,2026-12-08 18:38:37,521.8301401576396
5913,2026-12-08 19:38:37,521.8506473079632
5914,2026-12-08 20:38:37,521.8651120207405
5915,2026-12-08 21:38:37,521.8904793239032
5916,2026-12-08 22:38:37,521.9328256528565
5917,2026-12-08 23:38:37,521.9802250625737
5918,2026-12-09 00:38:37,522.0143672736771
5919,2026-12-09 01:38:37,522.0298108767682
5920,2026-12-09 02:38:37,522.0412152020416
5921,2026-12-09 03:38:37,522.0701609938222
5922,2026-12-09 04:38:37,522.1234863313365
5923,2026-12-09 05:38:37,522.1842456249536
5924,2026-12-09 06:38:37,522.2249205154585
5925,2026-12-09 07:38:37,522.2312152940467
5926,2026-12-09 08:38:37,522.2143874046773
5927,2026-12-09 09:38:37,522.2008153838624
5928,2026-12-09 10:38:37,522.2089865795126
5929,2026-12-09 11:38:37,522.2354853534056
5930,2026-12-09 12:38:37,522.262103333137
5931,2026-12-09 13:38:37,522.2755638170984
5932,2026-12-09 14:38:37,522.2798923037902
5933,2026-12-09 15:38:37,522.2899963457469
5934,2026-12-09 16:38:37,522.3143861869102
5935,2026-12-09 17:38:37,522.3455436143524
5936,2026-12-09 18:38:37,522.3678874876277
5937,2026-12-09 19:38:37,522.3747227699132
5938,2026-12-09 20:38:37,522.3761245437714
5939,2026-12-09 21:38:37,522.3890639709264
5940,2026-12-09 22:38:37,522.4196410881663
5941,2026-12-09 23:38:37,522.4559509554933
5942,2026-12-10 00:38:37,522.479701649038
5943,2026-12-10 01:38:37,522.4854674231307
5944,2026-12-10 02:38:37,522.4879205485889
5945,2026-12-10 03:38:37,522.5086519668909
5946,2026-12-10 04:38:37,522.5545072015641
5947,2026-12-10 05:38:37,522.6085453558816
5948,2026-12-10 06:38:37,522.6432500243593
5949,2026-12-10 07:38:37,522.6443247355796
5950,2026-12-10 08:38:37,522.6230234877528
5951,2026-12-10 09:38:37,522.6057187318768
5952,2026-12-10 10:38:37,522.6108891438188
5953,2026-12-10 11:38:37,522.635107889569
5954,2026-12-10 12:38:37,522.6601529491574
5955,2026-12-10 13:38:37,522.6727316024018
5956,2026-12-10 14:38:37,522.6768510473532
5957,2026-12-10 15:38:37,522.6873983512637
5958,2026-12-10 16:38:37,522.7128611924445
5959,2026-12-10 17:38:37,522.7456968233647
5960,2026-12-10 18:38:37,522.7702977177921
5961,2026-12-10 19:38:37,522.7799407255135
5962,2026-12-10 20:38:37,522.7846712169513
5963,2026-12-10 21:38:37,522.801429176436
5964,2026-12-10 22:38:37,522.836282135679
5965,2026-12-10 23:38:37,522.8772914629075
5966,2026-12-11 00:38:37,522.9061304996079
5967,2026-12-11 01:38:37,522.9173378685891
5968,2026-12-11 02:38:37,522.925549459839
5969,2026-12-11 03:38:37,522.9523192331986
5970,2026-12-11 04:38:37,523.004455278541
5971,2026-12-11 05:38:37,523.0649789619526
5972,2026-12-11 06:38:37,523.1063359847786
5973,2026-12-11 07:38:37,523.1141919724739
5974,2026-12-11 08:38:37,523.0997631540688
5975,2026-12-11 09:38:37,523.0893844865539
5976,2026-12-11 10:38:37,523.101497564926
5977,2026-12-11 11:38:37,523.132639021652
5978,2026-12-11 12:38:37,523.1645509805087
5979,2026-12-11 13:38:37,523.1839056674818
5980,2026-12-11 14:38:37,523.1946761491314
5981,2026-12-11 15:38:37,523.2117163978418
5982,2026-12-11 16:38:37,523.2434821418841
5983,2026-12-11 17:38:37,523.282399930305
5984,2026-12-11 18:38:37,523.3128328750931
5985,2026-12-11 19:38:37,523.3280298938625
5986,2026-12-11 20:38:37,523.3380099351023
5987,2026-12-11 21:38:37,523.3596881445125
5988,2026-12-11 22:38:37,523.3991088637795
5989,2026-12-11 23:38:37,523.4443119771078
5990,2026-12-12 00:38:37,523.4769510973028
5991,2026-12-12 01:38:37,523.4915469150521
5992,2026-12-12 02:38:37,523.5027192178294
5993,2026-12-12 03:38:37,523.5320077174258
5994,2026-12-12 04:38:37,523.5862081268211
5995,2026-12-12 05:38:37,523.6483313149566
5996,2026-12-12 06:38:37,523.6908143663906
5997,2026-12-12 07:38:37,523.6993161628369
5998,2026-12-12 08:38:37,523.6850480476662
5999,2026-12-12 09:38:37,523.6743419277633
6000,2026-12-12 10:38:37,523.6856381537973
6001,2026-12-12 11:38:37,523.7154738828567
6002,2026-12-12 12:38:37,523.7455934887256
6003,2026-12-12 13:38:37,523.7626731227817
6004,2026-12-12 14:38:37,523.7706913962676
6005,2026-12-12 15:38:37,523.7845093837104
6006,2026-12-12 16:38:37,523.812591405789
6007,2026-12-12 17:38:37,523.8473740220659
6008,2026-12-12 18:38:37,523.8732316964647
6009,2026-12-12 19:38:37,523.88342595914
6010,2026-12-12 20:38:37,523.8879895472394
6011,2026-12-12 21:38:37,523.9038524835381
6012,2026-12-12 22:38:37,523.937074984762
6013,2026-12-12 23:38:37,523.9757137153586
6014,2026-12-13 00:38:37,524.0014398790127
6015,2026-12-13 01:38:37,524.0087924720045
6016,2026-12-13 02:38:37,524.0124102053126
6017,2026-12-13 03:38:37,524.033852234934
6018,2026-12-13 04:38:37,524.0799341415985
6019,2026-12-13 05:38:37,524.1336869888853
6020,2026-12-13 06:38:37,524.1675682871705
6021,2026-12-13 07:38:37,524.1672574808623
6022,2026-12-13 08:38:37,524.1439865203663
6023,2026-12-13 09:38:37,524.1241078736601
6024,2026-12-13 10:38:37,524.1260823188495
6025,2026-12-13 11:38:37,524.1464672220733
6026,2026-12-13 12:38:37,524.1670268663509
6027,2026-12-13 13:38:37,524.174456934711
6028,2026-12-13 14:38:37,524.1727551186458
6029,2026-12-13 15:38:37,524.1768010519063
6030,2026-12-13 16:38:37,524.1950770282873
6031,2026-12-13 17:38:37,524.2200369339537
6032,2026-12-13 18:38:37,524.2360718574266
6033,2026-12-13 19:38:37,524.2364592010708
6034,2026-12-13 20:38:37,524.231246776707
6035,2026-12-13 21:38:37,524.2373788444374
6036,2026-12-13 22:38:37,524.2609289866335
6037,2026-12-13 23:38:37,524.2899663328533
6038,2026-12-14 00:38:37,524.3061736280383
6039,2026-12-14 01:38:37,524.3041004681319
6040,2026-12-14 02:38:37,524.2983952099144
6041,2026-12-14 03:38:37,524.3106256945449
6042,2026-12-14 04:38:37,524.3476152258761
6043,2026-12-14 05:38:37,524.3924016324638
6044,2026-12-14 06:38:37,524.417448240522
6045,2026-12-14 07:38:37,524.4084393752063
6046,2026-12-14 08:38:37,524.3766109514081
6047,2026-12-14 09:38:37,524.348318508772
6048,2026-12-14 10:38:37,524.3420250320918
6049,2026-12-14 11:38:37,524.354289261212
6050,2026-12-14 12:38:37,524.3668760557276
6051,2026-12-14 13:38:37,524.3664809176215
6052,2026-12-14 14:38:37,524.3571006425017
6053,2026-12-14 15:38:37,524.3536132992245
6054,2026-12-14 16:38:37,524.3644989961808
6055,2026-12-14 17:38:37,524.3822088645097
6056,2026-12-14 18:38:37,524.3911307209952
6057,2026-12-14 19:38:37,524.3845382341779
6058,2026-12-14 20:38:37,524.3724750759175
6059,2026-12-14 21:38:37,524.3718810171872
6060,2026-12-14 22:38:37,524.3888248596713
6061,2026-12-14 23:38:37,524.411370718606
6062,2026-12-15 00:38:37,524.4211961488592
6063,2026-12-15 01:38:37,524.4128454380523
6064,2026-12-15 02:38:37,524.4009615731937
6065,2026-12-15 03:38:37,524.407107019964
6066,2026-12-15 04:38:37,524.4380997554506
6067,2026-12-15 05:38:37,524.4769723828957
6068,2026-12-15 06:38:37,524.4961831554488
6069,2026-12-15 07:38:37,524.4814115260338
6070,2026-12-15 08:38:37,524.4438887842306
6071,2026-12-15 09:38:37,524.409966134658
6072,2026-12-15 10:38:37,524.3981025577629
6073,2026-12-15 11:38:37,524.4048531569738
6074,2026-12-15 12:38:37,524.411979557283
6075,2026-12-15 13:38:37,524.406174458252
6076,2026-12-15 14:38:37,524.3914323119487
6077,2026-12-15 15:38:37,524.3826293255015
6078,2026-12-15 16:38:37,524.3882442464046
6079,2026-12-15 17:38:37,524.4007273608022
6080,2026-12-15 18:38:37,524.4044661674268
6081,2026-12-15 19:38:37,524.3927345507028
6082,2026-12-15 20:38:37,524.3755769352451
6083,2026-12-15 21:38:37,524.3699343805464
6084,2026-12-15 22:38:37,524.3818775074438
6085,2026-12-15 23:38:37,524.3994727719212
6086,2026-12-16 00:38:37,524.4044005782564
6087,2026-12-16 01:38:37,524.3912085554554
6088,2026-12-16 02:38:37,524.3745435035805
6089,2026-12-16 03:38:37,524.3759721492313
6090,2026-12-16 04:38:37,524.4023171511474
6091,2026-12-16 05:38:37,524.4366161846987
6092,2026-12-16 06:38:37,524.4513329324279
6093,2026-12-16 07:38:37,524.4321525979728
6094,2026-12-16 08:38:37,524.3903125045179
6095,2026-12-16 09:38:37,524.3521701324755
6096,2026-12-16 10:38:37,524.3361909375984
6097,2026-12-16 11:38:37,524.338936653693
6098,2026-12-16 12:38:37,524.3421756453178
6099,2026-12-16 13:38:37,524.3326074137093
6100,2026-12-16 14:38:37,524.314233226767
6101,2026-12-16 15:38:37,524.3019360730237
6102,2026-12-16 16:38:37,524.3042013980793
6103,2026-12-16 17:38:37,524.3134860540011
6104,2026-12-16 18:38:37,524.3141839246564
6105,2026-12-16 19:38:37,524.2995750507597
6106,2026-12-16 20:38:37,524.2797097372207
6107,2026-12-16 21:38:37,524.2715346017952
6108,2026-12-16 22:38:37,524.2811254569452
6109,2026-12-16 23:38:37,524.2965535407285
6110,2026-12-17 00:38:37,524.2995035889836
6111,2026-12-17 01:38:37,524.2845270729841
6112,2026-12-17 02:38:37,524.2662741094424
6113,2026-12-17 03:38:37,524.2663141823025
6114,2026-12-17 04:38:37,524.2914721175275
6115,2026-12-17 05:38:37,524.3247871398056
6116,2026-12-17 06:38:37,524.3387238385607
6117,2026-12-17 07:38:37,524.3189676607032
6118,2026-12-17 08:38:37,524.2767554914478
6119,2026-12-17 09:38:37,524.2384436779831
6120,2026-12-17 10:38:37,524.2224958373278
6121,2026-12-17 11:38:37,524.2254711525769
6122,2026-12-17 12:38:37,524.2291347230345
6123,2026-12-17 13:38:37,524.220182071459
6124,2026-12-17 14:38:37,524.2026097793179
6125,2026-12-17 15:38:37,524.1912954499146
6126,2026-12-17 16:38:37,524.1947184579013
6127,2026-12-17 17:38:37,524.2053289155701
6128,2026-12-17 18:38:37,524.2075133188646
6129,2026-12-17 19:38:37,524.1945436968035
6130,2026-12-17 20:38:37,524.1764617467381
6131,2026-12-17 21:38:37,524.1702049143934
6132,2026-12-17 22:38:37,524.1818393104061
6133,2026-12-17 23:38:37,524.1994259789973
6134,2026-12-18 00:38:37,524.2046390109128
6135,2026-12-18 01:38:37,524.1920188245867
6136,2026-12-18 02:38:37,524.1762041221473
6137,2026-12-18 03:38:37,524.1787526595676
6138,2026-12-18 04:38:37,524.206477271843
6139,2026-12-18 05:38:37,524.242404981911
6140,2026-12-18 06:38:37,524.2589880204191
6141,2026-12-18 07:38:37,524.2418993735326
6142,2026-12-18 08:38:37,524.2023634197694
6143,2026-12-18 09:38:37,524.166724010469
6144,2026-12-18 10:38:37,524.1534323348023
6145,2026-12-18 11:38:37,524.1590352733515
6146,2026-12-18 12:38:37,524.165285805423
6147,2026-12-18 13:38:37,524.1588675730104
6148,2026-12-18 14:38:37,524.1437655720118
6149,2026-12-18 15:38:37,524.134846170323
6150,2026-12-18 16:38:37,524.140577910981
6151,2026-12-18 17:38:37,524.1534005305012
6152,2026-12-18 18:38:37,524.1576906550815
6153,2026-12-18 19:38:37,524.1467109980925
6154,2026-12-18 20:38:37,524.1304945410366
6155,2026-12-18 21:38:37,524.1259706566624
6156,2026-12-18 22:38:37,524.139198065768
6157,2026-12-18 23:38:37,524.1582311430645
6158,2026-12-19 00:38:37,524.1647380640843
6159,2026-12-19 01:38:37,524.1532541168642
6160,2026-12-19 02:38:37,524.138413684908
6161,2026-12-19 03:38:37,524.141771040523
6162,2026-12-19 04:38:37,524.1701363893505
6163,2026-12-19 05:38:37,524.2065349946465
6164,2026-12-19 06:38:37,524.2234182083791
6165,2026-12-19 07:38:37,524.206459026196
6166,2026-12-19 08:38:37,524.166882727296
6167,2026-12-19 09:38:37,524.1310349536765
6168,2026-12-19 10:38:37,524.1173695697825
6169,2026-12-19 11:38:37,524.1224370064888
6170,2026-12-19 12:38:37,524.127994654681
6171,2026-12-19 13:38:37,524.1207314113957
6172,2026-12-19 14:38:37,524.1046383492034
6173,2026-12-19 15:38:37,524.0945887085528
6174,2026-12-19 16:38:37,524.0990586713594
6175,2026-12-19 17:38:37,524.110496346158
6176,2026-12-19 18:38:37,524.1132874275853
6177,2026-12-19 19:38:37,524.1007043538627
6178,2026-12-19 20:38:37,524.0827904445721
6179,2026-12-19 21:38:37,524.0764859777113
6180,2026-12-19 22:38:37,524.087861097678
6181,2026-12-19 23:38:37,524.1049820698917
6182,2026-12-20 00:38:37,524.1095293741971
6183,2026-12-20 01:38:37,524.096050961118
6184,2026-12-20 02:38:37,524.0791941776733
6185,2026-12-20 03:38:37,524.0805265021529
6186,2026-12-20 04:38:37,524.1068715289725
6187,2026-12-20 05:38:37,524.1412680324343
6188,2026-12-20 06:38:37,524.15618093674
6189,2026-12-20 07:38:37,524.1372968096582
6190,2026-12-20 08:38:37,524.0958544411329
6191,2026-12-20 09:38:37,524.0582128616066
6192,2026-12-20 10:38:37,524.0428391414323
6193,2026-12-20 11:38:37,524.0462966755248
6194,2026-12-20 12:38:37,524.0503555188573
6195,2026-12-20 13:38:37,524.0417168760398
6196,2026-12-20 14:38:37,524.0243837159204
6197,2026-12-20 15:38:37,524.0132407112012
6198,2026-12-20 16:38:37,524.0167749616401
6199,2026-12-20 17:38:37,524.0274449313454
6200,2026-12-20 18:38:37,524.0296460632005
6201,2026-12-20 19:38:37,524.0166598942972
6202,2026-12-20 20:38:37,523.998538154888
6203,2026-12-20 21:38:37,523.9922288099698
6204,2026-12-20 22:38:37,524.0038089354232
6205,2026-12-20 23:38:37,524.0213509444562
6206,2026-12-21 00:38:37,524.026540656707
6207,2026-12-21 01:38:37,524.0139305341492
6208,2026-12-21 02:38:37,523.9981715906132
6209,2026-12-21 03:38:37,524.0008341144149
6210,2026-12-21 04:38:37,524.0287436452079
6211,2026-12-21 05:38:37,524.0649400339936
6212,2026-12-21 06:38:37,524.0818884135699
6213,2026-12-21 07:38:37,524.0652746968746
6214,2026-12-21 08:38:37,524.02633616441
6215,2026-12-21 09:38:37,523.9914294955588
6216,2026-12-21 10:38:37,523.9790185849588
6217,2026-12-21 11:38:37,523.9856628481521
6218,2026-12-21 12:38:37,523.9931275818499
6219,2026-12-21 13:38:37,523.9881084820322
6220,2026-12-21 14:38:37,523.9746022905864
6221,2026-12-21 15:38:37,523.967486770365
6222,2026-12-21 16:38:37,523.9752414669958
6223,2026-12-21 17:38:37,523.9903166877872
6224,2026-12-21 18:38:37,523.9970991605388
6225,2026-12-21 19:38:37,523.9888611958836
6226,2026-12-21 20:38:37,523.9756448354424
6227,2026-12-21 21:38:37,523.9743879446565
6228,2026-12-21 22:38:37,523.9911571419152
6229,2026-12-21 23:38:37,524.0140140795049
6230,2026-12-22 00:38:37,524.0246335684205
6231,2026-12-22 01:38:37,524.0175568708734
6232,2026-12-22 02:38:37,524.0074236670807
6233,2026-12-22 03:38:37,524.0157928354562
6234,2026-12-22 04:38:37,524.0494784870748
6235,2026-12-22 05:38:37,524.091509083009
6236,2026-12-22 06:38:37,524.1143384615691
6237,2026-12-22 07:38:37,524.1036413925378
6238,2026-12-22 08:38:37,524.070644219393
6239,2026-12-22 09:38:37,524.041692943943
6240,2026-12-22 10:38:37,524.0352410943606
6241,2026-12-22 11:38:37,524.047838080487
6242,2026-12-22 12:38:37,524.0612396015581
6243,2026-12-22 13:38:37,524.0621322092616
6244,2026-12-22 14:38:37,524.0545039966693
6245,2026-12-22 15:38:37,524.0532246126619
6246,2026-12-22 16:38:37,524.0667660599561
6247,2026-12-22 17:38:37,524.0875717069769
6248,2026-12-22 18:38:37,524.1000219761238
6249,2026-12-22 19:38:37,524.0973835319564
6250,2026-12-22 20:38:37,524.0896934514458
6251,2026-12-22 21:38:37,524.0938853350333
6252,2026-12-22 22:38:37,524.1160222500216
6253,2026-12-22 23:38:37,524.1441630217805
6254,2026-12-23 00:38:37,524.1599803647115
6255,2026-12-23 01:38:37,524.158014176831
6256,2026-12-23 02:38:37,524.1529035044905
6257,2026-12-23 03:38:37,524.1662073164329
6258,2026-12-23 04:38:37,524.2047405280306
6259,2026-12-23 05:38:37,524.2515331044187
6260,2026-12-23 06:38:37,524.2790410695926
6261,2026-12-23 07:38:37,524.2729420386645
6262,2026-12-23 08:38:37,524.2444658344169
6263,2026-12-23 09:38:37,524.2199625426919
6264,2026-12-23 10:38:37,524.2178903477601
6265,2026-12-23 11:38:37,524.234803851747
6266,2026-12-23 12:38:37,524.2524644434176
6267,2026-12-23 13:38:37,524.2575648194785
6268,2026-12-23 14:38:37,524.2540996291195
6269,2026-12-23 15:38:37,524.2569454417112
6270,2026-12-23 16:38:37,524.2745814959707
6271,2026-12-23 17:38:37,524.2994586611148
6272,2026-12-23 18:38:37,524.315965072844
6273,2026-12-23 19:38:37,524.3173752679168
6274,2026-12-23 20:38:37,524.3137342998159
6275,2026-12-23 21:38:37,524.3219837944815
6276,2026-12-23 22:38:37,524.348194837984
6277,2026-12-23 23:38:37,524.3804342118673
6278,2026-12-24 00:38:37,524.4003824684927
6279,2026-12-24 01:38:37,524.4025871704525
6280,2026-12-24 02:38:37,524.40169480094
6281,2026-12-24 03:38:37,524.4192714845545
6282,2026-12-24 04:38:37,524.4621389596748
6283,2026-12-24 05:38:37,524.513333631396
6284,2026-12-24 06:38:37,524.545317532391
6285,2026-12-24 07:38:37,524.543773809171
6286,2026-12-24 08:38:37,524.5199372950941
6287,2026-12-24 09:38:37,524.5001625249727
6288,2026-12-24 10:38:37,524.5029115326005
6289,2026-12-24 11:38:37,524.5247421355124
6290,2026-12-24 12:38:37,524.5474182725097
6291,2026-12-24 13:38:37,524.5576344972294
6292,2026-12-24 14:38:37,524.5593865987183
6293,2026-12-24 15:38:37,524.5675515490138
6294,2026-12-24 16:38:37,524.5906082362268
6295,2026-12-24 17:38:37,524.6210064136882
6296,2026-12-24 18:38:37,524.6431323281515
6297,2026-12-24 19:38:37,524.6502578508401
6298,2026-12-24 20:38:37,524.6524245938732
6299,2026-12-24 21:38:37,524.6665699711069
6300,2026-12-24 22:38:37,524.6987600952053
6301,2026-12-24 23:38:37,524.737056026699
6302,2026-12-25 00:38:37,524.7631318672612
6303,2026-12-25 01:38:37,524.7715280212418
6304,2026-12-25 02:38:37,524.7768831322343
6305,2026-12-25 03:38:37,524.8007548340363
6306,2026-12-25 04:38:37,524.8499557570013
6307,2026-12-25 05:38:37,524.9075126186249
6308,2026-12-25 06:38:37,524.9458772255565
6309,2026-12-25 07:38:37,524.9507220042846
6310,2026-12-25 08:38:37,524.9332706216668
6311,2026-12-25 09:38:37,524.9198660499168
6312,2026-12-25 10:38:37,524.9289584170699
6313,2026-12-25 11:38:37,524.9570933470791
6314,2026-12-25 12:38:37,524.9860223546928
6315,2026-12-25 13:38:37,525.0024273981727
6316,2026-12-25 14:38:37,525.0102915604946
6317,2026-12-25 15:38:37,525.024479058717
6318,2026-12-25 16:38:37,525.0534560397045
6319,2026-12-25 17:38:37,525.0896595924469
6320,2026-12-25 18:38:37,525.1174634396543
6321,2026-12-25 19:38:37,525.130127132048
6322,2026-12-25 20:38:37,525.1376802275951
6323,2026-12-25 21:38:37,525.1570484143682
6324,2026-12-25 22:38:37,525.1942864685252
6325,2026-12-25 23:38:37,525.2374445628416
6326,2026-12-26 00:38:37,525.2681864177174
6327,2026-12-26 01:38:37,525.281042618368
6328,2026-12-26 02:38:37,525.290642604699
6329,2026-12-26 03:38:37,525.3185354729071
6330,2026-12-26 04:38:37,525.3715260295539
6331,2026-12-26 05:38:37,525.4326339266689
6332,2026-12-26 06:38:37,525.4743047048356
6333,2026-12-26 07:38:37,525.4822053612683
6334,2026-12-26 08:38:37,525.467555003841
6335,2026-12-26 09:38:37,525.4566929454651
6336,2026-12-26 10:38:37,525.4680665797075
6337,2026-12-26 11:38:37,525.4982197415762
6338,2026-12-26 12:38:37,525.5289031185519
6339,2026-12-26 13:38:37,525.5467988147744
6340,2026-12-26 14:38:37,525.5558910389644
6341,2026-12-26 15:38:37,525.5710461156726
6342,2026-12-26 16:38:37,525.6007332780424
6343,2026-12-26 17:38:37,525.6373936722715
6344,2026-12-26 18:38:37,525.6654060364916
6345,2026-12-26 19:38:37,525.678035877513
6346,2026-12-26 20:38:37,525.685319627738
6347,2026-12-26 21:38:37,525.7041907410255
6348,2026-12-26 22:38:37,525.7407126190814
6349,2026-12-26 23:38:37,525.7829448839897
6350,2026-12-27 00:38:37,525.8125614889071
6351,2026-12-27 01:38:37,525.8241039908753
6352,2026-12-27 02:38:37,525.8322134923919
6353,2026-12-27 03:38:37,525.8584513910586
6354,2026-12-27 04:38:37,525.9096353782674
6355,2026-12-27 05:38:37,525.9687985157611
6356,2026-12-27 06:38:37,526.0084002173026
6357,2026-12-27 07:38:37,526.0141217527552
6358,2026-12-27 08:38:37,525.9971968358597
6359,2026-12-27 09:38:37,525.9839796504169
6360,2026-12-27 10:38:37,525.9929326561385
6361,2026-12-27 11:38:37,526.0206148784055
6362,2026-12-27 12:38:37,526.0487922474136
6363,2026-12-27 13:38:37,526.0641620899529
6364,2026-12-27 14:38:37,526.0707237447846
6365,2026-12-27 15:38:37,526.0833585015948
6366,2026-12-27 16:38:37,526.1105503220639
6367,2026-12-27 17:38:37,526.144754773649
6368,2026-12-27 18:38:37,526.1703646391375
6369,2026-12-27 19:38:37,526.1806590258184
6370,2026-12-27 20:38:37,526.1856874569302
6371,2026-12-27 21:38:37,526.2023959045141
6372,2026-12-27 22:38:37,526.2368596556217
6373,2026-12-27 23:38:37,526.2771495277916
6374,2026-12-28 00:38:37,526.30494992618
6375,2026-12-28 01:38:37,526.3148120665606
6376,2026-12-28 02:38:37,526.3213858711752
6377,2026-12-28 03:38:37,526.3462406769835
6378,2026-12-28 04:38:37,526.3962011975449
6379,2026-12-28 05:38:37,526.4543065675997
6380,2026-12-28 06:38:37,526.4930212977654
6381,2026-12-28 07:38:37,526.4980307568939
6382,2026-12-28 08:38:37,526.480571743447
6383,2026-12-28 09:38:37,526.4670005008231
6384,2026-12-28 10:38:37,526.4757805179179
6385,2026-12-28 11:38:37,526.5034708193048
6386,2026-12-28 12:38:37,526.5318363105222
6387,2026-12-28 13:38:37,526.5475722817467
6388,2026-12-28 14:38:37,526.5546750408151
6389,2026-12-28 15:38:37,526.568021875512
6390,2026-12-28 16:38:37,526.5960918036268
6391,2026-12-28 17:38:37,526.6313345412486
6392,2026-12-28 18:38:37,526.6581361522547
6393,2026-12-28 19:38:37,526.6697682026628
6394,2026-12-28 20:38:37,526.6762719023407
6395,2026-12-28 21:38:37,526.694584192974
6396,2026-12-28 22:38:37,526.7307706740177
6397,2026-12-28 23:38:37,526.772891882268
6398,2026-12-29 00:38:37,526.8026214171557
6399,2026-12-29 01:38:37,526.8144992356735
6400,2026-12-29 02:38:37,526.8231636235535
6401,2026-12-29 03:38:37,526.850171981928
6402,2026-12-29 04:38:37,526.9023368702927
6403,2026-12-29 05:38:37,526.962685134471
6404,2026-12-29 06:38:37,527.0036689465804
6405,2026-12-29 07:38:37,527.0109613741004
6406,2026-12-29 08:38:37,526.9957870390095
6407,2026-12-29 09:38:37,526.9844902214278
6408,2026-12-29 10:38:37,526.9955227486371
6409,2026-12-29 11:38:37,527.0254323733712
6410,2026-12-29 12:38:37,527.0559732064191
6411,2026-12-29 13:38:37,527.0738303063491
6412,2026-12-29 14:38:37,527.0829903968474
6413,2026-12-29 15:38:37,527.0983219111428
6414,2026-12-29 16:38:37,527.1282958215411
6415,2026-12-29 17:38:37,527.1653546841125
6416,2026-12-29 18:38:37,527.1938783610234
6417,2026-12-29 19:38:37,527.2071332437888
6418,2026-12-29 20:38:37,527.2151564594935
6419,2026-12-29 21:38:37,527.2348820185036
6420,2026-12-29 22:38:37,527.2723737950121
6421,2026-12-29 23:38:37,527.3156918557047
6422,2026-12-30 00:38:37,527.3465106282948
6423,2026-12-30 01:38:37,527.3593722335397
6424,2026-12-30 02:38:37,527.3689184870794
6425,2026-12-30 03:38:37,527.3967117100467
6426,2026-12-30 04:38:37,527.4495707890627
6427,2026-12-30 05:38:37,527.5105303141086
6428,2026-12-30 06:38:37,527.5520516211074
6429,2026-12-30 07:38:37,527.5598183561805
6430,2026-12-30 08:38:37,527.5450671224597
6431,2026-12-30 09:38:37,527.5341555637991
6432,2026-12-30 10:38:37,527.5455502262594
6433,2026-12-30 11:38:37,527.5758149012436
6434,2026-12-30 12:38:37,527.6067210153716
6435,2026-12-30 13:38:37,527.6249721699887
6436,2026-12-30 14:38:37,527.634574800908
6437,2026-12-30 15:38:37,527.650418158015
6438,2026-12-30 16:38:37,527.6809950629407
6439,2026-12-30 17:38:37,527.7187708750771
6440,2026-12-30 18:38:37,527.748149128669
6441,2026-12-30 19:38:37,527.7624206645702
6442,2026-12-30 20:38:37,527.7716477390237
6443,2026-12-30 21:38:37,527.7927900683464
6444,2026-12-30 22:38:37,527.8319377012518
6445,2026-12-30 23:38:37,527.8771772345115
6446,2026-12-31 00:38:37,527.9102098641405
6447,2026-12-31 01:38:37,527.9256045962184
6448,2026-12-31 02:38:37,527.9380301241307
6449,2026-12-31 03:38:37,527.9690755117514
6450,2026-12-31 04:38:37,528.0255861236602
6451,2026-12-31 05:38:37,528.0906226314987
6452,2026-12-31 06:38:37,528.1366719237953
6453,2026-12-31 07:38:37,528.1494425368903
6454,2026-12-31 08:38:37,528.1401951683471
6455,2026-12-31 09:38:37,528.1353106278646
6456,2026-12-31 10:38:37,528.1532775671158
6457,2026-12-31 11:38:37,528.1906806930211
6458,2026-12-31 12:38:37,528.2293110301744
6459,2026-12-31 13:38:37,528.2558903358598
6460,2026-12-31 14:38:37,528.274441638916
6461,2026-12-31 15:38:37,528.2998691026454
6462,2026-12-31 16:38:37,528.3406786705234
6463,2026-12-31 17:38:37,528.389346925605
6464,2026-12-31 18:38:37,528.4302866268724
6465,2026-12-31 19:38:37,528.456795746634
6466,2026-12-31 20:38:37,528.4789414918664
6467,2026-12-31 21:38:37,528.5136862688738
6468,2026-12-31 22:38:37,528.5671204833907
6469,2026-12-31 23:38:37,528.6273286923405
6470,2027-01-01 00:38:37,528.6760075998016
6471,2027-01-01 01:38:37,528.7077192216036
6472,2027-01-01 02:38:37,528.7371227257689
6473,2027-01-01 03:38:37,528.7857950885383
6474,2027-01-01 04:38:37,528.8605670073515
6475,2027-01-01 05:38:37,528.9444819000944
6476,2027-01-01 06:38:37,529.0100068181799
6477,2027-01-01 07:38:37,529.0428278910904
6478,2027-01-01 08:38:37,529.0541808640095
6479,2027-01-01 09:38:37,529.0704190835148
6480,2027-01-01 10:38:37,529.1100012727608
6481,2027-01-01 11:38:37,529.1694798006613
6482,2027-01-01 12:38:37,529.2306110106531
6483,2027-01-01 13:38:37,529.2800797123814
6484,2027-01-01 14:38:37,529.3218698073518
6485,2027-01-01 15:38:37,529.3708442485607
6486,2027-01-01 16:38:37,529.4354657925529
6487,2027-01-01 17:38:37,529.508165974531
6488,2027-01-01 18:38:37,529.5733107693682
6489,2027-01-01 19:38:37,529.6241497622685
6490,2027-01-01 20:38:37,529.6707003115362
6491,2027-01-01 21:38:37,529.7298736623316
6492,2027-01-01 22:38:37,529.8077079030484
6493,2027-01-01 23:38:37,529.8922342799733
6494,2027-01-02 00:38:37,529.9650953622397
6495,2027-01-02 01:38:37,530.0207983808012
6496,2027-01-02 02:38:37,530.0739472481201
6497,2027-01-02 03:38:37,530.1460633975686
6498,2027-01-02 04:38:37,530.2439218832608
6499,2027-01-02 05:38:37,530.3505105689135
6500,2027-01-02 06:38:37,530.4382412326131
6501,2027-01-02 07:38:37,530.4927452042984
6502,2027-01-02 08:38:37,530.5252040969543
6503,2027-01-02 09:38:37,530.5619179856391
6504,2027-01-02 10:38:37,530.6212933750463
6505,2027-01-02 11:38:37,530.6998316593546
6506,2027-01-02 12:38:37,530.7792396391899
6507,2027-01-02 13:38:37,530.8461541982058
6508,2027-01-02 14:38:37,530.9045131096984
6509,2027-01-02 15:38:37,530.9691351724356
6510,2027-01-02 16:38:37,531.0484411334317
6511,2027-01-02 17:38:37,531.1348228275889
6512,2027-01-02 18:38:37,531.2126089964328
6513,2027-01-02 19:38:37,531.2750146088421
6514,2027-01-02 20:38:37,531.3320251657935
6515,2027-01-02 21:38:37,531.400522947229
6516,2027-01-02 22:38:37,531.4865200922151
6517,2027-01-02 23:38:37,531.5780250273696
6518,2027-01-03 00:38:37,531.656660735165
6519,2027-01-03 01:38:37,531.7169181853378
6520,2027-01-03 02:38:37,531.7733884356172
6521,2027-01-03 03:38:37,531.8475835403788
6522,2027-01-03 04:38:37,531.9462727076898
6523,2027-01-03 05:38:37,532.0524415328938
6524,2027-01-03 06:38:37,532.1385031354723
6525,2027-01-03 07:38:37,532.1900938157481
6526,2027-01-03 08:38:37,532.2184037922548
6527,2027-01-03 09:38:37,532.2497453737999
6528,2027-01-03 10:38:37,532.3025409069045
6529,2027-01-03 11:38:37,532.3733112022982
6530,2027-01-03 12:38:37,532.443786005405
6531,2027-01-03 13:38:37,532.5006286134419
6532,2027-01-03 14:38:37,532.5478066096209
6533,2027-01-03 15:38:37,532.6001719139214
6534,2027-01-03 16:38:37,532.6661816084085
6535,2027-01-03 17:38:37,532.7382669672803
6536,2027-01-03 18:38:37,532.800799154266
6537,2027-01-03 19:38:37,532.8470384107334
6538,2027-01-03 20:38:37,532.8870182168497
6539,2027-01-03 21:38:37,532.9376713845294
6540,2027-01-03 22:38:37,533.0050629737907
6541,2027-01-03 23:38:37,533.0772565481461
6542,2027-01-04 00:38:37,533.1359322612017
6543,2027-01-04 01:38:37,533.1756400983775
6544,2027-01-04 02:38:37,533.211031780649
6545,2027-01-04 03:38:37,533.2636814696575
6546,2027-01-04 04:38:37,533.340421715352
6547,2027-01-04 05:38:37,533.424302475156
6548,2027-01-04 06:38:37,533.4878020321012
6549,2027-01-04 07:38:37,533.5166224294765
6550,2027-01-04 08:38:37,533.5220199834087
6551,2027-01-04 09:38:37,533.5303732284859
6552,2027-01-04 10:38:37,533.5601706377829
6553,2027-01-04 11:38:37,533.6079988219717
6554,2027-01-04 12:38:37,533.6556527731561
6555,2027-01-04 13:38:37,533.689860257098
6556,2027-01-04 14:38:37,533.7146523250086
6557,2027-01-04 15:38:37,533.7449431453382
6558,2027-01-04 16:38:37,533.7892506143222
6559,2027-01-04 17:38:37,533.840065176324
6560,2027-01-04 18:38:37,533.8818153173456
6561,2027-01-04 19:38:37,533.9078165559156
6562,2027-01-04 20:38:37,533.9281554144048
6563,2027-01-04 21:38:37,533.9598153302368
6564,2027-01-04 22:38:37,534.0089093993431
6565,2027-01-04 23:38:37,534.0635464681467
6566,2027-01-05 00:38:37,534.1054490668289
6567,2027-01-05 01:38:37,534.1292065084558
6568,2027-01-05 02:38:37,534.1495066613602
6569,2027-01-05 03:38:37,534.1879565346308
6570,2027-01-05 04:38:37,534.251418118367
6571,2027-01-05 05:38:37,534.3229673080768
6572,2027-01-05 06:38:37,534.3751047410351
6573,2027-01-05 07:38:37,534.3935511624011
6574,2027-01-05 08:38:37,534.3895778829093
6575,2027-01-05 09:38:37,534.3895746832703
6576,2027-01-05 10:38:37,534.4120375069618
6577,2027-01-05 11:38:37,534.4535566460529
6578,2027-01-05 12:38:37,534.4959269858534
6579,2027-01-05 13:38:37,534.5258724119316
6580,2027-01-05 14:38:37,534.5474163507436
6581,2027-01-05 15:38:37,534.5754616440145
6582,2027-01-05 16:38:37,534.6185112156297
6583,2027-01-05 17:38:37,534.6690369616995
6584,2027-01-05 18:38:37,534.7114453269692
6585,2027-01-05 19:38:37,534.7390263914189
6586,2027-01-05 20:38:37,534.7618379497246
6587,2027-01-05 21:38:37,534.7968315426067
6588,2027-01-05 22:38:37,534.8500853319483
6589,2027-01-05 23:38:37,534.9096703354336
6590,2027-01-06 00:38:37,534.9572685128751
6591,2027-01-06 01:38:37,534.9874260282476
6592,2027-01-06 02:38:37,535.0147851941117
6593,2027-01-06 03:38:37,535.0609052376748
6594,2027-01-06 04:38:37,535.1325983293481
6595,2027-01-06 05:38:37,535.2128887025233
6596,2027-01-06 06:38:37,535.2742236915311
6597,2027-01-06 07:38:37,535.3022693048631
6598,2027-01-06 08:38:37,535.3082408946029
6599,2027-01-06 09:38:37,535.3184712764196
6600,2027-01-06 10:38:37,535.3513986409106
6601,2027-01-06 11:38:37,535.4035549601446
6602,2027-01-06 12:38:37,535.4566764542777
6603,2027-01-06 13:38:37,535.497428220971
6604,2027-01-06 14:38:37,535.52977499796
6605,2027-01-06 15:38:37,535.5685612581061
6606,2027-01-06 16:38:37,535.6222320947529
6607,2027-01-06 17:38:37,535.6832023273108
6608,2027-01-06 18:38:37,535.7358222893723
6609,2027-01-06 19:38:37,535.7733271223555
6610,2027-01-06 20:38:37,535.8057210566393
6611,2027-01-06 21:38:37,535.849903638424
6612,2027-01-06 22:38:37,535.9119027934299
6613,2027-01-06 23:38:37,535.9797412425139
6614,2027-01-07 00:38:37,536.0350547607392
6615,2027-01-07 01:38:37,536.0723456031635
6616,2027-01-07 02:38:37,536.1062146035599
6617,2027-01-07 03:38:37,536.1581820846785
6618,2027-01-07 04:38:37,536.2350240204127
6619,2027-01-07 05:38:37,536.3197312781176
6620,2027-01-07 06:38:37,536.3847207676273
6621,2027-01-07 07:38:37,536.4156311136695
6622,2027-01-07 08:38:37,536.4236534122743
6623,2027-01-07 09:38:37,536.4350994252726
6624,2027-01-07 10:38:37,536.4683895534367
6625,2027-01-07 11:38:37,536.5200412919135
6626,2027-01-07 12:38:37,536.5717797327551
6627,2027-01-07 13:38:37,536.6102622171245
6628,2027-01-07 14:38:37,536.6394491075707
6629,2027-01-07 15:38:37,536.6741838797061
6630,2027-01-07 16:38:37,536.7229139911872
6631,2027-01-07 17:38:37,536.7780599580947
6632,2027-01-07 18:38:37,536.8239811011405
6633,2027-01-07 19:38:37,536.8539247850186
6634,2027-01-07 20:38:37,536.8779106330594
6635,2027-01-07 21:38:37,536.9128566758257
6636,2027-01-07 22:38:37,536.9648123250896
6637,2027-01-07 23:38:37,537.0218246887385
6638,2027-01-08 00:38:37,537.0655567185571
6639,2027-01-08 01:38:37,537.0905405147149
6640,2027-01-08 02:38:37,537.1114092936562
6641,2027-01-08 03:38:37,537.1497181586095
6642,2027-01-08 04:38:37,537.2122801136932
6643,2027-01-08 05:38:37,537.2821251504771
6644,2027-01-08 06:38:37,537.3317112342488
6645,2027-01-08 07:38:37,537.3467198073292
6646,2027-01-08 08:38:37,537.3383863707925
6647,2027-01-08 09:38:37,537.3330684993754
6648,2027-01-08 10:38:37,537.3492336309104
6649,2027-01-08 11:38:37,537.3834473346534
6650,2027-01-08 12:38:37,537.417483624089
6651,2027-01-08 13:38:37,537.4380494175938
6652,2027-01-08 14:38:37,537.449155118067
6653,2027-01-08 15:38:37,537.465694511674
6654,2027-01-08 16:38:37,537.4961654443812
6655,2027-01-08 17:38:37,537.5330387070934
6656,2027-01-08 18:38:37,537.5607235926079
6657,2027-01-08 19:38:37,537.5725169484392
6658,2027-01-08 20:38:37,537.578487208384
6659,2027-01-08 21:38:37,537.5956003621495
6660,2027-01-08 22:38:37,537.6299527552171
6661,2027-01-08 23:38:37,537.6696372350854
6662,2027-01-09 00:38:37,537.696361136482
6663,2027-01-09 01:38:37,537.7046994300316
6664,2027-01-09 02:38:37,537.7093265415241
6665,2027-01-09 03:38:37,537.7318369816537
6666,2027-01-09 04:38:37,537.7790812276249
6667,2027-01-09 05:38:37,537.8341246859707
6668,2027-01-09 06:38:37,537.8694585642364
6669,2027-01-09 07:38:37,537.8707952692776
6670,2027-01-09 08:38:37,537.8493988938226
6671,2027-01-09 09:38:37,537.8316531463993
6672,2027-01-09 10:38:37,537.836049066221
6673,2027-01-09 11:38:37,537.859173227573
6674,2027-01-09 12:38:37,537.88281799945
6675,2027-01-09 13:38:37,537.8937059639575
6676,2027-01-09 14:38:37,537.8958604646137
6677,2027-01-09 15:38:37,537.9041854847417
6678,2027-01-09 16:38:37,537.9271863146085
6679,2027-01-09 17:38:37,537.9573384380215
6680,2027-01-09 18:38:37,537.979053101509
6681,2027-01-09 19:38:37,537.9856263899724
6682,2027-01-09 20:38:37,537.9871232914599
6683,2027-01-09 21:38:37,538.0005037101633
6684,2027-01-09 22:38:37,538.0318553195224
6685,2027-01-09 23:38:37,538.069259771248
6686,2027-01-10 00:38:37,538.094410752503
6687,2027-01-10 01:38:37,538.1018672153366
6688,2027-01-10 02:38:37,538.1062852850866
6689,2027-01-10 03:38:37,538.1292389871702
6690,2027-01-10 04:38:37,538.1775562331562
6691,2027-01-10 05:38:37,538.2342778949832
6692,2027-01-10 06:38:37,538.2718687944018
6693,2027-01-10 07:38:37,538.2760132248792
6694,2027-01-10 08:38:37,538.2579455670015
6695,2027-01-10 09:38:37,538.2440183519076
6696,2027-01-10 10:38:37,538.2526901137326
6697,2027-01-10 11:38:37,538.2805137349873
6698,2027-01-10 12:38:37,538.3092468500205
6699,2027-01-10 13:38:37,538.325576409415
6700,2027-01-10 14:38:37,538.3334893758639
6701,2027-01-10 15:38:37,538.3478527510499
6702,2027-01-10 16:38:37,538.3771343915865
6703,2027-01-10 17:38:37,538.413772044093
6704,2027-01-10 18:38:37,538.4421390619277
6705,2027-01-10 19:38:37,538.455493626866
6706,2027-01-10 20:38:37,538.4638629577771
6707,2027-01-10 21:38:37,538.4841694648413
6708,2027-01-10 22:38:37,538.52246374063
6709,2027-01-10 23:38:37,538.5667909033303
6710,2027-01-11 00:38:37,538.5988087838558
6711,2027-01-11 01:38:37,538.613041280415
6712,2027-01-11 02:38:37,538.6241103868648
6713,2027-01-11 03:38:37,538.6535570337483
6714,2027-01-11 04:38:37,538.7081771825968
6715,2027-01-11 05:38:37,538.7709810019213
6716,2027-01-11 06:38:37,538.814403951702
6717,2027-01-11 07:38:37,538.8241023932295
6718,2027-01-11 08:38:37,538.8112842851524
6719,2027-01-11 09:38:37,538.8022773199848
6720,2027-01-11 10:38:37,538.8155168418334
6721,2027-01-11 11:38:37,538.8475342491877
6722,2027-01-11 12:38:37,538.8800674477147
6723,2027-01-11 13:38:37,538.8997854558775
6724,2027-01-11 14:38:37,538.9106591338547
6725,2027-01-11 15:38:37,538.9275412352777
6726,2027-01-11 16:38:37,538.958887239866
6727,2027-01-11 17:38:37,538.9971243970982
6728,2027-01-11 18:38:37,539.026617443539
6729,2027-01-11 19:38:37,539.0406178172296
6730,2027-01-11 20:38:37,539.0491478513719
6731,2027-01-11 21:38:37,539.0691269060508
6732,2027-01-11 22:38:37,539.1066043295011
6733,2027-01-11 23:38:37,539.1496257645356
6734,2027-01-12 00:38:37,539.1798512920718
6735,2027-01-12 01:38:37,539.1918087357143
6736,2027-01-12 02:38:37,539.2001256340019
6737,2027-01-12 03:38:37,539.2263500196176
6738,2027-01-12 04:38:37,539.2772864465023
6739,2027-01-12 05:38:37,539.3359550936835
6740,2027-01-12 06:38:37,539.3748027730743
6741,2027-01-12 07:38:37,539.3794984585072
6742,2027-01-12 08:38:37,539.3612638972899
6743,2027-01-12 09:38:37,539.3464416590103
6744,2027-01-12 10:38:37,539.3534829628153
6745,2027-01-12 11:38:37,539.3789359874384
6746,2027-01-12 12:38:37,539.404556229424
6747,2027-01-12 13:38:37,539.4170310128305
6748,2027-01-12 14:38:37,539.4203501213382
6749,2027-01-12 15:38:37,539.429385752785
6750,2027-01-12 16:38:37,539.452613254643
6751,2027-01-12 17:38:37,539.4824800710275
6752,2027-01-12 18:38:37,539.5033713643204
6753,2027-01-12 19:38:37,539.5085591352533
6754,2027-01-12 20:38:37,539.5080863240712
6755,2027-01-12 21:38:37,539.5188928519449
6756,2027-01-12 22:38:37,539.5470484945532
6757,2027-01-12 23:38:37,539.5806191037539
6758,2027-01-13 00:38:37,539.6012846696988
6759,2027-01-13 01:38:37,539.6035925476453
6760,2027-01-13 02:38:37,539.6021893563776
6761,2027-01-13 03:38:37,539.6186416878114
6762,2027-01-13 04:38:37,539.6597720689996
6763,2027-01-13 05:38:37,539.7086180055734
6764,2027-01-13 06:38:37,539.737642934037
6765,2027-01-13 07:38:37,539.7325317004371
6766,2027-01-13 08:38:37,539.7045211267557
6767,2027-01-13 09:38:37,539.6799680199081
6768,2027-01-13 10:38:37,539.6773369646864
6769,2027-01-13 11:38:37,539.6931886049326
6770,2027-01-13 12:38:37,539.7092899784515
6771,2027-01-13 13:38:37,539.7123390089578
6772,2027-01-13 14:38:37,539.7063351259399
6773,2027-01-13 15:38:37,539.7061592123956
6774,2027-01-13 16:38:37,539.7202943389208
6775,2027-01-13 17:38:37,539.741194714604
6776,2027-01-13 18:38:37,539.7532513176717
6777,2027-01-13 19:38:37,539.7497410295995
6778,2027-01-13 20:38:37,539.7407107551168
6779,2027-01-13 21:38:37,539.7431034870585
6780,2027-01-13 22:38:37,539.7629912077964
6781,2027-01-13 23:38:37,539.7884411428909
6782,2027-01-14 00:38:37,539.8011338590744
6783,2027-01-14 01:38:37,539.7956165305552
6784,2027-01-14 02:38:37,539.7865348802361
6785,2027-01-14 03:38:37,539.7954539351314
6786,2027-01-14 04:38:37,539.8291940368929
6787,2027-01-14 05:38:37,539.8707899361267
6788,2027-01-14 06:38:37,539.8927017976049
6789,2027-01-14 07:38:37,539.8806107335453
6790,2027-01-14 08:38:37,539.8457494259678
6791,2027-01-14 09:38:37,539.8144701926598
6792,2027-01-14 10:38:37,539.8052328377258
6793,2027-01-14 11:38:37,539.8145929906843
6794,2027-01-14 12:38:37,539.8243124992692
6795,2027-01-14 13:38:37,539.8210839788761
6796,2027-01-14 14:38:37,539.8089014892188
6797,2027-01-14 15:38:37,539.802640537816
6798,2027-01-14 16:38:37,539.8107788684973
6799,2027-01-14 17:38:37,539.8257654650358
6800,2027-01-14 18:38:37,539.831986232596
6801,2027-01-14 19:38:37,539.8227131804235
6802,2027-01-14 20:38:37,539.8079885879396
6803,2027-01-14 21:38:37,539.8047511129439
6804,2027-01-14 22:38:37,539.8190687334683
6805,2027-01-14 23:38:37,539.8390050386527
6806,2027-01-15 00:38:37,539.8462373606302
6807,2027-01-15 01:38:37,539.8353100711827
6808,2027-01-15 02:38:37,539.8208665496809
6809,2027-01-15 03:38:37,539.8244699614088
6810,2027-01-15 04:38:37,539.8529392871183
6811,2027-01-15 05:38:37,539.88930843242
6812,2027-01-15 06:38:37,539.906037244037
6813,2027-01-15 07:38:37,539.8888070500703
6814,2027-01-15 08:38:37,539.8488512852977
6815,2027-01-15 09:38:37,539.8125235560199
6816,2027-01-15 10:38:37,539.7982854854984
6817,2027-01-15 11:38:37,539.8026950440017
6818,2027-01-15 12:38:37,539.8075169286687
6819,2027-01-15 13:38:37,539.7994470962824
6820,2027-01-15 14:38:37,539.7824834196055
6821,2027-01-15 15:38:37,539.7715056670834
6822,2027-01-15 16:38:37,539.7749962641931
6823,2027-01-15 17:38:37,539.7854092668377
6824,2027-01-15 18:38:37,539.7871360095781
6825,2027-01-15 19:38:37,539.773454252366
6826,2027-01-15 20:38:37,539.7544123082255
6827,2027-01-15 21:38:37,539.7469551107591
6828,2027-01-15 22:38:37,539.7571571133014
6829,2027-01-15 23:38:37,539.7730885353703
6830,2027-01-16 00:38:37,539.7764334486653
6831,2027-01-16 01:38:37,539.7617430266429
6832,2027-01-16 02:38:37,539.7436674645011
6833,2027-01-16 03:38:37,539.7437767089286
6834,2027-01-16 04:38:37,539.7688964387911
6835,2027-01-16 05:38:37,539.8020671256195
6836,2027-01-16 06:38:37,539.8157550012664
6837,2027-01-16 07:38:37,539.7956475501263
6838,2027-01-16 08:38:37,539.7529840872725
6839,2027-01-16 09:38:37,539.7141237772657
6840,2027-01-16 10:38:37,539.6975334349977
6841,2027-01-16 11:38:37,539.6997758128085
6842,2027-01-16 12:38:37,539.7026199393964
6843,2027-01-16 13:38:37,539.6927656138096
6844,2027-01-16 14:38:37,539.674214025468
6845,2027-01-16 15:38:37,539.6618477001542
6846,2027-01-16 16:38:37,539.6641512305724
6847,2027-01-16 17:38:37,539.673580221946
6848,2027-01-16 18:38:37,539.6745269157111
6849,2027-01-16 19:38:37,539.6602693150968
6850,2027-01-16 20:38:37,539.6408552951566
6851,2027-01-16 21:38:37,539.6332286562701
6852,2027-01-16 22:38:37,539.6434620130328
6853,2027-01-16 23:38:37,539.6596230342567
6854,2027-01-17 00:38:37,539.6633925263797
6855,2027-01-17 01:38:37,539.6493176843935
6856,2027-01-17 02:38:37,539.6320440170498
6857,2027-01-17 03:38:37,539.6331360858217
6858,2027-01-17 04:38:37,539.6594134986142
6859,2027-01-17 05:38:37,539.6939099871896
6860,2027-01-17 06:38:37,539.7090843954742
6861,2027-01-17 07:38:37,539.6906161961714
6862,2027-01-17 08:38:37,539.6497360967863
6863,2027-01-17 09:38:37,539.6127940898641
6864,2027-01-17 10:38:37,539.5982472884604
6865,2027-01-17 11:38:37,539.6026482510775
6866,2027-01-17 12:38:37,539.6077553613253
6867,2027-01-17 13:38:37,539.6002573654098
6868,2027-01-17 14:38:37,539.5841440381699
6869,2027-01-17 15:38:37,539.5742861774178
6870,2027-01-17 16:38:37,539.5791563848898
6871,2027-01-17 17:38:37,539.5911980640516
6872,2027-01-17 18:38:37,539.5947910975688
6873,2027-01-17 19:38:37,539.5832010279228
6874,2027-01-17 20:38:37,539.566463223479
6875,2027-01-17 21:38:37,539.5615089887565
6876,2027-01-17 22:38:37,539.5743985105069
6877,2027-01-17 23:38:37,539.5931871550301
6878,2027-01-18 00:38:37,539.5995436087702
6879,2027-01-18 01:38:37,539.5880031859447
6880,2027-01-18 02:38:37,539.5731998097467
6881,2027-01-18 03:38:37,539.5766868062302
6882,2027-01-18 04:38:37,539.6052729516941
6883,2027-01-18 05:38:37,539.6419816021191
6884,2027-01-18 06:38:37,539.6592617316912
6885,2027-01-18 07:38:37,539.6427834974603
6886,2027-01-18 08:38:37,539.6037688910883
6887,2027-01-18 09:38:37,539.5685598321363
6888,2027-01-18 10:38:37,539.555606043822
6889,2027-01-18 11:38:37,539.5614534151431
6890,2027-01-18 12:38:37,539.5678544144964
6891,2027-01-18 13:38:37,539.5614926576905
6892,2027-01-18 14:38:37,539.5463536009325
6893,2027-01-18 15:38:37,539.5373045583748
6894,2027-01-18 16:38:37,539.5428155023965
6895,2027-01-18 17:38:37,539.5553280767864
6896,2027-01-18 18:38:37,539.5592212855265
6897,2027-01-18 19:38:37,539.5477606805861
6898,2027-01-18 20:38:37,539.5309825310031
6899,2027-01-18 21:38:37,539.5258199319629
6900,2027-01-18 22:38:37,539.538335745486
6901,2027-01-18 23:38:37,539.556588888166
6902,2027-01-19 00:38:37,539.5622524580258
6903,2027-01-19 01:38:37,539.5498670243264
6904,2027-01-19 02:38:37,539.5340725869385
6905,2027-01-19 03:38:37,539.5364293444602
6906,2027-01-19 04:38:37,539.5637537120742
6907,2027-01-19 05:38:37,539.5990774177759
6908,2027-01-19 06:38:37,539.6148585041949
6909,2027-01-19 07:38:37,539.5967768532265
6910,2027-01-19 08:38:37,539.5560647946246
6911,2027-01-19 09:38:37,539.5190751531841
6912,2027-01-19 10:38:37,539.5042690757333
6913,2027-01-19 11:38:37,539.5082043419715
6914,2027-01-19 12:38:37,539.51264572461
6915,2027-01-19 13:38:37,539.5042895019443
6916,2027-01-19 14:38:37,539.487134093699
6917,2027-01-19 15:38:37,539.476060020005
6918,2027-01-19 16:38:37,539.4795506420182
6919,2027-01-19 17:38:37,539.4900611145749
6920,2027-01-19 18:38:37,539.4919840138896
6921,2027-01-19 19:38:37,539.4785984640517
6922,2027-01-19 20:38:37,539.4599542448382
6923,2027-01-19 21:38:37,539.4529978398937
6924,2027-01-19 22:38:37,539.4638053171368
6925,2027-01-19 23:38:37,539.4804485572048
6926,2027-01-20 00:38:37,539.4846133222043
6927,2027-01-20 01:38:37,539.4708524889733
6928,2027-01-20 02:38:37,539.4538179536521
6929,2027-01-20 03:38:37,539.455081347106
6930,2027-01-20 04:38:37,539.4814700023538
6931,2027-01-20 05:38:37,539.5160260029644
6932,2027-01-20 06:38:37,539.5312171398105
6933,2027-01-20 07:38:37,539.512732393663
6934,2027-01-20 08:38:37,539.4718125049368
6935,2027-01-20 09:38:37,539.43481798544
6936,2027-01-20 10:38:37,539.4202169134752
6937,2027-01-20 11:38:37,539.4245732165363
6938,2027-01-20 12:38:37,539.4296570071198
6939,2027-01-20 13:38:37,539.4221690749747
6940,2027-01-20 14:38:37,539.406111506638
6941,2027-01-20 15:38:37,539.3963676322651
6942,2027-01-20 16:38:37,539.4014227582521
6943,2027-01-20 17:38:37,539.4137331161335
6944,2027-01-20 18:38:37,539.4176914907199
6945,2027-01-20 19:38:37,539.4065763512664
6946,2027-01-20 20:38:37,539.3904359681189
6947,2027-01-20 21:38:37,539.3862144738456
6948,2027-01-20 22:38:37,539.3999847606638
6949,2027-01-20 23:38:37,539.419814729831
6950,2027-01-21 00:38:37,539.4273853851965
6951,2027-01-21 01:38:37,539.4172440949665
6952,2027-01-21 02:38:37,539.4040365283211
6953,2027-01-21 03:38:37,539.409327406272
6954,2027-01-21 04:38:37,539.4399365077086
6955,2027-01-21 05:38:37,539.4788977594044
6956,2027-01-21 06:38:37,539.4986702371485
6957,2027-01-21 07:38:37,539.4849336952508
6958,2027-01-21 08:38:37,539.4489191854908
6959,2027-01-21 09:38:37,539.4169771201302
6960,2027-01-21 10:38:37,539.4075651199698
6961,2027-01-21 11:38:37,539.4172363515854
6962,2027-01-21 12:38:37,539.4277499188307
6963,2027-01-21 13:38:37,539.4257954116991
6964,2027-01-21 14:38:37,539.4153635831038
6965,2027-01-21 15:38:37,539.4113263533084
6966,2027-01-21 16:38:37,539.4221576001213
6967,2027-01-21 17:38:37,539.4403021651506
6968,2027-01-21 18:38:37,539.450141538717
6969,2027-01-21 19:38:37,539.4449430469275
6970,2027-01-21 20:38:37,539.4347440230985
6971,2027-01-21 21:38:37,539.4364779222298
6972,2027-01-21 22:38:37,539.4562072700661
6973,2027-01-21 23:38:37,539.4819899621652
6974,2027-01-22 00:38:37,539.495497404903
6975,2027-01-22 01:38:37,539.4912678221929
6976,2027-01-22 02:38:37,539.4839382344038
6977,2027-01-22 03:38:37,539.495065248569
6978,2027-01-22 04:38:37,539.5314611006709
6979,2027-01-22 05:38:37,539.5761527785941
6980,2027-01-22 06:38:37,539.6015930527334
6981,2027-01-22 07:38:37,539.5934560313231
6982,2027-01-22 08:38:37,539.5629678014982
6983,2027-01-22 09:38:37,539.536474510506
6984,2027-01-22 10:38:37,539.5324302280759
6985,2027-01-22 11:38:37,539.5473852938593
6986,2027-01-22 12:38:37,539.5630967151233
6987,2027-01-22 13:38:37,539.5662527176568
6988,2027-01-22 14:38:37,539.560843420516
6989,2027-01-22 15:38:37,539.5617408342844
6990,2027-01-22 16:38:37,539.5774196410756
6991,2027-01-22 17:38:37,539.6003261865596
6992,2027-01-22 18:38:37,539.6148441467416
6993,2027-01-22 19:38:37,539.6142436930569
6994,2027-01-22 20:38:37,539.6085656381238
6995,2027-01-22 21:38:37,539.6147475209777
6996,2027-01-22 22:38:37,539.6388565234648
6997,2027-01-22 23:38:37,539.6689557334245
6998,2027-01-23 00:38:37,539.6867222467639
6999,2027-01-23 01:38:37,539.686700432411
7000,2027-01-23 02:38:37,539.6835338668544
7001,2027-01-23 03:38:37,539.6987860776167
7002,2027-01-23 04:38:37,539.7392765366845
7003,2027-01-23 05:38:37,539.7880397327322
7004,2027-01-23 06:38:37,539.8175361494514
7005,2027-01-23 07:38:37,539.8134477672837
7006,2027-01-23 08:38:37,539.7870086498671
7007,2027-01-23 09:38:37,539.7645729699547
7008,2027-01-23 10:38:37,539.7646028160365
7009,2027-01-23 11:38:37,539.783656483947
7010,2027-01-23 12:38:37,539.8034988189047
7011,2027-01-23 13:38:37,539.8108257112783
7012,2027-01-23 14:38:37,539.8096347169651
7013,2027-01-23 15:38:37,539.8148050024057
7014,2027-01-23 16:38:37,539.8348180727204
7015,2027-01-23 17:38:37,539.8621267135369
7016,2027-01-23 18:38:37,539.88112060954
7017,2027-01-23 19:38:37,539.885075463564
7018,2027-01-23 20:38:37,539.8840370988019
7019,2027-01-23 21:38:37,539.89494750326
7020,2027-01-23 22:38:37,539.9238777083041
7021,2027-01-23 23:38:37,539.958894017191
7022,2027-01-24 00:38:37,539.9816760758572
7023,2027-01-24 01:38:37,539.9867701101633
7024,2027-01-24 02:38:37,539.9888208364508
7025,2027-01-24 03:38:37,540.00939218492
7026,2027-01-24 04:38:37,540.0553032769402
7027,2027-01-24 05:38:37,540.1095874853074
7028,2027-01-24 06:38:37,540.1447034047611
7029,2027-01-24 07:38:37,540.1463303502077
7030,2027-01-24 08:38:37,540.1256989439227
7031,2027-01-24 09:38:37,540.1091591465782
7032,2027-01-24 10:38:37,540.1151680732594
7033,2027-01-24 11:38:37,540.1402782987795
7034,2027-01-24 12:38:37,540.1662482176735
7035,2027-01-24 13:38:37,540.1797665620663
7036,2027-01-24 14:38:37,540.1848230482584
7037,2027-01-24 15:38:37,540.1962883518875
7038,2027-01-24 16:38:37,540.2226348700472
7039,2027-01-24 17:38:37,540.2563057007663
7040,2027-01-24 18:38:37,540.281680302706
7041,2027-01-24 19:38:37,540.2920236586757
7042,2027-01-24 20:38:37,540.2973704253753
7043,2027-01-24 21:38:37,540.3146510282023
7044,2027-01-24 22:38:37,540.3499245927741
7045,2027-01-24 23:38:37,540.3912452287575
7046,2027-01-25 00:38:37,540.4202801580388
7047,2027-01-25 01:38:37,540.4315630111054
7048,2027-01-25 02:38:37,540.4397257982289
7049,2027-01-25 03:38:37,540.466319694624
7050,2027-01-25 04:38:37,540.5181510804167
7051,2027-01-25 05:38:37,540.5782406640639
7052,2027-01-25 06:38:37,540.6190345162635
7053,2027-01-25 07:38:37,540.6261996314142
7054,2027-01-25 08:38:37,540.6109545776468
7055,2027-01-25 09:38:37,540.5996375898412
7056,2027-01-25 10:38:37,540.610694446579
7057,2027-01-25 11:38:37,540.6406668349217
7058,2027-01-25 12:38:37,540.6713027681293
7059,2027-01-25 13:38:37,540.6892811591938
7060,2027-01-25 14:38:37,540.6985825207228
7061,2027-01-25 15:38:37,540.7140689907586
7062,2027-01-25 16:38:37,540.7442051425992
7063,2027-01-25 17:38:37,540.781427008811
7064,2027-01-25 18:38:37,540.8101077819848
7065,2027-01-25 19:38:37,540.823507015661
7066,2027-01-25 20:38:37,540.831654807548
7067,2027-01-25 21:38:37,540.8514779237505
7068,2027-01-25 22:38:37,540.8890327554122
7069,2027-01-25 23:38:37,540.932371623255
7070,2027-01-26 00:38:37,540.963160921899
7071,2027-01-26 01:38:37,540.9759344277072
7072,2027-01-26 02:38:37,540.985325276698
7073,2027-01-26 03:38:37,541.0128867515799
7074,2027-01-26 04:38:37,541.0654283187553
7075,2027-01-26 05:38:37,541.1259747438888
7076,2027-01-26 06:38:37,541.1669771131006
7077,2027-01-26 07:38:37,541.1741083768788
7078,2027-01-26 08:38:37,541.1585939777895
7079,2027-01-26 09:38:37,541.1467799164982
7080,2027-01-26 10:38:37,541.1571205971358
7081,2027-01-26 11:38:37,541.1861671560688
7082,2027-01-26 12:38:37,541.2156778393193
7083,2027-01-26 13:38:37,541.2323425317014
7084,2027-01-26 14:38:37,541.2401534084165
7085,2027-01-26 15:38:37,541.25398490891
7086,2027-01-26 16:38:37,541.2823144913119
7087,2027-01-26 17:38:37,541.3175915979016
7088,2027-01-26 18:38:37,541.3442032944513
7089,2027-01-26 19:38:37,541.3554234071479
7090,2027-01-26 20:38:37,541.3612966395673
7091,2027-01-26 21:38:37,541.3787646287027
7092,2027-01-26 22:38:37,541.4138988318423
7093,2027-01-26 23:38:37,541.4547667600847
7094,2027-01-27 00:38:37,541.4830500507607
7095,2027-01-27 01:38:37,541.4932977028858
7096,2027-01-27 02:38:37,541.5001579825183
7097,2027-01-27 03:38:37,541.5251991375022
7098,2027-01-27 04:38:37,541.5752453627758
7099,2027-01-27 05:38:37,541.6333358452674
7100,2027-01-27 06:38:37,541.6719357157465
7101,2027-01-27 07:38:37,541.6767315251835
7102,2027-01-27 08:38:37,541.6589618069804
7103,2027-01-27 09:38:37,541.6449850799861
7104,2027-01-27 10:38:37,541.653267633676
7105,2027-01-27 11:38:37,541.6803717998716
7106,2027-01-27 12:38:37,541.7080662765918
7107,2027-01-27 13:38:37,541.7230506073855
7108,2027-01-27 14:38:37,541.7293257872002
7109,2027-01-27 15:38:37,541.7417741948352
7110,2027-01-27 16:38:37,541.7688803105909
7111,2027-01-27 17:38:37,541.8030996497394
7112,2027-01-27 18:38:37,541.8288243749145
7113,2027-01-27 19:38:37,541.8393324112852
7114,2027-01-27 20:38:37,541.8446715471557
7115,2027-01-27 21:38:37,541.8617854791099
7116,2027-01-27 22:38:37,541.8967466936223
7117,2027-01-27 23:38:37,541.9376227009834
7118,2027-01-28 00:38:37,541.9660941138686
7119,2027-01-28 01:38:37,541.9767078946808
7120,2027-01-28 02:38:37,541.9841092785491
7121,2027-01-28 03:38:37,542.0098625114191
7122,2027-01-28 04:38:37,542.0607868443395
7123,2027-01-28 05:38:37,542.119915612866
7124,2027-01-28 06:38:37,542.1597072288637
7125,2027-01-28 07:38:37,542.1658407020298
7126,2027-01-28 08:38:37,542.14954625239
7127,2027-01-28 09:38:37,542.1371733684464
7128,2027-01-28 10:38:37,542.1471786520717
7129,2027-01-28 11:38:37,542.1761141543478
7130,2027-01-28 12:38:37,542.2057377675685
7131,2027-01-28 13:38:37,542.2227377764985
7132,2027-01-28 14:38:37,542.231103539578
7133,2027-01-28 15:38:37,542.2457054997789
7134,2027-01-28 16:38:37,542.2750159833378
7135,2027-01-28 17:38:37,542.3114782166116
7136,2027-01-28 18:38:37,542.3394720237302
7137,2027-01-28 19:38:37,542.3522630284922
7138,2027-01-28 20:38:37,542.3598868427168
7139,2027-01-28 21:38:37,542.3792751997136
7140,2027-01-28 22:38:37,542.416488924341
7141,2027-01-28 23:38:37,542.4595842550499
7142,2027-01-29 00:38:37,542.4902310097657
7143,2027-01-29 01:38:37,542.5029659192828
7144,2027-01-29 02:38:37,542.5124246345815
7145,2027-01-29 03:38:37,542.5401625470506
7146,2027-01-29 04:38:37,542.5929908622538
7147,2027-01-29 05:38:37,542.6539357557294
7148,2027-01-29 06:38:37,542.6954494376319
7149,2027-01-29 07:38:37,542.7032057431554
7150,2027-01-29 08:38:37,542.6884308095441
7151,2027-01-29 09:38:37,542.6774711939762
7152,2027-01-29 10:38:37,542.6887817730654
7153,2027-01-29 11:38:37,542.7189141277843
7154,2027-01-29 12:38:37,542.7496269787064
7155,2027-01-29 13:38:37,542.7676107743645
7156,2027-01-29 14:38:37,542.7768584031048
7157,2027-01-29 15:38:37,542.7922452278981
7158,2027-01-29 16:38:37,542.8222499021076
7159,2027-01-29 17:38:37,542.8593233962494
7160,2027-01-29 18:38:37,542.8878546982563
7161,2027-01-29 19:38:37,542.9011200105735
7162,2027-01-29 20:38:37,542.9091669261662
7163,2027-01-29 21:38:37,542.9289405420853
7164,2027-01-29 22:38:37,542.966516401963
7165,2027-01-29 23:38:37,543.0099667829236
7166,2027-01-30 00:38:37,543.0409788187183
7167,2027-01-30 01:38:37,543.0541077829221
7168,2027-01-30 02:38:37,543.0640090386411
7169,2027-01-30 03:38:37,543.0922587939222
7170,2027-01-30 04:38:37,543.1456901036559
7171,2027-01-30 05:38:37,543.2073519466957
7172,2027-01-30 06:38:37,543.2497202052785
7173,2027-01-30 07:38:37,543.2584931639351
7174,2027-01-30 08:38:37,543.2449220890734
7175,2027-01-30 09:38:37,543.2353792438181
7176,2027-01-30 10:38:37,543.2483456793071
7177,2027-01-30 11:38:37,543.280399506591
7178,2027-01-30 12:38:37,543.3133262145528
7179,2027-01-30 13:38:37,543.3338431370423
7180,2027-01-30 14:38:37,543.3459700401559
7181,2027-01-30 15:38:37,543.3646090296027
7182,2027-01-30 16:38:37,543.3982652367074
7183,2027-01-30 17:38:37,543.4394157136379
7184,2027-01-30 18:38:37,543.4724750009442
7185,2027-01-30 19:38:37,543.4907441912823
7186,2027-01-30 20:38:37,543.5042949720543
7187,2027-01-30 21:38:37,543.5300956061512
7188,2027-01-30 22:38:37,543.5742437428191
7189,2027-01-30 23:38:37,543.6248325746992
7190,2027-01-31 00:38:37,543.6635688335201
7191,2027-01-31 01:38:37,543.6850259487927
7192,2027-01-31 02:38:37,543.70387587665
7193,2027-01-31 03:38:37,543.7417097385513
7194,2027-01-31 04:38:37,543.8053737112358
7195,2027-01-31 05:38:37,543.8779279972235
7196,2027-01-31 06:38:37,543.9318577034812
7197,2027-01-31 07:38:37,543.9528682460002
7198,2027-01-31 08:38:37,543.9522158419175
7199,2027-01-31 09:38:37,543.9562754443466
7200,2027-01-31 10:38:37,543.9835284614438
7201,2027-01-31 11:38:37,544.03055096442
7202,2027-01-31 12:38:37,544.0791239502136
7203,2027-01-31 13:38:37,544.1159577624278
7204,2027-01-31 14:38:37,544.145062641795
7205,2027-01-31 15:38:37,544.1813286063914
7206,2027-01-31 16:38:37,544.2332461203988
7207,2027-01-31 17:38:37,544.2932749822346
7208,2027-01-31 18:38:37,544.3458098953286
7209,2027-01-31 19:38:37,544.3841295454818
7210,2027-01-31 20:38:37,544.4182806677177
7211,2027-01-31 21:38:37,544.4652040618025
7212,2027-01-31 22:38:37,544.530967448467
7213,2027-01-31 23:38:37,544.6036316823387
7214,2027-02-01 00:38:37,544.6648688139992
7215,2027-02-01 01:38:37,544.709215325314
7216,2027-02-01 02:38:37,544.7513040450845
7217,2027-02-01 03:38:37,544.812684884467
7218,2027-02-01 04:38:37,544.9001608332688
7219,2027-02-01 05:38:37,544.996747046148
7220,2027-02-01 06:38:37,545.0748818459749
7221,2027-02-01 07:38:37,545.1202222616342
7222,2027-02-01 08:38:37,545.1439746615871
7223,2027-02-01 09:38:37,545.1724628378032
7224,2027-02-01 10:38:37,545.2241158811007
7225,2027-02-01 11:38:37,545.2954565520511
7226,2027-02-01 12:38:37,545.3682117126513
7227,2027-02-01 13:38:37,545.4290369216249
7228,2027-02-01 14:38:37,545.4818871641438
7229,2027-02-01 15:38:37,545.5415969154192
7230,2027-02-01 16:38:37,545.6166009963047
7231,2027-02-01 17:38:37,545.6993036510572
7232,2027-02-01 18:38:37,545.7740443097639
7233,2027-02-01 19:38:37,545.8340468586903
7234,2027-02-01 20:38:37,545.8893039006614
7235,2027-02-01 21:38:37,545.9567029639253
7236,2027-02-01 22:38:37,546.0422595507491
7237,2027-02-01 23:38:37,546.1339835410363
7238,2027-02-02 00:38:37,546.2134974425394
7239,2027-02-02 01:38:37,546.2752898111403
7240,2027-02-02 02:38:37,546.3339473474354
7241,2027-02-02 03:38:37,546.4109758083428
7242,2027-02-02 04:38:37,546.5131361741455
7243,2027-02-02 05:38:37,546.6234038992103
7244,2027-02-02 06:38:37,546.7141800730445
7245,2027-02-02 07:38:37,546.771087108211
7246,2027-02-02 08:38:37,546.8052995158433
7247,2027-02-02 09:38:37,546.8431121227012
7248,2027-02-02 10:38:37,546.9029280702695
7249,2027-02-02 11:38:37,546.9812472994469
7250,2027-02-02 12:38:37,547.0597770855752
7251,2027-02-02 13:38:37,547.1251567261648
7252,2027-02-02 14:38:37,547.1813283516412
7253,2027-02-02 15:38:37,547.2431170582288
7254,2027-02-02 16:38:37,547.3189518207328
7255,2027-02-02 17:38:37,547.4012346150326
7256,2027-02-02 18:38:37,547.4743062126197
7257,2027-02-02 19:38:37,547.53139547014
7258,2027-02-02 20:38:37,547.5825035959618
7259,2027-02-02 21:38:37,547.6445303520849
7260,2027-02-02 22:38:37,547.7235070826076
7261,2027-02-02 23:38:37,547.8074630839798
7262,2027-02-03 00:38:37,547.8780438087513
7263,2027-02-03 01:38:37,547.9297642263733
7264,2027-02-03 02:38:37,547.9772408473539
7265,2027-02-03 03:38:37,548.042012549827
7266,2027-02-03 04:38:37,548.1308766491201
7267,2027-02-03 05:38:37,548.226848038901
7268,2027-02-03 06:38:37,548.3023702308743
7269,2027-02-03 07:38:37,548.3431109100998
7270,2027-02-03 08:38:37,548.3602925668989
7271,2027-02-03 09:38:37,548.3802605600034
7272,2027-02-03 10:38:37,548.4214709518471
7273,2027-02-03 11:38:37,548.4804788202287
7274,2027-02-03 12:38:37,548.5390486116124
7275,2027-02-03 13:38:37,548.5838786392018
7276,2027-02-03 14:38:37,548.6189716966728
7277,2027-02-03 15:38:37,548.6592149875119
7278,2027-02-03 16:38:37,548.7131008283999
7279,2027-02-03 17:38:37,548.7730955572947
7280,2027-02-03 18:38:37,548.8236051092493
7281,2027-02-03 19:38:37,548.8579240838668
7282,2027-02-03 20:38:37,548.8861197871164
7283,2027-02-03 21:38:37,548.9251582067724
7284,2027-02-03 22:38:37,548.9811368134893
7285,2027-02-03 23:38:37,549.0421507036496
7286,2027-02-04 00:38:37,549.0899105765051
7287,2027-02-04 01:38:37,549.1189958700293
7288,2027-02-04 02:38:37,549.144086562742
7289,2027-02-04 03:38:37,549.1867837812445
7290,2027-02-04 04:38:37,549.2539456550347
7291,2027-02-04 05:38:37,549.3286462479401
7292,2027-02-04 06:38:37,549.3833863939542
7293,2027-02-04 07:38:37,549.403889055282
7294,2027-02-04 08:38:37,549.4014297644568
7295,2027-02-04 09:38:37,549.4024045057085
7296,2027-02-04 10:38:37,549.4253173773966
7297,2027-02-04 11:38:37,549.4667687402258
7298,2027-02-04 12:38:37,549.50856541724
7299,2027-02-04 13:38:37,549.537445049281
7300,2027-02-04 14:38:37,549.5574465773856
7301,2027-02-04 15:38:37,549.583490052484
7302,2027-02-04 16:38:37,549.6240972314108
7303,2027-02-04 17:38:37,549.6717603902167
7304,2027-02-04 18:38:37,549.7109078181833
7305,2027-02-04 19:38:37,549.734852816794
7306,2027-02-04 20:38:37,549.7536776866181
7307,2027-02-04 21:38:37,549.7843596615575
7308,2027-02-04 22:38:37,549.8330036826661
7309,2027-02-04 23:38:37,549.8877085277309
7310,2027-02-05 00:38:37,549.9301847891993
7311,2027-02-05 01:38:37,549.9550080248655
7312,2027-02-05 02:38:37,549.9768505884773
7313,2027-02-05 03:38:37,550.0173022799232
7314,2027-02-05 04:38:37,550.0832062563428
7315,2027-02-05 05:38:37,550.1576180333167
7316,2027-02-05 06:38:37,550.2130164035774
7317,2027-02-05 07:38:37,550.2350988907859
7318,2027-02-05 08:38:37,550.2351122997757
7319,2027-02-05 09:38:37,550.2394207180789
7320,2027-02-05 10:38:37,550.2664933100023
7321,2027-02-05 11:38:37,550.3128926075125
7322,2027-02-05 12:38:37,550.3603848632866
7323,2027-02-05 13:38:37,550.3956645690728
7324,2027-02-05 14:38:37,550.422725110136
7325,2027-02-05 15:38:37,550.4564387555254
7326,2027-02-05 16:38:37,550.5052774423925
7327,2027-02-05 17:38:37,550.5616817846626
7328,2027-02-05 18:38:37,550.6100267686796
7329,2027-02-05 19:38:37,550.6435709592553
7330,2027-02-05 20:38:37,550.6723406983099
7331,2027-02-05 21:38:37,550.7132562547044
7332,2027-02-05 22:38:37,550.7723648166161
7333,2027-02-05 23:38:37,550.837706841825
7334,2027-02-06 00:38:37,550.8909342576262
7335,2027-02-06 01:38:37,550.9265638339036
7336,2027-02-06 02:38:37,550.9592092356933
7337,2027-02-06 03:38:37,551.0104018940131
7338,2027-02-06 04:38:37,551.0869271354638
7339,2027-02-06 05:38:37,551.1717833989306
7340,2027-02-06 06:38:37,551.2373933659833
7341,2027-02-06 07:38:37,551.2693996217226
7342,2027-02-06 08:38:37,551.2789954066889
7343,2027-02-06 09:38:37,551.2924928138958
7344,2027-02-06 10:38:37,551.3283107714838
7345,2027-02-06 11:38:37,551.3829635145961
7346,2027-02-06 12:38:37,551.4381711111522
7347,2027-02-06 13:38:37,551.4805841439907
7348,2027-02-06 14:38:37,551.5141545195839
7349,2027-02-06 15:38:37,551.55371560253
7350,2027-02-06 16:38:37,551.6077031334588
7351,2027-02-06 17:38:37,551.6685243602568
7352,2027-02-06 18:38:37,551.7205238447756
7353,2027-02-06 19:38:37,551.7569327680623
7354,2027-02-06 20:38:37,551.7877532159815
7355,2027-02-06 21:38:37,551.8298844035586
7356,2027-02-06 22:38:37,551.8893557291403
7357,2027-02-06 23:38:37,551.9541931735911
7358,2027-02-07 00:38:37,552.0060375361011
7359,2027-02-07 01:38:37,552.0393978300567
7360,2027-02-07 02:38:37,552.0688833453042
7361,2027-02-07 03:38:37,552.1160245156116
7362,2027-02-07 04:38:37,552.187609031899
7363,2027-02-07 05:38:37,552.2666410297105
7364,2027-02-07 06:38:37,552.3255521777494
7365,2027-02-07 07:38:37,552.3499972843854
7366,2027-02-07 08:38:37,552.3511849831103
7367,2027-02-07 09:38:37,552.3554458512982
7368,2027-02-07 10:38:37,552.3812203031429
7369,2027-02-07 11:38:37,552.4250469608187
7370,2027-02-07 12:38:37,552.4686730689683
7371,2027-02-07 13:38:37,552.4987790555407
7372,2027-02-07 14:38:37,552.5193492096811
7373,2027-02-07 15:38:37,552.5452516764623
7374,2027-02-07 16:38:37,552.5849592267396
7375,2027-02-07 17:38:37,552.6309182326179
7376,2027-02-07 18:38:37,552.6675143113979
7377,2027-02-07 19:38:37,552.6880214617205
7378,2027-02-07 20:38:37,552.7024861744997
7379,2027-02-07 21:38:37,552.7278534776618
7380,2027-02-07 22:38:37,552.7701998066157
7381,2027-02-07 23:38:37,552.8175992163317
7382,2027-02-08 00:38:37,552.8517414274353
7383,2027-02-08 01:38:37,552.867185030526
7384,2027-02-08 02:38:37,552.8785893558008
7385,2027-02-08 03:38:37,552.9075351475808
7386,2027-02-08 04:38:37,552.9608604850952
7387,2027-02-08 05:38:37,553.021619778712
7388,2027-02-08 06:38:37,553.0622946692166
7389,2027-02-08 07:38:37,553.0685894478049
7390,2027-02-08 08:38:37,553.0517615584349
7391,2027-02-08 09:38:37,553.0381895376216
7392,2027-02-08 10:38:37,553.0463607332712
7393,2027-02-08 11:38:37,553.072859507164
7394,2027-02-08 12:38:37,553.0994774868943
7395,2027-02-08 13:38:37,553.1129379708565
7396,2027-02-08 14:38:37,553.1172664575495
7397,2027-02-08 15:38:37,553.1273704995045
7398,2027-02-08 16:38:37,553.1517603406692
7399,2027-02-08 17:38:37,553.1829177681109
7400,2027-02-08 18:38:37,553.2052616413861
7401,2027-02-08 19:38:37,553.2120969236706
7402,2027-02-08 20:38:37,553.2134986975299
7403,2027-02-08 21:38:37,553.2264381246848
7404,2027-02-08 22:38:37,553.257015241925
7405,2027-02-08 23:38:37,553.2933251092511
7406,2027-02-09 00:38:37,553.3170758027967
7407,2027-02-09 01:38:37,553.3228415768903
7408,2027-02-09 02:38:37,553.3252947023485
7409,2027-02-09 03:38:37,553.3460261206478
7410,2027-02-09 04:38:37,553.3918813553219
7411,2027-02-09 05:38:37,553.4459195096397
7412,2027-02-09 06:38:37,553.4806241781187
7413,2027-02-09 07:38:37,553.4816988893381
7414,2027-02-09 08:38:37,553.4603976415102
7415,2027-02-09 09:38:37,553.4430928856355
7416,2027-02-09 10:38:37,553.4482632975762
7417,2027-02-09 11:38:37,553.4724820433269
7418,2027-02-09 12:38:37,553.497527102916
7419,2027-02-09 13:38:37,553.5101057561611
7420,2027-02-09 14:38:37,553.5142252011124
7421,2027-02-09 15:38:37,553.5247725050207
7422,2027-02-09 16:38:37,553.5502353462024
7423,2027-02-09 17:38:37,553.5830709771232
7424,2027-02-09 18:38:37,553.6076718715511
7425,2027-02-09 19:38:37,553.617314879272
7426,2027-02-09 20:38:37,553.6220453707099
7427,2027-02-09 21:38:37,553.6388033301943
7428,2027-02-09 22:38:37,553.6736562894365
7429,2027-02-09 23:38:37,553.7146656166657
7430,2027-02-10 00:38:37,553.7435046533669
7431,2027-02-10 01:38:37,553.7547120223479
7432,2027-02-10 02:38:37,553.7629236135972
7433,2027-02-10 03:38:37,553.7896933869572
7434,2027-02-10 04:38:37,553.8418294322988
7435,2027-02-10 05:38:37,553.9023531157117
7436,2027-02-10 06:38:37,553.9437101385369
7437,2027-02-10 07:38:37,553.9515661262328
7438,2027-02-10 08:38:37,553.9371373078271
7439,2027-02-10 09:38:37,553.9267586403131
7440,2027-02-10 10:38:37,553.938871718684
7441,2027-02-10 11:38:37,553.9700131754105
7442,2027-02-10 12:38:37,554.0019251342677
7443,2027-02-10 13:38:37,554.0212798212398
7444,2027-02-10 14:38:37,554.0320503028889
7445,2027-02-10 15:38:37,554.0490905516004
7446,2027-02-10 16:38:37,554.0808562956427
7447,2027-02-10 17:38:37,554.1197740840629
7448,2027-02-10 18:38:37,554.1502070288512
7449,2027-02-10 19:38:37,554.1654040476215
7450,2027-02-10 20:38:37,554.1753840888606
7451,2027-02-10 21:38:37,554.1970622982703
7452,2027-02-10 22:38:37,554.2364830175379
7453,2027-02-10 23:38:37,554.281686130866
7454,2027-02-11 00:38:37,554.3143252510607
7455,2027-02-11 01:38:37,554.3289210688102
7456,2027-02-11 02:38:37,554.3400933715885
7457,2027-02-11 03:38:37,554.3693818711846
7458,2027-02-11 04:38:37,554.4235822805788
7459,2027-02-11 05:38:37,554.4857054687154
7460,2027-02-11 06:38:37,554.5281885201485
7461,2027-02-11 07:38:37,554.5366903165962
7462,2027-02-11 08:38:37,554.5224222014248
7463,2027-02-11 09:38:37,554.5117160815221
7464,2027-02-11 10:38:37,554.5230123075554
7465,2027-02-11 11:38:37,554.5528480366153
7466,2027-02-11 12:38:37,554.5829676424842
7467,2027-02-11 13:38:37,554.6000472765398
7468,2027-02-11 14:38:37,554.6080655500255
7469,2027-02-11 15:38:37,554.6218835374698
7470,2027-02-11 16:38:37,554.6499655595464
7471,2027-02-11 17:38:37,554.6847481758247
7472,2027-02-11 18:38:37,554.710605850224
7473,2027-02-11 19:38:37,554.720800112899
7474,2027-02-11 20:38:37,554.7253637009961
7475,2027-02-11 21:38:37,554.7412266372957
7476,2027-02-11 22:38:37,554.7744491385198
7477,2027-02-11 23:38:37,554.813087869118
7478,2027-02-12 00:38:37,554.8388140327716
7479,2027-02-12 01:38:37,554.8461666257625
7480,2027-02-12 02:38:37,554.8497843590703
7481,2027-02-12 03:38:37,554.8712263886915
7482,2027-02-12 04:38:37,554.9173082953552
7483,2027-02-12 05:38:37,554.971061142646
7484,2027-02-12 06:38:37,555.0049424409302
7485,2027-02-12 07:38:37,555.0046316346203
7486,2027-02-12 08:38:37,554.9813606741234
7487,2027-02-12 09:38:37,554.9614820274178
7488,2027-02-12 10:38:37,554.9634564726072
7489,2027-02-12 11:38:37,554.9838413758328
7490,2027-02-12 12:38:37,555.004401020111
7491,2027-02-12 13:38:37,555.0118310884704
7492,2027-02-12 14:38:37,555.0101292724032
7493,2027-02-12 15:38:37,555.0141752056633
7494,2027-02-12 16:38:37,555.0324511820442
7495,2027-02-12 17:38:37,555.0574110877133
7496,2027-02-12 18:38:37,555.0734460111863
7497,2027-02-12 19:38:37,555.0738333548306
7498,2027-02-12 20:38:37,555.0686209304633
7499,2027-02-12 21:38:37,555.074752998195
7500,2027-02-12 22:38:37,555.0983031403912
7501,2027-02-12 23:38:37,555.1273404866113
7502,2027-02-13 00:38:37,555.1435477817975
7503,2027-02-13 01:38:37,555.1414746218919
7504,2027-02-13 02:38:37,555.1357693636743
7505,2027-02-13 03:38:37,555.1479998483023
7506,2027-02-13 04:38:37,555.184989379633
7507,2027-02-13 05:38:37,555.2297757862218
7508,2027-02-13 06:38:37,555.2548223942811
7509,2027-02-13 07:38:37,555.2458135289667
7510,2027-02-13 08:38:37,555.2139851051701
7511,2027-02-13 09:38:37,555.1856926625325
7512,2027-02-13 10:38:37,555.1793991858511
7513,2027-02-13 11:38:37,555.1916634149704
7514,2027-02-13 12:38:37,555.2042502094869
7515,2027-02-13 13:38:37,555.203855071381
7516,2027-02-13 14:38:37,555.1944747962618
7517,2027-02-13 15:38:37,555.1909874529844
7518,2027-02-13 16:38:37,555.2018731499389
7519,2027-02-13 17:38:37,555.219583018268
7520,2027-02-13 18:38:37,555.228504874755
7521,2027-02-13 19:38:37,555.2219123879383
7522,2027-02-13 20:38:37,555.2098492296735
7523,2027-02-13 21:38:37,555.209255170946
7524,2027-02-13 22:38:37,555.2261990134297
7525,2027-02-13 23:38:37,555.248744872362
7526,2027-02-14 00:38:37,555.2585703026162
7527,2027-02-14 01:38:37,555.2502195918089
7528,2027-02-14 02:38:37,555.2383357269505
7529,2027-02-14 03:38:37,555.2444811737221
7530,2027-02-14 04:38:37,555.2754739092109
7531,2027-02-14 05:38:37,555.3143465366528
7532,2027-02-14 06:38:37,555.3335573092062
7533,2027-02-14 07:38:37,555.3187856797894
7534,2027-02-14 08:38:37,555.2812629379881
7535,2027-02-14 09:38:37,555.2473402884132
7536,2027-02-14 10:38:37,555.2354767115206
7537,2027-02-14 11:38:37,555.2422273107312
7538,2027-02-14 12:38:37,555.2493537110425
7539,2027-02-14 13:38:37,555.2435486120087
7540,2027-02-14 14:38:37,555.2288064657059
7541,2027-02-14 15:38:37,555.220003479259
7542,2027-02-14 16:38:37,555.2256184001618
7543,2027-02-14 17:38:37,555.2381015145597
7544,2027-02-14 18:38:37,555.2418403211867
7545,2027-02-14 19:38:37,555.2301087044625
7546,2027-02-14 20:38:37,555.2129510890047
7547,2027-02-14 21:38:37,555.2073085343039
7548,2027-02-14 22:38:37,555.2192516612012
7549,2027-02-14 23:38:37,555.2368469256788
7550,2027-02-15 00:38:37,555.2417747320166
7551,2027-02-15 01:38:37,555.2285827092154
7552,2027-02-15 02:38:37,555.2119176573401
7553,2027-02-15 03:38:37,555.2133463029884
7554,2027-02-15 04:38:37,555.239691304905
7555,2027-02-15 05:38:37,555.2739903384554
7556,2027-02-15 06:38:37,555.2887070861879
7557,2027-02-15 07:38:37,555.2695267517331
7558,2027-02-15 08:38:37,555.2276866582775
7559,2027-02-15 09:38:37,555.1895442862317
7560,2027-02-15 10:38:37,555.1735650913554
7561,2027-02-15 11:38:37,555.1763108074502
7562,2027-02-15 12:38:37,555.1795497990772
7563,2027-02-15 13:38:37,555.169981567469
7564,2027-02-15 14:38:37,555.151607380527
7565,2027-02-15 15:38:37,555.1393102267808
7566,2027-02-15 16:38:37,555.141575551836
7567,2027-02-15 17:38:37,555.1508602077607
7568,2027-02-15 18:38:37,555.1515580784165
7569,2027-02-15 19:38:37,555.1369492045195
7570,2027-02-15 20:38:37,555.117083890981
7571,2027-02-15 21:38:37,555.108908755553
7572,2027-02-15 22:38:37,555.1184996107023
7573,2027-02-15 23:38:37,555.1339276944875
7574,2027-02-16 00:38:37,555.1368777427438
7575,2027-02-16 01:38:37,555.1219012267443
7576,2027-02-16 02:38:37,555.1036482632024
7577,2027-02-16 03:38:37,555.1036883360614
7578,2027-02-16 04:38:37,555.1288462712857
7579,2027-02-16 05:38:37,555.162161293563
7580,2027-02-16 06:38:37,555.1760979923183
7581,2027-02-16 07:38:37,555.156341814465
7582,2027-02-16 08:38:37,555.1141296452099
7583,2027-02-16 09:38:37,555.0758178317438
7584,2027-02-16 10:38:37,555.0598699910879
7585,2027-02-16 11:38:37,555.0628453063348
7586,2027-02-16 12:38:37,555.0665088767917
7587,2027-02-16 13:38:37,555.0575562252195
7588,2027-02-16 14:38:37,555.0399839330746
7589,2027-02-16 15:38:37,555.0286696036744
7590,2027-02-16 16:38:37,555.03209261166
7591,2027-02-16 17:38:37,555.0427030693287
7592,2027-02-16 18:38:37,555.0448874726216
7593,2027-02-16 19:38:37,555.0319178505639
7594,2027-02-16 20:38:37,555.0138359004945
7595,2027-02-16 21:38:37,555.007579068151
7596,2027-02-16 22:38:37,555.0192134641642
7597,2027-02-16 23:38:37,555.036800132755
7598,2027-02-17 00:38:37,555.0420131646706
7599,2027-02-17 01:38:37,555.0293929783425
7600,2027-02-17 02:38:37,555.0135782759039
7601,2027-02-17 03:38:37,555.016126813326
7602,2027-02-17 04:38:37,555.0438514256024
7603,2027-02-17 05:38:37,555.0797791356688
7604,2027-02-17 06:38:37,555.0963621741766
7605,2027-02-17 07:38:37,555.0792735272885
7606,2027-02-17 08:38:37,555.0397375735288
7607,2027-02-17 09:38:37,555.0040981642286
7608,2027-02-17 10:38:37,554.9908064885597
7609,2027-02-17 11:38:37,554.9964094271089
7610,2027-02-17 12:38:37,555.0026599591806
7611,2027-02-17 13:38:37,554.99624172677
7612,2027-02-17 14:38:37,554.9811397257711
7613,2027-02-17 15:38:37,554.9722203240821
7614,2027-02-17 16:38:37,554.9779520647392
7615,2027-02-17 17:38:37,554.9907746842596
7616,2027-02-17 18:38:37,554.995064808839
7617,2027-02-17 19:38:37,554.9840851518503
7618,2027-02-17 20:38:37,554.9678686947955
7619,2027-02-17 21:38:37,554.9633448104215
7620,2027-02-17 22:38:37,554.9765722195255
7621,2027-02-17 23:38:37,554.9956052968215
7622,2027-02-18 00:38:37,555.0021122178421
7623,2027-02-18 01:38:37,554.9906282706213
7624,2027-02-18 02:38:37,554.9757878386677
7625,2027-02-18 03:38:37,554.9791451942821
7626,2027-02-18 04:38:37,555.0075105431079
7627,2027-02-18 05:38:37,555.0439091484044
7628,2027-02-18 06:38:37,555.0607923621362
7629,2027-02-18 07:38:37,555.0438331799536
7630,2027-02-18 08:38:37,555.0042568810554
7631,2027-02-18 09:38:37,554.9684091074365
7632,2027-02-18 10:38:37,554.9547437235398
7633,2027-02-18 11:38:37,554.9598111602461
7634,2027-02-18 12:38:37,554.9653688084383
7635,2027-02-18 13:38:37,554.9581055651535
7636,2027-02-18 14:38:37,554.9420125029637
7637,2027-02-18 15:38:37,554.9319628623122
7638,2027-02-18 16:38:37,554.9364328251197
7639,2027-02-18 17:38:37,554.947870499918
7640,2027-02-18 18:38:37,554.9506615813445
7641,2027-02-18 19:38:37,554.9380785076198
7642,2027-02-18 20:38:37,554.9201645983323
7643,2027-02-18 21:38:37,554.9138601314706
7644,2027-02-18 22:38:37,554.9252352514372
7645,2027-02-18 23:38:37,554.9423562236498
7646,2027-02-19 00:38:37,554.9469035279578
7647,2027-02-19 01:38:37,554.9334251148781
7648,2027-02-19 02:38:37,554.9165683314335
7649,2027-02-19 03:38:37,554.9179006559115
7650,2027-02-19 04:38:37,554.9442456827304
7651,2027-02-19 05:38:37,554.9786421861929
7652,2027-02-19 06:38:37,554.9935550904991
7653,2027-02-19 07:38:37,554.9746709634202
7654,2027-02-19 08:38:37,554.9332285948867
7655,2027-02-19 09:38:37,554.8955870153687
7656,2027-02-19 10:38:37,554.8802132951913
7657,2027-02-19 11:38:37,554.8836708292822
7658,2027-02-19 12:38:37,554.8877296726151
7659,2027-02-19 13:38:37,554.8790910298005
7660,2027-02-19 14:38:37,554.8617578696771
7661,2027-02-19 15:38:37,554.8506148649572
7662,2027-02-19 16:38:37,554.8541491154004
7663,2027-02-19 17:38:37,554.8648190851035
7664,2027-02-19 18:38:37,554.8670202169576
7665,2027-02-19 19:38:37,554.8540340480533
7666,2027-02-19 20:38:37,554.835912308645
7667,2027-02-19 21:38:37,554.8296029637274
7668,2027-02-19 22:38:37,554.8411830891812
7669,2027-02-19 23:38:37,554.8587250982133
7670,2027-02-20 00:38:37,554.863914810464
7671,2027-02-20 01:38:37,554.8513046879057
7672,2027-02-20 02:38:37,554.8355457443702
7673,2027-02-20 03:38:37,554.8382082681732
7674,2027-02-20 04:38:37,554.8661177989671
7675,2027-02-20 05:38:37,554.9023141877508
7676,2027-02-20 06:38:37,554.9192625673269
7677,2027-02-20 07:38:37,554.90264885063
7678,2027-02-20 08:38:37,554.8637103181667
7679,2027-02-20 09:38:37,554.8288036493184
7680,2027-02-20 10:38:37,554.8163927387184
7681,2027-02-20 11:38:37,554.8230370019091
7682,2027-02-20 12:38:37,554.8305017356073
7683,2027-02-20 13:38:37,554.8254826357893
7684,2027-02-20 14:38:37,554.8119764443437
7685,2027-02-20 15:38:37,554.8048609241242
7686,2027-02-20 16:38:37,554.8126156207557
7687,2027-02-20 17:38:37,554.8276908415446
7688,2027-02-20 18:38:37,554.8344733142962
7689,2027-02-20 19:38:37,554.8262353496408
7690,2027-02-20 20:38:37,554.8130189892003
7691,2027-02-20 21:38:37,554.811762098416
7692,2027-02-20 22:38:37,554.8285312956751
7693,2027-02-20 23:38:37,554.8513882332644
7694,2027-02-21 00:38:37,554.8620077221779
7695,2027-02-21 01:38:37,554.8549310246308
7696,2027-02-21 02:38:37,554.8447978208385
7697,2027-02-21 03:38:37,554.853166989216
7698,2027-02-21 04:38:37,554.8868526408339
7699,2027-02-21 05:38:37,554.9288832367685
7700,2027-02-21 06:38:37,554.9517126153269
7701,2027-02-21 07:38:37,554.9410155462951
7702,2027-02-21 08:38:37,554.9080183731498
7703,2027-02-21 09:38:37,554.8790670977028
7704,2027-02-21 10:38:37,554.8726152481203
7705,2027-02-21 11:38:37,554.8852122342449
7706,2027-02-21 12:38:37,554.8986137553148
7707,2027-02-21 13:38:37,554.8995063630192
7708,2027-02-21 14:38:37,554.8918781504289
7709,2027-02-21 15:38:37,554.8905987664209
7710,2027-02-21 16:38:37,554.9041402137152
7711,2027-02-21 17:38:37,554.9249458607356
7712,2027-02-21 18:38:37,554.9373961298833
7713,2027-02-21 19:38:37,554.9347576857164
7714,2027-02-21 20:38:37,554.9270676052058
7715,2027-02-21 21:38:37,554.9312594887915
7716,2027-02-21 22:38:37,554.9533964037804
7717,2027-02-21 23:38:37,554.9815371755378
7718,2027-02-22 00:38:37,554.9973545184703
7719,2027-02-22 01:38:37,554.995388330591
7720,2027-02-22 02:38:37,554.9902776582501
7721,2027-02-22 03:38:37,555.0035814701911
7722,2027-02-22 04:38:37,555.0421146817865
7723,2027-02-22 05:38:37,555.0889072581803
7724,2027-02-22 06:38:37,555.1164152233513
7725,2027-02-22 07:38:37,555.1103161924252
7726,2027-02-22 08:38:37,555.0818399881726
7727,2027-02-22 09:38:37,555.0573366964472
7728,2027-02-22 10:38:37,555.0552645015198
7729,2027-02-22 11:38:37,555.0721780055039
7730,2027-02-22 12:38:37,555.0898385971773
7731,2027-02-22 13:38:37,555.0949389732347
7732,2027-02-22 14:38:37,555.0914737828773
7733,2027-02-22 15:38:37,555.094319595467
7734,2027-02-22 16:38:37,555.1119556497297
7735,2027-02-22 17:38:37,555.1368328148737
7736,2027-02-22 18:38:37,555.1533392266009
7737,2027-02-22 19:38:37,555.1547494216744
7738,2027-02-22 20:38:37,555.1511084535736
7739,2027-02-22 21:38:37,555.1593579482401
7740,2027-02-22 22:38:37,555.1855689917429
7741,2027-02-22 23:38:37,555.217808365626
7742,2027-02-23 00:38:37,555.2377566222523
7743,2027-02-23 01:38:37,555.2399613242098
7744,2027-02-23 02:38:37,555.2390689546974
7745,2027-02-23 03:38:37,555.2566456383116
7746,2027-02-23 04:38:37,555.2995131134353
7747,2027-02-23 05:38:37,555.3507077851566
7748,2027-02-23 06:38:37,555.3826916861494
7749,2027-02-23 07:38:37,555.3811479629286
7750,2027-02-23 08:38:37,555.3573114488521
7751,2027-02-23 09:38:37,555.3375366787307
7752,2027-02-23 10:38:37,555.3402856863592
7753,2027-02-23 11:38:37,555.3621162892708
7754,2027-02-23 12:38:37,555.3847924262699
7755,2027-02-23 13:38:37,555.3950086509866
7756,2027-02-23 14:38:37,555.3967607524758
7757,2027-02-23 15:38:37,555.4049257027715
7758,2027-02-23 16:38:37,555.4279823899863
7759,2027-02-23 17:38:37,555.458380567447
7760,2027-02-23 18:38:37,555.4805064819102
7761,2027-02-23 19:38:37,555.4876320045986
7762,2027-02-23 20:38:37,555.489798747631
7763,2027-02-23 21:38:37,555.5039441248646
7764,2027-02-23 22:38:37,555.5361342489633
7765,2027-02-23 23:38:37,555.5744301804579
7766,2027-02-24 00:38:37,555.6005060210198
7767,2027-02-24 01:38:37,555.6089021749999
7768,2027-02-24 02:38:37,555.6142572859925
7769,2027-02-24 03:38:37,555.6381289877942
7770,2027-02-24 04:38:37,555.6873299107594
7771,2027-02-24 05:38:37,555.744886772384
7772,2027-02-24 06:38:37,555.7832513793151
7773,2027-02-24 07:38:37,555.7880961580425
7774,2027-02-24 08:38:37,555.7706447754279
7775,2027-02-24 09:38:37,555.7572402036752
7776,2027-02-24 10:38:37,555.7663325708282
7777,2027-02-24 11:38:37,555.7944675008368
7778,2027-02-24 12:38:37,555.8233965084511
7779,2027-02-24 13:38:37,555.8398015519308
7780,2027-02-24 14:38:37,555.8476657142536
7781,2027-02-24 15:38:37,555.8618532124758
7782,2027-02-24 16:38:37,555.8908301934615
7783,2027-02-24 17:38:37,555.927033746204
7784,2027-02-24 18:38:37,555.954837593413
7785,2027-02-24 19:38:37,555.9675012858069
7786,2027-02-24 20:38:37,555.9750543813536
7787,2027-02-24 21:38:37,555.9944225681264
7788,2027-02-24 22:38:37,556.0316606222824
7789,2027-02-24 23:38:37,556.074818716601
7790,2027-02-25 00:38:37,556.1055605714753
7791,2027-02-25 01:38:37,556.1184167721276
7792,2027-02-25 02:38:37,556.1280167584569
7793,2027-02-25 03:38:37,556.1559096266643
7794,2027-02-25 04:38:37,556.2089001833103
7795,2027-02-25 05:38:37,556.2700080804292
7796,2027-02-25 06:38:37,556.3116788585945
7797,2027-02-25 07:38:37,556.3195795150277
7798,2027-02-25 08:38:37,556.304929157598
7799,2027-02-25 09:38:37,556.2940670992211
7800,2027-02-25 10:38:37,556.3054407334666
7801,2027-02-25 11:38:37,556.3355938953351
7802,2027-02-25 12:38:37,556.3662772723101
7803,2027-02-25 13:38:37,556.3841729685328
7804,2027-02-25 14:38:37,556.393265192722
7805,2027-02-25 15:38:37,556.4084202694319
7806,2027-02-25 16:38:37,556.4381074318002
7807,2027-02-25 17:38:37,556.47476782603
7808,2027-02-25 18:38:37,556.5027801902497
7809,2027-02-25 19:38:37,556.5154100312701
7810,2027-02-25 20:38:37,556.5226937814965
7811,2027-02-25 21:38:37,556.5415648947846
7812,2027-02-25 22:38:37,556.5780867728414
7813,2027-02-25 23:38:37,556.6203190377477
7814,2027-02-26 00:38:37,556.649935642666
7815,2027-02-26 01:38:37,556.6614781446335
7816,2027-02-26 02:38:37,556.6695876461501
7817,2027-02-26 03:38:37,556.6958255448171
7818,2027-02-26 04:38:37,556.747009532026
7819,2027-02-26 05:38:37,556.8061726695192
7820,2027-02-26 06:38:37,556.8457743710605
7821,2027-02-26 07:38:37,556.8514959065136
7822,2027-02-26 08:38:37,556.8345709896183
7823,2027-02-26 09:38:37,556.8213538041748
7824,2027-02-26 10:38:37,556.8303068098969
7825,2027-02-26 11:38:37,556.8579890321638
7826,2027-02-26 12:38:37,556.8861664011715
7827,2027-02-26 13:38:37,556.901536243711
7828,2027-02-26 14:38:37,556.908097898543
7829,2027-02-26 15:38:37,556.9207326553534
7830,2027-02-26 16:38:37,556.9479244758218
7831,2027-02-26 17:38:37,556.9821289274076
7832,2027-02-26 18:38:37,557.0077387928957
7833,2027-02-26 19:38:37,557.0180331795764
7834,2027-02-26 20:38:37,557.0230616106885
7835,2027-02-26 21:38:37,557.039770058273
7836,2027-02-26 22:38:37,557.0742338093801
7837,2027-02-26 23:38:37,557.1145236815502
7838,2027-02-27 00:38:37,557.1423240799388
7839,2027-02-27 01:38:37,557.1521862203192
7840,2027-02-27 02:38:37,557.1587600249339
7841,2027-02-27 03:38:37,557.1836148307417
7842,2027-02-27 04:38:37,557.2335753513038
7843,2027-02-27 05:38:37,557.2916807213561
7844,2027-02-27 06:38:37,557.3303954515236
7845,2027-02-27 07:38:37,557.3354049106522
7846,2027-02-27 08:38:37,557.3179458972081
7847,2027-02-27 09:38:37,557.3043746545825
7848,2027-02-27 10:38:37,557.3131546716764
7849,2027-02-27 11:38:37,557.3408449730626
7850,2027-02-27 12:38:37,557.3692104642803
7851,2027-02-27 13:38:37,557.3849464355061
7852,2027-02-27 14:38:37,557.3920491945745
7853,2027-02-27 15:38:37,557.4053960292708
7854,2027-02-27 16:38:37,557.4334659573843
7855,2027-02-27 17:38:37,557.4687086950067
7856,2027-02-27 18:38:37,557.4955103060129
7857,2027-02-27 19:38:37,557.507142356422
7858,2027-02-27 20:38:37,557.5136460560981
7859,2027-02-27 21:38:37,557.5319583467325
7860,2027-02-27 22:38:37,557.5681448277749
7861,2027-02-27 23:38:37,557.610266036027
7862,2027-02-28 00:38:37,557.6399955709154
7863,2027-02-28 01:38:37,557.6518733894325
7864,2027-02-28 02:38:37,557.6605377773118
7865,2027-02-28 03:38:37,557.687546135687
7866,2027-02-28 04:38:37,557.7397110240494
7867,2027-02-28 05:38:37,557.8000592882302
7868,2027-02-28 06:38:37,557.8410431003392
7869,2027-02-28 07:38:37,557.848335527857
7870,2027-02-28 08:38:37,557.8331611927664
7871,2027-02-28 09:38:37,557.8218643751848
7872,2027-02-28 10:38:37,557.8328969023953
7873,2027-02-28 11:38:37,557.8628065271305
7874,2027-02-28 12:38:37,557.8933473601783
7875,2027-02-28 13:38:37,557.9112044601072
7876,2027-02-28 14:38:37,557.9203645506047
7877,2027-02-28 15:38:37,557.9356960649013
7878,2027-02-28 16:38:37,557.9656699753008
7879,2027-02-28 17:38:37,558.0027288378712
7880,2027-02-28 18:38:37,558.0312525147814
7881,2027-02-28 19:38:37,558.0445073975469
7882,2027-02-28 20:38:37,558.0525306132515
7883,2027-02-28 21:38:37,558.0722561722612
7884,2027-02-28 22:38:37,558.109747948771
7885,2027-02-28 23:38:37,558.1530660094634
7886,2027-03-01 00:38:37,558.1838847820544
7887,2027-03-01 01:38:37,558.196746387296
7888,2027-03-01 02:38:37,558.2062926408375
7889,2027-03-01 03:38:37,558.2340858638046
7890,2027-03-01 04:38:37,558.2869449428222
7891,2027-03-01 05:38:37,558.347904467867
7892,2027-03-01 06:38:37,558.389425774866
7893,2027-03-01 07:38:37,558.3971925099386
7894,2027-03-01 08:38:37,558.382441276218
7895,2027-03-01 09:38:37,558.371529717557
7896,2027-03-01 10:38:37,558.3829243800184
7897,2027-03-01 11:38:37,558.4131890550027
7898,2027-03-01 12:38:37,558.4440951691307
7899,2027-03-01 13:38:37,558.4623463237461
7900,2027-03-01 14:38:37,558.4719489546653
7901,2027-03-01 15:38:37,558.4877923117731
7902,2027-03-01 16:38:37,558.5183692167005
7903,2027-03-01 17:38:37,558.5561450288362
7904,2027-03-01 18:38:37,558.585523282427
7905,2027-03-01 19:38:37,558.5997948183282
7906,2027-03-01 20:38:37,558.6090218927814
7907,2027-03-01 21:38:37,558.6301642221039
7908,2027-03-01 22:38:37,558.6693118550107
7909,2027-03-01 23:38:37,558.7145513882685
7910,2027-03-02 00:38:37,558.7475840179003
7911,2027-03-02 01:38:37,558.7629787499762
7912,2027-03-02 02:38:37,558.7754042778893
7913,2027-03-02 03:38:37,558.8064496655086
7914,2027-03-02 04:38:37,558.8629602774191
7915,2027-03-02 05:38:37,558.9279967852547
7916,2027-03-02 06:38:37,558.9740460775529
7917,2027-03-02 07:38:37,558.9868166906499
7918,2027-03-02 08:38:37,558.9775693221068
7919,2027-03-02 09:38:37,558.9726847816239
7920,2027-03-02 10:38:37,558.9906517208731
7921,2027-03-02 11:38:37,559.0280548467787
7922,2027-03-02 12:38:37,559.0666851839318
7923,2027-03-02 13:38:37,559.0932644896184
7924,2027-03-02 14:38:37,559.1118157926749
7925,2027-03-02 15:38:37,559.137243256403
7926,2027-03-02 16:38:37,559.1780528242807
7927,2027-03-02 17:38:37,559.2267210793649
7928,2027-03-02 18:38:37,559.2676607806297
7929,2027-03-02 19:38:37,559.294169900392
7930,2027-03-02 20:38:37,559.3163156456252
7931,2027-03-02 21:38:37,559.351060422633
7932,2027-03-02 22:38:37,559.4044946371466
7933,2027-03-02 23:38:37,559.4647028461005
7934,2027-03-03 00:38:37,559.513381753561
7935,2027-03-03 01:38:37,559.5450933753625
7936,2027-03-03 02:38:37,559.5744968795278
7937,2027-03-03 03:38:37,559.623169242299
7938,2027-03-03 04:38:37,559.6979411611125
7939,2027-03-03 05:38:37,559.7818560538554
7940,2027-03-03 06:38:37,559.8473809719393
7941,2027-03-03 07:38:37,559.8802020448484
7942,2027-03-03 08:38:37,559.8915550177667
7943,2027-03-03 09:38:37,559.9077932372738
7944,2027-03-03 10:38:37,559.9473754265205
7945,2027-03-03 11:38:37,560.0068539544204
7946,2027-03-03 12:38:37,560.0679851644135
7947,2027-03-03 13:38:37,560.1174538661406
7948,2027-03-03 14:38:37,560.1592439611082
7949,2027-03-03 15:38:37,560.2082184023174
7950,2027-03-03 16:38:37,560.2728399463143
7951,2027-03-03 17:38:37,560.3455401282908
7952,2027-03-03 18:38:37,560.4106849231272
7953,2027-03-03 19:38:37,560.4615239160285
7954,2027-03-03 20:38:37,560.5080744652943
7955,2027-03-03 21:38:37,560.5672478160884
7956,2027-03-03 22:38:37,560.6450820568053
7957,2027-03-03 23:38:37,560.7296084337327
7958,2027-03-04 00:38:37,560.8024695159997
7959,2027-03-04 01:38:37,560.8581725345612
7960,2027-03-04 02:38:37,560.9113214018761
7961,2027-03-04 03:38:37,560.9834375513265
7962,2027-03-04 04:38:37,561.0812960370176
7963,2027-03-04 05:38:37,561.1878847226735
7964,2027-03-04 06:38:37,561.2756153863724
7965,2027-03-04 07:38:37,561.3301193580586
7966,2027-03-04 08:38:37,561.3625782507148
7967,2027-03-04 09:38:37,561.3992921393956
7968,2027-03-04 10:38:37,561.458667528803
7969,2027-03-04 11:38:37,561.5372058131145
7970,2027-03-04 12:38:37,561.61661379295
7971,2027-03-04 13:38:37,561.6835283519647
7972,2027-03-04 14:38:37,561.7418872634577
7973,2027-03-04 15:38:37,561.8065093261928
7974,2027-03-04 16:38:37,561.8858152871882
7975,2027-03-04 17:38:37,561.9721969813495
7976,2027-03-04 18:38:37,562.049983150192
7977,2027-03-04 19:38:37,562.1123887626024
7978,2027-03-04 20:38:37,562.1693993195505
7979,2027-03-04 21:38:37,562.237897100985
7980,2027-03-04 22:38:37,562.3238942459716
7981,2027-03-04 23:38:37,562.4153991811241
7982,2027-03-05 00:38:37,562.4940348889207
7983,2027-03-05 01:38:37,562.5542923390974
7984,2027-03-05 02:38:37,562.6107625893726
7985,2027-03-05 03:38:37,562.6849576941344
7986,2027-03-05 04:38:37,562.7836468614429
7987,2027-03-05 05:38:37,562.889815686648
7988,2027-03-05 06:38:37,562.9758772892272
7989,2027-03-05 07:38:37,563.0274679695061
7990,2027-03-05 08:38:37,563.055777946013
7991,2027-03-05 09:38:37,563.0871195275569
7992,2027-03-05 10:38:37,563.1399150606604
7993,2027-03-05 11:38:37,563.2106853560532
7994,2027-03-05 12:38:37,563.2811601591615
7995,2027-03-05 13:38:37,563.3380027671978
7996,2027-03-05 14:38:37,563.3851807633802
7997,2027-03-05 15:38:37,563.4375460676778
7998,2027-03-05 16:38:37,563.5035557621645
7999,2027-03-05 17:38:37,563.5756411210406
8000,2027-03-05 18:38:37,563.6381733080257
8001,2027-03-05 19:38:37,563.684412564491
8002,2027-03-05 20:38:37,563.7243923706092
8003,2027-03-05 21:38:37,563.7750455382928
8004,2027-03-05 22:38:37,563.8424371275519
8005,2027-03-05 23:38:37,563.914630701907
8006,2027-03-06 00:38:37,563.9733064149606
8007,2027-03-06 01:38:37,564.0130142521368
8008,2027-03-06 02:38:37,564.0484059344084
8009,2027-03-06 03:38:37,564.1010556234215
8010,2027-03-06 04:38:37,564.1777958691138
8011,2027-03-06 05:38:37,564.2616766289132
8012,2027-03-06 06:38:37,564.3251761858603
8013,2027-03-06 07:38:37,564.353996583234
8014,2027-03-06 08:38:37,564.3593941371685
8015,2027-03-06 09:38:37,564.3677473822457
8016,2027-03-06 10:38:37,564.3975447915423
8017,2027-03-06 11:38:37,564.4453729757282
8018,2027-03-06 12:38:37,564.4930269269164
8019,2027-03-06 13:38:37,564.5272344108557
8020,2027-03-06 14:38:37,564.552026478768
8021,2027-03-06 15:38:37,564.5823172990979
8022,2027-03-06 16:38:37,564.6266247680793
8023,2027-03-06 17:38:37,564.6774393300801
8024,2027-03-06 18:38:37,564.7191894711027
8025,2027-03-06 19:38:37,564.7451907096752
8026,2027-03-06 20:38:37,564.7655295681647
8027,2027-03-06 21:38:37,564.7971894839962
8028,2027-03-06 22:38:37,564.8462835530999
8029,2027-03-06 23:38:37,564.9009206219039
8030,2027-03-07 00:38:37,564.942823220585
8031,2027-03-07 01:38:37,564.9665806622158
8032,2027-03-07 02:38:37,564.9868808151192
8033,2027-03-07 03:38:37,565.0253306883903
8034,2027-03-07 04:38:37,565.0887922721239
8035,2027-03-07 05:38:37,565.1603414618345
8036,2027-03-07 06:38:37,565.2124788947925
8037,2027-03-07 07:38:37,565.23092531616
8038,2027-03-07 08:38:37,565.2269520366691
8039,2027-03-07 09:38:37,565.2269488370299
8040,2027-03-07 10:38:37,565.249411660719
8041,2027-03-07 11:38:37,565.2909307998098
8042,2027-03-07 12:38:37,565.3333011396111
8043,2027-03-07 13:38:37,565.3632465656909
8044,2027-03-07 14:38:37,565.3847905045018
8045,2027-03-07 15:38:37,565.4128357977738
8046,2027-03-07 16:38:37,565.4558853693873
8047,2027-03-07 17:38:37,565.5064111154559
8048,2027-03-07 18:38:37,565.5488194807265
8049,2027-03-07 19:38:37,565.5764005451782
8050,2027-03-07 20:38:37,565.5992121034826
8051,2027-03-07 21:38:37,565.6342056963641
8052,2027-03-07 22:38:37,565.6874594857054
8053,2027-03-07 23:38:37,565.7470444891902
8054,2027-03-08 00:38:37,565.7946426666322
8055,2027-03-08 01:38:37,565.824800182006
8056,2027-03-08 02:38:37,565.8521593478692
8057,2027-03-08 03:38:37,565.8982793914307
8058,2027-03-08 04:38:37,565.9699724831058
8059,2027-03-08 05:38:37,566.0502628562791
8060,2027-03-08 06:38:37,566.111597845288
8061,2027-03-08 07:38:37,566.1396434586218
8062,2027-03-08 08:38:37,566.1456150483609
8063,2027-03-08 09:38:37,566.1558454301774
8064,2027-03-08 10:38:37,566.1887727946697
8065,2027-03-08 11:38:37,566.2409291139046
8066,2027-03-08 12:38:37,566.2940506080349
8067,2027-03-08 13:38:37,566.3348023747283
8068,2027-03-08 14:38:37,566.3671491517191
8069,2027-03-08 15:38:37,566.4059354118662
8070,2027-03-08 16:38:37,566.4596062485087
8071,2027-03-08 17:38:37,566.5205764810712
8072,2027-03-08 18:38:37,566.5731964431319
8073,2027-03-08 19:38:37,566.6107012761142
8074,2027-03-08 20:38:37,566.6430952103977
8075,2027-03-08 21:38:37,566.6872777921848
8076,2027-03-08 22:38:37,566.7492769471907
8077,2027-03-08 23:38:37,566.8171153962746
8078,2027-03-09 00:38:37,566.8724289144989
8079,2027-03-09 01:38:37,566.9097197569223
8080,2027-03-09 02:38:37,566.9435887573192
8081,2027-03-09 03:38:37,566.9955562384388
8082,2027-03-09 04:38:37,567.0723981741751
8083,2027-03-09 05:38:37,567.1571054318749
8084,2027-03-09 06:38:37,567.2220949213847
8085,2027-03-09 07:38:37,567.2530052674276
8086,2027-03-09 08:38:37,567.2610275660336
8087,2027-03-09 09:38:37,567.2724735790316
8088,2027-03-09 10:38:37,567.305763707196
8089,2027-03-09 11:38:37,567.3574154456712
8090,2027-03-09 12:38:37,567.4091538865118
8091,2027-03-09 13:38:37,567.4476363708817
8092,2027-03-09 14:38:37,567.4768232613299
8093,2027-03-09 15:38:37,567.511558033465
8094,2027-03-09 16:38:37,567.5602881449458
8095,2027-03-09 17:38:37,567.615434111852
8096,2027-03-09 18:38:37,567.6613552548984
8097,2027-03-09 19:38:37,567.6912989387761
8098,2027-03-09 20:38:37,567.7152847868185
8099,2027-03-09 21:38:37,567.7502308295849
8100,2027-03-09 22:38:37,567.8021864788485
8101,2027-03-09 23:38:37,567.8591988424965
8102,2027-03-10 00:38:37,567.9029308723148
8103,2027-03-10 01:38:37,567.9279146684728
8104,2027-03-10 02:38:37,567.9487834474147
8105,2027-03-10 03:38:37,567.9870923123689
8106,2027-03-10 04:38:37,568.0496542674523
8107,2027-03-10 05:38:37,568.1194993042348
8108,2027-03-10 06:38:37,568.1690853880064
8109,2027-03-10 07:38:37,568.1840939610872
8110,2027-03-10 08:38:37,568.1757605245516
8111,2027-03-10 09:38:37,568.1704426531335
8112,2027-03-10 10:38:37,568.1866077846694
8113,2027-03-10 11:38:37,568.2208214884118
8114,2027-03-10 12:38:37,568.2548577778466
8115,2027-03-10 13:38:37,568.2754235713512
8116,2027-03-10 14:38:37,568.2865292718257
8117,2027-03-10 15:38:37,568.3030686654329
8118,2027-03-10 16:38:37,568.333539598139
8119,2027-03-10 17:38:37,568.3704128608524
8120,2027-03-10 18:38:37,568.3980977463659
8121,2027-03-10 19:38:37,568.4098911021978
8122,2027-03-10 20:38:37,568.4158613621426
8123,2027-03-10 21:38:37,568.4329745159074
8124,2027-03-10 22:38:37,568.4673269089752
8125,2027-03-10 23:38:37,568.5070113888427
8126,2027-03-11 00:38:37,568.5337352902409
8127,2027-03-11 01:38:37,568.54207358379
8128,2027-03-11 02:38:37,568.5467006952828
8129,2027-03-11 03:38:37,568.5692111354116
8130,2027-03-11 04:38:37,568.616455381381
8131,2027-03-11 05:38:37,568.6714988397305
8132,2027-03-11 06:38:37,568.7068327179949
8133,2027-03-11 07:38:37,568.7081694230384
8134,2027-03-11 08:38:37,568.6867730475783
8135,2027-03-11 09:38:37,568.6690273001558
8136,2027-03-11 10:38:37,568.6734232199801
8137,2027-03-11 11:38:37,568.6965473813316
8138,2027-03-11 12:38:37,568.720192153208
8139,2027-03-11 13:38:37,568.7310801177164
8140,2027-03-11 14:38:37,568.7332346183713
8141,2027-03-11 15:38:37,568.7415596385001
8142,2027-03-11 16:38:37,568.764560468367
8143,2027-03-11 17:38:37,568.7947125917813
8144,2027-03-11 18:38:37,568.8164272552664
8145,2027-03-11 19:38:37,568.8230005437301
8146,2027-03-11 20:38:37,568.8244974452174
8147,2027-03-11 21:38:37,568.8378778639217
8148,2027-03-11 22:38:37,568.8692294732823
8149,2027-03-11 23:38:37,568.9066339250057
8150,2027-03-12 00:38:37,568.9317849062633
8151,2027-03-12 01:38:37,568.9392413690922
8152,2027-03-12 02:38:37,568.9436594388451
8153,2027-03-12 03:38:37,568.9666131409286
8154,2027-03-12 04:38:37,569.0149303869166
8155,2027-03-12 05:38:37,569.0716520487416
8156,2027-03-12 06:38:37,569.1092429481608
8157,2027-03-12 07:38:37,569.1133873786371
8158,2027-03-12 08:38:37,569.0953197207597
8159,2027-03-12 09:38:37,569.0813925056664
8160,2027-03-12 10:38:37,569.0900642674915
8161,2027-03-12 11:38:37,569.117887888746
8162,2027-03-12 12:38:37,569.1466210037786
8163,2027-03-12 13:38:37,569.162950563173
8164,2027-03-12 14:38:37,569.1708635296221
8165,2027-03-12 15:38:37,569.1852269048087
8166,2027-03-12 16:38:37,569.2145085453453
8167,2027-03-12 17:38:37,569.2511461978518
8168,2027-03-12 18:38:37,569.2795132156863
8169,2027-03-12 19:38:37,569.2928677806236
8170,2027-03-12 20:38:37,569.3012371115351
8171,2027-03-12 21:38:37,569.3215436185995
8172,2027-03-12 22:38:37,569.3598378943886
8173,2027-03-12 23:38:37,569.4041650570884
8174,2027-03-13 00:38:37,569.4361829376143
8175,2027-03-13 01:38:37,569.4504154341726
8176,2027-03-13 02:38:37,569.4614845406229
8177,2027-03-13 03:38:37,569.4909311875065
8178,2027-03-13 04:38:37,569.5455513363553
8179,2027-03-13 05:38:37,569.6083551556794
8180,2027-03-13 06:38:37,569.6517781054607
8181,2027-03-13 07:38:37,569.661476546988
8182,2027-03-13 08:38:37,569.6486584389127
8183,2027-03-13 09:38:37,569.639651473743
8184,2027-03-13 10:38:37,569.6528909955915
8185,2027-03-13 11:38:37,569.6849084029461
8186,2027-03-13 12:38:37,569.717441601472
8187,2027-03-13 13:38:37,569.7371596096368
8188,2027-03-13 14:38:37,569.7480332876132
8189,2027-03-13 15:38:37,569.7649153890363
8190,2027-03-13 16:38:37,569.7962613936236
8191,2027-03-13 17:38:37,569.8344985508558
8192,2027-03-13 18:38:37,569.8639915972975
8193,2027-03-13 19:38:37,569.8779919709881
8194,2027-03-13 20:38:37,569.886522005132
8195,2027-03-13 21:38:37,569.9065010598077
8196,2027-03-13 22:38:37,569.9439784832585
8197,2027-03-13 23:38:37,569.9869999182933
8198,2027-03-14 00:38:37,570.0172254458306
8199,2027-03-14 01:38:37,570.0291828894733
8200,2027-03-14 02:38:37,570.0374997877591
8201,2027-03-14 03:38:37,570.0637241733759
8202,2027-03-14 04:38:37,570.1146606002583
8203,2027-03-14 05:38:37,570.1733292474431
8204,2027-03-14 06:38:37,570.2121769268329
8205,2027-03-14 07:38:37,570.2168726122661
8206,2027-03-14 08:38:37,570.1986380510463
8207,2027-03-14 09:38:37,570.1838158127667
8208,2027-03-14 10:38:37,570.1908571165745
8209,2027-03-14 11:38:37,570.2163101411975
8210,2027-03-14 12:38:37,570.2419303831828
8211,2027-03-14 13:38:37,570.2544051665861
8212,2027-03-14 14:38:37,570.257724275095
8213,2027-03-14 15:38:37,570.2667599065438
8214,2027-03-14 16:38:37,570.2899874084014
8215,2027-03-14 17:38:37,570.3198542247846
8216,2027-03-14 18:38:37,570.3407455180787
8217,2027-03-14 19:38:37,570.3459332890111
8218,2027-03-14 20:38:37,570.3454604778319
8219,2027-03-14 21:38:37,570.3562670057038
8220,2027-03-14 22:38:37,570.3844226483136
8221,2027-03-14 23:38:37,570.4179932575116
8222,2027-03-15 00:38:37,570.4386588234557
8223,2027-03-15 01:38:37,570.4409667014017
8224,2027-03-15 02:38:37,570.4395635101375
8225,2027-03-15 03:38:37,570.4560158415716
8226,2027-03-15 04:38:37,570.4971462227586
8227,2027-03-15 05:38:37,570.5459921593301
8228,2027-03-15 06:38:37,570.5750170877948
8229,2027-03-15 07:38:37,570.5699058541946
8230,2027-03-15 08:38:37,570.5418952805148
8231,2027-03-15 09:38:37,570.5173421736677
8232,2027-03-15 10:38:37,570.5147111184465
8233,2027-03-15 11:38:37,570.5305627586897
8234,2027-03-15 12:38:37,570.5466641322083
8235,2027-03-15 13:38:37,570.5497131627154
8236,2027-03-15 14:38:37,570.5437092796993
8237,2027-03-15 15:38:37,570.5435333661555
8238,2027-03-15 16:38:37,570.5576684926801
8239,2027-03-15 17:38:37,570.5785688683613
8240,2027-03-15 18:38:37,570.5906254714288
8241,2027-03-15 19:38:37,570.5871151833568
8242,2027-03-15 20:38:37,570.5780849088768
8243,2027-03-15 21:38:37,570.5804776408177
8244,2027-03-15 22:38:37,570.6003653615563
8245,2027-03-15 23:38:37,570.6258152966484
8246,2027-03-16 00:38:37,570.6385080128318
8247,2027-03-16 01:38:37,570.6329906843124
8248,2027-03-16 02:38:37,570.623909033996
8249,2027-03-16 03:38:37,570.6328280888914
8250,2027-03-16 04:38:37,570.6665681906525
8251,2027-03-16 05:38:37,570.7081640898843
8252,2027-03-16 06:38:37,570.7300759513627
8253,2027-03-16 07:38:37,570.7179848873026
8254,2027-03-16 08:38:37,570.683123579729
8255,2027-03-16 09:38:37,570.6518443464212
8256,2027-03-16 10:38:37,570.6426069914852
8257,2027-03-16 11:38:37,570.651967144443
8258,2027-03-16 12:38:37,570.6616866530288
8259,2027-03-16 13:38:37,570.6584581326362
8260,2027-03-16 14:38:37,570.6462756429763
8261,2027-03-16 15:38:37,570.6400146915755
8262,2027-03-16 16:38:37,570.6481530222568
8263,2027-03-16 17:38:37,570.6631396187943
8264,2027-03-16 18:38:37,570.6693603863558
8265,2027-03-16 19:38:37,570.6600873341841
8266,2027-03-16 20:38:37,570.6453627416942
8267,2027-03-16 21:38:37,570.6421252667028
8268,2027-03-16 22:38:37,570.6564428872267
8269,2027-03-16 23:38:37,570.6763791924114
8270,2027-03-17 00:38:37,570.6836115143899
8271,2027-03-17 01:38:37,570.6726842249435
8272,2027-03-17 02:38:37,570.6582407034377
8273,2027-03-17 03:38:37,570.6618441151672
8274,2027-03-17 04:38:37,570.6903134408758
8275,2027-03-17 05:38:37,570.7266825861795
8276,2027-03-17 06:38:37,570.7434113977941
8277,2027-03-17 07:38:37,570.7261812038255
8278,2027-03-17 08:38:37,570.6862254390529
8279,2027-03-17 09:38:37,570.6498977097755
8280,2027-03-17 10:38:37,570.6356596392553
8281,2027-03-17 11:38:37,570.6400691977594
8282,2027-03-17 12:38:37,570.6448910824269
8283,2027-03-17 13:38:37,570.6368212500382
8284,2027-03-17 14:38:37,570.6198575733628
8285,2027-03-17 15:38:37,570.6088798208409
8286,2027-03-17 16:38:37,570.612370417951
8287,2027-03-17 17:38:37,570.6227834205968
8288,2027-03-17 18:38:37,570.624510163335
8289,2027-03-17 19:38:37,570.6108284061228
8290,2027-03-17 20:38:37,570.5917864619821
8291,2027-03-17 21:38:37,570.584329264519
8292,2027-03-17 22:38:37,570.5945312670611
8293,2027-03-17 23:38:37,570.6104626891303
8294,2027-03-18 00:38:37,570.6138076024216
8295,2027-03-18 01:38:37,570.5991171804
8296,2027-03-18 02:38:37,570.5810416182583
8297,2027-03-18 03:38:37,570.5811508626858
8298,2027-03-18 04:38:37,570.6062705925508
8299,2027-03-18 05:38:37,570.6394412793799
8300,2027-03-18 06:38:37,570.6531291550235
8301,2027-03-18 07:38:37,570.6330217038832
8302,2027-03-18 08:38:37,570.5903582410301
8303,2027-03-18 09:38:37,570.5514979310227
8304,2027-03-18 10:38:37,570.5349075887575
8305,2027-03-18 11:38:37,570.5371499665681
8306,2027-03-18 12:38:37,570.539994093154
8307,2027-03-18 13:38:37,570.5301397675668
8308,2027-03-18 14:38:37,570.5115881792253
8309,2027-03-18 15:38:37,570.499221853912
8310,2027-03-18 16:38:37,570.5015253843325
8311,2027-03-18 17:38:37,570.5109543757054
8312,2027-03-18 18:38:37,570.5119010694681
8313,2027-03-18 19:38:37,570.4976434688544
8314,2027-03-18 20:38:37,570.4782294489132
8315,2027-03-18 21:38:37,570.4706028100275
8316,2027-03-18 22:38:37,570.4808361667925
8317,2027-03-18 23:38:37,570.4969971880157
8318,2027-03-19 00:38:37,570.5007666801386
8319,2027-03-19 01:38:37,570.4866918381513
8320,2027-03-19 02:38:37,570.46941817081
8321,2027-03-19 03:38:37,570.470510239579
8322,2027-03-19 04:38:37,570.4967876523737
8323,2027-03-19 05:38:37,570.5312841409477
8324,2027-03-19 06:38:37,570.5464585492336
8325,2027-03-19 07:38:37,570.5279903499284
8326,2027-03-19 08:38:37,570.4871102505488
8327,2027-03-19 09:38:37,570.4501682436247
8328,2027-03-19 10:38:37,570.4356214422203
8329,2027-03-19 11:38:37,570.4400224048363
8330,2027-03-19 12:38:37,570.4451295150852
8331,2027-03-19 13:38:37,570.4376315191698
8332,2027-03-19 14:38:37,570.4215181919307
8333,2027-03-19 15:38:37,570.4116603311776
8334,2027-03-19 16:38:37,570.4165305386482
8335,2027-03-19 17:38:37,570.4285722178096
8336,2027-03-19 18:38:37,570.4321652513285
8337,2027-03-19 19:38:37,570.4205751816834
8338,2027-03-19 20:38:37,570.4038373772347
8339,2027-03-19 21:38:37,570.3988831425146
8340,2027-03-19 22:38:37,570.4117726642654
8341,2027-03-19 23:38:37,570.4305613087885
8342,2027-03-20 00:38:37,570.4369177625275
8343,2027-03-20 01:38:37,570.4253773397058
8344,2027-03-20 02:38:37,570.4105739635035
8345,2027-03-20 03:38:37,570.4140609599885
8346,2027-03-20 04:38:37,570.4426471054528
8347,2027-03-20 05:38:37,570.479355755878
8348,2027-03-20 06:38:37,570.4966358854488
8349,2027-03-20 07:38:37,570.4801576512158
8350,2027-03-20 08:38:37,570.4411430448442
8351,2027-03-20 09:38:37,570.4059339858911
8352,2027-03-20 10:38:37,570.3929801975784
8353,2027-03-20 11:38:37,570.398827568902
8354,2027-03-20 12:38:37,570.4052285682535
8355,2027-03-20 13:38:37,570.398866811447
8356,2027-03-20 14:38:37,570.3837277546901
8357,2027-03-20 15:38:37,570.3746787121325
8358,2027-03-20 16:38:37,570.3801896561515
8359,2027-03-20 17:38:37,570.3927022305459
8360,2027-03-20 18:38:37,570.3965954392862
8361,2027-03-20 19:38:37,570.3851348343449
8362,2027-03-20 20:38:37,570.3683566847606
8363,2027-03-20 21:38:37,570.3631940857208
8364,2027-03-20 22:38:37,570.3757098992437
8365,2027-03-20 23:38:37,570.3939630419254
8366,2027-03-21 00:38:37,570.3996266117853
8367,2027-03-21 01:38:37,570.3872411780865
8368,2027-03-21 02:38:37,570.3714467406957
8369,2027-03-21 03:38:37,570.3738034982177
8370,2027-03-21 04:38:37,570.4011278658318
8371,2027-03-21 05:38:37,570.4364515715357
8372,2027-03-21 06:38:37,570.4522326579548
8373,2027-03-21 07:38:37,570.4341510069858
8374,2027-03-21 08:38:37,570.3934389483819
8375,2027-03-21 09:38:37,570.3564493069409
8376,2027-03-21 10:38:37,570.3416432294913
8377,2027-03-21 11:38:37,570.345578495731
8378,2027-03-21 12:38:37,570.3500198783694
8379,2027-03-21 13:38:37,570.3416636557042
8380,2027-03-21 14:38:37,570.3245082474567
8381,2027-03-21 15:38:37,570.3134341737623
8382,2027-03-21 16:38:37,570.3169247957746
8383,2027-03-21 17:38:37,570.3274352683351
8384,2027-03-21 18:38:37,570.3293581676498
8385,2027-03-21 19:38:37,570.315972617811
8386,2027-03-21 20:38:37,570.2973283985982
8387,2027-03-21 21:38:37,570.2903719936513
8388,2027-03-21 22:38:37,570.3011794708943
8389,2027-03-21 23:38:37,570.3178227109632
8390,2027-03-22 00:38:37,570.3219874759646
8391,2027-03-22 01:38:37,570.308226642734
8392,2027-03-22 02:38:37,570.2911921074123
8393,2027-03-22 03:38:37,570.2924555008649
8394,2027-03-22 04:38:37,570.318844156111
8395,2027-03-22 05:38:37,570.3534001567227
8396,2027-03-22 06:38:37,570.3685912935704
8397,2027-03-22 07:38:37,570.3501065474246
8398,2027-03-22 08:38:37,570.309186658699
8399,2027-03-22 09:38:37,570.2721921392005
8400,2027-03-22 10:38:37,570.2575910672351
8401,2027-03-22 11:38:37,570.261947370295
8402,2027-03-22 12:38:37,570.267031160879
8403,2027-03-22 13:38:37,570.2595432287351
8404,2027-03-22 14:38:37,570.2434856603946
8405,2027-03-22 15:38:37,570.233741786025
8406,2027-03-22 16:38:37,570.2387969120106
8407,2027-03-22 17:38:37,570.2511072698902
8408,2027-03-22 18:38:37,570.2550656444764
8409,2027-03-22 19:38:37,570.2439505050268
8410,2027-03-22 20:38:37,570.2278101218755
8411,2027-03-22 21:38:37,570.2235886276034
8412,2027-03-22 22:38:37,570.2373589144221
8413,2027-03-22 23:38:37,570.2571888835865
8414,2027-03-23 00:38:37,570.2647595389546
8415,2027-03-23 01:38:37,570.2546182487223
8416,2027-03-23 02:38:37,570.241410682078
8417,2027-03-23 03:38:37,570.2467015600305
8418,2027-03-23 04:38:37,570.2773106614684
8419,2027-03-23 05:38:37,570.3162719131615
8420,2027-03-23 06:38:37,570.3360443909064
8421,2027-03-23 07:38:37,570.3223078490067
8422,2027-03-23 08:38:37,570.2862933392504
8423,2027-03-23 09:38:37,570.2543512738863
8424,2027-03-23 10:38:37,570.2449392737275
8425,2027-03-23 11:38:37,570.2546105053433
8426,2027-03-23 12:38:37,570.2651240725899
8427,2027-03-23 13:38:37,570.2631695654568
8428,2027-03-23 14:38:37,570.2527377368635
8429,2027-03-23 15:38:37,570.248700507066
8430,2027-03-23 16:38:37,570.2595317538787
8431,2027-03-23 17:38:37,570.2776763189082
8432,2027-03-23 18:38:37,570.2875156924766
8433,2027-03-23 19:38:37,570.282317200687
8434,2027-03-23 20:38:37,570.2721181768572
8435,2027-03-23 21:38:37,570.2738520759866
8436,2027-03-23 22:38:37,570.2935814238236
8437,2027-03-23 23:38:37,570.3193641159228
8438,2027-03-24 00:38:37,570.3328715586623
8439,2027-03-24 01:38:37,570.3286419759523
8440,2027-03-24 02:38:37,570.3213123881634
8441,2027-03-24 03:38:37,570.3324394023265
8442,2027-03-24 04:38:37,570.3688352544277
8443,2027-03-24 05:38:37,570.4135269323513
8444,2027-03-24 06:38:37,570.4389672064916
8445,2027-03-24 07:38:37,570.4308301850828
8446,2027-03-24 08:38:37,570.4003419552567
8447,2027-03-24 09:38:37,570.373848664264
8448,2027-03-24 10:38:37,570.3698043818335
8449,2027-03-24 11:38:37,570.3847594476177
8450,2027-03-24 12:38:37,570.4004708688802
8451,2027-03-24 13:38:37,570.4036268714175
8452,2027-03-24 14:38:37,570.3982175742756
8453,2027-03-24 15:38:37,570.3991149880418
8454,2027-03-24 16:38:37,570.4147937948329
8455,2027-03-24 17:38:37,570.4377003403184
8456,2027-03-24 18:38:37,570.4522183005
8457,2027-03-24 19:38:37,570.4516178468162
8458,2027-03-24 20:38:37,570.4459397918841
8459,2027-03-24 21:38:37,570.4521216747363
8460,2027-03-24 22:38:37,570.4762306772225
8461,2027-03-24 23:38:37,570.5063298871825
8462,2027-03-25 00:38:37,570.5240964005225
8463,2027-03-25 01:38:37,570.5240745861714
8464,2027-03-25 02:38:37,570.5209080206139
8465,2027-03-25 03:38:37,570.5361602313749
8466,2027-03-25 04:38:37,570.57665069044
8467,2027-03-25 05:38:37,570.625413886489
8468,2027-03-25 06:38:37,570.654910303211
8469,2027-03-25 07:38:37,570.6508219210438
8470,2027-03-25 08:38:37,570.624382803628
8471,2027-03-25 09:38:37,570.6019471237154
8472,2027-03-25 10:38:37,570.6019769697962
8473,2027-03-25 11:38:37,570.6210306377048
8474,2027-03-25 12:38:37,570.6408729726626
8475,2027-03-25 13:38:37,570.6481998650386
8476,2027-03-25 14:38:37,570.6470088707216
8477,2027-03-25 15:38:37,570.6521791561636
8478,2027-03-25 16:38:37,570.6721922264786
8479,2027-03-25 17:38:37,570.6995008672953
8480,2027-03-25 18:38:37,570.7184947632982
8481,2027-03-25 19:38:37,570.7224496173196
8482,2027-03-25 20:38:37,570.7214112525604
8483,2027-03-25 21:38:37,570.7323216570175
8484,2027-03-25 22:38:37,570.7612518620642
8485,2027-03-25 23:38:37,570.79626817095
8486,2027-03-26 00:38:37,570.819050229615
8487,2027-03-26 01:38:37,570.824144263919
8488,2027-03-26 02:38:37,570.8261949902098
8489,2027-03-26 03:38:37,570.8467663386799
8490,2027-03-26 04:38:37,570.8926774306993
8491,2027-03-26 05:38:37,570.9469616390651
8492,2027-03-26 06:38:37,570.982077558519
8493,2027-03-26 07:38:37,570.9837045039628
8494,2027-03-26 08:38:37,570.9630730976813
8495,2027-03-26 09:38:37,570.9465333003371
8496,2027-03-26 10:38:37,570.9525422270178
8497,2027-03-26 11:38:37,570.9776524525372
8498,2027-03-26 12:38:37,571.0036223714313
8499,2027-03-26 13:38:37,571.0171407158241
8500,2027-03-26 14:38:37,571.022197202017
8501,2027-03-26 15:38:37,571.0336625056462
8502,2027-03-26 16:38:37,571.060009023806
8503,2027-03-26 17:38:37,571.0936798545249
8504,2027-03-26 18:38:37,571.1190544564641
8505,2027-03-26 19:38:37,571.1293978124339
8506,2027-03-26 20:38:37,571.1347445791348
8507,2027-03-26 21:38:37,571.1520251819608
8508,2027-03-26 22:38:37,571.1872987465331
8509,2027-03-26 23:38:37,571.2286193825158
8510,2027-03-27 00:38:37,571.2576543117974
8511,2027-03-27 01:38:37,571.2689371648636
8512,2027-03-27 02:38:37,571.2770999519873
8513,2027-03-27 03:38:37,571.3036938483827
8514,2027-03-27 04:38:37,571.3555252341747
8515,2027-03-27 05:38:37,571.4156148178221
8516,2027-03-27 06:38:37,571.4564086700218
8517,2027-03-27 07:38:37,571.4635737851729
8518,2027-03-27 08:38:37,571.4483287314042
8519,2027-03-27 09:38:37,571.4370117435999
8520,2027-03-27 10:38:37,571.4480686003371
8521,2027-03-27 11:38:37,571.4780409886798
8522,2027-03-27 12:38:37,571.5086769218874
8523,2027-03-27 13:38:37,571.526655312952
8524,2027-03-27 14:38:37,571.535956674482
8525,2027-03-27 15:38:37,571.5514431445164
8526,2027-03-27 16:38:37,571.5815792963574
8527,2027-03-27 17:38:37,571.6188011625678
8528,2027-03-27 18:38:37,571.647481935744
8529,2027-03-27 19:38:37,571.6608811694192
8530,2027-03-27 20:38:37,571.6690289613072
8531,2027-03-27 21:38:37,571.6888520775084
8532,2027-03-27 22:38:37,571.7264069091697
8533,2027-03-27 23:38:37,571.7697457770124
8534,2027-03-28 00:38:37,571.8005350756567
8535,2027-03-28 01:38:37,571.8133085814669
8536,2027-03-28 02:38:37,571.8226994304567
8537,2027-03-28 03:38:37,571.850260905337
8538,2027-03-28 04:38:37,571.9028024725113
8539,2027-03-28 05:38:37,571.9633488976497
8540,2027-03-28 06:38:37,572.0043512668589
8541,2027-03-28 07:38:37,572.0114825306389
8542,2027-03-28 08:38:37,571.9959681315463
8543,2027-03-28 09:38:37,571.9841540702582
8544,2027-03-28 10:38:37,571.9944947508941
8545,2027-03-28 11:38:37,572.0235413098278
8546,2027-03-28 12:38:37,572.053051993078
8547,2027-03-28 13:38:37,572.0697166854599
8548,2027-03-28 14:38:37,572.0775275621746
8549,2027-03-28 15:38:37,572.0913590626684
8550,2027-03-28 16:38:37,572.1196886450708
8551,2027-03-28 17:38:37,572.1549657516595
8552,2027-03-28 18:38:37,572.18157744821
8553,2027-03-28 19:38:37,572.1927975609053
8554,2027-03-28 20:38:37,572.1986707933252
8555,2027-03-28 21:38:37,572.2161387824615
8556,2027-03-28 22:38:37,572.2512729856021
8557,2027-03-28 23:38:37,572.2921409138431
8558,2027-03-29 00:38:37,572.3204242045178
8559,2027-03-29 01:38:37,572.330671856644
8560,2027-03-29 02:38:37,572.3375321362765
8561,2027-03-29 03:38:37,572.3625732912602
8562,2027-03-29 04:38:37,572.4126195165363
8563,2027-03-29 05:38:37,572.4707099990261
8564,2027-03-29 06:38:37,572.5093098695047
8565,2027-03-29 07:38:37,572.5141056789417
8566,2027-03-29 08:38:37,572.4963359607391
8567,2027-03-29 09:38:37,572.4823592337445
8568,2027-03-29 10:38:37,572.4906417874341
8569,2027-03-29 11:38:37,572.5177459536302
8570,2027-03-29 12:38:37,572.5454404303507
8571,2027-03-29 13:38:37,572.5604247611437
8572,2027-03-29 14:38:37,572.5666999409584
8573,2027-03-29 15:38:37,572.5791483485938
8574,2027-03-29 16:38:37,572.6062544643495
8575,2027-03-29 17:38:37,572.6404738034972
8576,2027-03-29 18:38:37,572.666198528673
8577,2027-03-29 19:38:37,572.6767065650439
8578,2027-03-29 20:38:37,572.6820457009139
8579,2027-03-29 21:38:37,572.6991596328681
8580,2027-03-29 22:38:37,572.7341208473805
8581,2027-03-29 23:38:37,572.7749968547419
8582,2027-03-30 00:38:37,572.8034682676265
8583,2027-03-30 01:38:37,572.8140820484392
8584,2027-03-30 02:38:37,572.8214834323078
8585,2027-03-30 03:38:37,572.8472366651775
8586,2027-03-30 04:38:37,572.8981609980978
8587,2027-03-30 05:38:37,572.9572897666247
8588,2027-03-30 06:38:37,572.9970813826221
8589,2027-03-30 07:38:37,573.0032148557876
8590,2027-03-30 08:38:37,572.9869204061506
8591,2027-03-30 09:38:37,572.9745475222054
8592,2027-03-30 10:38:37,572.9845528058303
8593,2027-03-30 11:38:37,573.0134883081053
8594,2027-03-30 12:38:37,573.0431119213268
8595,2027-03-30 13:38:37,573.0601119302571
8596,2027-03-30 14:38:37,573.0684776933366
8597,2027-03-30 15:38:37,573.0830796535372
8598,2027-03-30 16:38:37,573.1123901370956
8599,2027-03-30 17:38:37,573.1488523703689
8600,2027-03-30 18:38:37,573.1768461774881
8601,2027-03-30 19:38:37,573.1896371822514
8602,2027-03-30 20:38:37,573.1972609964761
8603,2027-03-30 21:38:37,573.2166493534721
8604,2027-03-30 22:38:37,573.253863078098
8605,2027-03-30 23:38:37,573.2969584088074
8606,2027-03-31 00:38:37,573.3276051635239
8607,2027-03-31 01:38:37,573.3403400730422
8608,2027-03-31 02:38:37,573.3497987883392
8609,2027-03-31 03:38:37,573.3775367008077
8610,2027-03-31 04:38:37,573.4303650160108
8611,2027-03-31 05:38:37,573.4913099094896
8612,2027-03-31 06:38:37,573.5328235913906
8613,2027-03-31 07:38:37,573.5405798969149
8614,2027-03-31 08:38:37,573.5258049633018
8615,2027-03-31 09:38:37,573.5148453477326
8616,2027-03-31 10:38:37,573.5261559268239
8617,2027-03-31 11:38:37,573.556288281543
8618,2027-03-31 12:38:37,573.5870011324648
8619,2027-03-31 13:38:37,573.604984928123
8620,2027-03-31 14:38:37,573.6142325568619
8621,2027-03-31 15:38:37,573.629619381657
8622,2027-03-31 16:38:37,573.659624055866
8623,2027-03-31 17:38:37,573.6966975500081
8624,2027-03-31 18:38:37,573.7252288520142
8625,2027-03-31 19:38:37,573.7384941643304
8626,2027-03-31 20:38:37,573.7465410799256
8627,2027-03-31 21:38:37,573.7663146958439
8628,2027-03-31 22:38:37,573.8038905557241
8629,2027-03-31 23:38:37,573.8473409366811
8630,2027-04-01 00:38:37,573.8783529724767
8631,2027-04-01 01:38:37,573.8914819366793
8632,2027-04-01 02:38:37,573.9013831923992
8633,2027-04-01 03:38:37,573.9296329476812
8634,2027-04-01 04:38:37,573.9830642574153
8635,2027-04-01 05:38:37,574.0447261004538
8636,2027-04-01 06:38:37,574.0870943590359
8637,2027-04-01 07:38:37,574.095867317694
8638,2027-04-01 08:38:37,574.0822962428331
8639,2027-04-01 09:38:37,574.0727533975761
8640,2027-04-01 10:38:37,574.0857198330662
