ds,y
2025-08-07 21:28:22,331472173631680.0
2025-08-07 22:28:22,331472307849280.0
2025-08-07 23:28:22,331476781769280.0
2025-08-08 00:28:22,331499911935680.0
2025-08-08 01:28:22,331504788508480.0
2025-08-08 02:28:22,331508546601280.0
2025-08-08 03:28:22,331512215215680.0
2025-08-08 04:28:22,331518568182080.0
2025-08-08 05:28:23,331709470348480.0
2025-08-08 06:28:23,331686787574080.0
2025-08-08 07:28:23,331688465294080.0
2025-08-08 08:28:23,331657707094080.0
2025-08-08 09:28:23,331577042316480.0
2025-08-08 10:28:23,331544695874880.0
2025-08-08 11:28:23,331529193742080.0
2025-08-08 12:28:23,331560063790080.0
2025-08-08 13:28:23,331580576713280.0
2025-08-08 14:28:23,331590329858880.0
2025-08-08 15:28:23,331615875942080.0
2025-08-08 16:28:23,331643748463680.0
2025-08-08 17:28:24,331674081641280.0
2025-08-08 18:28:24,331692558930880.0
2025-08-08 19:28:24,331706092538880.0
2025-08-08 20:28:24,331700500138880.0
2025-08-08 21:28:24,331694348498880.0
2025-08-08 22:28:24,331695556457280.0
2025-08-08 23:28:24,331699538246080.0
2025-08-09 00:28:24,331715588434080.0
2025-08-09 01:28:24,331727511430880.0
2025-08-09 02:28:24,331732242601280.0
2025-08-09 03:28:24,331736134911680.0
2025-08-09 04:28:25,331725934374080.0
2025-08-09 05:28:25,331724413241280.0
2025-08-09 06:28:25,331716539142080.0
2025-08-09 07:28:25,331718641884480.0
2025-08-09 08:28:25,331713273180480.0
2025-08-09 09:28:25,331698553983680.0
2025-08-09 10:28:25,331685445398080.0
2025-08-09 11:28:25,331674842207680.0
2025-08-09 12:28:25,331668142512480.0
2025-08-09 13:28:25,331681732044480.0
2025-08-09 14:28:25,331686742834880.0
2025-08-09 15:28:25,331685400658880.0
2025-08-09 16:28:26,331692916844480.0
2025-08-09 17:28:26,331698777679680.0
2025-08-09 18:28:26,331701663358080.0
2025-08-09 19:28:26,331709582196480.0
2025-08-09 20:28:26,331718664254080.0
2025-08-09 21:28:26,331713877159680.0
2025-08-09 22:28:26,331713385028480.0
2025-08-09 23:28:26,331715040378880.0
2025-08-10 00:28:26,331714011377280.0
2025-08-10 01:28:26,331724211914880.0
2025-08-10 02:28:26,331727175886880.0
2025-08-10 03:28:26,331730262891680.0
2025-08-10 04:28:27,331727668018080.0
2025-08-10 05:28:27,331727119962880.0
2025-08-10 06:28:27,331722769075680.0
2025-08-10 07:28:27,331724223099680.0
2025-08-10 08:28:27,331734803920480.0
2025-08-10 09:28:27,331732745917280.0
2025-08-10 10:28:27,331730240522080.0
2025-08-10 11:28:27,331725934374080.0
2025-08-10 12:28:27,331721818367680.0
2025-08-10 13:28:27,331723540826880.0
2025-08-10 14:28:27,331725017220480.0
2025-08-10 15:28:27,331728294366880.0
2025-08-10 16:28:28,331739568645280.0
2025-08-10 17:28:28,331729222705280.0
2025-08-10 18:28:28,331696249914880.0
2025-08-10 19:28:28,331678633854880.0
2025-08-10 20:28:28,331681497163680.0
2025-08-10 21:28:28,331674596142080.0
2025-08-10 22:28:28,331640325914880.0
2025-08-10 23:28:28,331633536741280.0
2025-08-11 00:28:28,331633022240480.0
2025-08-11 01:28:28,331628861494880.0
2025-08-11 02:28:28,331632776174880.0
2025-08-11 03:28:28,331633995318080.0
2025-08-11 04:28:29,331638760042880.0
2025-08-11 05:28:29,331836037545280.0
2025-08-11 06:28:29,331839583126880.0
2025-08-11 07:28:29,331844448514880.0
2025-08-11 08:28:29,331820680814880.0
2025-08-11 09:28:29,331798725052480.0
2025-08-11 10:28:29,331803534516480.0
2025-08-11 11:28:29,331813030411680.0
2025-08-11 12:28:29,331846170974080.0
2025-08-11 13:28:29,331857982122880.0
2025-08-11 14:28:29,331878248980480.0
2025-08-11 15:28:30,331905137239680.0
2025-08-11 16:28:30,331926723903680.0
2025-08-11 17:28:30,331955580687680.0
2025-08-11 18:28:30,331980735302880.0
2025-08-11 19:28:30,332000767279680.0
2025-08-11 20:28:30,332003552294880.0
2025-08-11 21:28:30,332007992660480.0
2025-08-11 22:28:30,332011706014080.0
2025-08-11 23:28:30,332009782228480.0
2025-08-12 00:28:30,332024769860480.0
2025-08-12 01:28:30,332031570218880.0
2025-08-12 02:28:30,332033001873280.0
2025-08-12 03:28:31,332032643959680.0
2025-08-12 04:28:31,332035283572480.0
2025-08-12 05:28:31,332199342218880.0
2025-08-12 06:28:31,332198984305280.0
2025-08-12 07:28:31,332204487226880.0
2025-08-12 08:28:31,332189846323680.0
2025-08-12 09:28:31,332120131465280.0
2025-08-12 10:28:31,332121182836480.0
2025-08-12 11:28:31,332130757025280.0
2025-08-12 12:28:31,332158674286080.0
2025-08-12 13:28:31,332179567492480.0
2025-08-12 14:28:32,332192564230080.0
2025-08-12 15:28:32,332209811191680.0
2025-08-12 16:28:32,332235938884480.0
2025-08-12 17:28:32,332264370646080.0
2025-08-12 18:28:32,332291773406080.0
2025-08-12 19:28:32,332306045210880.0
2025-08-12 20:28:32,332282109738880.0
2025-08-12 21:28:32,332274325118080.0
2025-08-12 22:28:32,332275890990080.0
2025-08-12 23:28:32,332277546340480.0
2025-08-13 00:28:32,332281841303680.0
2025-08-13 01:28:32,332279514865280.0
2025-08-13 02:28:33,332252939780480.0
2025-08-13 03:28:33,332226812087680.0
2025-08-13 04:28:33,332227527914880.0
2025-08-13 05:28:33,332388991687680.0
2025-08-13 06:28:33,332389170644480.0
2025-08-13 07:28:33,332392749780480.0
2025-08-13 08:28:33,332394584087680.0
2025-08-13 09:28:33,332400981793280.0
2025-08-13 10:28:33,332417155014080.0
2025-08-13 11:28:33,332435967847680.0
2025-08-13 12:28:33,332460764549280.0
2025-08-13 13:28:33,332441515508480.0
2025-08-13 14:28:34,332414671988480.0
2025-08-13 15:28:34,332407938738880.0
2025-08-13 16:28:34,332397011189280.0
2025-08-13 17:28:34,332403755623680.0
2025-08-13 18:28:34,332421729597280.0
2025-08-13 19:28:34,332435956662880.0
2025-08-13 20:28:34,332445486112480.0
2025-08-13 21:28:34,332445486112480.0
2025-08-13 22:28:34,332447544115680.0
2025-08-13 23:28:34,332452152253280.0
2025-08-14 00:28:34,332453091776480.0
2025-08-14 01:28:34,332459444742880.0
2025-08-14 02:28:35,332462531747680.0
2025-08-14 03:28:35,332459355264480.0
2025-08-14 04:28:35,332456223520480.0
2025-08-14 05:28:35,332645559814880.0
2025-08-14 06:28:35,332650794301280.0
2025-08-14 07:28:35,332654351067680.0
2025-08-14 08:28:35,332653903675680.0
2025-08-14 09:28:35,332655424808480.0
2025-08-14 10:28:35,332667862306080.0
2025-08-14 11:28:35,332685802725280.0
2025-08-14 12:28:35,332702937838880.0
2025-08-14 13:28:36,332715028607680.0
2025-08-14 14:28:36,332710465209280.0
2025-08-14 15:28:36,332699269224480.0
2025-08-14 16:28:36,332696417100480.0
2025-08-14 17:28:36,332681295250880.0
2025-08-14 18:28:36,332686306041280.0
2025-08-14 19:28:36,332693956444480.0
2025-08-14 20:28:36,332697334254080.0
2025-08-14 21:28:36,332694202510080.0
2025-08-14 22:28:36,332691808962880.0
2025-08-14 23:28:36,332693688009280.0
2025-08-15 00:28:36,332690466786880.0
2025-08-15 01:28:37,332691898441280.0
2025-08-15 02:28:37,332689527263680.0
2025-08-15 03:28:37,332695611794880.0
2025-08-15 04:28:37,332683174297280.0
2025-08-15 05:28:37,332886290265280.0
2025-08-15 06:28:37,332873629071680.0
2025-08-15 07:28:37,332880742604480.0
2025-08-15 08:28:37,332866515538880.0
2025-08-15 09:28:37,332796800680480.0
2025-08-15 10:28:37,332790145724480.0
2025-08-15 11:28:37,332793903817280.0
2025-08-15 12:28:37,332821284207680.0
2025-08-15 13:28:38,332835891556480.0
2025-08-15 14:28:38,332840734574880.0
2025-08-15 15:28:38,332858350634880.0
2025-08-15 16:28:38,332874680442880.0
2025-08-15 17:28:38,332893381428480.0
2025-08-15 18:28:38,332917596520480.0
2025-08-15 19:28:38,332940491806080.0
2025-08-15 20:28:38,332946173684480.0
2025-08-15 21:28:38,332947292164480.0
2025-08-15 22:28:38,332951922671680.0
2025-08-15 23:28:38,332957313745280.0
2025-08-16 00:28:39,332961071838080.0
2025-08-16 01:28:39,332971361854080.0
2025-08-16 02:28:39,332974762033280.0
2025-08-16 03:28:39,332979862302080.0
2025-08-16 04:28:39,332977446385280.0
2025-08-16 05:28:39,332977535863680.0
2025-08-16 06:28:39,332979951780480.0
2025-08-16 07:28:39,332985074418880.0
2025-08-16 08:28:39,332989302273280.0
2025-08-16 09:28:39,332992299799680.0
2025-08-16 10:28:39,332994749270880.0
2025-08-16 11:28:39,332988228532480.0
2025-08-16 12:28:40,332989011468480.0
2025-08-16 13:28:40,332997086894080.0
2025-08-16 14:28:40,333003339197280.0
2025-08-16 15:28:40,333007555866880.0
2025-08-16 16:28:40,333004513601280.0
2025-08-16 17:28:40,333014490442880.0
2025-08-16 18:28:40,333019367015680.0
2025-08-16 19:28:40,333025764721280.0
2025-08-16 20:28:40,333031893991680.0
2025-08-16 21:28:40,333038291697280.0
2025-08-16 22:28:40,333034578343680.0
2025-08-16 23:28:40,333029835988480.0
2025-08-17 00:28:41,333021648714880.0
2025-08-17 01:28:41,333031312382080.0
2025-08-17 02:28:41,333034108582080.0
2025-08-17 03:28:41,333035831041280.0
2025-08-17 04:28:41,333039018709280.0
2025-08-17 05:28:41,333041188560480.0
2025-08-17 06:28:41,333040606950880.0
2025-08-17 07:28:41,333043604477280.0
2025-08-17 08:28:41,333040741168480.0
2025-08-17 09:28:41,333032900623680.0
2025-08-17 10:28:41,333033437494080.0
2025-08-17 11:28:42,333037620609280.0
2025-08-17 12:28:42,333047865886080.0
2025-08-17 13:28:42,333060090872480.0
2025-08-17 14:28:42,333058424337280.0
2025-08-17 15:28:42,333054822831680.0
2025-08-17 16:28:42,333049990998080.0
2025-08-17 17:28:42,333043101161280.0
2025-08-17 18:28:42,333030663663680.0
2025-08-17 19:28:42,333036837673280.0
2025-08-17 20:28:42,333050852227680.0
2025-08-17 21:28:42,333051780566080.0
2025-08-17 22:28:42,333021402649280.0
2025-08-17 23:28:43,332957436778080.0
2025-08-18 00:28:43,332931264346080.0
2025-08-18 01:28:43,332933087468480.0
2025-08-18 02:28:43,332934742818880.0
2025-08-18 03:28:43,332934575046880.0
2025-08-18 04:28:43,332932248608480.0
2025-08-18 05:28:43,333134626379680.0
2025-08-18 06:28:43,333136695567680.0
2025-08-18 07:28:43,333144032796480.0
2025-08-18 08:28:43,333147634302080.0
2025-08-18 09:28:43,333147656671680.0
2025-08-18 10:28:43,333160888290080.0
2025-08-18 11:28:44,333171267784480.0
2025-08-18 12:28:44,333183582249280.0
2025-08-18 13:28:44,333160273126080.0
2025-08-18 14:28:44,333180170885280.0
2025-08-18 15:28:44,333206567013280.0
2025-08-18 16:28:44,333231374899680.0
2025-08-18 17:28:44,333254549805280.0
2025-08-18 18:28:44,333277545754080.0
2025-08-18 19:28:44,333294815085280.0
2025-08-18 20:28:44,333298394221280.0
2025-08-18 21:28:44,333297678394080.0
2025-08-18 22:28:45,333303013543680.0
2025-08-18 23:28:45,333298081046880.0
2025-08-19 00:28:45,333299378483680.0
2025-08-19 01:28:45,333303315533280.0
2025-08-19 02:28:45,333309623760480.0
2025-08-19 03:28:45,333307789453280.0
2025-08-19 04:28:45,333309802717280.0
2025-08-19 05:28:45,333509563245280.0
2025-08-19 06:28:45,333515468819680.0
2025-08-19 07:28:45,333525445661280.0
2025-08-19 08:28:45,333510435659680.0
2025-08-19 09:28:45,333421225694880.0
2025-08-19 10:28:46,333423082371680.0
2025-08-19 11:28:46,333436660718880.0
2025-08-19 12:28:46,333476232541280.0
2025-08-19 13:28:46,333486858101280.0
2025-08-19 14:28:46,333493747938080.0
2025-08-19 15:28:46,333501219384480.0
2025-08-19 16:28:46,333530646593280.0
2025-08-19 17:28:46,333564357580480.0
2025-08-19 18:28:46,333589713522080.0
2025-08-19 19:28:46,333609633650880.0
2025-08-19 20:28:46,333624095597280.0
2025-08-19 21:28:47,333625124598880.0
2025-08-19 22:28:47,333626511514080.0
2025-08-19 23:28:47,333626131230880.0
2025-08-20 00:28:47,333647136285280.0
2025-08-20 01:28:47,333656128864480.0
2025-08-20 02:28:47,333666821533280.0
2025-08-20 03:28:47,333667447882080.0
2025-08-20 04:28:47,333672503411680.0
2025-08-20 05:28:47,333882419738080.0
2025-08-20 06:28:47,333890562272480.0
2025-08-20 07:28:47,333903357683680.0
2025-08-20 08:28:47,333888817443680.0
2025-08-20 09:28:48,333810512658880.0
2025-08-20 10:28:48,333809561950880.0
2025-08-20 11:28:48,333820120402080.0
2025-08-20 12:28:48,333833944814880.0
2025-08-20 13:28:48,333832278279680.0
2025-08-20 14:28:48,333817905811680.0
2025-08-20 15:28:48,333830835440480.0
2025-08-20 16:28:48,333856851285280.0
2025-08-20 17:28:48,333884455371680.0
2025-08-20 18:28:48,333918904555680.0
2025-08-20 19:28:48,333943578224480.0
2025-08-20 20:28:48,333955478851680.0
2025-08-20 21:28:49,333964516170080.0
2025-08-20 22:28:49,333976819450080.0
2025-08-20 23:28:49,333985454115680.0
2025-08-21 00:28:49,334002902403680.0
2025-08-21 01:28:49,334010731763680.0
2025-08-21 02:28:49,334018717710880.0
2025-08-21 03:28:49,334017845296480.0
2025-08-21 04:28:49,334019679603680.0
2025-08-21 05:28:49,334224629878880.0
2025-08-21 06:28:49,334230177539680.0
2025-08-21 07:28:49,334242424895680.0
2025-08-21 08:28:49,334245880998880.0
2025-08-21 09:28:50,334229595930080.0
2025-08-21 10:28:50,334209329072480.0
2025-08-21 11:28:50,334164097741280.0
2025-08-21 12:28:50,334168974314080.0
2025-08-21 13:28:50,334177877414880.0
2025-08-21 14:28:50,334173414679680.0
2025-08-21 15:28:50,334169746065280.0
2025-08-21 16:28:50,334175629270080.0
2025-08-21 17:28:50,334194028266080.0
2025-08-21 18:28:50,334218042031680.0
2025-08-21 19:28:50,334231721042080.0
2025-08-21 20:28:51,334234405394080.0
2025-08-21 21:28:51,334228231384480.0
2025-08-21 22:28:51,334224741726880.0
2025-08-21 23:28:51,334220580981280.0
2025-08-22 00:28:51,334228589298080.0
2025-08-22 01:28:51,334225636510880.0
2025-08-22 02:28:51,334230557822880.0
2025-08-22 03:28:51,334214899102880.0
2025-08-22 04:28:51,334210425182880.0
2025-08-22 05:28:51,334374483829280.0
2025-08-22 06:28:51,334371262606880.0
2025-08-22 07:28:51,334374797003680.0
2025-08-22 08:28:52,334361822635680.0
2025-08-22 09:28:52,334284613961280.0
2025-08-22 10:28:52,334282142120480.0
2025-08-22 11:28:52,334290978112480.0
2025-08-22 12:28:52,334309611989280.0
2025-08-22 13:28:52,334316121542880.0
2025-08-22 14:28:52,334314779366880.0
2025-08-22 15:28:52,334316725522080.0
2025-08-22 16:28:52,334335694942880.0
2025-08-22 17:28:52,334350861531680.0
2025-08-22 18:28:52,334357706629280.0
2025-08-22 19:28:53,334369920430880.0
2025-08-22 20:28:53,334375602309280.0
2025-08-22 21:28:53,334362851637280.0
2025-08-22 22:28:53,334359854110880.0
2025-08-22 23:28:53,334354306450080.0
2025-08-23 00:28:53,334346745525280.0
2025-08-23 01:28:53,334350414139680.0
2025-08-23 02:28:53,334351935272480.0
2025-08-23 03:28:53,334349474616480.0
2025-08-23 04:28:53,334351532619680.0
2025-08-23 05:28:53,334351398402080.0
2025-08-23 06:28:53,334352606360480.0
2025-08-23 07:28:54,334353545883680.0
2025-08-23 08:28:54,334358422456480.0
2025-08-23 09:28:54,334358243499680.0
2025-08-23 10:28:54,334356319714080.0
2025-08-23 11:28:54,334353009013280.0
2025-08-23 12:28:54,334356990802080.0
2025-08-23 13:28:54,334361375243680.0
2025-08-23 14:28:54,334367012382880.0
2025-08-23 15:28:54,334369461854080.0
2025-08-23 16:28:54,334373544306080.0
2025-08-23 17:28:54,334378286661280.0
2025-08-23 18:28:54,334378756422880.0
2025-08-23 19:28:55,334389068808480.0
2025-08-23 20:28:55,334398374562080.0
2025-08-23 21:28:55,334407725054880.0
2025-08-23 22:28:55,334415241240480.0
2025-08-23 23:28:55,334419938856480.0
2025-08-24 00:28:55,334426358931680.0
2025-08-24 01:28:55,334439590550080.0
2025-08-24 02:28:55,334447319246880.0
2025-08-24 03:28:55,334452576102880.0
2025-08-24 04:28:55,334458828406080.0
2025-08-24 05:28:55,334462318063680.0
2025-08-24 06:28:56,334466188004480.0
2025-08-24 07:28:56,334477697163680.0
2025-08-24 08:28:56,334486723297280.0
2025-08-24 09:28:56,334489989258880.0
2025-08-24 10:28:56,334493042709280.0
2025-08-24 11:28:56,334500111502880.0
2025-08-24 12:28:56,334502773485280.0
2025-08-24 13:28:56,334512672033280.0
2025-08-24 14:28:56,334521440916480.0
2025-08-24 15:28:56,334526228010880.0
2025-08-24 16:28:56,334536506842080.0
2025-08-24 17:28:56,334546651455680.0
2025-08-24 18:28:57,334556583558080.0
2025-08-24 19:28:57,334570407970880.0
2025-08-24 20:28:57,334578036004480.0
2025-08-24 21:28:57,334564133298080.0
2025-08-24 22:28:57,334564066189280.0
2025-08-24 23:28:57,334572589006880.0
2025-08-25 00:28:57,334571056689280.0
2025-08-25 01:28:57,334544682930880.0
2025-08-25 02:28:57,334541942654880.0
2025-08-25 03:28:57,334541853176480.0
2025-08-25 04:28:57,334545566530080.0
2025-08-25 05:28:57,334746311320480.0
2025-08-25 06:28:58,334749856902080.0
2025-08-25 07:28:58,334753189972480.0
2025-08-25 08:28:58,334702712970080.0
2025-08-25 09:28:58,334691002484480.0
2025-08-25 10:28:58,334706594095680.0
2025-08-25 11:28:58,334726838583680.0
2025-08-25 12:28:58,334746702788480.0
2025-08-25 13:28:58,334768446039680.0
2025-08-25 14:28:58,334798354194880.0
2025-08-25 15:28:58,334810567996480.0
2025-08-25 16:28:58,334836639765280.0
2025-08-25 17:28:59,334862465468480.0
2025-08-25 18:28:59,334885394308480.0
2025-08-25 19:28:59,334915168246080.0
2025-08-25 20:28:59,334923713433280.0
2025-08-25 21:28:59,334928243277280.0
2025-08-25 22:28:59,334936072637280.0
2025-08-25 23:28:59,334926084610880.0
2025-08-26 00:28:59,334931274358080.0
2025-08-26 01:28:59,334942548636480.0
2025-08-26 02:28:59,334950310887680.0
2025-08-26 03:28:59,334945993554880.0
2025-08-26 04:28:59,334945367206080.0
2025-08-26 05:29:00,335138685289280.0
2025-08-26 06:29:00,335127366271680.0
2025-08-26 07:29:00,335141235423680.0
2025-08-26 08:29:00,335147655498880.0
2025-08-26 09:29:00,335153650551680.0
2025-08-26 10:29:00,335173447647680.0
2025-08-26 11:29:00,335182619183680.0
2025-08-26 12:29:00,335183379750080.0
2025-08-26 13:29:00,335121169892480.0
2025-08-26 14:29:00,335130430906880.0
2025-08-26 15:29:00,335149053598880.0
2025-08-26 16:29:01,335137119417280.0
2025-08-26 17:29:01,335151603733280.0
2025-08-26 18:29:01,335179979570880.0
2025-08-26 19:29:01,335197562076480.0
2025-08-26 20:29:01,335196890988480.0
2025-08-26 21:29:01,335201185951680.0
2025-08-26 22:29:01,335199754297280.0
2025-08-26 23:29:01,335201767561280.0
2025-08-27 00:29:01,335211252271680.0
2025-08-27 01:29:01,335214697190080.0
2025-08-27 02:29:01,335217515759680.0
2025-08-27 03:29:01,335213712927680.0
2025-08-27 04:29:02,335209954834880.0
2025-08-27 05:29:02,335402333394880.0
2025-08-27 06:29:02,335403586092480.0
2025-08-27 07:29:02,335405778313280.0
2025-08-27 08:29:02,335393564511680.0
2025-08-27 09:29:02,335308962684480.0
2025-08-27 10:29:02,335321411366880.0
2025-08-27 11:29:02,335328200540480.0
2025-08-27 12:29:02,335334452843680.0
2025-08-27 13:29:02,335351710990080.0
2025-08-27 14:29:02,335343400683680.0
2025-08-27 15:29:03,335362772757280.0
2025-08-27 16:29:03,335394526404480.0
2025-08-27 17:29:03,335414882740480.0
2025-08-27 18:29:03,335437744471680.0
2025-08-27 19:29:03,335457832372480.0
2025-08-27 20:29:03,335460829898880.0
2025-08-27 21:29:03,335459152178880.0
2025-08-27 22:29:03,335456177022080.0
2025-08-27 23:29:03,335456445457280.0
2025-08-28 00:29:03,335456266500480.0
2025-08-28 01:29:03,335457966590080.0
2025-08-28 02:29:03,335460740420480.0
2025-08-28 03:29:04,335456445457280.0
2025-08-28 04:29:04,335454432193280.0
2025-08-28 05:29:04,335650210932480.0
2025-08-28 06:29:04,335644529054080.0
2025-08-28 07:29:04,335650166193280.0
2025-08-28 08:29:04,335655803332480.0
2025-08-28 09:29:04,335659203511680.0
2025-08-28 10:29:04,335666149272480.0
2025-08-28 11:29:04,335691460474880.0
2025-08-28 12:29:04,335711302310080.0
2025-08-28 13:29:04,335683653484480.0
2025-08-28 14:29:04,335663621507680.0
2025-08-28 15:29:05,335651307042880.0
2025-08-28 16:29:05,335640726222080.0
2025-08-28 17:29:05,335602395912480.0
2025-08-28 18:29:05,335611589818080.0
2025-08-28 19:29:05,335630704641280.0
2025-08-28 20:29:05,335641084135680.0
2025-08-28 21:29:05,335643925074880.0
2025-08-28 22:29:05,335645155402880.0
2025-08-28 23:29:05,335645960708480.0
2025-08-29 00:29:05,335652671588480.0
2025-08-29 01:29:05,335651195194880.0
2025-08-29 02:29:06,335654595374080.0
2025-08-29 03:29:06,335658129770880.0
2025-08-29 04:29:06,335658800858880.0
2025-08-29 05:29:06,335858382430080.0
2025-08-29 06:29:06,335856682340480.0
2025-08-29 07:29:06,335855921774080.0
2025-08-29 08:29:06,335857935038080.0
2025-08-29 09:29:06,335867755292480.0
2025-08-29 10:29:06,335879857246080.0
2025-08-29 11:29:06,335902114998080.0
2025-08-29 12:29:06,335930144106880.0
2025-08-29 13:29:06,335931105999680.0
2025-08-29 14:29:07,335885170026080.0
2025-08-29 15:29:07,335875875457280.0
2025-08-29 16:29:07,335875987305280.0
2025-08-29 17:29:07,335852253159680.0
2025-08-29 18:29:07,335862196446880.0
2025-08-29 19:29:07,335868896142080.0
2025-08-29 20:29:07,335877709764480.0
2025-08-29 21:29:07,335880841508480.0
2025-08-29 22:29:07,335889834087680.0
2025-08-29 23:29:07,335895817955680.0
2025-08-30 00:29:07,335912785297280.0
2025-08-30 01:29:08,335916409172480.0
2025-08-30 02:29:08,335921285745280.0
2025-08-30 03:29:08,335930255954880.0
2025-08-30 04:29:08,335936183898880.0
2025-08-30 05:29:08,335932515284480.0
2025-08-30 06:29:08,335929651975680.0
2025-08-30 07:29:08,335935512810880.0
2025-08-30 08:29:08,335941865777280.0
2025-08-30 09:29:08,335949963572480.0
2025-08-30 10:29:08,335957569236480.0
2025-08-30 11:29:08,335948297037280.0
2025-08-30 12:29:08,335958508759680.0
2025-08-30 13:29:09,335962087895680.0
2025-08-30 14:29:09,335975867569280.0
2025-08-30 15:29:09,335981459969280.0
2025-08-30 16:29:09,335993405335680.0
2025-08-30 17:29:09,335996425231680.0
2025-08-30 18:29:09,336000787303680.0
2025-08-30 19:29:09,336011524711680.0
2025-08-30 20:29:09,336016267066880.0
2025-08-30 21:29:09,336022441076480.0
2025-08-30 22:29:09,336038435340480.0
2025-08-30 23:29:09,336047226593280.0
2025-08-31 00:29:10,336056577086080.0
2025-08-31 01:29:10,336069640932480.0
2025-08-31 02:29:10,336075803757280.0
2025-08-31 03:29:10,336080769808480.0
2025-08-31 04:29:10,336083991030880.0
2025-08-31 05:29:10,336091999347680.0
2025-08-31 06:29:10,336095556114080.0
2025-08-31 07:29:10,336100141882080.0
2025-08-31 08:29:10,336097547008480.0
2025-08-31 09:29:10,336100589274080.0
2025-08-31 10:29:10,336111852367680.0
2025-08-31 11:29:10,336116404581280.0
2025-08-31 12:29:11,336123473374880.0
2025-08-31 13:29:11,336133584434080.0
2025-08-31 14:29:11,336139937400480.0
2025-08-31 15:29:11,336147308183680.0
2025-08-31 16:29:11,336158437059680.0
2025-08-31 17:29:11,336159275919680.0
2025-08-31 18:29:11,336167731628480.0
2025-08-31 19:29:11,336180661257280.0
2025-08-31 20:29:11,336174241182080.0
2025-08-31 21:29:11,336075993898880.0
2025-08-31 22:29:11,336057259358880.0
2025-08-31 23:29:11,336050335967680.0
2025-09-01 00:29:12,336045683090880.0
2025-09-01 01:29:12,336049038530880.0
2025-09-01 02:29:12,336047964790080.0
2025-09-01 03:29:12,336037529371680.0
2025-09-01 04:29:12,336041913813280.0
2025-09-01 05:29:12,336245488358080.0
2025-09-01 06:29:12,336238911695680.0
2025-09-01 07:29:12,336239549229280.0
2025-09-01 08:29:12,336239571598880.0
2025-09-01 09:29:12,336233755502880.0
2025-09-01 10:29:12,336248228634080.0
2025-09-01 11:29:13,336260420066080.0
2025-09-01 12:29:13,336280306640480.0
2025-09-01 13:29:13,336293057312480.0
2025-09-01 14:29:13,336315963782880.0
2025-09-01 15:29:13,336339205797280.0
2025-09-01 16:29:13,336369997551680.0
2025-09-01 17:29:13,336377916390080.0
2025-09-01 18:29:13,336405486922080.0
2025-09-01 19:29:13,336425530083680.0
2025-09-01 20:29:13,336423785254880.0
2025-09-01 21:29:13,336423785254880.0
2025-09-01 22:29:13,336437553743680.0
2025-09-01 23:29:14,336435954317280.0
2025-09-02 00:29:14,336445752202080.0
2025-09-02 01:29:14,336454028954080.0
2025-09-02 02:29:14,336461679357280.0
2025-09-02 03:29:14,336463916317280.0
2025-09-02 04:29:14,336474966899680.0
2025-09-02 05:29:14,336678082867680.0
2025-09-02 06:29:14,336687746534880.0
2025-09-02 07:29:14,336698394464480.0
2025-09-02 08:29:14,336690207190880.0
2025-09-02 09:29:14,336617919828480.0
2025-09-02 10:29:14,336608166682880.0
2025-09-02 11:29:15,336619161341280.0
2025-09-02 12:29:15,336642291507680.0
2025-09-02 13:29:15,336659247664480.0
2025-09-02 14:29:15,336665309826080.0
2025-09-02 15:29:15,336676270930080.0
2025-09-02 16:29:15,336703573026880.0
2025-09-02 17:29:15,336728358543680.0
2025-09-02 18:29:15,336750291936480.0
2025-09-02 19:29:15,336771543056480.0
2025-09-02 20:29:15,336779282938080.0
2025-09-02 21:29:15,336772840493280.0
2025-09-02 22:29:15,336769485053280.0
2025-09-02 23:29:16,336768008659680.0
2025-09-03 00:29:16,336761521475680.0
2025-09-03 01:29:16,336763221565280.0
2025-09-03 02:29:16,336763624218080.0
2025-09-03 03:29:16,336762416259680.0
2025-09-03 04:29:16,336760760909280.0
2025-09-03 05:29:16,336954481645280.0
2025-09-03 06:29:16,336954705341280.0
2025-09-03 07:29:16,336958418694880.0
2025-09-03 08:29:16,336955913299680.0
2025-09-03 09:29:16,336949795214080.0
2025-09-03 10:29:17,336956136995680.0
2025-09-03 11:29:17,336973630022880.0
2025-09-03 12:29:17,336987745240480.0
2025-09-03 13:29:17,336980262609280.0
2025-09-03 14:29:17,336981615970080.0
2025-09-03 15:29:17,336969760082080.0
2025-09-03 16:29:17,336954682971680.0
2025-09-03 17:29:17,336921721366080.0
2025-09-03 18:29:17,336911878742080.0
2025-09-03 19:29:17,336919719286880.0
2025-09-03 20:29:17,336926251210080.0
2025-09-03 21:29:18,336926967037280.0
2025-09-03 22:29:18,336926519645280.0
2025-09-03 23:29:18,336922560226080.0
2025-09-04 00:29:18,336921352267680.0
2025-09-04 01:29:18,336923991880480.0
2025-09-04 02:29:18,336924484011680.0
2025-09-04 03:29:18,336924081358880.0
2025-09-04 04:29:18,336925199838880.0
2025-09-04 05:29:18,337120665403680.0
2025-09-04 06:29:18,337112209694880.0
2025-09-04 07:29:18,337115520395680.0
2025-09-04 08:29:18,337116415179680.0
2025-09-04 09:29:19,337121470709280.0
2025-09-04 10:29:19,337123036581280.0
2025-09-04 11:29:19,337127197326880.0
2025-09-04 12:29:19,337155069848480.0
2025-09-04 13:29:19,337171578613280.0
2025-09-04 14:29:19,337159141115680.0
2025-09-04 15:29:19,337147464184480.0
2025-09-04 16:29:19,337129948787680.0
2025-09-04 17:29:19,337134165457280.0
2025-09-04 18:29:19,337138438050880.0
2025-09-04 19:29:19,337154029662080.0
2025-09-04 20:29:20,337158682538880.0
2025-09-04 21:29:20,337162037978880.0
2025-09-04 22:29:20,337166109246080.0
2025-09-04 23:29:20,337169408762080.0
2025-09-05 00:29:20,337169240990080.0
2025-09-05 01:29:20,337172327994880.0
2025-09-05 02:29:20,337174878129280.0
2025-09-05 03:29:20,337175907130880.0
2025-09-05 04:29:20,337179709962880.0
2025-09-05 05:29:20,337382468017280.0
2025-09-05 06:29:20,337378173054080.0
2025-09-05 07:29:21,337382378538880.0
2025-09-05 08:29:21,337363185422080.0
2025-09-05 09:29:21,337266727706880.0
2025-09-05 10:29:21,337264938138880.0
2025-09-05 11:29:21,337270843713280.0
2025-09-05 12:29:21,337294958142080.0
2025-09-05 13:29:21,337307306161280.0
2025-09-05 14:29:21,337310695155680.0
2025-09-05 15:29:21,337326353875680.0
2025-09-05 16:29:21,337347068125280.0
2025-09-05 17:29:21,337364359826080.0
2025-09-05 18:29:21,337379683002080.0
2025-09-05 19:29:22,337395543048480.0
2025-09-05 20:29:22,337399580761280.0
2025-09-05 21:29:22,337402119710880.0
2025-09-05 22:29:22,337403014494880.0
2025-09-05 23:29:22,337400419621280.0
2025-09-06 00:29:22,337398048443680.0
2025-09-06 01:29:22,337399972229280.0
2025-09-06 02:29:22,337404311931680.0
2025-09-06 03:29:22,337406772587680.0
2025-09-06 04:29:22,337408964808480.0
2025-09-06 05:29:22,337408472677280.0
2025-09-06 06:29:23,337410128027680.0
2025-09-06 07:29:23,337409233243680.0
2025-09-06 08:29:23,337411828117280.0
2025-09-06 09:29:23,337410306984480.0
2025-09-06 10:29:23,337405788325280.0
2025-09-06 11:29:23,337397243138080.0
2025-09-06 12:29:23,337394469307680.0
2025-09-06 13:29:23,337400598578080.0
2025-09-06 14:29:23,337406157423680.0
2025-09-06 15:29:23,337409546418080.0
2025-09-06 16:29:23,337415183557280.0
2025-09-06 17:29:23,337408606894880.0
2025-09-06 18:29:24,337407801589280.0
2025-09-06 19:29:24,337410128027680.0
2025-09-06 20:29:24,337412812379680.0
2025-09-06 21:29:24,337415720427680.0
2025-09-06 22:29:24,337420328565280.0
2025-09-06 23:29:24,337424780115680.0
2025-09-07 00:29:24,337426916412480.0
2025-09-07 01:29:24,337421424675680.0
2025-09-07 02:29:24,337425630160480.0
2025-09-07 03:29:24,337428348066880.0
2025-09-07 04:29:24,337425026181280.0
2025-09-07 05:29:24,337418013311680.0
2025-09-07 06:29:25,337420820696480.0
2025-09-07 07:29:25,337419176530880.0
2025-09-07 08:29:25,337425104474880.0
2025-09-07 09:29:25,337425014996480.0
2025-09-07 10:29:25,337428784274080.0
2025-09-07 11:29:25,337421145055680.0
2025-09-07 12:29:25,337420977283680.0
2025-09-07 13:29:25,337425451203680.0
2025-09-07 14:29:25,337427285510880.0
2025-09-07 15:29:25,337431312038880.0
2025-09-07 16:29:25,337434846435680.0
2025-09-07 17:29:25,337439510497280.0
2025-09-07 18:29:26,337441143478080.0
2025-09-07 19:29:26,337441926414080.0
2025-09-07 20:29:26,337446187822880.0
2025-09-07 21:29:26,337460448442880.0
2025-09-07 22:29:26,337467528421280.0
2025-09-07 23:29:26,337444644320480.0
2025-09-08 00:29:26,337379973806880.0
2025-09-08 01:29:26,337370108813280.0
2025-09-08 02:29:26,337375824246080.0
2025-09-08 03:29:26,337377591444480.0
2025-09-08 04:29:26,337378117130080.0
2025-09-08 05:29:26,337579320497280.0
2025-09-08 06:29:27,337576613775680.0
2025-09-08 07:29:27,337572464214880.0
2025-09-08 08:29:27,337571804311680.0
2025-09-08 09:29:27,337579421160480.0
2025-09-08 10:29:27,337594811445280.0
2025-09-08 11:29:27,337604273786080.0
2025-09-08 12:29:27,337621308236480.0
2025-09-08 13:29:27,337616152043680.0
2025-09-08 14:29:27,337624518274080.0
2025-09-08 15:29:27,337629450770880.0
2025-09-08 16:29:27,337648129386880.0
2025-09-08 17:29:27,337667602123680.0
2025-09-08 18:29:28,337685934010880.0
2025-09-08 19:29:28,337694982514080.0
2025-09-08 20:29:28,337703896799680.0
2025-09-08 21:29:28,337710741897280.0
2025-09-08 22:29:28,337719242345280.0
2025-09-08 23:29:28,337720673999680.0
2025-09-09 00:29:28,337725326876480.0
2025-09-09 01:29:28,337727877010880.0
2025-09-09 02:29:28,337729666578880.0
2025-09-09 03:29:28,337727742793280.0
2025-09-09 04:29:28,337729577100480.0
2025-09-09 05:29:28,337932782546880.0
2025-09-09 06:29:29,337939269730880.0
2025-09-09 07:29:29,337945980610880.0
2025-09-09 08:29:29,337929069193280.0
2025-09-09 09:29:29,337850607821280.0
2025-09-09 10:29:29,337872295148480.0
2025-09-09 11:29:29,337874532108480.0
2025-09-09 12:29:29,337905849548480.0
2025-09-09 13:29:29,337911654459680.0
2025-09-09 14:29:29,337926608537280.0
2025-09-09 15:29:29,337943475215680.0
2025-09-09 16:29:29,337969412766880.0
2025-09-09 17:29:30,337997777419680.0
2025-09-09 18:29:30,338025627571680.0
2025-09-09 19:29:30,338040290844480.0
2025-09-09 20:29:30,338044026567680.0
2025-09-09 21:29:30,338039664495680.0
2025-09-09 22:29:30,338043064674880.0
2025-09-09 23:29:30,338045570070080.0
2025-09-10 00:29:30,338039396060480.0
2025-09-10 01:29:30,338033490486080.0
2025-09-10 02:29:30,338030045567680.0
2025-09-10 03:29:30,338025347951680.0
2025-09-10 04:29:31,338033490486080.0
2025-09-10 05:29:31,338215489551680.0
2025-09-10 06:29:31,338215310594880.0
2025-09-10 07:29:31,338215623769280.0
2025-09-10 08:29:31,338199830831680.0
2025-09-10 09:29:31,338111560390080.0
2025-09-10 10:29:31,338101046678080.0
2025-09-10 11:29:31,338111918303680.0
2025-09-10 12:29:31,338125608498880.0
2025-09-10 13:29:31,338132308194080.0
2025-09-10 14:29:31,338111761716480.0
2025-09-10 15:29:31,338111303139680.0
2025-09-10 16:29:32,338130183082080.0
2025-09-10 17:29:32,338151971072480.0
2025-09-10 18:29:32,338181901597280.0
2025-09-10 19:29:32,338203600109280.0
2025-09-10 20:29:32,338214471734880.0
2025-09-10 21:29:32,338217312674080.0
2025-09-10 22:29:32,338219057502880.0
2025-09-10 23:29:32,338213498657280.0
2025-09-11 00:29:32,338236796595680.0
2025-09-11 01:29:32,338239346730080.0
2025-09-11 02:29:32,338246102349280.0
2025-09-11 03:29:32,338246505002080.0
2025-09-11 04:29:33,338251292096480.0
2025-09-11 05:29:33,338452529018080.0
2025-09-11 06:29:33,338455929197280.0
2025-09-11 07:29:33,338462640077280.0
2025-09-11 08:29:33,338447428749280.0
2025-09-11 09:29:33,338353375766080.0
2025-09-11 10:29:33,338355467323680.0
2025-09-11 11:29:33,338361026169280.0
2025-09-11 12:29:33,338387970352480.0
2025-09-11 13:29:33,338400832872480.0
2025-09-11 14:29:33,338406112098080.0
2025-09-11 15:29:34,338407968774880.0
2025-09-11 16:29:34,338438548018080.0
2025-09-11 17:29:34,338464340166880.0
2025-09-11 18:29:34,338487839431680.0
2025-09-11 19:29:34,338496708978080.0
2025-09-11 20:29:34,338492749558880.0
2025-09-11 21:29:34,338498923568480.0
2025-09-11 22:29:34,338511361066080.0
2025-09-11 23:29:34,338510555760480.0
2025-09-12 00:29:34,338528630397280.0
2025-09-12 01:29:34,338543058789280.0
2025-09-12 02:29:34,338551134214880.0
2025-09-12 03:29:35,338548047210080.0
2025-09-12 04:29:35,338554310698080.0
2025-09-12 05:29:35,338756039750880.0
2025-09-12 06:29:35,338756755578080.0
2025-09-12 07:29:35,338765647494080.0
2025-09-12 08:29:35,338736265024480.0
2025-09-12 09:29:35,338650365760480.0
2025-09-12 10:29:35,338647099798880.0
2025-09-12 11:29:35,338643285782080.0
2025-09-12 12:29:35,338668921343680.0
2025-09-12 13:29:35,338682007559680.0
2025-09-12 14:29:36,338700820393280.0
2025-09-12 15:29:36,338700551958080.0
2025-09-12 16:29:36,338730169308480.0
2025-09-12 17:29:36,338900066420480.0
2025-09-12 18:29:36,338989455342080.0
2025-09-12 19:29:36,338958585294080.0
2025-09-12 20:29:36,338639572428480.0
2025-09-12 21:29:36,338175526261280.0
2025-09-12 22:29:36,337980619936480.0
2025-09-12 23:29:36,337946439187680.0
2025-09-13 00:29:36,337927257255680.0
2025-09-13 01:29:36,337917716621280.0
2025-09-13 02:29:37,337906699593280.0
2025-09-13 03:29:37,337885537951680.0
2025-09-13 04:29:37,337867206064480.0
2025-09-13 05:29:37,337862284752480.0
2025-09-13 06:29:37,337863850624480.0
2025-09-13 07:29:37,337872664246880.0
2025-09-13 08:29:37,337878569821280.0
2025-09-13 09:29:37,337874319597280.0
2025-09-13 10:29:37,337878167168480.0
2025-09-13 11:29:37,337866042845280.0
2025-09-13 12:29:37,337843785093280.0
2025-09-13 13:29:37,337770300957280.0
2025-09-13 14:29:38,337764194056480.0
2025-09-13 15:29:38,337747674106880.0
2025-09-13 16:29:38,337735169500480.0
2025-09-13 17:29:38,337620558854880.0
2025-09-13 18:29:38,337552465792480.0
2025-09-13 19:29:38,337548741254080.0
2025-09-13 20:29:38,337522188538880.0
2025-09-13 21:29:38,337483567424480.0
2025-09-13 22:29:38,337463792698080.0
2025-09-13 23:29:38,337427576315680.0
2025-09-14 00:29:38,337323356349280.0
2025-09-14 01:29:39,337322260238880.0
2025-09-14 02:29:39,337331409405280.0
2025-09-14 03:29:39,337332192341280.0
2025-09-14 04:29:39,337334362192480.0
2025-09-14 05:29:39,337328713868480.0
2025-09-14 06:29:39,337326532832480.0
2025-09-14 07:29:39,337330894904480.0
2025-09-14 08:29:39,337328277661280.0
2025-09-14 09:29:39,337322953696480.0
2025-09-14 10:29:39,337325257765280.0
2025-09-14 11:29:39,337317719210080.0
2025-09-14 12:29:39,337318591624480.0
2025-09-14 13:29:40,337325447906880.0
2025-09-14 14:29:40,337338198578880.0
2025-09-14 15:29:40,337338567677280.0
2025-09-14 16:29:40,337348443855680.0
2025-09-14 17:29:40,337353275689280.0
2025-09-14 18:29:40,337362581442880.0
2025-09-14 19:29:40,337368979148480.0
2025-09-14 20:29:40,337359975384480.0
2025-09-14 21:29:40,337337661708480.0
2025-09-14 22:29:40,337341643497280.0
2025-09-14 23:29:40,337335245791680.0
2025-09-15 00:29:41,337342638944480.0
2025-09-15 01:29:41,337349662998880.0
2025-09-15 02:29:41,337321354270080.0
2025-09-15 03:29:41,337281581121280.0
2025-09-15 04:29:41,337220601591680.0
2025-09-15 05:29:41,337399289956480.0
2025-09-15 06:29:41,337400978861280.0
2025-09-15 07:29:41,337403540180480.0
2025-09-15 08:29:41,337386069522880.0
2025-09-15 09:29:41,337385733978880.0
2025-09-15 10:29:41,337399457728480.0
2025-09-15 11:29:41,337410474756480.0
2025-09-15 12:29:42,337422341829280.0
2025-09-15 13:29:42,337439174953280.0
2025-09-15 14:29:42,337461510998880.0
2025-09-15 15:29:42,337478892178080.0
2025-09-15 16:29:42,337519873285280.0
2025-09-15 17:29:42,337505198827680.0
2025-09-15 18:29:42,337519537741280.0
2025-09-15 19:29:42,337517647510080.0
2025-09-15 20:29:42,337528776386080.0
2025-09-15 21:29:42,337522278017280.0
2025-09-15 22:29:42,337475033422080.0
2025-09-15 23:29:43,337452484865280.0
2025-09-16 00:29:43,337456735089280.0
2025-09-16 01:29:43,337465056580480.0
2025-09-16 02:29:43,337472371439680.0
2025-09-16 03:29:43,337480446865280.0
2025-09-16 04:29:43,337485949786880.0
2025-09-16 05:29:43,337688126231680.0
2025-09-16 06:29:43,337700574914080.0
2025-09-16 07:29:43,337708706263680.0
2025-09-16 08:29:43,337677858585280.0
2025-09-16 09:29:43,337597641199680.0
2025-09-16 10:29:43,337597596460480.0
2025-09-16 11:29:44,337601992086880.0
2025-09-16 12:29:44,337625737417280.0
2025-09-16 13:29:44,337640702679680.0
2025-09-16 14:29:44,337660018829280.0
2025-09-16 15:29:44,337659481958880.0
2025-09-16 16:29:44,337696581940480.0
2025-09-16 17:29:44,337718146234880.0
2025-09-16 18:29:44,337744005492480.0
2025-09-16 19:29:44,337766039548480.0
2025-09-16 20:29:44,337770491098880.0
2025-09-16 21:29:44,337775904542080.0
2025-09-16 22:29:44,337772146449280.0
2025-09-16 23:29:45,337767605420480.0
2025-09-17 00:29:45,337775680846080.0
2025-09-17 01:29:45,337791417859680.0
2025-09-17 02:29:45,337791104685280.0
2025-09-17 03:29:45,337791473783680.0
2025-09-17 04:29:45,337796931966080.0
2025-09-17 05:29:45,337789460519680.0
2025-09-17 06:29:45,337792592263680.0
2025-09-17 07:29:45,337800343330080.0
2025-09-17 08:29:45,337801898017280.0
2025-09-17 09:29:45,337810331356480.0
2025-09-17 10:29:46,337825811119680.0
2025-09-17 11:29:46,337828584950080.0
2025-09-17 12:29:46,337853515869280.0
2025-09-17 13:29:46,337872149746080.0
2025-09-17 14:29:46,337900861127680.0
2025-09-17 15:29:46,337924036033280.0
2025-09-17 16:29:46,337953944188480.0
2025-09-17 17:29:46,337983270734080.0
2025-09-17 18:29:46,338015617175680.0
2025-09-17 19:29:46,338032483854080.0
2025-09-17 20:29:46,338036342610080.0
2025-09-17 21:29:46,338035928772480.0
2025-09-17 22:29:47,338047739921280.0
2025-09-17 23:29:47,338051945406080.0
2025-09-18 00:29:47,338067648865280.0
2025-09-18 01:29:47,338080310058880.0
2025-09-18 02:29:47,338086349850880.0
2025-09-18 03:29:47,338092121207680.0
2025-09-18 04:29:47,338102142788480.0
2025-09-18 05:29:47,338106169316480.0
2025-09-18 06:29:47,338122074102080.0
2025-09-18 07:29:47,338134869513280.0
2025-09-18 08:29:47,338135316905280.0
2025-09-18 09:29:47,338077759924480.0
2025-09-18 10:29:48,338080377167680.0
2025-09-18 11:29:48,338074840691680.0
2025-09-18 12:29:48,338068465355680.0
2025-09-18 13:29:48,338081764082880.0
2025-09-18 14:29:48,338092646893280.0
2025-09-18 15:29:48,338105028466880.0
2025-09-18 16:29:48,338106448936480.0
2025-09-18 17:29:48,338105587706880.0
2025-09-18 18:29:48,338124076181280.0
2025-09-18 19:29:48,338138370355680.0
2025-09-18 20:29:48,338147866250880.0
2025-09-18 21:29:49,338160986021280.0
2025-09-18 22:29:49,338170370068480.0
2025-09-18 23:29:49,338174128161280.0
2025-09-19 00:29:49,338179452126080.0
2025-09-19 01:29:49,338179541604480.0
2025-09-19 02:29:49,338188265748480.0
2025-09-19 03:29:49,338191084318080.0
2025-09-19 04:29:49,338196385913280.0
2025-09-19 05:29:49,338196005630080.0
2025-09-19 06:29:49,338193455495680.0
2025-09-19 07:29:49,338194037105280.0
2025-09-19 08:29:49,338199450548480.0
2025-09-19 09:29:50,338207503604480.0
2025-09-19 10:29:50,338223688010080.0
2025-09-19 11:29:50,338238910522880.0
2025-09-19 12:29:50,338261436710080.0
2025-09-19 13:29:50,338280473239680.0
2025-09-19 14:29:50,338304990321280.0
2025-09-19 15:29:50,338329518587680.0
2025-09-19 16:29:50,338362793367680.0
2025-09-19 17:29:50,338366227101280.0
2025-09-19 18:29:50,338386505143680.0
2025-09-19 19:29:50,338400508513280.0
2025-09-19 20:29:51,338407733894080.0
2025-09-19 21:29:51,338412409140480.0
2025-09-19 22:29:51,338417419930880.0
2025-09-19 23:29:51,338412140705280.0
2025-09-20 00:29:51,338418717367680.0
2025-09-20 01:29:51,338422833374080.0
2025-09-20 02:29:51,338431333822080.0
2025-09-20 03:29:51,338430528516480.0
2025-09-20 04:29:51,338436120916480.0
2025-09-20 05:29:51,338433078650880.0
2025-09-20 06:29:51,338432362823680.0
2025-09-20 07:29:51,338435941959680.0
2025-09-20 08:29:52,338444710842880.0
2025-09-20 09:29:52,338431423300480.0
2025-09-20 10:29:52,338441176446080.0
2025-09-20 11:29:52,338435852481280.0
2025-09-20 12:29:52,338438850007680.0
2025-09-20 13:29:52,338443681841280.0
2025-09-20 14:29:52,338445784583680.0
2025-09-20 15:29:52,338451488831680.0
2025-09-20 16:29:52,338456790426880.0
2025-09-20 17:29:52,338459564257280.0
2025-09-20 18:29:52,338463232871680.0
2025-09-20 19:29:52,338471968200480.0
2025-09-20 20:29:53,338479249505280.0
2025-09-20 21:29:53,338487570996480.0
2025-09-20 22:29:53,338492894961280.0
2025-09-20 23:29:53,338493029178880.0
2025-09-21 00:29:53,338495892487680.0
2025-09-21 01:29:53,338506641080480.0
2025-09-21 02:29:53,338509135290880.0
2025-09-21 03:29:53,338510455097280.0
2025-09-21 04:29:53,338508810931680.0
2025-09-21 05:29:53,338505668002880.0
2025-09-21 06:29:53,338497078076480.0
2025-09-21 07:29:54,338496563575680.0
2025-09-21 08:29:54,338498375513280.0
2025-09-21 09:29:54,338496440542880.0
2025-09-21 10:29:54,338496093814080.0
2025-09-21 11:29:54,338493297614080.0
2025-09-21 12:29:54,338489841510880.0
2025-09-21 13:29:54,338490221794080.0
2025-09-21 14:29:54,338493689082080.0
2025-09-21 15:29:54,338495579313280.0
2025-09-21 16:29:54,338499001862080.0
2025-09-21 17:29:54,338492156764480.0
2025-09-21 18:29:54,338497614946880.0
2025-09-21 19:29:55,338494930594880.0
2025-09-21 20:29:55,338501865170880.0
2025-09-21 21:29:55,338502726400480.0
2025-09-21 22:29:55,338504437674880.0
2025-09-21 23:29:55,338492078470880.0
2025-09-22 00:29:55,338491194871680.0
2025-09-22 01:29:55,338500802614880.0
2025-09-22 02:29:55,338499974939680.0
2025-09-22 03:29:55,338497883382080.0
2025-09-22 04:29:55,338502961281280.0
2025-09-22 05:29:55,338492648895680.0
2025-09-22 06:29:56,338492335721280.0
2025-09-22 07:29:56,338492827852480.0
2025-09-22 08:29:56,338495914857280.0
2025-09-22 09:29:56,338497022152480.0
2025-09-22 10:29:56,338513217742880.0
2025-09-22 11:29:56,338516349486880.0
2025-09-22 12:29:56,338537555867680.0
2025-09-22 13:29:56,338543427887680.0
2025-09-22 14:29:56,338563884886880.0
2025-09-22 15:29:56,338569421362880.0
2025-09-22 16:29:56,338585650507680.0
2025-09-22 17:29:56,338601398706080.0
2025-09-22 18:29:57,338617079795680.0
2025-09-22 19:29:57,338623130772480.0
2025-09-22 20:29:57,338627604692480.0
2025-09-22 21:29:57,338629931130880.0
2025-09-22 22:29:57,338636686750080.0
2025-09-22 23:29:57,338634181354880.0
2025-09-23 00:29:57,338649079508480.0
2025-09-23 01:29:57,338654135038080.0
2025-09-23 02:29:57,338657132564480.0
2025-09-23 03:29:57,338664313206080.0
2025-09-23 04:29:57,338670554324480.0
2025-09-23 05:29:57,338670196410880.0
2025-09-23 06:29:58,338670375367680.0
2025-09-23 07:29:58,338674983505280.0
2025-09-23 08:29:58,338684468215680.0
2025-09-23 09:29:58,338686302522880.0
2025-09-23 10:29:58,338704779812480.0
2025-09-23 11:29:58,338718559486080.0
2025-09-23 12:29:58,338747796553280.0
2025-09-23 13:29:58,338764025698080.0
2025-09-23 14:29:58,338786440037280.0
2025-09-23 15:29:58,338808854376480.0
2025-09-23 16:29:58,338844902986880.0
2025-09-23 17:29:58,338873368302880.0
2025-09-23 18:29:59,338899921018080.0
2025-09-23 19:29:59,338911430177280.0
2025-09-23 20:29:59,338918308829280.0
2025-09-23 21:29:59,338923465022080.0
2025-09-23 22:29:59,338930433152480.0
2025-09-23 23:29:59,338932323383680.0
2025-09-24 00:29:59,338951147402080.0
2025-09-24 01:29:59,338953608058080.0
2025-09-24 02:29:59,338956963498080.0
2025-09-24 03:29:59,338959245197280.0
2025-09-24 04:29:59,338959245197280.0
2025-09-24 05:30:00,338960229459680.0
2025-09-24 06:30:00,338966358730080.0
2025-09-24 07:30:00,338971727434080.0
2025-09-24 08:30:00,338967432470880.0
2025-09-24 09:30:00,338976156614880.0
2025-09-24 10:30:00,338990875811680.0
2025-09-24 11:30:00,339005404866880.0
2025-09-24 12:30:00,339040111301280.0
2025-09-24 13:30:00,339055199596480.0
2025-09-24 14:30:00,339082904346080.0
2025-09-24 15:30:00,339109837344480.0
2025-09-24 16:30:01,339130875953280.0
2025-09-24 17:30:01,339148145284480.0
2025-09-24 18:30:01,339169832611680.0
2025-09-24 19:30:01,339182549729280.0
2025-09-24 20:30:01,339187415117280.0
2025-09-24 21:30:01,339192873299680.0
2025-09-24 22:30:01,339200792138080.0
2025-09-24 23:30:01,339202671184480.0
2025-09-25 00:30:01,339218911514080.0
2025-09-25 01:30:01,339223385434080.0
2025-09-25 02:30:01,339226517178080.0
2025-09-25 03:30:02,339230543706080.0
2025-09-25 04:30:02,339235330800480.0
2025-09-25 05:30:02,339235688714080.0
2025-09-25 06:30:02,339230096314080.0
2025-09-25 07:30:02,339237030890080.0
2025-09-25 08:30:02,339233049101280.0
2025-09-25 09:30:02,339239267850080.0
2025-09-25 10:30:02,339253662687680.0
2025-09-25 11:30:02,339268169373280.0
2025-09-25 12:30:02,339294520762080.0
2025-09-25 13:30:02,339310179482080.0
2025-09-25 14:30:03,339332056950880.0
2025-09-25 15:30:03,339353777832480.0
2025-09-25 16:30:03,339375330942080.0
2025-09-25 17:30:03,339397096562880.0
2025-09-25 18:30:03,339416423897280.0
2025-09-25 19:30:03,339433849815680.0
2025-09-25 20:30:03,339436489428480.0
2025-09-25 21:30:03,339445918214880.0
2025-09-25 22:30:03,339453344922080.0
2025-09-25 23:30:03,339457897135680.0
2025-09-26 00:30:03,339477593568480.0
2025-09-26 01:30:03,339483342555680.0
2025-09-26 02:30:04,339487525670880.0
2025-09-26 03:30:04,339487212496480.0
2025-09-26 04:30:04,339492402243680.0
2025-09-26 05:30:04,339486362451680.0
2025-09-26 06:30:04,339473567040480.0
2025-09-26 07:30:04,339472538038880.0
2025-09-26 08:30:04,339474327606880.0
2025-09-26 09:30:04,339468265445280.0
2025-09-26 10:30:04,339488688890080.0
2025-09-26 11:30:04,339491865373280.0
2025-09-26 12:30:04,339493252288480.0
2025-09-26 13:30:05,339514346821280.0
2025-09-26 14:30:05,339530698998880.0
2025-09-26 15:30:05,339555305558880.0
2025-09-26 16:30:05,339583133341280.0
2025-09-26 17:30:05,339609988046080.0
2025-09-26 18:30:05,339627783062880.0
2025-09-26 19:30:05,339643441782880.0
2025-09-26 20:30:05,339650790196480.0
2025-09-26 21:30:05,339655387149280.0
2025-09-26 22:30:05,339665095555680.0
2025-09-26 23:30:05,339662131583680.0
2025-09-27 00:30:05,339661426941280.0
2025-09-27 01:30:06,339665185034080.0
2025-09-27 02:30:06,339666392992480.0
2025-09-27 03:30:06,339665185034080.0
2025-09-27 04:30:06,339667332515680.0
2025-09-27 05:30:06,339644873437280.0
2025-09-27 06:30:06,339645455046880.0
2025-09-27 07:30:06,339648318355680.0
2025-09-27 08:30:06,339643710218080.0
2025-09-27 09:30:06,339643844435680.0
2025-09-27 10:30:06,339651047446880.0
2025-09-27 11:30:06,339655118714080.0
2025-09-27 12:30:07,339644336566880.0
2025-09-27 13:30:07,339639594211680.0
2025-09-27 14:30:07,339629035760480.0
2025-09-27 15:30:07,339629214717280.0
2025-09-27 16:30:07,339628856803680.0
2025-09-27 17:30:07,339633420202080.0
2025-09-27 18:30:07,339628991021280.0
2025-09-27 19:30:07,339634672899680.0
2025-09-27 20:30:07,339642054867680.0
2025-09-27 21:30:07,339652523840480.0
2025-09-27 22:30:07,339652300144480.0
2025-09-27 23:30:07,339660218982880.0
2025-09-28 00:30:08,339660040026080.0
2025-09-28 01:30:08,339653888386080.0
2025-09-28 02:30:08,339653776538080.0
2025-09-28 03:30:08,339654771985280.0
2025-09-28 04:30:08,339653664690080.0
2025-09-28 05:30:08,339657299750080.0
2025-09-28 06:30:08,339654939757280.0
2025-09-28 07:30:08,339647557789280.0
2025-09-28 08:30:08,339638598764480.0
2025-09-28 09:30:08,339635713086080.0
2025-09-28 10:30:09,339626474441280.0
2025-09-28 11:30:09,339599966465280.0
2025-09-28 12:30:09,339587719109280.0
2025-09-28 13:30:09,339590202134880.0
2025-09-28 14:30:09,339580023966880.0
2025-09-28 15:30:09,339585168974880.0
2025-09-28 16:30:09,339589318535680.0
2025-09-28 17:30:09,339566110075680.0
2025-09-28 18:30:09,339540396220480.0
2025-09-28 19:30:09,339541738396480.0
2025-09-28 20:30:09,339541592994080.0
2025-09-28 21:30:10,339548997331680.0
2025-09-28 22:30:10,339555506885280.0
2025-09-28 23:30:10,339556837876480.0
2025-09-29 00:30:10,339556602995680.0
2025-09-29 01:30:10,339564119181280.0
2025-09-29 02:30:10,339563649419680.0
2025-09-29 03:30:10,339567027229280.0
2025-09-29 04:30:10,339565573205280.0
2025-09-29 05:30:10,339571064942080.0
2025-09-29 06:30:10,339570852430880.0
2025-09-29 07:30:10,339570539256480.0
2025-09-29 08:30:11,339579285770080.0
2025-09-29 09:30:11,339587663185280.0
2025-09-29 10:30:11,339597785429280.0
2025-09-29 11:30:11,339645969547680.0
2025-09-29 12:30:11,339658887991680.0
2025-09-29 13:30:11,339678494946080.0
2025-09-29 14:30:11,339698426259680.0
2025-09-29 15:30:11,339729285122880.0
2025-09-29 16:30:11,339764271177280.0
2025-09-29 17:30:11,339783195858880.0
2025-09-29 18:30:11,339799391449280.0
2025-09-29 19:30:11,339817947032480.0
2025-09-29 20:30:12,339825888240480.0
2025-09-29 21:30:12,339827543590880.0
2025-09-29 22:30:12,339835932190880.0
2025-09-29 23:30:12,339843582594080.0
2025-09-30 00:30:12,339859107096480.0
2025-09-30 01:30:12,339861299317280.0
2025-09-30 02:30:12,339862283579680.0
2025-09-30 03:30:12,339865325845280.0
2025-09-30 04:30:12,339872842030880.0
2025-09-30 05:30:12,339876600123680.0
2025-09-30 06:30:12,339876018514080.0
2025-09-30 07:30:13,339881297739680.0
2025-09-30 08:30:13,339885055832480.0
2025-09-30 09:30:13,339890514014880.0
2025-09-30 10:30:13,339907470171680.0
2025-09-30 11:30:13,339923844718880.0
2025-09-30 12:30:13,339948496018080.0
2025-09-30 13:30:13,339970194530080.0
2025-09-30 14:30:13,339982520179680.0
2025-09-30 15:30:13,340010649951680.0
2025-09-30 16:30:13,340064560687680.0
2025-09-30 17:30:13,340104110140480.0
2025-09-30 18:30:14,340156745809280.0
2025-09-30 19:30:14,340213229049280.0
2025-09-30 20:30:14,340248561832480.0
2025-09-30 21:30:14,340290214027680.0
2025-09-30 22:30:14,340329316088480.0
2025-09-30 23:30:14,340369312933280.0
2025-10-01 00:30:14,340421467655680.0
2025-10-01 01:30:14,340464115298080.0
2025-10-01 02:30:14,340501517269280.0
2025-10-01 03:30:14,340544970217280.0
2025-10-01 04:30:14,340577417322080.0
2025-10-01 05:30:15,340606542541280.0
2025-10-01 06:30:15,340646807821280.0
2025-10-01 07:30:15,340679322034880.0
2025-10-01 08:30:15,340715974624480.0
2025-10-01 09:30:15,340752929203680.0
2025-10-01 10:30:15,340786013842080.0
2025-10-01 11:30:15,340831513608480.0
2025-10-01 12:30:15,340868535296480.0
2025-10-01 13:30:15,340906283996480.0
2025-10-01 14:30:15,340946191362880.0
2025-10-01 15:30:15,341001164654880.0
2025-10-01 16:30:16,341055679370080.0
2025-10-01 17:30:16,341109153898880.0
2025-10-01 18:30:16,341162091557280.0
2025-10-01 19:30:16,341212904103680.0
2025-10-01 20:30:16,341255395158880.0
2025-10-01 21:30:16,341296879582080.0
2025-10-01 22:30:16,341334728945280.0
2025-10-01 23:30:16,341363406772480.0
2025-10-02 00:30:16,341420046599680.0
2025-10-02 01:30:16,341452795694080.0
2025-10-02 02:30:16,341485500049280.0
2025-10-02 03:30:17,341512186982080.0
2025-10-02 04:30:17,341544063662080.0
2025-10-02 05:30:17,341570101876480.0
2025-10-02 06:30:17,341592963607680.0
2025-10-02 07:30:17,341625444266880.0
2025-10-02 08:30:17,341642847815680.0
2025-10-02 09:30:17,341640588486080.0
2025-10-02 10:30:17,341660956006880.0
2025-10-02 11:30:17,341557619639680.0
2025-10-02 12:30:17,341478118081280.0
2025-10-02 13:30:17,341440850327680.0
2025-10-02 14:30:17,341424542889280.0
2025-10-02 15:30:18,341421109155680.0
2025-10-02 16:30:18,341452896357280.0
2025-10-02 17:30:18,341450771245280.0
2025-10-02 18:30:18,341469159056480.0
2025-10-02 19:30:18,341485466494880.0
2025-10-02 20:30:18,341459786194080.0
2025-10-02 21:30:18,341454663555680.0
2025-10-02 22:30:18,341457683451680.0
2025-10-02 23:30:18,341444977518880.0
2025-10-03 00:30:18,341447963860480.0
2025-10-03 01:30:18,341449183003680.0
2025-10-03 02:30:18,341440548338080.0
2025-10-03 03:30:19,341436745506080.0
2025-10-03 04:30:19,341447527653280.0
2025-10-03 05:30:19,341411870510880.0
2025-10-03 06:30:19,341403951672480.0
2025-10-03 07:30:19,341402475278880.0
2025-10-03 08:30:19,341390977304480.0
2025-10-03 09:30:19,341391883273280.0
2025-10-03 10:30:19,341398493490080.0
2025-10-03 11:30:19,341380955723680.0
2025-10-03 12:30:19,341394153787680.0
2025-10-03 13:30:19,341398012543680.0
2025-10-03 14:30:20,341381861692480.0
2025-10-03 15:30:20,341390764793280.0
2025-10-03 16:30:20,341421892091680.0
2025-10-03 17:30:20,341404454988480.0
2025-10-03 18:30:20,341423625735680.0
2025-10-03 19:30:20,341429374722880.0
2025-10-03 20:30:20,341415237135680.0
2025-10-03 21:30:20,341410226345280.0
2025-10-03 22:30:20,341401770636480.0
2025-10-03 23:30:20,341375463986880.0
2025-10-04 00:30:20,341374882377280.0
2025-10-04 01:30:21,341372421721280.0
2025-10-04 02:30:21,341345846636480.0
2025-10-04 03:30:21,341343520198080.0
2025-10-04 04:30:21,341343162284480.0
2025-10-04 05:30:21,341333230182080.0
2025-10-04 06:30:21,341333095964480.0
2025-10-04 07:30:21,341335153967680.0
2025-10-04 08:30:21,341331082700480.0
2025-10-04 09:30:21,341333498617280.0
2025-10-04 10:30:21,341336182969280.0
2025-10-04 11:30:21,341338151494080.0
2025-10-04 12:30:22,341340477932480.0
2025-10-04 13:30:22,341345801897280.0
2025-10-04 14:30:22,341340433193280.0
2025-10-04 15:30:22,341340656889280.0
2025-10-04 16:30:22,341346025593280.0
2025-10-04 17:30:22,341340656889280.0
2025-10-04 18:30:22,341344772895680.0
2025-10-04 19:30:22,341346338767680.0
2025-10-04 20:30:22,341344817634880.0
2025-10-04 21:30:22,341350902166080.0
2025-10-04 22:30:22,341355599782080.0
2025-10-04 23:30:22,341350398850080.0
2025-10-05 00:30:23,341351573254080.0
2025-10-05 01:30:23,341354872770080.0
2025-10-05 02:30:23,341356058358880.0
2025-10-05 03:30:23,341358832189280.0
2025-10-05 04:30:23,341359928299680.0
2025-10-05 05:30:23,341368540595680.0
2025-10-05 06:30:23,341370889403680.0
2025-10-05 07:30:23,341371627600480.0
2025-10-05 08:30:23,341373059254880.0
2025-10-05 09:30:23,341380575440480.0
2025-10-05 10:30:23,341380396483680.0
2025-10-05 11:30:24,341379524069280.0
2025-10-05 12:30:24,341385407274080.0
2025-10-05 13:30:24,341387129733280.0
2025-10-05 14:30:24,341385955329280.0
2025-10-05 15:30:24,341391458250880.0
2025-10-05 16:30:24,341389254845280.0
2025-10-05 17:30:24,341389478541280.0
2025-10-05 18:30:24,341393572178080.0
2025-10-05 19:30:24,341401580494880.0
2025-10-05 20:30:24,341402542387680.0
2025-10-05 21:30:24,341409689474880.0
2025-10-05 22:30:25,341413324534880.0
2025-10-05 23:30:25,341415527940480.0
2025-10-06 00:30:25,341416814192480.0
2025-10-06 01:30:25,341420650578880.0
2025-10-06 02:30:25,341425773217280.0
2025-10-06 03:30:25,341427607524480.0
2025-10-06 04:30:25,341428289797280.0
2025-10-06 05:30:25,341427327904480.0
2025-10-06 06:30:25,341426589707680.0
2025-10-06 07:30:25,341429453016480.0
2025-10-06 08:30:25,341432517651680.0
2025-10-06 09:30:25,341442505678080.0
2025-10-06 10:30:26,341455692557280.0
2025-10-06 11:30:26,341462235665280.0
2025-10-06 12:30:26,341497423046080.0
2025-10-06 13:30:26,341510788882080.0
2025-10-06 14:30:26,341530720195680.0
2025-10-06 15:30:26,341558995370080.0
2025-10-06 16:30:26,341594361707680.0
2025-10-06 17:30:26,341625433082080.0
2025-10-06 18:30:26,341651650253280.0
2025-10-06 19:30:26,341671782893280.0
2025-10-06 20:30:26,341672476350880.0
2025-10-06 21:30:27,341680518222080.0
2025-10-06 22:30:27,341689958193280.0
2025-10-06 23:30:27,341698682337280.0
2025-10-07 00:30:27,341705080042880.0
2025-10-07 01:30:27,341708032830080.0
2025-10-07 02:30:27,341706288001280.0
2025-10-07 03:30:27,341711164574080.0
2025-10-07 04:30:27,341716756974080.0
2025-10-07 05:30:27,341718367585280.0
2025-10-07 06:30:27,341719262369280.0
2025-10-07 07:30:27,341726062727680.0
2025-10-07 08:30:28,341730939300480.0
2025-10-07 09:30:28,341738891693280.0
2025-10-07 10:30:28,341752335822880.0
2025-10-07 11:30:28,341766551703680.0
2025-10-07 12:30:28,341789458174080.0
2025-10-07 13:30:28,341810932990080.0
2025-10-07 14:30:28,341834924386080.0
2025-10-07 15:30:28,341858479574880.0
2025-10-07 16:30:28,341886340911680.0
2025-10-07 17:30:28,341915555609280.0
2025-10-07 18:30:28,341946593429280.0
2025-10-07 19:30:28,341971311837280.0
2025-10-07 20:30:29,341979722806880.0
2025-10-07 21:30:29,341986881078880.0
2025-10-07 22:30:29,341990952346080.0
2025-10-07 23:30:29,341992920870880.0
2025-10-08 00:30:29,341996410528480.0
2025-10-08 01:30:29,341999810707680.0
2025-10-08 02:30:29,342007908502880.0
2025-10-08 03:30:29,342009474374880.0
2025-10-08 04:30:29,342017616909280.0
2025-10-08 05:30:29,342016140515680.0
2025-10-08 06:30:29,342016140515680.0
2025-10-08 07:30:30,342020927610080.0
2025-10-08 08:30:30,342024931768480.0
2025-10-08 09:30:30,342027336500480.0
2025-10-08 10:30:30,342045623648480.0
2025-10-08 11:30:30,342046798052480.0
2025-10-08 12:30:30,342063743024480.0
2025-10-08 13:30:30,342076448957280.0
2025-10-08 14:30:30,342097644153280.0
2025-10-08 15:30:30,342115640496480.0
2025-10-08 16:30:30,342151331193280.0
2025-10-08 17:30:31,342168253795680.0
2025-10-08 18:30:31,342198665266880.0
2025-10-08 19:30:31,342210073762880.0
2025-10-08 20:30:31,342214648346080.0
2025-10-08 21:30:31,342221459889280.0
2025-10-08 22:30:31,342232913124480.0
2025-10-08 23:30:31,342235854726880.0
2025-10-09 00:30:31,342252866807680.0
2025-10-09 01:30:31,342257027553280.0
2025-10-09 02:30:31,342260382993280.0
2025-10-09 03:30:31,342264141086080.0
2025-10-09 04:30:31,342270527606880.0
2025-10-09 05:30:32,342262485735680.0
2025-10-09 06:30:32,342268122874880.0
2025-10-09 07:30:32,342268838702080.0
2025-10-09 08:30:32,342271746750080.0
2025-10-09 09:30:32,342281544634880.0
2025-10-09 10:30:32,342294675590080.0
2025-10-09 11:30:32,342303914234880.0
2025-10-09 12:30:32,342343150513280.0
2025-10-09 13:30:32,342357948003680.0
2025-10-09 14:30:32,342378069458880.0
2025-10-09 15:30:32,342411567934880.0
2025-10-09 16:30:33,342437762736480.0
2025-10-09 17:30:33,342470679602880.0
2025-10-09 18:30:33,342506001201280.0
2025-10-09 19:30:33,342517901828480.0
2025-10-09 20:30:33,342498440276480.0
2025-10-09 21:30:33,342504435329280.0
2025-10-09 22:30:33,342506873615680.0
2025-10-09 23:30:33,342491662287680.0
2025-10-10 00:30:33,342507376931680.0
2025-10-10 01:30:33,342485242212480.0
2025-10-10 02:30:33,342477345743680.0
2025-10-10 03:30:33,342475578545280.0
2025-10-10 04:30:34,342477860244480.0
2025-10-10 05:30:34,342469404535680.0
2025-10-10 06:30:34,342470344058880.0
2025-10-10 07:30:34,342469762449280.0
2025-10-10 08:30:34,342476249633280.0
2025-10-10 09:30:34,342488530543680.0
2025-10-10 10:30:34,342491449776480.0
2025-10-10 11:30:34,342488687130880.0
2025-10-10 12:30:34,342519456515680.0
2025-10-10 13:30:34,342524254794880.0
2025-10-10 14:30:34,342547698135680.0
2025-10-10 15:30:35,342571085552480.0
2025-10-10 16:30:35,342594450599680.0
2025-10-10 17:30:35,342610355385280.0
2025-10-10 18:30:35,342623866623680.0
2025-10-10 19:30:35,342634682325280.0
2025-10-10 20:30:35,342627266802880.0
2025-10-10 21:30:35,342634827727680.0
2025-10-10 22:30:35,342643551871680.0
2025-10-10 23:30:35,342646952050880.0
2025-10-11 00:30:35,342671782306880.0
2025-10-11 01:30:35,342676972054080.0
2025-10-11 02:30:35,342681803887680.0
2025-10-11 03:30:36,342680372233280.0
2025-10-11 04:30:36,342687127852480.0
2025-10-11 05:30:36,342660955420480.0
2025-10-11 06:30:36,342660597506880.0
2025-10-11 07:30:36,342651515449280.0
2025-10-11 08:30:36,342653707670080.0
2025-10-11 09:30:36,342655631455680.0
2025-10-11 10:30:36,342662387074880.0
2025-10-11 11:30:36,342658986895680.0
2025-10-11 12:30:36,342683146063680.0
2025-10-11 13:30:36,342665831993280.0
2025-10-11 14:30:37,342664266121280.0
2025-10-11 15:30:37,342666771516480.0
2025-10-11 16:30:37,342670842783680.0
2025-10-11 17:30:37,342667889996480.0
2025-10-11 18:30:37,342668829519680.0
2025-10-11 19:30:37,342669142694080.0
2025-10-11 20:30:37,342678135273280.0
2025-10-11 21:30:37,342673124482880.0
2025-10-11 22:30:37,342676211487680.0
2025-10-11 23:30:37,342671871785280.0
2025-10-12 00:30:37,342694319678880.0
2025-10-12 01:30:37,342698088956480.0
2025-10-12 02:30:38,342706544665280.0
2025-10-12 03:30:38,342709542191680.0
2025-10-12 04:30:38,342716610985280.0
2025-10-12 05:30:38,342717818943680.0
2025-10-12 06:30:38,342710615932480.0
2025-10-12 07:30:38,342711287020480.0
2025-10-12 08:30:38,342698312652480.0
2025-10-12 09:30:38,342693122905280.0
2025-10-12 10:30:38,342692854470080.0
2025-10-12 11:30:38,342676435183680.0
2025-10-12 12:30:38,342689185855680.0
2025-10-12 13:30:39,342685472502080.0
2025-10-12 14:30:39,342687396287680.0
2025-10-12 15:30:39,342693078166080.0
2025-10-12 16:30:39,342696433606080.0
2025-10-12 17:30:39,342698625826880.0
2025-10-12 18:30:39,342705963055680.0
2025-10-12 19:30:39,342710347497280.0
2025-10-12 20:30:39,342708378972480.0
2025-10-12 21:30:39,342703960976480.0
2025-10-12 22:30:39,342712629196480.0
2025-10-12 23:30:39,342714776678080.0
2025-10-13 00:30:40,342727437871680.0
2025-10-13 01:30:40,342731822313280.0
2025-10-13 02:30:40,342723948214080.0
2025-10-13 03:30:40,342726263467680.0
2025-10-13 04:30:40,342732493401280.0
2025-10-13 05:30:40,342728824786880.0
2025-10-13 06:30:40,342731688095680.0
2025-10-13 07:30:40,342735490927680.0
2025-10-13 08:30:40,342742984743680.0
2025-10-13 09:30:40,342752145094880.0
2025-10-13 10:30:40,342768027510880.0
2025-10-13 11:30:40,342780129464480.0
2025-10-13 12:30:41,342802935271680.0
2025-10-13 13:30:41,342808482932480.0
2025-10-13 14:30:41,342828458985280.0
2025-10-13 15:30:41,342853580046080.0
2025-10-13 16:30:41,342879092574880.0
2025-10-13 17:30:41,342897804745280.0
2025-10-13 18:30:41,342930721611680.0
2025-10-13 19:30:41,342956614423680.0
2025-10-13 20:30:41,342961457442080.0
2025-10-13 21:30:41,342962396965280.0
2025-10-13 22:30:41,342967597897280.0
2025-10-13 23:30:42,342970763195680.0
2025-10-14 00:30:42,342995861886880.0
2025-10-14 01:30:42,343001543765280.0
2025-10-14 02:30:42,343007315122080.0
2025-10-14 03:30:42,343009731038880.0
2025-10-14 04:30:42,343015099742880.0
2025-10-14 05:30:42,343015905048480.0
2025-10-14 06:30:42,343021765883680.0
2025-10-14 07:30:42,343023287016480.0
2025-10-14 08:30:42,343028834677280.0
2025-10-14 09:30:42,343037469342880.0
2025-10-14 10:30:43,343053821520480.0
2025-10-14 11:30:43,343071985635680.0
2025-10-14 12:30:43,343104857762880.0
2025-10-14 13:30:43,343117921609280.0
2025-10-14 14:30:43,343138143727680.0
2025-10-14 15:30:43,343168879558080.0
2025-10-14 16:30:43,343197971222880.0
2025-10-14 17:30:43,343202333294880.0
2025-10-14 18:30:43,343241893932480.0
2025-10-14 19:30:43,343317603843680.0
2025-10-14 20:30:43,343383571794080.0
2025-10-14 21:30:43,343406623666880.0
2025-10-14 22:30:44,343427639906080.0
2025-10-14 23:30:44,343425089771680.0
2025-10-15 00:30:44,343469605275680.0
2025-10-15 01:30:44,343472200149280.0
2025-10-15 02:30:44,343470679016480.0
2025-10-15 03:30:44,343485621909280.0
2025-10-15 04:30:44,343499177886880.0
2025-10-15 05:30:44,343514076040480.0
2025-10-15 06:30:44,343523068619680.0
2025-10-15 07:30:44,343543067042080.0
2025-10-15 08:30:44,343563736552480.0
2025-10-15 09:30:44,343585748238880.0
2025-10-15 10:30:45,343616472884480.0
2025-10-15 11:30:45,343636996992480.0
2025-10-15 12:30:45,343662554260480.0
2025-10-15 13:30:45,343681311170080.0
2025-10-15 14:30:45,343706588818080.0
2025-10-15 15:30:45,343741351176480.0
2025-10-15 16:30:45,343771952789280.0
2025-10-15 17:30:45,343808258650080.0
2025-10-15 18:30:45,343846309339680.0
2025-10-15 19:30:45,343878353791680.0
2025-10-15 20:30:45,343896920559680.0
2025-10-15 20:30:45,343896920559680.0
2025-10-15 21:30:46,343917836135680.0
2025-10-15 22:30:46,343937163470080.0
2025-10-15 23:30:46,343962217422080.0
2025-10-16 00:30:46,344001319482880.0
2025-10-16 01:30:46,344026597130880.0
2025-10-16 02:30:46,344041540023680.0
2025-10-16 03:30:46,344067354542080.0
2025-10-16 04:30:46,344082789566080.0
2025-10-16 05:30:46,344113458287680.0
2025-10-16 06:30:46,344131577663680.0
2025-10-16 07:30:46,344132360599680.0
2025-10-16 08:30:46,344132673774080.0
2025-10-16 09:30:47,344139686643680.0
2025-10-16 10:30:47,344155736831680.0
2025-10-16 11:30:47,344150468790880.0
2025-10-16 12:30:47,344179023585280.0
2025-10-16 13:30:47,344189492558080.0
2025-10-16 14:30:47,344204480190080.0
2025-10-16 15:30:47,344221100802880.0
2025-10-16 16:30:47,344248369345280.0
2025-10-16 17:30:47,344276510302080.0
2025-10-16 18:30:47,344304024910080.0
2025-10-16 19:30:47,344321875850880.0
2025-10-16 20:30:47,344339234660480.0
2025-10-16 21:30:48,344350945146080.0
2025-10-16 22:30:48,344354982858880.0
2025-10-16 23:30:48,344358561994880.0
2025-10-17 00:30:48,344383660686080.0
2025-10-17 01:30:48,344387016126080.0
2025-10-17 02:30:48,344385271297280.0
2025-10-17 03:30:48,344388537258880.0
2025-10-17 04:30:48,344391355828480.0
2025-10-17 05:30:48,344385584471680.0
2025-10-17 06:30:48,344386512810080.0
2025-10-17 07:30:48,344388626737280.0
2025-10-17 08:30:49,344378314351680.0
2025-10-17 09:30:49,344387776692480.0
2025-10-17 10:30:49,344403390673280.0
2025-10-17 11:30:49,344416275562880.0
2025-10-17 12:30:49,344453543316480.0
2025-10-17 13:30:49,344483608058880.0
2025-10-17 14:30:49,344495463946880.0
2025-10-17 15:30:49,344515328151680.0
2025-10-17 16:30:49,344533346864480.0
2025-10-17 17:30:49,344558098826880.0
2025-10-17 18:30:49,344574081906080.0
2025-10-17 19:30:49,344590736073280.0
2025-10-17 20:30:50,344596563354080.0
2025-10-17 21:30:50,344603755180480.0
2025-10-17 22:30:50,344610969376480.0
2025-10-17 23:30:50,344608553459680.0
2025-10-18 00:30:50,344624346397280.0
2025-10-18 01:30:50,344642555251680.0
2025-10-18 02:30:50,344657542883680.0
2025-10-18 03:30:50,344670472512480.0
2025-10-18 04:30:50,344687160234080.0
2025-10-18 05:30:50,344691678893280.0
2025-10-18 06:30:50,344682865270880.0
2025-10-18 07:30:51,344730154605280.0
2025-10-18 08:30:51,344741227557280.0
2025-10-18 09:30:51,344739259032480.0
2025-10-18 10:30:51,344772377225280.0
2025-10-18 11:30:51,344764872224480.0
2025-10-18 12:30:51,344784512733280.0
2025-10-18 13:30:51,344783394253280.0
2025-10-18 14:30:51,344784535102880.0
2025-10-18 15:30:51,344812441178880.0
2025-10-18 16:30:51,344816277565280.0
2025-10-18 17:30:51,344823178586880.0
2025-10-18 18:30:52,344825001709280.0
2025-10-18 19:30:52,344823570054880.0
2025-10-18 20:30:52,344809723272480.0
2025-10-18 21:30:52,344830068423680.0
2025-10-18 22:30:52,344836544422880.0
2025-10-18 23:30:52,344840391994080.0
2025-10-19 00:30:52,344852963709280.0
2025-10-19 01:30:52,344867638166880.0
2025-10-19 02:30:52,344871664694880.0
2025-10-19 03:30:52,344890723594080.0
2025-10-19 04:30:52,344888083981280.0
2025-10-19 05:30:52,344898608878080.0
2025-10-19 06:30:53,344893139510880.0
2025-10-19 07:30:53,344910722016480.0
2025-10-19 08:30:53,344904055875680.0
2025-10-19 09:30:53,344904279571680.0
2025-10-19 10:30:53,344913809021280.0
2025-10-19 11:30:53,344908842970080.0
2025-10-19 12:30:53,344935641750880.0
2025-10-19 13:30:53,344965035405280.0
2025-10-19 14:30:53,344955483586080.0
2025-10-19 15:30:53,344967384213280.0
2025-10-19 16:30:53,344968424399680.0
2025-10-19 17:30:54,344980671755680.0
2025-10-19 18:30:54,344985637806880.0
2025-10-19 19:30:54,344996598910880.0
2025-10-19 20:30:54,345011273368480.0
2025-10-19 21:30:54,345019796186080.0
2025-10-19 22:30:54,345025053042080.0
2025-10-19 23:30:54,345024493802080.0
2025-10-20 00:30:54,345038396508480.0
2025-10-20 01:30:54,345042680286880.0
2025-10-20 02:30:54,345061157576480.0
2025-10-20 03:30:54,345060251607680.0
2025-10-20 04:30:55,345065128180480.0
2025-10-20 05:30:55,345083337034880.0
2025-10-20 06:30:55,345079981594880.0
2025-10-20 07:30:55,345081681684480.0
2025-10-20 08:30:55,345088168868480.0
2025-10-20 09:30:55,345099890538880.0
2025-10-20 10:30:55,345133679819680.0
2025-10-20 11:30:55,345143477704480.0
2025-10-20 12:30:55,345173833251680.0
2025-10-20 13:30:55,345187310935680.0
2025-10-20 14:30:55,345204457234080.0
2025-10-20 15:30:56,345225842571680.0
2025-10-20 16:30:56,345249957000480.0
2025-10-20 17:30:56,345271946317280.0
2025-10-20 18:30:56,345301709070080.0
2025-10-20 19:30:56,345335397687680.0
2025-10-20 20:30:56,345345531116480.0
2025-10-20 21:30:56,345348450349280.0
2025-10-20 22:30:56,345356950797280.0
2025-10-20 23:30:56,345362397794880.0
2025-10-21 00:30:56,345382027118880.0
2025-10-21 01:30:56,345385080569280.0
2025-10-21 02:30:57,345388033356480.0
2025-10-21 03:30:57,345392775711680.0
2025-10-21 04:30:57,345417695446080.0
2025-10-21 05:30:57,345441765135680.0
2025-10-21 06:30:57,345470599550080.0
2025-10-21 07:30:57,345521356172480.0
2025-10-21 08:30:57,345537529393280.0
2025-10-21 09:30:57,345560872070880.0
2025-10-21 10:30:57,345586362230080.0
2025-10-21 11:30:57,345598162194080.0
2025-10-21 12:30:57,345632756780480.0
2025-10-21 13:30:58,345650898526080.0
2025-10-21 14:30:58,345675303759680.0
2025-10-21 15:30:58,345723935270080.0
2025-10-21 16:30:58,345747792448480.0
2025-10-21 17:30:58,345773103650880.0
2025-10-21 18:30:58,345803269056480.0
2025-10-21 19:30:58,345823077337280.0
2025-10-21 20:30:58,345828669737280.0
2025-10-21 21:30:58,345840223635680.0
2025-10-21 22:30:58,345843881065280.0
2025-10-21 23:30:58,345846207503680.0
2025-10-22 00:30:59,345870948281280.0
2025-10-22 01:30:59,345868040233280.0
2025-10-22 02:30:59,345866742796480.0
2025-10-22 03:30:59,345874661634880.0
2025-10-22 04:30:59,345881059340480.0
2025-10-22 05:30:59,345902220982080.0
2025-10-22 06:30:59,345912421519680.0
2025-10-22 07:30:59,345910139820480.0
2025-10-22 08:30:59,345911168822080.0
2025-10-22 09:30:59,345925261670080.0
2025-10-22 10:30:59,345942967208480.0
2025-10-22 11:31:00,345942173087680.0
2025-10-22 12:31:00,345972148351680.0
2025-10-22 13:31:00,345984943762880.0
2025-10-22 14:31:00,345995446290080.0
2025-10-22 15:31:00,346024370182880.0
2025-10-22 16:31:00,346046907554880.0
2025-10-22 17:31:00,346067554695680.0
2025-10-22 18:31:00,346095483141280.0
2025-10-22 19:31:00,346125424850880.0
2025-10-22 20:31:00,346136005671680.0
2025-10-22 21:31:00,346145781186880.0
2025-10-22 22:31:01,346154684287680.0
2025-10-22 23:31:01,346159169392480.0
2025-10-23 00:31:01,346184514149280.0
2025-10-23 01:31:01,346189670342080.0
2025-10-23 02:31:01,346186851772480.0
2025-10-23 03:31:01,346193204738880.0
2025-10-23 04:31:01,346196828614080.0
2025-10-23 05:31:01,346177277583680.0
2025-10-23 06:31:01,346180185631680.0
2025-10-23 07:31:01,346175935407680.0
2025-10-23 08:31:01,346156921247680.0
2025-10-23 09:31:02,346166707947680.0
2025-10-23 10:31:02,346174906406080.0
2025-10-23 11:31:02,346167032306880.0
2025-10-23 12:31:02,346195844351680.0
2025-10-23 13:31:02,346203494754880.0
2025-10-23 14:31:02,346223180002880.0
2025-10-23 15:31:02,346244777851680.0
2025-10-23 16:31:02,346270335119680.0
2025-10-23 17:31:02,346285445784480.0
2025-10-23 18:31:02,346311662955680.0
2025-10-23 19:31:02,346329603374880.0
2025-10-23 20:31:03,346330654746080.0
2025-10-23 21:31:03,346335117481280.0
2025-10-23 22:31:03,346343919918880.0
2025-10-23 23:31:03,346345843704480.0
2025-10-24 00:31:03,346369063349280.0
2025-10-24 01:31:03,346369197566880.0
2025-10-24 02:31:03,346367050085280.0
2025-10-24 03:31:03,346371479266080.0
2025-10-24 04:31:03,346378190146080.0
2025-10-24 05:31:03,346382664066080.0
2025-10-24 06:31:03,346382127195680.0
2025-10-24 07:31:04,346376579534880.0
2025-10-24 08:31:04,346373313573280.0
2025-10-24 09:31:04,346380292888480.0
2025-10-24 10:31:04,346389084141280.0
2025-10-24 11:31:04,346368548848480.0
2025-10-24 12:31:04,346390627643680.0
2025-10-24 13:31:04,346396891131680.0
2025-10-24 14:31:04,346392081667680.0
2025-10-24 15:31:04,346402438792480.0
2025-10-24 16:31:04,346415905291680.0
2025-10-24 17:31:04,346407583800480.0
2025-10-24 18:31:05,346417336946080.0
2025-10-24 19:31:05,346428577670080.0
2025-10-24 20:31:05,346426508482080.0
2025-10-24 21:31:05,346433622014880.0
2025-10-24 22:31:05,346519163365280.0
2025-10-24 23:31:05,346519476539680.0
2025-10-25 00:31:05,346534464171680.0
2025-10-25 01:31:05,346529945512480.0
2025-10-25 02:31:05,346523346480480.0
2025-10-25 03:31:05,346528871771680.0
2025-10-25 04:31:05,346535672130080.0
2025-10-25 05:31:05,346529050728480.0
2025-10-25 06:31:06,346529632338080.0
2025-10-25 07:31:06,346525382114080.0
2025-10-25 08:31:06,346512541963680.0
2025-10-25 09:31:06,346510293818880.0
2025-10-25 10:31:06,346507799608480.0
2025-10-25 11:31:06,346491425061280.0
2025-10-25 12:31:06,346507352216480.0
2025-10-25 13:31:06,346494064674080.0
2025-10-25 14:31:06,346487130098080.0
2025-10-25 15:31:06,346493975195680.0
2025-10-25 16:31:06,346496614808480.0
2025-10-25 17:31:07,346498180680480.0
2025-10-25 18:31:07,346501726262080.0
2025-10-25 19:31:07,346508291739680.0
2025-10-25 20:31:07,346513034094880.0
2025-10-25 21:31:07,346523771502880.0
2025-10-25 22:31:07,346528603336480.0
2025-10-25 23:31:07,346531153470880.0
2025-10-26 00:31:07,346543859403680.0
2025-10-26 01:31:07,346548333323680.0
2025-10-26 02:31:07,346547125365280.0
2025-10-26 03:31:07,346549630760480.0
2025-10-26 04:31:08,346557996990880.0
2025-10-26 05:31:08,346558623339680.0
2025-10-26 06:31:08,346546745082080.0
2025-10-26 07:31:08,346546700342880.0
2025-10-26 08:31:08,346548601758880.0
2025-10-26 09:31:08,346553836245280.0
2025-10-26 10:31:08,346560726082080.0
2025-10-26 11:31:08,346559417460480.0
2025-10-26 12:31:08,346569729846080.0
2025-10-26 13:31:08,346571340457280.0
2025-10-26 14:31:08,346556721923680.0
2025-10-26 15:31:09,346553075678880.0
2025-10-26 16:31:09,346559473384480.0
2025-10-26 17:31:09,346564394696480.0
2025-10-26 18:31:09,346569987096480.0
2025-10-26 19:31:09,346571731925280.0
2025-10-26 20:31:09,346575747268480.0
2025-10-26 21:31:09,346580042231680.0
2025-10-26 22:31:09,346585489229280.0
2025-10-26 23:31:09,346590500019680.0
2025-10-27 00:31:09,346599705110080.0
2025-10-27 01:31:09,346604123106080.0
2025-10-27 02:31:09,346604134290880.0
2025-10-27 03:31:10,346610945834080.0
2025-10-27 04:31:10,346616694821280.0
2025-10-27 05:31:10,346623439255680.0
2025-10-27 06:31:10,346629613265280.0
2025-10-27 07:31:10,346634847751680.0
2025-10-27 08:31:10,346626112422880.0
2025-10-27 09:31:10,346630027102880.0
2025-10-27 10:31:10,346640932282880.0
2025-10-27 11:31:10,346645674638080.0
2025-10-27 12:31:10,346668100162080.0
2025-10-27 13:31:10,346669621294880.0
2025-10-27 14:31:11,346682819358880.0
2025-10-27 15:31:11,346689709195680.0
2025-10-27 16:31:11,346697124718080.0
2025-10-27 17:31:11,346702280910880.0
2025-10-27 18:31:11,346703444130080.0
2025-10-27 19:31:11,346715344757280.0
2025-10-27 20:31:11,346722234594080.0
2025-10-27 21:31:11,346731540347680.0
2025-10-27 22:31:11,346734716830880.0
2025-10-27 23:31:11,346727536189280.0
2025-10-28 00:31:11,346752131564480.0
2025-10-28 01:31:12,346764267072480.0
2025-10-28 02:31:12,346768293600480.0
2025-10-28 03:31:12,346771559562080.0
2025-10-28 04:31:12,346774378131680.0
2025-10-28 05:31:12,346772364867680.0
2025-10-28 06:31:12,346777151962080.0
2025-10-28 07:31:12,346779523139680.0
2025-10-28 08:31:12,346780999533280.0
2025-10-28 09:31:12,346794242336480.0
2025-10-28 10:31:12,346804935005280.0
2025-10-28 11:31:12,346812316973280.0
2025-10-28 12:31:13,346840860582880.0
2025-10-28 13:31:13,346849092595680.0
2025-10-28 14:31:13,346856552857280.0
2025-10-28 15:31:13,346875980854880.0
2025-10-28 16:31:13,346891594835680.0
2025-10-28 17:31:13,346897858323680.0
2025-10-28 18:31:13,346906045597280.0
2025-10-28 19:31:13,346926491411680.0
2025-10-28 20:31:13,346925641366880.0
2025-10-28 21:31:13,346933280585280.0
2025-10-28 22:31:13,346930137656480.0
2025-10-28 23:31:13,346932810823680.0
2025-10-29 00:31:14,346952048679680.0
2025-10-29 01:31:14,346956623262880.0
2025-10-29 02:31:14,346954733031680.0
2025-10-29 03:31:14,346953748769280.0
2025-10-29 04:31:14,346959475386880.0
2025-10-29 05:31:14,346957327905280.0
2025-10-29 06:31:14,346961846564480.0
2025-10-29 07:31:14,346964877645280.0
2025-10-29 08:31:14,346961936042880.0
2025-10-29 09:31:14,346974910410880.0
2025-10-29 10:31:14,346988600606080.0
2025-10-29 11:31:14,346995926650080.0
2025-10-29 12:31:15,347017860042880.0
2025-10-29 13:31:15,347025599924480.0
2025-10-29 14:31:15,347033608241280.0
2025-10-29 15:31:15,347062688721280.0
2025-10-29 16:31:15,347084487896480.0
2025-10-29 17:31:15,347108289150880.0
2025-10-29 18:31:15,347126990136480.0
2025-10-29 19:31:15,347137011717280.0
2025-10-29 20:31:15,347146831971680.0
2025-10-29 21:31:15,347155779811680.0
2025-10-29 22:31:15,347165163858880.0
2025-10-29 23:31:16,347166785654880.0
2025-10-30 00:31:16,347191615910880.0
2025-10-30 01:31:16,347197163571680.0
2025-10-30 02:31:16,347197074093280.0
2025-10-30 03:31:16,347203829712480.0
2025-10-30 04:31:16,347209209601280.0
2025-10-30 05:31:16,347202800710880.0
2025-10-30 06:31:16,347211659072480.0
2025-10-30 07:31:16,347201816448480.0
2025-10-30 08:31:16,347206782499680.0
2025-10-30 09:31:16,347220528618880.0
2025-10-30 10:31:16,347229510013280.0
2025-10-30 11:31:17,347209914243680.0
2025-10-30 12:31:17,347248345216480.0
2025-10-30 13:31:17,347265536254080.0
2025-10-30 14:31:17,347270670077280.0
2025-10-30 15:31:17,347298811034080.0
2025-10-30 16:31:17,347316661974880.0
2025-10-30 17:31:17,347334803720480.0
2025-10-30 18:31:17,347356133134080.0
2025-10-30 19:31:17,347389329620480.0
2025-10-30 20:31:17,347391656058880.0
2025-10-30 21:31:17,347396387229280.0
2025-10-30 22:31:17,347402069107680.0
2025-10-30 23:31:18,347402382282080.0
2025-10-31 00:31:18,347427615190880.0
2025-10-31 01:31:18,347431462762080.0
2025-10-31 02:31:18,347431731197280.0
2025-10-31 03:31:18,347437547293280.0
2025-10-31 04:31:18,347447568874080.0
2025-10-31 05:31:18,347446047741280.0
2025-10-31 06:31:18,347439963210080.0
2025-10-31 07:31:18,347443273910880.0
2025-10-31 08:31:18,347439918470880.0
2025-10-31 09:31:18,347447524134880.0
2025-10-31 10:31:19,347460901155680.0
2025-10-31 11:31:19,347459872154080.0
2025-10-31 12:31:19,347487834154080.0
2025-10-31 13:31:19,347487576903680.0
2025-10-31 14:31:19,347504253440480.0
2025-10-31 15:31:19,347524207123680.0
2025-10-31 16:31:19,347544406872480.0
2025-10-31 17:31:19,347545290471680.0
2025-10-31 18:31:19,347562761129280.0
2025-10-31 19:31:19,347591394217280.0
2025-10-31 20:31:19,347596852399680.0
2025-10-31 21:31:20,347604312661280.0
2025-10-31 22:31:20,347612600598080.0
2025-10-31 23:31:20,347614859927680.0
2025-11-01 00:31:20,347638415116480.0
2025-11-01 01:31:20,347641009990080.0
2025-11-01 02:31:20,347642531122880.0
2025-11-01 03:31:20,347650449961280.0
2025-11-01 04:31:20,347655326534080.0
2025-11-01 05:31:20,347651881615680.0
2025-11-01 06:31:20,347644365430080.0
2025-11-01 07:31:20,347640965250880.0
2025-11-01 08:31:21,347628080361280.0
2025-11-01 09:31:21,347627722447680.0
2025-11-01 10:31:21,347626559228480.0
2025-11-01 11:31:21,347595376006080.0
2025-11-01 12:31:21,347588620386880.0
2025-11-01 13:31:21,347559405689280.0
2025-11-01 14:31:21,347552560591680.0
2025-11-01 15:31:21,347558645122880.0
2025-11-01 16:31:21,347559092514880.0
2025-11-01 17:31:21,347554036985280.0
2025-11-01 18:31:21,347560926822080.0
2025-11-01 19:31:21,347567727180480.0
2025-11-01 20:31:22,347568979878080.0
2025-11-01 21:31:22,347579806764480.0
2025-11-01 22:31:22,347582714812480.0
2025-11-01 23:31:22,347583878031680.0
2025-11-02 00:31:22,347597881401280.0
2025-11-02 01:31:22,347593094306880.0
2025-11-02 02:31:22,347595554962880.0
2025-11-02 03:31:22,347599447273280.0
2025-11-02 04:31:22,347609245158080.0
2025-11-02 05:31:22,347592423218880.0
2025-11-02 06:31:22,347595733919680.0
2025-11-02 07:31:22,347590834977280.0
2025-11-02 08:31:23,347588911191680.0
2025-11-02 09:31:23,347595174679680.0
2025-11-02 10:31:23,347599693338880.0
2025-11-02 11:31:23,347577547434880.0
2025-11-02 12:31:23,347592702838880.0
2025-11-02 13:31:23,347594313450080.0
2025-11-02 14:31:23,347572614938080.0
2025-11-02 15:31:23,347559562276480.0
2025-11-02 16:31:23,347562369661280.0
2025-11-02 17:31:23,347561251181280.0
2025-11-02 18:31:23,347567469930080.0
2025-11-02 19:31:24,347571742523680.0
2025-11-02 20:31:24,347574605832480.0
2025-11-02 21:31:24,347579079752480.0
2025-11-02 22:31:24,347581696995680.0
2025-11-02 23:31:24,347570590489280.0
2025-11-03 00:31:24,347573107069280.0
2025-11-03 01:31:24,347580880505280.0
2025-11-03 02:31:24,347578050750880.0
2025-11-03 03:31:24,347576853977280.0
2025-11-03 04:31:24,347578129044480.0
2025-11-03 05:31:24,347576865162080.0
2025-11-03 06:31:25,347580175862880.0
2025-11-03 07:31:25,347575399953280.0
2025-11-03 08:31:25,347576551987680.0
2025-11-03 09:31:25,347589705312480.0
2025-11-03 10:31:25,347607153600480.0
2025-11-03 11:31:25,347620978013280.0
2025-11-03 12:31:25,347641099468480.0
2025-11-03 13:31:25,347647664946080.0
2025-11-03 14:31:25,347658100364480.0
2025-11-03 15:31:25,347678590918080.0
2025-11-03 16:31:25,347687784823680.0
2025-11-03 17:31:25,347706396330880.0
2025-11-03 18:31:26,347721283299680.0
2025-11-03 19:31:26,347767252827680.0
2025-11-03 20:31:26,347767968654880.0
2025-11-03 21:31:26,347783224722080.0
2025-11-03 22:31:26,347787419022080.0
2025-11-03 23:31:26,347790159298080.0
2025-11-04 00:31:26,347803894232480.0
2025-11-04 01:31:26,347808502370080.0
2025-11-04 02:31:26,347811813070880.0
2025-11-04 03:31:26,347816421208480.0
2025-11-04 04:31:26,347822863653280.0
2025-11-04 05:31:27,347826442789280.0
2025-11-04 06:31:27,347830290360480.0
2025-11-04 07:31:27,347827337573280.0
2025-11-04 08:31:27,347826979659680.0
2025-11-04 09:31:27,347838477634080.0
2025-11-04 10:31:27,347853006689280.0
2025-11-04 11:31:27,347869123986080.0
2025-11-04 12:31:27,347908762917280.0
2025-11-04 13:31:27,347925182203680.0
2025-11-04 14:31:27,347952383637280.0
2025-11-04 15:31:27,347974384138880.0
2025-11-04 16:31:27,347996060281280.0
2025-11-04 17:31:28,348030386432480.0
2025-11-04 18:31:28,348067396935680.0
2025-11-04 19:31:28,348105447625280.0
2025-11-04 20:31:28,348118064079680.0
2025-11-04 21:31:28,348129383097280.0
2025-11-04 22:31:28,348130546316480.0
2025-11-04 23:31:28,348133991234880.0
2025-11-05 00:31:28,348154973919680.0
2025-11-05 01:31:28,348157345097280.0
2025-11-05 02:31:28,348160197221280.0
2025-11-05 03:31:28,348166561372480.0
2025-11-05 04:31:29,348169827334080.0
2025-11-05 05:31:29,348151976393280.0
2025-11-05 06:31:29,348154392310080.0
2025-11-05 07:31:29,348150634217280.0
2025-11-05 08:31:29,348147994604480.0
2025-11-05 09:31:29,348160118927680.0
2025-11-05 10:31:29,348167366678080.0
2025-11-05 11:31:29,348181202275680.0
2025-11-05 12:31:29,348198493976480.0
2025-11-05 13:31:29,348208426078880.0
2025-11-05 14:31:29,348220561586880.0
2025-11-05 15:31:30,348250402633280.0
2025-11-05 16:31:30,348268947031680.0
2025-11-05 17:31:30,348291797578080.0
2025-11-05 18:31:30,348324267052480.0
2025-11-05 19:31:30,348348448590080.0
2025-11-05 20:31:30,348352497487680.0
2025-11-05 21:31:30,348360550543680.0
2025-11-05 21:31:30,348360550543680.0
2025-11-05 22:31:30,348370079993280.0
2025-11-05 22:31:30,348370079993280.0
2025-11-05 23:31:30,348372406431680.0
2025-11-05 23:31:30,348372406431680.0
2025-11-06 00:31:30,348398086732480.0
2025-11-06 00:31:30,348398086732480.0
2025-11-06 01:31:30,348401531650880.0
2025-11-06 01:31:30,348401531650880.0
2025-11-06 02:31:31,348406139788480.0
2025-11-06 02:31:31,348406139788480.0
2025-11-06 03:31:31,348413163842880.0
2025-11-06 03:31:31,348413163842880.0
2025-11-06 04:31:31,348417145631680.0
2025-11-06 04:31:31,348417145631680.0
2025-11-06 05:31:31,348418901645280.0
2025-11-06 05:31:31,348418901645280.0
2025-11-06 06:31:31,348413387538880.0
2025-11-06 06:31:31,348413387538880.0
2025-11-06 07:31:31,348415848194880.0
2025-11-06 07:31:31,348415848194880.0
2025-11-06 08:31:31,348405960831680.0
2025-11-06 08:31:31,348405960831680.0
2025-11-06 09:31:31,348417212740480.0
2025-11-06 09:31:31,348417212740480.0
2025-11-06 10:31:31,348422245900480.0
2025-11-06 10:31:31,348422245900480.0
2025-11-06 11:31:31,348421496518880.0
2025-11-06 11:31:31,348421496518880.0
2025-11-06 12:31:31,348437490782880.0
2025-11-06 12:31:31,348437490782880.0
2025-11-06 13:31:32,348435902541280.0
2025-11-06 13:31:32,348435902541280.0
2025-11-06 14:31:32,348459536023680.0
2025-11-06 14:31:32,348459536023680.0
2025-11-06 15:31:32,348487576317280.0
2025-11-06 15:31:32,348487576317280.0
2025-11-06 16:31:32,348512361834080.0
2025-11-06 16:31:32,348512361834080.0
2025-11-06 17:31:32,348524564450880.0
2025-11-06 17:31:32,348524564450880.0
2025-11-06 18:31:32,348545569505280.0
2025-11-06 18:31:32,348545569505280.0
2025-11-06 19:31:32,348575119746880.0
2025-11-06 19:31:32,348575119746880.0
2025-11-06 20:31:32,348592981872480.0
2025-11-06 20:31:32,348592981872480.0
2025-11-06 21:31:32,348611246650880.0
2025-11-06 21:31:32,348611246650880.0
2025-11-06 22:31:32,348625764521280.0
2025-11-06 22:31:32,348625764521280.0
2025-11-06 23:31:32,348631424030080.0
2025-11-06 23:31:32,348631424030080.0
2025-11-07 00:31:33,348653156096480.0
2025-11-07 00:31:33,348653156096480.0
2025-11-07 01:31:33,348658088593280.0
2025-11-07 01:31:33,348658088593280.0
2025-11-07 02:31:33,348662249338880.0
2025-11-07 02:31:33,348662249338880.0
2025-11-07 03:31:33,348668333870080.0
2025-11-07 03:31:33,348668333870080.0
2025-11-07 04:31:33,348697011697280.0
2025-11-07 04:31:33,348697011697280.0
2025-11-07 05:31:33,348893953655680.0
2025-11-07 05:31:33,348893953655680.0
2025-11-07 06:31:33,348896503790080.0
2025-11-07 06:31:33,348896503790080.0
2025-11-07 07:31:33,348880576634880.0
2025-11-07 07:31:33,348880576634880.0
2025-11-07 08:31:33,348865365306880.0
2025-11-07 08:31:33,348865365306880.0
2025-11-07 09:31:33,348868944442880.0
2025-11-07 09:31:33,348868944442880.0
2025-11-07 10:31:33,348886482209280.0
2025-11-07 10:31:33,348886482209280.0
2025-11-07 11:31:34,348903885758080.0
2025-11-07 11:31:34,348903885758080.0
2025-11-07 12:31:34,348954485793280.0
2025-11-07 12:31:34,348954485793280.0
2025-11-07 13:31:34,348948367707680.0
2025-11-07 13:31:34,348948367707680.0
2025-11-07 14:31:34,348944028005280.0
2025-11-07 14:31:34,348944028005280.0
2025-11-07 15:31:34,348971307732480.0
2025-11-07 15:31:34,348971307732480.0
2025-11-07 16:31:34,348998374948480.0
2025-11-07 16:31:34,348998374948480.0
2025-11-07 17:31:34,349021214310080.0
2025-11-07 17:31:34,349021214310080.0
2025-11-07 18:31:34,349040206100480.0
2025-11-07 19:31:34,349064454746880.0
2025-11-07 20:31:34,349089777134080.0
2025-11-07 21:31:34,349105704289280.0
2025-11-07 22:31:34,349115099521280.0
2025-11-07 23:31:35,349120199790080.0
2025-11-08 00:31:35,349145253742080.0
2025-11-08 01:31:35,349146327482880.0
2025-11-08 02:31:35,349149548705280.0
2025-11-08 03:31:35,349205696401280.0
2025-11-08 04:31:35,349217004234080.0
2025-11-08 05:31:35,349215449546880.0
2025-11-08 06:31:35,349216612766080.0
2025-11-08 07:31:35,349207430045280.0
2025-11-08 08:31:35,349198526944480.0
2025-11-08 09:31:35,349202911386080.0
2025-11-08 10:31:36,349228189034080.0
2025-11-08 11:31:36,349220135978080.0
2025-11-08 12:31:36,349263040870880.0
2025-11-08 13:31:36,349257224774880.0
2025-11-08 14:31:36,349264875178080.0
2025-11-08 15:31:36,349292389786080.0
2025-11-08 16:31:36,349310363759680.0
2025-11-08 17:31:36,349323349312480.0
2025-11-08 18:31:36,349347374262880.0
2025-11-08 19:31:36,349360303891680.0
2025-11-08 20:31:36,349376991613280.0
2025-11-08 21:31:36,349385268365280.0
2025-11-08 22:31:37,349402850870880.0
2025-11-08 23:31:37,349405535222880.0
2025-11-09 00:31:37,349431394480480.0
2025-11-09 01:31:37,349446561069280.0
2025-11-09 02:31:37,349458819610080.0
2025-11-09 03:31:37,349469199104480.0
2025-11-09 04:31:37,349483470909280.0
2025-11-09 05:31:37,349488481699680.0
2025-11-09 06:31:37,349471704499680.0
2025-11-09 07:31:37,349404349634080.0
2025-11-09 08:31:37,349382796524480.0
2025-11-09 09:31:38,349392460191680.0
2025-11-09 10:31:38,349400871161280.0
2025-11-09 11:31:38,349411742786880.0
2025-11-09 12:31:38,349431070121280.0
2025-11-09 13:31:38,349445923535680.0
2025-11-09 14:31:38,349452858111680.0
2025-11-09 15:31:38,349433217602880.0
2025-11-09 16:31:38,349444044489280.0
2025-11-09 17:31:38,349457063596480.0
2025-11-09 18:31:38,349464758738880.0
2025-11-09 19:31:38,349461045385280.0
2025-11-09 20:31:39,349482117548480.0
2025-11-09 21:31:39,349501579100480.0
2025-11-09 22:31:39,349518401039680.0
2025-11-09 23:31:39,349537862591680.0
2025-11-10 00:31:39,349562021759680.0
2025-11-10 01:31:39,349563363935680.0
2025-11-10 02:31:39,349568587237280.0
2025-11-10 03:31:39,349591415414080.0
2025-11-10 04:31:39,349608584082080.0
2025-11-10 05:31:39,349814932457280.0
2025-11-10 06:31:40,349833722921280.0
2025-11-10 07:31:40,349830904351680.0
2025-11-10 08:31:40,349839684419680.0
2025-11-10 09:31:40,349843688578080.0
2025-11-10 10:31:40,349858978199680.0
2025-11-10 11:31:40,349883249215680.0
2025-11-10 12:31:40,349899422436480.0
2025-11-10 13:31:40,349909164397280.0
2025-11-10 14:31:40,349916960202880.0
2025-11-10 15:31:40,349942696427680.0
2025-11-10 16:31:40,349969014262080.0
2025-11-10 17:31:41,349980299725280.0
2025-11-10 18:31:41,350005901732480.0
2025-11-10 19:31:41,350028360810880.0
2025-11-10 20:31:41,350034087428480.0
2025-11-10 21:31:41,350038382391680.0
2025-11-10 22:31:41,350051871260480.0
2025-11-10 23:31:41,350055517505280.0
2025-11-11 00:31:41,350078054877280.0
2025-11-11 01:31:41,350092337866880.0
2025-11-11 02:31:41,350101375185280.0
2025-11-11 03:31:41,350114439031680.0
2025-11-11 04:31:42,350132737364480.0
2025-11-11 05:31:42,350341714167680.0
2025-11-11 06:31:42,350351869966080.0
2025-11-11 07:31:42,350359833543680.0
2025-11-11 08:31:42,350349722484480.0
2025-11-11 09:31:42,350301650214080.0
2025-11-11 10:31:42,350302265378080.0
2025-11-11 11:31:42,350302298932480.0
2025-11-11 12:31:42,350313852830880.0
2025-11-11 13:31:42,350312320513280.0
2025-11-11 14:31:42,350322431572480.0
2025-11-11 15:31:43,350344130084480.0
2025-11-11 16:31:43,350360426338080.0
2025-11-11 17:31:43,350371935497280.0
2025-11-11 18:31:43,350400288965280.0
2025-11-11 19:31:43,350419112983680.0
2025-11-11 20:31:43,350430901762880.0
2025-11-11 21:31:43,350428530585280.0
2025-11-11 22:31:43,350440699647680.0
2025-11-11 23:31:43,350443607695680.0
2025-11-12 00:31:43,350466737862080.0
2025-11-12 01:31:43,350475014614080.0
2025-11-12 02:31:44,350480920188480.0
2025-11-12 03:31:44,350480293839680.0
2025-11-12 04:31:44,350479220098880.0
2025-11-12 05:31:44,350678443756480.0
2025-11-12 06:31:44,350683051894080.0
2025-11-12 07:31:44,350680949151680.0
2025-11-12 08:31:44,350671990126880.0
2025-11-12 09:31:44,350679752378080.0
2025-11-12 10:31:44,350676519970880.0
2025-11-12 11:31:44,350654855013280.0
2025-11-12 12:31:44,350638793640480.0
2025-11-12 13:31:44,350634778297280.0
2025-11-12 14:31:45,350620517677280.0
2025-11-12 15:31:45,350607017623680.0
2025-11-12 16:31:45,350616569442880.0
2025-11-12 17:31:45,350643055049280.0
2025-11-12 18:31:45,350667594500480.0
2025-11-12 19:31:45,350681441282880.0
2025-11-12 20:31:45,350687950836480.0
2025-11-12 21:31:45,350697256590080.0
2025-11-12 22:31:45,350706562343680.0
2025-11-12 23:31:45,350710454654080.0
2025-11-13 00:31:45,350722221063680.0
2025-11-13 01:31:46,350729356966080.0
2025-11-13 02:31:46,350732108426880.0
2025-11-13 03:31:46,350738103479680.0
2025-11-13 04:31:46,350742756356480.0
2025-11-13 05:31:46,350944340006880.0
2025-11-13 06:31:46,350945648628480.0
2025-11-13 07:31:46,350938110073280.0
2025-11-13 08:31:46,350921120362080.0
2025-11-13 09:31:46,350842703729280.0
2025-11-13 10:31:46,350839393028480.0
2025-11-13 11:31:46,350835612566080.0
2025-11-13 12:31:47,350862869923680.0
2025-11-13 13:31:47,350854917530880.0
2025-11-13 14:31:47,350843822209280.0
2025-11-13 15:31:47,350861348790880.0
2025-11-13 16:31:47,350891469457280.0
2025-11-13 17:31:47,350910919824480.0
2025-11-13 18:31:47,350925202814080.0
2025-11-13 19:31:47,350937550833280.0
2025-11-13 20:31:47,350938490356480.0
2025-11-13 21:31:47,350952985857280.0
2025-11-13 22:31:47,350960949434880.0
2025-11-13 23:31:47,350965512833280.0
2025-11-14 00:31:48,351012712689280.0
2025-11-14 01:31:48,351025765350880.0
2025-11-14 02:31:48,351039455546080.0
2025-11-14 03:31:48,351044611738880.0
2025-11-14 04:31:48,351050919966080.0
2025-11-14 05:31:48,351272379006080.0
2025-11-14 06:31:48,351298137600480.0
2025-11-14 07:31:48,351309065150080.0
2025-11-14 08:31:48,351293406430080.0
2025-11-14 09:31:48,351222796787680.0
2025-11-14 10:31:48,351246206574080.0
2025-11-14 11:31:49,351229418189280.0
2025-11-14 12:31:49,351245669703680.0
2025-11-14 13:31:49,351223065222880.0
2025-11-14 14:31:49,351232650596480.0
2025-11-14 15:31:49,351260209943680.0
2025-11-14 16:31:49,351281416324480.0
2025-11-14 17:31:49,351290140468480.0
2025-11-14 18:31:49,351303964881280.0
2025-11-14 19:31:49,351309288846080.0
2025-11-14 20:31:49,351303170760480.0
2025-11-14 21:31:49,351307991409280.0
2025-11-14 22:31:50,351325260740480.0
2025-11-14 23:31:50,351347675079680.0
2025-11-15 00:31:50,351377862854880.0
2025-11-15 01:31:50,351382974308480.0
2025-11-15 02:31:50,351389595710080.0
2025-11-15 03:31:50,351377023994880.0
2025-11-15 04:31:50,351396944123680.0
2025-11-15 05:31:50,351377560865280.0
2025-11-15 06:31:50,351394427543680.0
2025-11-15 07:31:50,351398588289280.0
2025-11-15 08:31:50,351388566708480.0
2025-11-15 09:31:50,351397648766080.0
2025-11-15 10:31:51,351415533261280.0
2025-11-15 11:31:51,351407894042880.0
2025-11-15 12:31:51,351428205639680.0
2025-11-15 13:31:51,351430554447680.0
2025-11-15 14:31:51,351421986890880.0
2025-11-15 15:31:51,351423329066880.0
2025-11-15 16:31:51,351437131110080.0
2025-11-15 17:31:51,351452856938880.0
2025-11-15 18:31:51,351454557028480.0
2025-11-15 19:31:51,351456122900480.0
2025-11-15 20:31:51,351478224065280.0
2025-11-15 21:31:52,351487977210880.0
2025-11-15 22:31:52,351490303649280.0
2025-11-15 23:31:52,351488111428480.0
2025-11-16 00:31:52,351508780938880.0
2025-11-16 01:31:52,351460373124480.0
2025-11-16 02:31:52,351392951150080.0
2025-11-16 03:31:52,351383466439680.0
2025-11-16 04:31:52,351407938782080.0
2025-11-16 05:31:52,351429279380480.0
2025-11-16 06:31:52,351464332543680.0
2025-11-16 07:31:52,351425174558880.0
2025-11-16 08:31:52,351405176136480.0
2025-11-16 09:31:53,351352775348480.0
2025-11-16 10:31:53,351365358248480.0
2025-11-16 11:31:53,351357484149280.0
2025-11-16 12:31:53,351371308562080.0
2025-11-16 13:31:53,351358692107680.0
2025-11-16 14:31:53,351388622632480.0
2025-11-16 15:31:53,351392604421280.0
2025-11-16 16:31:53,351390859592480.0
2025-11-16 17:31:53,351351813455680.0
2025-11-16 18:31:53,351364340431680.0
2025-11-16 19:31:53,351357897986880.0
2025-11-16 20:31:54,351354274111680.0
2025-11-16 21:31:54,351374183055680.0
2025-11-16 22:31:54,351401071314880.0
2025-11-16 23:31:54,351399773878080.0
2025-11-17 00:31:54,351413643030080.0
2025-11-17 01:31:54,351411003417280.0
2025-11-17 02:31:54,351414045682880.0
2025-11-17 03:31:54,351420353910080.0
2025-11-17 04:31:54,351423798828480.0
2025-11-17 05:31:54,351631165020480.0
2025-11-17 06:31:54,351635459983680.0
2025-11-17 07:31:54,351633715154880.0
2025-11-17 08:31:55,351613537775680.0
2025-11-17 09:31:55,351665166812480.0
2025-11-17 10:31:55,351675937774880.0
2025-11-17 11:31:55,351677816821280.0
2025-11-17 12:31:55,351725296297280.0
2025-11-17 13:31:55,351769666398880.0
2025-11-17 14:31:55,351790347094080.0
2025-11-17 15:31:55,351831272277280.0
2025-11-17 16:31:55,351859413234080.0
2025-11-17 17:31:55,351879892602880.0
2025-11-17 18:31:55,351902955660480.0
2025-11-17 19:31:56,351916690594880.0
2025-11-17 20:31:56,351918524902080.0
2025-11-17 21:31:56,351928591222080.0
2025-11-17 22:31:56,351933870447680.0
2025-11-17 23:31:56,351931991401280.0
2025-11-18 00:31:56,351982680914880.0
2025-11-18 01:31:56,351994536802880.0
2025-11-18 02:31:56,352027565517280.0
2025-11-18 03:31:56,352064866825280.0
2025-11-18 04:31:56,352076901670080.0
2025-11-18 05:31:56,352310004086880.0
2025-11-18 06:31:56,352334062591680.0
2025-11-18 07:31:57,352329722889280.0
2025-11-18 08:31:57,352295530955680.0
2025-11-18 09:31:57,352237806202880.0
2025-11-18 10:31:57,352243778886080.0
2025-11-18 11:31:57,352254650511680.0
2025-11-18 12:31:57,352284681699680.0
2025-11-18 13:31:57,352287455530080.0
2025-11-18 14:31:57,352311290338880.0
2025-11-18 15:31:57,352353870872480.0
2025-11-18 16:31:57,352395892166080.0
2025-11-18 17:31:57,352417713710880.0
2025-11-18 18:31:57,352459746189280.0
2025-11-18 19:31:58,352472306719680.0
2025-11-18 20:31:58,352498255455680.0
2025-11-18 21:31:58,352517683453280.0
2025-11-18 22:31:58,352529449862880.0
2025-11-18 23:31:58,352538442442080.0
2025-11-19 00:31:58,352576291805280.0
2025-11-19 01:31:58,352588550346080.0
2025-11-19 02:31:58,352608056637280.0
2025-11-19 03:31:58,352615170170080.0
2025-11-19 04:31:58,352634989635680.0
2025-11-19 05:31:58,352831573680480.0
2025-11-19 06:31:58,352841707109280.0
2025-11-19 07:31:59,352850543101280.0
2025-11-19 08:31:59,352838821430880.0
2025-11-19 09:31:59,352829739373280.0
2025-11-19 10:31:59,352812268715680.0
2025-11-19 11:31:59,352809931092480.0
2025-11-19 12:31:59,352834794902880.0
2025-11-19 13:31:59,352820567837280.0
2025-11-19 14:31:59,352807067783680.0
2025-11-19 15:31:59,352828654447680.0
2025-11-19 16:31:59,352854938727680.0
2025-11-19 17:31:59,352891255773280.0
2025-11-19 18:32:00,352914889255680.0
2025-11-19 19:32:00,352923904204480.0
2025-11-19 20:32:00,352928489972480.0
2025-11-19 21:32:00,352959852151680.0
2025-11-19 22:32:00,352969884917280.0
2025-11-19 23:32:00,353018192068480.0
2025-11-20 00:32:00,353040606407680.0
2025-11-20 01:32:00,353067092014080.0
2025-11-20 02:32:00,353076039854080.0
2025-11-20 03:32:00,353078847238880.0
2025-11-20 04:32:00,353091922270080.0
2025-11-20 05:32:01,353287253617280.0
2025-11-20 06:32:01,353294713878880.0
2025-11-20 07:32:01,353268910545280.0
2025-11-20 08:32:01,353274391097280.0
2025-11-20 09:32:01,353208725136480.0
2025-11-20 10:32:01,353201757006080.0
2025-11-20 11:32:01,353193480254080.0
2025-11-20 12:32:01,353202875486080.0
2025-11-20 13:32:01,353199654263680.0
2025-11-20 14:32:01,353202786007680.0
2025-11-20 15:32:01,353194464516480.0
2025-11-20 16:32:01,353165339297280.0
2025-11-20 17:32:02,353177150446080.0
2025-11-20 18:32:02,353177016228480.0
2025-11-20 19:32:02,353175058888480.0
2025-11-20 20:32:02,353180595364480.0
2025-11-20 21:32:02,353188558942080.0
2025-11-20 22:32:02,353198457490080.0
2025-11-20 23:32:02,353223097604480.0
2025-11-21 00:32:02,353250254298880.0
2025-11-21 01:32:02,353262378622080.0
2025-11-21 02:32:02,353262937862080.0
2025-11-21 03:32:02,353267568369280.0
2025-11-21 04:32:03,353256741482880.0
2025-11-21 05:32:03,353456546750080.0
2025-11-21 06:32:03,353489877454080.0
2025-11-21 07:32:03,353495246158080.0
2025-11-21 08:32:03,353474218734080.0
2025-11-21 09:32:03,353457161914080.0
2025-11-21 10:32:03,353410420634880.0
2025-11-21 11:32:03,353363399735680.0
2025-11-21 12:32:03,353387916817280.0
2025-11-21 13:32:03,353378566324480.0
2025-11-21 14:32:03,353366352522880.0
2025-11-21 15:32:04,353343714487680.0
2025-11-21 16:32:04,353362862865280.0
2025-11-21 17:32:04,353371184356480.0
2025-11-21 18:32:04,353383666593280.0
2025-11-21 19:32:04,353385590378880.0
2025-11-21 20:32:04,353392659172480.0
2025-11-21 21:32:04,353400309575680.0
2025-11-21 22:32:04,353404067668480.0
2025-11-21 23:32:04,353400801706880.0
2025-11-22 00:32:04,353422544958080.0
2025-11-22 01:32:04,353446211994880.0
2025-11-22 02:32:05,353458258024480.0
2025-11-22 03:32:05,353465718286080.0
2025-11-22 04:32:05,353472697601280.0
2025-11-22 05:32:05,353464152414080.0
2025-11-22 06:32:05,353469968510080.0
2025-11-22 07:32:05,353466478852480.0
2025-11-22 08:32:05,353477160336480.0
2025-11-22 09:32:05,353483524487680.0
2025-11-22 10:32:05,353480571700480.0
2025-11-22 11:32:05,353472294948480.0
2025-11-22 12:32:05,353492382849280.0
2025-11-22 13:32:06,353515870929280.0
2025-11-22 14:32:06,353525534596480.0
2025-11-22 15:32:06,353551751767680.0
2025-11-22 16:32:06,353582263902080.0
2025-11-22 17:32:06,353587632606080.0
2025-11-22 18:32:06,353594880356480.0
2025-11-22 19:32:06,353594298746880.0
2025-11-22 20:32:06,353617607870080.0
2025-11-22 21:32:06,353636800986880.0
2025-11-22 22:32:06,353637874727680.0
2025-11-22 23:32:06,353636443073280.0
2025-11-23 00:32:07,353648880570880.0
2025-11-23 01:32:07,353655401309280.0
2025-11-23 02:32:07,353664539290880.0
2025-11-23 03:32:07,353660960154880.0
2025-11-23 04:32:07,353665120900480.0
2025-11-23 05:32:07,353654517710080.0
2025-11-23 06:32:07,353656799409280.0
2025-11-23 07:32:07,353652012314880.0
2025-11-23 08:32:07,353655233537280.0
2025-11-23 09:32:07,353663431995680.0
2025-11-23 10:32:07,353661586503680.0
2025-11-23 11:32:08,353661810199680.0
2025-11-23 12:32:08,353705430919680.0
2025-11-23 13:32:08,353725295124480.0
2025-11-23 14:32:08,353748682541280.0
2025-11-23 15:32:08,353734466660480.0
2025-11-23 16:32:08,353685029844480.0
2025-11-23 17:32:08,353676484657280.0
2025-11-23 18:32:08,353670086951680.0
2025-11-23 19:32:08,353694246119680.0
2025-11-23 20:32:08,353684716670080.0
2025-11-23 21:32:08,353687378652480.0
2025-11-23 22:32:09,353666798620480.0
2025-11-23 23:32:09,353671675193280.0
2025-11-24 00:32:09,353699950367680.0
2025-11-24 01:32:09,353705453289280.0
2025-11-24 02:32:09,353709032425280.0
2025-11-24 03:32:09,353714937999680.0
2025-11-24 04:32:09,353725060243680.0
2025-11-24 05:32:09,353935278559680.0
2025-11-24 06:32:09,353966260455680.0
2025-11-24 07:32:09,353972993705280.0
2025-11-24 08:32:09,354006078343680.0
2025-11-24 09:32:10,354024779329280.0
2025-11-24 10:32:10,354068948104480.0
2025-11-24 11:32:10,354084528530880.0
2025-11-24 12:32:10,354124301679680.0
2025-11-24 13:32:10,354141447978080.0
2025-11-24 14:32:10,354178067013280.0
2025-11-24 15:32:10,354217224998080.0
2025-11-24 16:32:10,354258329138080.0
2025-11-24 17:32:10,354306356669280.0
2025-11-24 18:32:10,354347964125280.0
2025-11-24 19:32:10,354367839514880.0
2025-11-24 20:32:11,354376272854080.0
2025-11-24 21:32:11,354388687982080.0
2025-11-24 22:32:11,354397345017280.0
2025-11-24 23:32:11,354403832201280.0
2025-11-25 00:32:11,354431302070080.0
2025-11-25 01:32:11,354434657510080.0
2025-11-25 02:32:11,354439086690880.0
2025-11-25 03:32:11,354441860521280.0
2025-11-25 04:32:11,354469330390080.0
2025-11-25 05:32:11,354685465465280.0
2025-11-25 06:32:11,354698171398080.0
2025-11-25 07:32:12,354748458258880.0
2025-11-25 08:32:12,354731860015680.0
2025-11-25 09:32:12,354679593445280.0
2025-11-25 10:32:12,354696739743680.0
2025-11-25 11:32:12,354731613950080.0
2025-11-25 12:32:12,354750337305280.0
2025-11-25 13:32:12,354737150426080.0
2025-11-25 14:32:12,354749252379680.0
2025-11-25 15:32:12,354786654350880.0
2025-11-25 16:32:12,354839994662080.0
2025-11-25 17:32:12,354905627068480.0
2025-11-25 18:32:13,354959526619680.0
2025-11-25 19:32:13,354977545332480.0
2025-11-25 20:32:13,354991235527680.0
2025-11-25 21:32:13,355008661446080.0
2025-11-25 22:32:13,355016692132480.0
2025-11-25 23:32:13,355020819323680.0
2025-11-26 00:32:13,355048322746880.0
2025-11-26 01:32:13,355071497652480.0
2025-11-26 02:32:13,355073824090880.0
2025-11-26 03:32:13,355076418964480.0
2025-11-26 04:32:13,355101786090880.0
2025-11-26 05:32:14,355311803080480.0
2025-11-26 06:32:14,355335503671680.0
2025-11-26 07:32:14,355332819319680.0
2025-11-26 08:32:14,355312507722880.0
2025-11-26 09:32:14,355251203834080.0
2025-11-26 10:32:14,355252691412480.0
2025-11-26 11:32:14,355259525325280.0
2025-11-26 12:32:14,355289355186880.0
2025-11-26 13:32:14,355256158700480.0
2025-11-26 14:32:14,355275486034880.0
2025-11-26 15:32:14,355300830791680.0
2025-11-26 16:32:15,355330023119680.0
2025-11-26 17:32:15,355357381140480.0
2025-11-26 18:32:15,355427453912480.0
2025-11-26 19:32:15,355445830538880.0
2025-11-26 20:32:15,355446456887680.0
2025-11-26 21:32:15,355457239034880.0
2025-11-26 22:32:15,355462205086080.0
2025-11-26 23:32:15,355465828961280.0
2025-11-27 00:32:15,355493254090880.0
2025-11-27 01:32:15,355507973287680.0
2025-11-27 02:32:15,355537366942080.0
2025-11-27 03:32:16,355550028135680.0
2025-11-27 04:32:16,355546001607680.0
2025-11-27 05:32:16,355749564967680.0
2025-11-27 06:32:16,355773768874880.0
2025-11-27 07:32:16,355756007412480.0
2025-11-27 08:32:16,355737888036480.0
2025-11-27 09:32:16,355657279182880.0
2025-11-27 10:32:16,355645143674880.0
2025-11-27 11:32:16,355662189310080.0
2025-11-27 12:32:16,355683171994880.0
2025-11-27 13:32:16,355694949589280.0
2025-11-27 14:32:17,355755425802880.0
2025-11-27 15:32:17,355796988519680.0
2025-11-27 16:32:17,355823921518080.0
2025-11-27 17:32:17,355853214509280.0
2025-11-27 18:32:17,355894542345280.0
2025-11-27 19:32:17,355915055268480.0
2025-11-27 20:32:17,355920860179680.0
2025-11-27 21:32:17,355924897892480.0
2025-11-27 22:32:17,355925110403680.0
2025-11-27 23:32:17,355928924420480.0
2025-11-28 00:32:17,355956036375680.0
2025-11-28 01:32:18,355958139118080.0
2025-11-28 02:32:18,355960868209280.0
2025-11-28 03:32:18,355966371130880.0
2025-11-28 04:32:18,355957020638080.0
2025-11-28 05:32:18,356167205399680.0
2025-11-28 06:32:18,356185615580480.0
2025-11-28 07:32:18,356150070286080.0
2025-11-28 08:32:18,356125240030080.0
2025-11-28 09:32:18,356064596044480.0
2025-11-28 10:32:18,356038445982080.0
2025-11-28 11:32:18,356026366398080.0
2025-11-28 12:32:19,356051621676480.0
2025-11-28 13:32:19,356045335818880.0
2025-11-28 14:32:19,356035168835680.0
2025-11-28 15:32:19,356040996116480.0
2025-11-28 16:32:19,356061598518080.0
2025-11-28 17:32:19,356086562991680.0
2025-11-28 18:32:19,356127242109280.0
2025-11-28 19:32:19,356165057918080.0
2025-11-28 20:32:19,356172283298880.0
2025-11-28 21:32:19,356184161556480.0
2025-11-28 22:32:19,356185369514880.0
2025-11-28 23:32:19,356197650425280.0
2025-11-29 00:32:20,356237445943680.0
2025-11-29 01:32:20,356254267882880.0
2025-11-29 02:32:20,356267577794880.0
2025-11-29 03:32:20,356290059242880.0
2025-11-29 04:32:20,356294712119680.0
2025-11-29 05:32:20,356298067559680.0
2025-11-29 06:32:20,356324732122880.0
2025-11-29 07:32:20,356298022820480.0
2025-11-29 08:32:20,356331174567680.0
2025-11-29 09:32:20,356318983135680.0
2025-11-29 10:32:20,356319900289280.0
2025-11-29 11:32:21,356331968688480.0
2025-11-29 12:32:21,356364136173280.0
2025-11-29 13:32:21,356373777470880.0
2025-11-29 14:32:21,356386248522880.0
2025-11-29 15:32:21,356390096094080.0
2025-11-29 16:32:21,356396985930880.0
2025-11-29 17:32:21,356418102833280.0
2025-11-29 18:32:21,356432397007680.0
2025-11-29 19:32:21,356442440958080.0
2025-11-29 20:32:21,356459911615680.0
2025-11-29 21:32:21,356466018516480.0
2025-11-29 22:32:21,356466275766880.0
2025-11-29 23:32:22,356463915774080.0
2025-11-30 00:32:22,356476867772480.0
2025-11-30 01:32:22,356494606865280.0
2025-11-30 02:32:22,356500512439680.0
2025-11-30 03:32:22,356501183527680.0
2025-11-30 04:32:22,356492772558080.0
2025-11-30 05:32:22,356487627550080.0
2025-11-30 06:32:22,356501094049280.0
2025-11-30 07:32:22,356493667342080.0
2025-11-30 08:32:22,356488544703680.0
2025-11-30 09:32:22,356488746030080.0
2025-11-30 10:32:22,356492190948480.0
2025-11-30 11:32:23,356518989729280.0
2025-11-30 12:32:23,356537914410880.0
2025-11-30 13:32:23,356516159974880.0
2025-11-30 14:32:23,356442854795680.0
2025-11-30 15:32:23,356444006830080.0
2025-11-30 16:32:23,356442127783680.0
2025-11-30 17:32:23,356445203603680.0
2025-11-30 18:32:23,356476934881280.0
2025-11-30 19:32:23,356464005252480.0
2025-11-30 20:32:23,356456265370880.0
2025-11-30 21:32:23,356465078993280.0
2025-11-30 22:32:24,356465257950080.0
2025-11-30 23:32:24,356472729396480.0
2025-12-01 00:32:24,356480514017280.0
2025-12-01 01:32:24,356475592705280.0
2025-12-01 02:32:24,356499349220480.0
2025-12-01 03:32:24,356496888564480.0
2025-12-01 04:32:24,356496127998080.0
2025-12-01 05:32:24,356704433713280.0
2025-12-01 06:32:24,356710562983680.0
2025-12-01 07:32:24,356706536455680.0
2025-12-01 08:32:24,356724409766080.0
2025-12-01 09:32:25,356732127278080.0
2025-12-01 10:32:25,356765357318880.0
2025-12-01 11:32:25,356775613780480.0
2025-12-01 12:32:25,356801338820480.0
2025-12-01 13:32:25,356807647047680.0
2025-12-01 14:32:25,356856010122880.0
2025-12-01 15:32:25,356885795245280.0
2025-12-01 16:32:25,356905860776480.0
2025-12-01 17:32:25,356924953230080.0
2025-12-01 18:32:25,356952870490880.0
2025-12-01 19:32:25,356965878413280.0
2025-12-01 20:32:25,356969200298880.0
2025-12-01 21:32:26,356977969182080.0
2025-12-01 22:32:26,356986928206880.0
2025-12-01 23:32:26,356993538423680.0
2025-12-02 00:32:26,357011434103680.0
2025-12-02 01:32:26,357033893182080.0
2025-12-02 02:32:26,357035056401280.0
2025-12-02 03:32:26,357041633063680.0
2025-12-02 04:32:26,357039932974080.0
2025-12-02 05:32:26,357252242847680.0
2025-12-02 06:32:26,357260318273280.0
2025-12-02 07:32:26,357277453386880.0
2025-12-02 08:32:27,357264904041280.0
2025-12-02 09:32:27,357213800690080.0
2025-12-02 10:32:27,357208320138080.0
2025-12-02 11:32:27,357214013201280.0
2025-12-02 12:32:27,357225376958080.0
2025-12-02 13:32:27,357204975882880.0
2025-12-02 14:32:27,357214963909280.0
2025-12-02 15:32:27,357238720424480.0
2025-12-02 16:32:27,357260843958880.0
2025-12-02 17:32:27,357299062420480.0
2025-12-02 18:32:27,357323020262080.0
2025-12-02 19:32:27,357338432916480.0
2025-12-02 20:32:28,357350691457280.0
2025-12-02 21:32:28,357359281383680.0
2025-12-02 22:32:28,357365858046080.0
2025-12-02 23:32:28,357367737092480.0
2025-12-03 00:32:28,357383843204480.0
2025-12-03 01:32:28,357387198644480.0
2025-12-03 02:32:28,357390822519680.0
2025-12-03 03:32:28,357394133220480.0
2025-12-03 04:32:28,357396146484480.0
2025-12-03 05:32:28,357599575626880.0
2025-12-03 06:32:28,357606957594880.0
2025-12-03 07:32:28,357611923646080.0
2025-12-03 08:32:29,357597338666880.0
2025-12-03 09:32:29,357530118018880.0
2025-12-03 10:32:29,357523832161280.0
2025-12-03 11:32:29,357537902639680.0
2025-12-03 12:32:29,357556447038080.0
2025-12-03 13:32:29,357553013304480.0
2025-12-03 14:32:29,357555183155680.0
2025-12-03 15:32:29,357583648471680.0
2025-12-03 16:32:29,357611028862080.0
2025-12-03 17:32:29,357635188030080.0
2025-12-03 18:32:29,357650790826080.0
2025-12-03 19:32:30,357662803301280.0
2025-12-03 20:32:30,357670353041280.0
2025-12-03 21:32:30,357673574263680.0
2025-12-03 22:32:30,357675889517280.0
2025-12-03 23:32:30,357680184480480.0
2025-12-04 00:32:30,357708784014080.0
2025-12-04 01:32:30,357712273671680.0
2025-12-04 02:32:30,357718223985280.0
2025-12-04 03:32:30,357718626638080.0
2025-12-04 04:32:30,357723234775680.0
2025-12-04 05:32:31,357927916615680.0
2025-12-04 06:32:31,357941785767680.0
2025-12-04 07:32:31,357934135364480.0
2025-12-04 08:32:31,357920310951680.0
2025-12-04 09:32:31,357853839685280.0
2025-12-04 10:32:31,357848549274880.0
2025-12-04 11:32:31,357837867790880.0
2025-12-04 12:32:31,357861367055680.0
2025-12-04 13:32:31,357858056354880.0
2025-12-04 14:32:31,357858056354880.0
2025-12-04 15:32:31,357846692598080.0
2025-12-04 16:32:31,357845059617280.0
2025-12-04 17:32:32,357873055171680.0
2025-12-04 18:32:32,357896409034080.0
2025-12-04 19:32:32,357910032120480.0
2025-12-04 20:32:32,357908276106880.0
2025-12-04 21:32:32,357911374296480.0
2025-12-04 22:32:32,357910770317280.0
2025-12-04 23:32:32,357908902455680.0
2025-12-05 00:32:32,357919885929280.0
2025-12-05 01:32:32,357912481591680.0
2025-12-05 02:32:32,357914986986880.0
2025-12-05 03:32:32,357914349453280.0
2025-12-05 04:32:33,357918252948480.0
2025-12-05 05:32:33,358125753358080.0
2025-12-05 06:32:33,358140830468480.0
2025-12-05 07:32:33,358138548769280.0
2025-12-05 08:32:33,358117431866880.0
2025-12-05 09:32:33,358054069974880.0
2025-12-05 10:32:33,358037180926880.0
2025-12-05 11:32:33,358039619213280.0
2025-12-05 12:32:33,358058823514880.0
2025-12-05 13:32:33,358045357015680.0
2025-12-05 14:32:33,358040144898880.0
2025-12-05 15:32:33,358038243482880.0
2025-12-05 16:32:34,358040916650080.0
2025-12-05 17:32:34,358054528551680.0
2025-12-05 18:32:34,358074907257280.0
2025-12-05 19:32:34,358075019105280.0
2025-12-05 20:32:34,358075824410880.0
2025-12-05 21:32:34,358073721668480.0
2025-12-05 22:32:34,358069426705280.0
2025-12-05 23:32:34,358071305751680.0
2025-12-06 00:32:34,358102846887680.0
2025-12-06 01:32:34,358107108296480.0
2025-12-06 02:32:34,358103607454080.0
2025-12-06 03:32:34,358110720986880.0
2025-12-06 04:32:35,358107622797280.0
2025-12-06 05:32:35,358106828676480.0
2025-12-06 06:32:35,358114367231680.0
2025-12-06 07:32:35,358115239646080.0
2025-12-06 08:32:35,358112107902080.0
2025-12-06 09:32:35,358119892522880.0
2025-12-06 10:32:35,358098686142080.0
2025-12-06 11:32:35,358093496394880.0
2025-12-06 12:32:35,358097746618880.0
2025-12-06 13:32:35,358082624769280.0
2025-12-06 14:32:35,358081707615680.0
2025-12-06 15:32:35,358087232906880.0
2025-12-06 16:32:36,358092870046080.0
2025-12-06 17:32:36,358098686142080.0
2025-12-06 18:32:36,358104054846080.0
2025-12-06 19:32:36,358097556477280.0
2025-12-06 20:32:36,358099178273280.0
2025-12-06 21:32:36,358101281015680.0
2025-12-06 22:32:36,358102981105280.0
2025-12-06 23:32:36,358108170852480.0
2025-12-07 00:32:36,358137810572480.0
2025-12-07 01:32:36,358136401287680.0
2025-12-07 02:32:36,358139980423680.0
2025-12-07 03:32:36,358149196698880.0
2025-12-07 04:32:37,358151657354880.0
2025-12-07 05:32:37,358157518190080.0
2025-12-07 06:32:37,358163065850880.0
2025-12-07 07:32:37,358155214121280.0
2025-12-07 08:32:37,358151690909280.0
2025-12-07 09:32:37,358153670618880.0
2025-12-07 10:32:37,358141188382080.0
2025-12-07 11:32:37,358147183434880.0
2025-12-07 12:32:37,358176319838880.0
2025-12-07 13:32:37,358182337261280.0
2025-12-07 14:32:37,358191016666080.0
2025-12-07 15:32:38,358181833945280.0
2025-12-07 16:32:38,358123449289280.0
2025-12-07 17:32:38,358121581427680.0
2025-12-07 18:32:38,358129902918880.0
2025-12-07 19:32:38,358124399997280.0
2025-12-07 20:32:38,358127352784480.0
2025-12-07 21:32:38,358138537584480.0
2025-12-07 22:32:38,358139812651680.0
2025-12-07 23:32:38,358115631114080.0
2025-12-08 00:32:38,358129187091680.0
2025-12-08 01:32:38,358126234304480.0
2025-12-08 02:32:39,358125932314880.0
2025-12-08 03:32:39,358125921130080.0
2025-12-08 04:32:39,358126726435680.0
2025-12-08 05:32:39,358338834982880.0
2025-12-08 06:32:39,358353912093280.0
2025-12-08 07:32:39,358340177158880.0
2025-12-08 08:32:39,358253338371680.0
2025-12-08 09:32:39,358228150202080.0
2025-12-08 10:32:39,358226092198880.0
2025-12-08 11:32:39,358230387162080.0
2025-12-08 12:32:39,358254367373280.0
2025-12-08 13:32:40,358259512381280.0
2025-12-08 14:32:40,358260932850880.0
2025-12-08 15:32:40,358251683021280.0
2025-12-08 16:32:40,358256470115680.0
2025-12-08 17:32:40,358269533962080.0
2025-12-08 18:32:40,358268784580480.0
2025-12-08 19:32:40,358264825161280.0
2025-12-08 20:32:40,358269489222880.0
2025-12-08 21:32:40,358276871190880.0
2025-12-08 22:32:40,358283224157280.0
2025-12-08 23:32:40,358288223762880.0
2025-12-09 00:32:40,358303267318880.0
2025-12-09 01:32:41,358310515069280.0
2025-12-09 02:32:41,358315525859680.0
2025-12-09 03:32:41,358320715606880.0
2025-12-09 04:32:41,358317494384480.0
2025-12-09 05:32:41,358524401999680.0
2025-12-09 06:32:41,358534211069280.0
2025-12-09 07:32:41,358534345286880.0
2025-12-09 08:32:41,358519592535680.0
2025-12-09 09:32:41,358457237275680.0
2025-12-09 10:32:41,358462907969280.0
2025-12-09 11:32:41,358478331808480.0
2025-12-09 12:32:42,358505085850080.0
2025-12-09 13:32:42,358501954106080.0
2025-12-09 14:32:42,358516896998880.0
2025-12-09 15:32:42,358523574324480.0
2025-12-09 16:32:42,358545798522080.0
2025-12-09 17:32:42,358568492481280.0
2025-12-09 18:32:42,358625154678080.0
2025-12-09 19:32:42,358633364321280.0
2025-12-09 20:32:42,358644112914080.0
2025-12-09 21:32:42,358656617520480.0
2025-12-09 22:32:42,358658776186880.0
2025-12-09 23:32:42,358654727289280.0
2025-12-10 00:32:43,358678539728480.0
2025-12-10 01:32:43,358672678893280.0
2025-12-10 02:32:43,358678539728480.0
2025-12-10 03:32:43,358678114706080.0
2025-12-10 04:32:43,358679031859680.0
2025-12-10 05:32:43,358897135459680.0
2025-12-10 06:32:43,358901743597280.0
2025-12-10 07:32:43,358906843866080.0
2025-12-10 08:32:43,358881991240480.0
2025-12-10 09:32:43,358815620637280.0
2025-12-10 10:32:43,358787871148480.0
2025-12-10 11:32:44,358797411782880.0
2025-12-10 12:32:44,358834802569280.0
2025-12-10 13:32:44,358841066057280.0
2025-12-10 14:32:44,358833874230880.0
2025-12-10 15:32:44,358837363888480.0
2025-12-10 16:32:44,358853648957280.0
2025-12-10 17:32:44,358869743884480.0
2025-12-10 18:32:44,358888769229280.0
2025-12-10 19:32:44,359040949618080.0
2025-12-10 20:32:44,359120093262880.0
2025-12-10 21:32:44,359223888206880.0
2025-12-10 22:32:44,359229592454880.0
2025-12-10 23:32:45,359237466554080.0
2025-12-11 00:32:45,359257811705280.0
2025-12-11 01:32:45,359254489819680.0
2025-12-11 02:32:45,359254109536480.0
2025-12-11 03:32:45,359405775424480.0
2025-12-11 04:32:45,359386448090080.0
2025-12-11 05:32:45,359593187933280.0
2025-12-11 06:32:45,359569252461280.0
2025-12-11 07:32:45,359540227905280.0
2025-12-11 08:32:45,359409164418880.0
2025-12-11 09:32:45,359303870711680.0
2025-12-11 10:32:46,359301723230080.0
2025-12-11 11:32:46,359310950690080.0
2025-12-11 12:32:46,359328421347680.0
2025-12-11 13:32:46,359306007008480.0
2025-12-11 14:32:46,359280941871680.0
2025-12-11 15:32:46,359274286915680.0
2025-12-11 16:32:46,359296567037280.0
2025-12-11 17:32:46,359324081645280.0
2025-12-11 18:32:46,359342435902080.0
2025-12-11 19:32:46,359350030381280.0
2025-12-11 20:32:46,359351819949280.0
2025-12-11 21:32:47,359368194496480.0
2025-12-11 22:32:47,359386090176480.0
2025-12-11 23:32:47,359394076123680.0
2025-12-12 00:32:47,359437182342880.0
2025-12-12 01:32:47,359440224608480.0
2025-12-12 02:32:47,359445772269280.0
2025-12-12 03:32:47,359630947818080.0
2025-12-12 04:32:47,359650409370080.0
2025-12-12 05:32:47,359854062208480.0
2025-12-12 06:32:47,359857462387680.0
2025-12-12 07:32:47,359833504546080.0
2025-12-12 08:32:48,359737069200480.0
2025-12-12 09:32:48,359663283074880.0
2025-12-12 10:32:48,359674221809280.0
2025-12-12 11:32:48,359688437690080.0
2025-12-12 12:32:48,359703794420480.0
2025-12-12 13:32:48,359654995138080.0
2025-12-12 14:32:48,359672141436480.0
2025-12-12 15:32:48,359680295155680.0
2025-12-12 16:32:48,359703268734880.0
2025-12-12 17:32:48,359742079990880.0
2025-12-12 18:32:49,359772860560480.0
2025-12-12 19:32:49,359789682499680.0
2025-12-12 20:32:49,359801180474080.0
2025-12-12 21:32:49,359824176422880.0
2025-12-12 22:32:49,359841222058080.0
2025-12-12 23:32:49,359856299168480.0
2025-12-13 00:32:49,359895088054880.0
2025-12-13 01:32:49,359885916518880.0
2025-12-13 02:32:49,359902872675680.0
2025-12-13 03:32:49,360084066435680.0
2025-12-13 04:32:49,360103170074080.0
2025-12-13 05:32:49,360110361900480.0
2025-12-13 06:32:50,360113728525280.0
2025-12-13 07:32:50,360097846109280.0
2025-12-13 08:32:50,360070331501280.0
2025-12-13 09:32:50,360044036036480.0
2025-12-13 10:32:50,360039193018080.0
2025-12-13 11:32:50,360048364554080.0
2025-12-13 12:32:50,360075230443680.0
2025-12-13 13:32:50,360052480560480.0
2025-12-13 14:32:50,360038544299680.0
2025-12-13 15:32:50,360023579037280.0
2025-12-13 16:32:50,360013054140480.0
2025-12-13 17:32:51,360006712358880.0
2025-12-13 18:32:51,359998346128480.0
2025-12-13 19:32:51,359979645142880.0
2025-12-13 20:32:51,359974902787680.0
2025-12-13 21:32:51,359972531610080.0
2025-12-13 22:32:51,359969802518880.0
2025-12-13 23:32:51,359976312072480.0
2025-12-14 00:32:51,359991098378080.0
2025-12-14 01:32:51,359988816678880.0
2025-12-14 02:32:51,359989040374880.0
2025-12-14 03:32:51,360165625997280.0
2025-12-14 04:32:52,360162360035680.0
2025-12-14 05:32:52,360149296189280.0
2025-12-14 06:32:52,360046619725280.0
2025-12-14 07:32:52,360009665146080.0
2025-12-14 08:32:52,359994185382880.0
2025-12-14 09:32:52,359998435606880.0
2025-12-14 10:32:52,359991322074080.0
2025-12-14 11:32:52,359975215962080.0
2025-12-14 12:32:52,359989487766880.0
2025-12-14 13:32:52,359983626931680.0
2025-12-14 14:32:52,359986624458080.0
2025-12-14 15:32:52,359993961686880.0
2025-12-14 16:32:53,360000583088480.0
2025-12-14 17:32:53,360008994058080.0
2025-12-14 18:32:53,360012528454880.0
2025-12-14 19:32:53,359985953370080.0
2025-12-14 20:32:53,359983358496480.0
2025-12-14 21:32:53,359990427290080.0
2025-12-14 22:32:53,359994364339680.0
2025-12-14 23:32:53,359994610405280.0
2025-12-15 00:32:53,360001343654880.0
2025-12-15 01:32:53,359997719779680.0
2025-12-15 02:32:53,359997563192480.0
2025-12-15 03:32:53,360161442882080.0
2025-12-15 04:32:54,360166800401280.0
2025-12-15 05:32:54,360349258043680.0
2025-12-15 06:32:54,360278379966080.0
2025-12-15 07:32:54,360235016496480.0
2025-12-15 08:32:54,360146757239680.0
2025-12-15 09:32:54,360131355770080.0
2025-12-15 10:32:54,360133883534880.0
2025-12-15 11:32:54,360151354192480.0
2025-12-15 12:32:54,360175960752480.0
2025-12-15 13:32:54,360176497622880.0
2025-12-15 14:32:54,360191440515680.0
2025-12-15 15:32:55,360208105867680.0
2025-12-15 16:32:55,360224290273280.0
2025-12-15 17:32:55,360243002443680.0
2025-12-15 18:32:55,360260115187680.0
2025-12-15 19:32:55,360262173190880.0
2025-12-15 20:32:55,360271478944480.0
2025-12-15 21:32:55,360278681955680.0
2025-12-15 22:32:55,360283737485280.0
2025-12-15 23:32:55,360283379571680.0
2025-12-16 00:32:55,360296622374880.0
2025-12-16 01:32:55,360292126085280.0
2025-12-16 02:32:56,360297382941280.0
2025-12-16 03:32:56,360475489696480.0
2025-12-16 04:32:56,360483419719680.0
2025-12-16 05:32:56,360696512529280.0
2025-12-16 06:32:56,360700035741280.0
2025-12-16 07:32:56,360686737014080.0
2025-12-16 08:32:56,360575123894880.0
2025-12-16 09:32:56,360481719630080.0
2025-12-16 10:32:56,360468644598880.0
2025-12-16 11:32:56,360486227104480.0
2025-12-16 12:32:56,360515206921280.0
2025-12-16 13:32:57,360505174155680.0
2025-12-16 14:32:57,360503955012480.0
2025-12-16 15:32:57,360507567702880.0
2025-12-16 16:32:57,360531413696480.0
2025-12-16 17:32:57,360555483386080.0
2025-12-16 18:32:57,360593578814880.0
2025-12-16 19:32:57,360596017101280.0
2025-12-16 20:32:57,360588679872480.0
2025-12-16 21:32:57,360600848934880.0
2025-12-16 22:32:57,360610870515680.0
2025-12-16 23:32:57,360615008891680.0
2025-12-17 00:32:58,360633508550880.0
2025-12-17 01:32:58,360641919520480.0
2025-12-17 02:32:58,360654133322080.0
2025-12-17 03:32:58,360833761210080.0
2025-12-17 04:32:58,360838548304480.0
2025-12-17 05:32:58,361086571244480.0
2025-12-17 06:32:58,361107654592480.0
2025-12-17 07:32:58,361087969344480.0
2025-12-17 08:32:58,360996611898080.0
2025-12-17 09:32:58,360910757373280.0
2025-12-17 10:32:59,360902838534880.0
2025-12-17 11:32:59,360917121524480.0
2025-12-17 12:32:59,360913285138080.0
2025-12-17 13:32:59,360895557230080.0
2025-12-17 14:32:59,360908419750080.0
2025-12-17 15:32:59,360936885066080.0
2025-12-17 16:32:59,360957107184480.0
2025-12-17 17:32:59,360976870726080.0
2025-12-17 18:32:59,361001152926880.0
2025-12-17 19:32:59,361011823226080.0
2025-12-17 20:33:00,361024573898080.0
2025-12-17 21:33:00,361040724749280.0
2025-12-17 22:33:00,361046585584480.0
2025-12-17 23:33:00,361048733066080.0
2025-12-18 00:33:00,361077992502880.0
2025-12-18 01:33:00,361092353786080.0
2025-12-18 02:33:00,361103180672480.0
2025-12-18 03:33:00,361276634550880.0
2025-12-18 04:33:00,361268782821280.0
2025-12-18 05:33:00,361481719043680.0
2025-12-18 06:33:00,361486058746080.0
2025-12-18 07:33:01,361487837129280.0
2025-12-18 08:33:01,361401009526880.0
2025-12-18 09:33:01,361333900726880.0
2025-12-18 10:33:01,361298735715680.0
2025-12-18 11:33:01,361323230427680.0
2025-12-18 12:33:01,361316318221280.0
2025-12-18 13:33:01,361247039570080.0
2025-12-18 14:33:01,361260293558080.0
2025-12-18 15:33:01,361273592285280.0
2025-12-18 16:33:01,361293903882080.0
2025-12-18 17:33:01,361304160343680.0
2025-12-18 18:33:02,361298053442880.0
2025-12-18 19:33:02,361257307216480.0
2025-12-18 20:33:02,361244064413280.0
2025-12-18 21:33:02,361221415193280.0
2025-12-18 22:33:02,361185053408480.0
2025-12-18 23:33:02,361192122202080.0
2025-12-19 00:33:02,361222142205280.0
2025-12-19 01:33:02,361222500118880.0
2025-12-19 02:33:02,361230609098880.0
2025-12-19 03:33:02,361234848138080.0
2025-12-19 04:33:02,361246122416480.0
2025-12-19 05:33:03,361480141986880.0
2025-12-19 06:33:03,361493351235680.0
2025-12-19 07:33:03,361491427450080.0
2025-12-19 08:33:03,361473151486880.0
2025-12-19 09:33:03,361394734854080.0
2025-12-19 10:33:03,361417026160480.0
2025-12-19 11:33:03,361434071795680.0
2025-12-19 12:33:03,361454539979680.0
2025-12-19 13:33:03,361412843045280.0
2025-12-19 14:33:03,361426645088480.0
2025-12-19 15:33:03,361446979054880.0
2025-12-19 16:33:04,361453689934880.0
2025-12-19 17:33:04,361491818918080.0
2025-12-19 18:33:04,361518405187680.0
2025-12-19 19:33:04,361521089539680.0
2025-12-19 20:33:04,361522431715680.0
2025-12-19 21:33:04,361520060538080.0
2025-12-19 22:33:04,361548514669280.0
2025-12-19 23:33:04,361550706890080.0
2025-12-20 00:33:04,361550706890080.0
2025-12-20 01:33:04,361570313844480.0
2025-12-20 02:33:04,361583813898080.0
2025-12-20 03:33:05,361582494091680.0
2025-12-20 04:33:05,361602369481280.0
2025-12-20 05:33:05,361588779949280.0
2025-12-20 06:33:05,361586666022080.0
2025-12-20 07:33:05,361573065305280.0
2025-12-20 08:33:05,361581196654880.0
2025-12-20 09:33:05,361582057884480.0
2025-12-20 10:33:05,361560627807680.0
2025-12-20 11:33:05,361538783893280.0
2025-12-20 12:33:05,361553111622080.0
2025-12-20 13:33:05,361554420243680.0
2025-12-20 14:33:06,361561119938880.0
2025-12-20 15:33:06,361566578121280.0
2025-12-20 16:33:06,361570951378080.0
2025-12-20 17:33:06,361568591385280.0
2025-12-20 18:33:06,361565101727680.0
2025-12-20 19:33:06,361560225154880.0
2025-12-20 20:33:06,361566891295680.0
2025-12-20 21:33:06,361572528434880.0
2025-12-20 22:33:06,361576286527680.0
2025-12-20 23:33:06,361591632073280.0
2025-12-21 00:33:06,361621786294080.0
2025-12-21 01:33:06,361629749871680.0
2025-12-21 02:33:07,361639626050080.0
2025-12-21 03:33:07,361643865089280.0
2025-12-21 04:33:07,361648562705280.0
2025-12-21 05:33:07,361686948938880.0
2025-12-21 06:33:07,361698010706080.0
2025-12-21 07:33:07,361681278245280.0
2025-12-21 08:33:07,361601955643680.0
2025-12-21 09:33:07,361571264552480.0
2025-12-21 10:33:07,361553178730880.0
2025-12-21 11:33:07,361531569697280.0
2025-12-21 12:33:07,361541814974080.0
2025-12-21 13:33:08,361540864266080.0
2025-12-21 14:33:08,361545461218880.0
2025-12-21 15:33:08,361542128148480.0
2025-12-21 16:33:08,361542128148480.0
2025-12-21 17:33:08,361544141412480.0
2025-12-21 18:33:08,361541859713280.0
2025-12-21 19:33:08,361540696494080.0
2025-12-21 20:33:08,361543392030880.0
2025-12-21 21:33:08,361535338974880.0
2025-12-21 22:33:08,361520127646880.0
2025-12-21 23:33:08,361516145858080.0
2025-12-22 00:33:09,361555113701280.0
2025-12-22 01:33:09,361553223470080.0
2025-12-22 02:33:09,361550572672480.0
2025-12-22 03:33:09,361550472009280.0
2025-12-22 04:33:09,361550472009280.0
2025-12-22 05:33:09,361761887098880.0
2025-12-22 06:33:09,361800429919680.0
2025-12-22 07:33:09,361827318178880.0
2025-12-22 08:33:09,361822486345280.0
2025-12-22 09:33:09,361827866234080.0
2025-12-22 10:33:09,361850940476480.0
2025-12-22 11:33:10,361872370553280.0
2025-12-22 12:33:10,361890310972480.0
2025-12-22 13:33:10,361882392134080.0
2025-12-22 14:33:10,361860112012480.0
2025-12-22 15:33:10,361859138934880.0
2025-12-22 16:33:10,361869328287680.0
2025-12-22 17:33:10,361904426190080.0
2025-12-22 18:33:10,361908430348480.0
2025-12-22 19:33:10,361913004931680.0
2025-12-22 20:33:10,361913899715680.0
2025-12-22 21:33:10,361926560909280.0
2025-12-22 22:33:11,361930140045280.0
2025-12-22 23:33:11,361941783422080.0
2025-12-23 00:33:11,361975550333280.0
2025-12-23 01:33:11,361983334954080.0
2025-12-23 02:33:11,361988524701280.0
2025-12-23 03:33:11,361993009806080.0
2025-12-23 04:33:11,362007796111680.0
2025-12-23 05:33:11,362222398869280.0
2025-12-23 06:33:11,362234780442880.0
2025-12-23 07:33:11,362240406397280.0
2025-12-23 08:33:11,362226492506080.0
2025-12-23 09:33:12,362152449130080.0
2025-12-23 10:33:12,362147080426080.0
2025-12-23 11:33:12,362147002132480.0
2025-12-23 12:33:12,362178218909280.0
2025-12-23 13:33:12,362188329968480.0
2025-12-23 14:33:12,362186775281280.0
2025-12-23 15:33:12,362159171194880.0
2025-12-23 16:33:12,362160636403680.0
2025-12-23 17:33:12,362164785964480.0
2025-12-23 18:33:12,362172715987680.0
2025-12-23 19:33:12,362169628982880.0
2025-12-23 20:33:12,362173968685280.0
2025-12-23 21:33:13,362175478633280.0
2025-12-23 22:33:13,362180701934880.0
2025-12-23 23:33:13,362191618299680.0
2025-12-24 00:33:13,362213943160480.0
2025-12-24 01:33:13,362210587720480.0
2025-12-24 02:33:13,362224098958880.0
2025-12-24 03:33:13,362229467662880.0
2025-12-24 04:33:13,362230675621280.0
2025-12-24 05:33:13,362438220770080.0
2025-12-24 06:33:13,362447705480480.0
2025-12-24 07:33:13,362448242350880.0
2025-12-24 08:33:14,362421812668480.0
2025-12-24 09:33:14,362342836795680.0
2025-12-24 10:33:14,362332636258080.0
2025-12-24 11:33:14,362335991698080.0
2025-12-24 12:33:14,362351560939680.0
2025-12-24 13:33:14,362348160760480.0
2025-12-24 14:33:14,362354334770080.0
2025-12-24 15:33:14,362353395246880.0
2025-12-24 16:33:14,362361671998880.0
2025-12-24 17:33:14,362369590837280.0
2025-12-24 18:33:14,362375451672480.0
2025-12-24 19:33:14,362379925592480.0
2025-12-24 20:33:15,362375004280480.0
2025-12-24 21:33:15,362381178290080.0
2025-12-24 22:33:15,362391155131680.0
2025-12-24 23:33:15,362396300139680.0
2025-12-25 00:33:15,362405784850080.0
2025-12-25 01:33:15,362400069417280.0
2025-12-25 02:33:15,362407842853280.0
2025-12-25 03:33:15,362392944699680.0
2025-12-25 04:33:15,362390260347680.0
2025-12-25 05:33:15,362603688701280.0
2025-12-25 06:33:15,362618698702880.0
2025-12-25 07:33:16,362628407109280.0
2025-12-25 08:33:16,362597693648480.0
2025-12-25 09:33:16,362510407469280.0
2025-12-25 10:33:16,362481830305280.0
2025-12-25 11:33:16,362466182770080.0
2025-12-25 12:33:16,362480051922080.0
2025-12-25 13:33:16,362477278091680.0
2025-12-25 14:33:16,362482602056480.0
2025-12-25 15:33:16,362484794277280.0
2025-12-25 16:33:16,362488328674080.0
2025-12-25 17:33:16,362491773592480.0
2025-12-25 18:33:16,362495755381280.0
2025-12-25 19:33:17,362496560686880.0
2025-12-25 20:33:17,362503942654880.0
2025-12-25 21:33:17,362510116664480.0
2025-12-25 22:33:17,362512845755680.0
2025-12-25 23:33:17,362516066978080.0
2025-12-26 00:33:17,362516648587680.0
2025-12-26 01:33:17,362514993237280.0
2025-12-26 02:33:17,362515798542880.0
2025-12-26 03:33:17,362520048766880.0
2025-12-26 04:33:17,362524835861280.0
2025-12-26 05:33:17,362727101784480.0
2025-12-26 06:33:18,362745791585280.0
2025-12-26 07:33:18,362734439013280.0
2025-12-26 08:33:18,362644859950080.0
2025-12-26 09:33:18,362557461922880.0
2025-12-26 10:33:18,362545639589280.0
2025-12-26 11:33:18,362543268411680.0
2025-12-26 12:33:18,362567069666080.0
2025-12-26 13:33:18,362565570902880.0
2025-12-26 14:33:18,362570156670880.0
2025-12-26 15:33:18,362580625643680.0
2025-12-26 16:33:18,362586687805280.0
2025-12-26 17:33:19,362595400764480.0
2025-12-26 18:33:19,362579865077280.0
2025-12-26 19:33:19,362568590798880.0
2025-12-26 20:33:19,362539018187680.0
2025-12-26 21:33:19,362519735592480.0
2025-12-26 22:33:19,362524254251680.0
2025-12-26 23:33:19,362536065400480.0
2025-12-27 00:33:19,362561376602880.0
2025-12-27 01:33:19,362571319890080.0
2025-12-27 02:33:19,362593197358880.0
2025-12-27 03:33:19,362587202306080.0
2025-12-27 04:33:20,362590490637280.0
2025-12-27 05:33:20,362594517165280.0
2025-12-27 06:33:20,362597134408480.0
2025-12-27 07:33:20,362601362262880.0
2025-12-27 08:33:20,362603666331680.0
2025-12-27 09:33:20,362598789758880.0
2025-12-27 10:33:20,362598029192480.0
2025-12-27 11:33:20,362603890027680.0
2025-12-27 12:33:20,362600176674080.0
2025-12-27 13:33:20,362605813813280.0
2025-12-27 14:33:20,362610287733280.0
2025-12-27 15:33:20,362617177570080.0
2025-12-27 16:33:21,362611585170080.0
2025-12-27 17:33:21,362611003560480.0
2025-12-27 18:33:21,362608408686880.0
2025-12-27 19:33:21,362603934766880.0
2025-12-27 20:33:21,362603901212480.0
2025-12-27 21:33:21,362613318814080.0
2025-12-27 22:33:21,362613822130080.0
2025-12-27 23:33:21,362619604671680.0
2025-12-28 00:33:21,362635263391680.0
2025-12-28 01:33:21,362634983771680.0
2025-12-28 02:33:22,362648506194880.0
2025-12-28 03:33:22,362654143334080.0
2025-12-28 04:33:22,362658840950080.0
2025-12-28 05:33:22,362666077515680.0
2025-12-28 06:33:22,362672967352480.0
2025-12-28 07:33:22,362667755235680.0
2025-12-28 08:33:22,362673414744480.0
2025-12-28 09:33:22,362675528671680.0
2025-12-28 10:33:22,362679901928480.0
2025-12-28 11:33:22,362673996354080.0
2025-12-28 12:33:22,362682340214880.0
2025-12-28 13:33:22,362655563803680.0
2025-12-28 14:33:23,362652264287680.0
2025-12-28 15:33:23,362648316053280.0
2025-12-28 16:33:23,362652532722880.0
2025-12-28 17:33:23,362651470166880.0
2025-12-28 18:33:23,362654534802080.0
2025-12-28 19:33:23,362656369109280.0
2025-12-28 20:33:23,362659679810080.0
2025-12-28 21:33:23,362650217469280.0
2025-12-28 22:33:23,362548804887680.0
2025-12-28 23:33:23,362539778754080.0
2025-12-29 00:33:23,362558915946880.0
2025-12-29 01:33:23,362563244464480.0
2025-12-29 02:33:24,362579797968480.0
2025-12-29 03:33:24,362582213885280.0
2025-12-29 04:33:24,362579876262080.0
2025-12-29 05:33:24,362775923436480.0
2025-12-29 06:33:24,362783652133280.0
2025-12-29 07:33:24,362766640052480.0
2025-12-29 08:33:24,362713534622080.0
2025-12-29 09:33:24,362674197680480.0
2025-12-29 10:33:24,362676166205280.0
2025-12-29 11:33:24,362681445430880.0
2025-12-29 12:33:24,362701186602880.0
2025-12-29 13:33:25,362710906194080.0
2025-12-29 14:33:25,362715268266080.0
2025-12-29 15:33:25,362705761186080.0
2025-12-29 16:33:25,362699139784480.0
2025-12-29 17:33:25,362689610334880.0
2025-12-29 18:33:25,362690773554080.0
2025-12-29 19:33:25,362690818293280.0
2025-12-29 20:33:25,362692428904480.0
2025-12-29 21:33:25,362695605387680.0
2025-12-29 22:33:25,362700795134880.0
2025-12-29 23:33:25,362716632811680.0
2025-12-30 00:33:26,362741463067680.0
2025-12-30 01:33:26,362729294005280.0
2025-12-30 02:33:26,362727057045280.0
2025-12-30 03:33:26,362727057045280.0
2025-12-30 04:33:26,362729607179680.0
2025-12-30 05:33:26,362944400078880.0
2025-12-30 06:33:26,362948381867680.0
2025-12-30 07:33:26,362937018110880.0
2025-12-30 08:33:26,362925318810080.0
2025-12-30 09:33:26,362846689666080.0
2025-12-30 10:33:26,362839755090080.0
2025-12-30 11:33:27,362843781618080.0
2025-12-30 12:33:27,362864227432480.0
2025-12-30 13:33:27,362865659086880.0
2025-12-30 14:33:27,362874338491680.0
2025-12-30 15:33:27,362876877441280.0
2025-12-30 16:33:27,362869965234880.0
2025-12-30 17:33:27,362865032738080.0
2025-12-30 18:33:27,362874741144480.0
2025-12-30 19:33:27,362876575451680.0
2025-12-30 20:33:27,362879640086880.0
2025-12-30 21:33:27,362885075899680.0
2025-12-30 22:33:28,362894862599680.0
2025-12-30 23:33:28,362901506370880.0
2025-12-31 00:33:28,362908116587680.0
2025-12-31 01:33:28,362903105797280.0
2025-12-31 02:33:28,362914603771680.0
2025-12-31 03:33:28,362913753726880.0
2025-12-31 04:33:28,362916885470880.0
2025-12-31 05:33:28,363132125762080.0
2025-12-31 06:33:28,363130112498080.0
2025-12-31 07:33:28,363132707371680.0
2025-12-31 08:33:28,363104521675680.0
2025-12-31 09:33:29,363028185415680.0
2025-12-31 10:33:29,362998937163680.0
2025-12-31 11:33:29,362997908162080.0
2025-12-31 12:33:29,363010166702880.0
2025-12-31 13:33:29,363014282709280.0
2025-12-31 14:33:29,363017280235680.0
2025-12-31 15:33:29,363025154334880.0
2025-12-31 16:33:29,363028554514080.0
2025-12-31 17:33:29,363029136123680.0
2025-12-31 18:33:29,363021496905280.0
2025-12-31 19:33:29,363023767419680.0
2025-12-31 20:33:30,363020635675680.0
2025-12-31 21:33:30,363024572725280.0
2025-12-31 22:33:30,363026563619680.0
2025-12-31 23:33:30,363016855213280.0
2026-01-01 00:33:30,363019584304480.0
2026-01-01 01:33:30,363032558672480.0
2026-01-01 02:33:30,363028800579680.0
2026-01-01 03:33:30,363019718522080.0
2026-01-01 04:33:30,362999227968480.0
2026-01-01 05:33:30,363186841803680.0
2026-01-01 06:33:30,363186931282080.0
2026-01-01 07:33:31,363196594949280.0
2026-01-01 08:33:31,363163734006880.0
2026-01-01 09:33:31,363079579571680.0
2026-01-01 10:33:31,363070900166880.0
2026-01-01 11:33:31,363065755158880.0
2026-01-01 12:33:31,363061102282080.0
2026-01-01 13:33:31,363057299450080.0
2026-01-01 14:33:31,363052020224480.0
2026-01-01 15:33:31,363056852058080.0
2026-01-01 16:33:31,363059435746880.0
2026-01-01 17:33:31,363041372294880.0
2026-01-01 18:33:32,363025534618080.0
2026-01-01 19:33:32,363028934797280.0
2026-01-01 20:33:32,363028576883680.0
2026-01-01 21:33:32,363041461773280.0
2026-01-01 22:33:32,363053630835680.0
2026-01-01 23:33:32,363057500776480.0
2026-01-02 00:33:32,363068976381280.0
2026-01-02 01:33:32,363083852165280.0
2026-01-02 02:33:32,363069759317280.0
2026-01-02 03:33:32,363054704576480.0
2026-01-02 04:33:32,363058015277280.0
2026-01-02 05:33:32,363268021082080.0
2026-01-02 06:33:33,363250270804480.0
2026-01-02 07:33:33,363245282383680.0
2026-01-02 08:33:33,363222957522880.0
2026-01-02 09:33:33,363139116262080.0
2026-01-02 10:33:33,363146095577280.0
2026-01-02 11:33:33,363156654028480.0
2026-01-02 12:33:33,363153253849280.0
2026-01-02 13:33:33,363152761718080.0
2026-01-02 14:33:33,363150211583680.0
2026-01-02 15:33:33,363170433702080.0
2026-01-02 16:33:33,363178620975680.0
2026-01-02 17:33:34,363174236534080.0
2026-01-02 18:33:34,363179370357280.0
2026-01-02 19:33:34,363173475967680.0
2026-01-02 20:33:34,363179157846080.0
2026-01-02 21:33:34,363213070159680.0
2026-01-02 22:33:34,363224970786880.0
2026-01-02 23:33:34,363233012658080.0
2026-01-03 00:33:34,363213696508480.0
2026-01-03 01:33:34,363220407388480.0
2026-01-03 02:33:34,363236558239680.0
2026-01-03 03:33:34,363247295647680.0
2026-01-03 04:33:34,363272316045280.0
2026-01-03 05:33:35,363283489660480.0
2026-01-03 06:33:35,363303622300480.0
2026-01-03 07:33:35,363331036245280.0
2026-01-03 08:33:35,363360530562880.0
2026-01-03 09:33:35,363385002905280.0
2026-01-03 10:33:35,363393816527680.0
2026-01-03 11:33:35,363401735366080.0
2026-01-03 12:33:35,363417304607680.0
2026-01-03 13:33:35,363418825740480.0
2026-01-03 14:33:35,363431934326080.0
2026-01-03 15:33:35,363436743790080.0
2026-01-03 16:33:36,363443432300480.0
2026-01-03 17:33:36,363446787740480.0
2026-01-03 18:33:36,363472020649280.0
2026-01-03 19:33:36,363495687686080.0
2026-01-03 20:33:36,363503159132480.0
2026-01-03 21:33:36,363526155081280.0
2026-01-03 22:33:36,363526580103680.0
2026-01-03 23:33:36,363539621580480.0
2026-01-04 00:33:36,363549833302880.0
2026-01-04 01:33:36,363556756694080.0
2026-01-04 02:33:36,363588387308480.0
2026-01-04 03:33:37,363594158665280.0
2026-01-04 04:33:37,363614157087680.0
2026-01-04 05:33:37,363631873810880.0
2026-01-04 06:33:37,363620487684480.0
2026-01-04 07:33:37,363554743430080.0
2026-01-04 08:33:37,363558098870080.0
2026-01-04 09:33:37,363559038393280.0
2026-01-04 10:33:37,363573120056480.0
2026-01-04 11:33:37,363592212510080.0
2026-01-04 12:33:37,363618530344480.0
2026-01-04 13:33:37,363629401970080.0
2026-01-04 14:33:38,363636660905280.0
2026-01-04 15:33:38,363606327727680.0
2026-01-04 16:33:38,363592413836480.0
2026-01-04 17:33:38,363580781644480.0
2026-01-04 18:33:38,363563780748480.0
2026-01-04 19:33:38,363561700375680.0
2026-01-04 20:33:38,363578499945280.0
2026-01-04 21:33:38,363595992972480.0
2026-01-04 22:33:38,363617445418880.0
2026-01-04 23:33:38,363637645167680.0
2026-01-05 00:33:38,363642655958080.0
2026-01-05 01:33:39,363644579743680.0
2026-01-05 02:33:39,363646145615680.0
2026-01-05 03:33:39,363645877180480.0
2026-01-05 04:33:39,363684598958080.0
2026-01-05 05:33:39,363901058392480.0
2026-01-05 06:33:39,363917399385280.0
2026-01-05 07:33:39,363916817775680.0
2026-01-05 08:33:39,363914804511680.0
2026-01-05 09:33:39,363913641292480.0
2026-01-05 10:33:39,363931469863680.0
2026-01-05 11:33:39,363970370598080.0
2026-01-05 12:33:39,363972372677280.0
2026-01-05 13:33:40,363978871046080.0
2026-01-05 14:33:40,363991487500480.0
2026-01-05 15:33:40,364010132562080.0
2026-01-05 16:33:40,364041550665280.0
2026-01-05 17:33:40,364036360918080.0
2026-01-05 18:33:40,364039403183680.0
2026-01-05 19:33:40,364051303810880.0
2026-01-05 20:33:40,364080831682880.0
2026-01-05 21:33:40,364103201282880.0
2026-01-05 22:33:40,364113804473280.0
2026-01-05 23:33:40,364111164860480.0
2026-01-06 00:33:41,364098727362880.0
2026-01-06 01:33:41,364104275023680.0
2026-01-06 02:33:41,364145748262080.0
2026-01-06 03:33:41,364146777263680.0
2026-01-06 04:33:41,364164270290880.0
2026-01-06 05:33:41,364167894166080.0
2026-01-06 06:33:41,364171283160480.0
2026-01-06 07:33:41,364200207053280.0
2026-01-06 08:33:41,364413959766080.0
2026-01-06 09:33:41,364432638382080.0
2026-01-06 10:33:41,364414597299680.0
2026-01-06 11:33:41,364364355178080.0
2026-01-06 12:33:42,364380539583680.0
2026-01-06 13:33:42,364379007266080.0
2026-01-06 14:33:42,364401231463680.0
2026-01-06 15:33:42,364401209094080.0
2026-01-06 16:33:42,364379376364480.0
2026-01-06 17:33:42,364356872546880.0
2026-01-06 18:33:42,364380315887680.0
2026-01-06 19:33:42,364399643222080.0
2026-01-06 20:33:42,364404832969280.0
2026-01-06 21:33:42,364421162777280.0
2026-01-06 22:33:42,364450869606080.0
2026-01-06 23:33:42,364464380844480.0
2026-01-07 00:33:43,364450780127680.0
2026-01-07 01:33:43,364454001350080.0
2026-01-07 02:33:43,364464917714880.0
2026-01-07 03:33:43,364495250892480.0
2026-01-07 04:33:43,364512386006080.0
2026-01-07 05:33:43,364725836729280.0
2026-01-07 06:33:43,364733084479680.0
2026-01-07 07:33:43,364762075481280.0
2026-01-07 08:33:43,364765721726080.0
2026-01-07 09:33:43,364721183852480.0
2026-01-24 21:35:42,366481212754720.0
2026-01-24 22:35:42,366506389739520.0
2026-01-24 23:35:42,366514644121920.0
2026-01-25 00:35:42,366525023616320.0
2026-01-25 01:35:42,366528177729920.0
2026-01-25 02:35:43,366527551381120.0
2026-01-25 03:35:43,366523927505920.0
2026-01-25 04:35:43,366551028276320.0
2026-01-25 05:35:43,366560524171520.0
2026-01-25 06:35:43,366544686494720.0
2026-01-25 07:35:43,366546386584320.0
2026-01-25 08:35:43,366546420138720.0
2026-01-25 09:35:43,366539608595520.0
2026-01-25 10:35:43,366539205942720.0
2026-01-25 11:35:43,366525828921920.0
2026-01-25 12:35:44,366518894345920.0
2026-01-25 13:35:44,366513861185920.0
2026-01-25 14:35:44,366540302053120.0
2026-01-25 15:35:44,366567414008320.0
2026-01-25 16:35:44,366548880794720.0
2026-01-25 17:35:44,366532517432320.0
2026-01-25 18:35:44,366520739837920.0
2026-01-25 19:35:44,366513067065120.0
2026-01-25 20:35:44,366500618382720.0
2026-01-25 21:35:44,366499231467520.0
2026-01-25 22:35:45,366506345000320.0
2026-01-25 23:35:45,366539418453920.0
2026-01-26 00:35:45,366554618597120.0
2026-01-26 01:35:45,366561866347520.0
2026-01-26 02:35:45,366543165361920.0
2026-01-26 03:35:45,366536454481920.0
2026-01-26 04:35:45,366542449534720.0
2026-01-26 05:35:45,366543791710720.0
2026-01-26 06:35:45,366567235051520.0
2026-01-26 07:35:45,366562235445920.0
2026-01-26 08:35:46,366589190813920.0
2026-01-26 09:35:46,366617577836320.0
2026-01-26 10:35:46,366623830139520.0
2026-01-26 11:35:46,366633974753120.0
2026-01-26 12:35:46,366656210135520.0
2026-01-26 13:35:46,366662037416320.0
2026-01-26 14:35:46,366684194505120.0
2026-01-26 15:35:46,366694820065120.0
2026-01-26 16:35:47,366711216981920.0
2026-01-26 17:35:47,366739749406720.0
2026-01-26 18:35:47,366757029922720.0
2026-01-26 19:35:47,366771905706720.0
2026-01-26 20:35:47,366776793464320.0
2026-01-26 21:35:47,366784544530720.0
2026-01-26 22:35:47,366784578085120.0
2026-01-26 23:35:47,366794554926720.0
2026-01-27 00:35:47,366823859102720.0
2026-01-27 01:35:47,366827147433920.0
2026-01-27 02:35:48,366840457345920.0
2026-01-27 03:35:48,366895016800320.0
2026-01-27 04:35:48,366907856950720.0
2026-01-27 05:35:48,367085147215520.0
2026-01-27 06:35:48,367150455262720.0
2026-01-27 07:35:48,367186022926720.0
2026-01-27 08:35:48,367193662145120.0
2026-01-27 09:35:48,367217060746720.0
2026-01-27 10:35:48,367274092041920.0
2026-01-27 11:35:48,367296595859520.0
2026-01-27 12:35:49,367343650313120.0
2026-01-27 13:35:49,367360807796320.0
2026-01-27 14:35:49,367388937568320.0
2026-01-27 15:35:49,367426876409920.0
2026-01-27 16:35:49,367466772591520.0
2026-01-27 17:35:49,367509822886720.0
2026-01-27 18:35:49,367545110930720.0
2026-01-27 19:35:49,367581070062720.0
2026-01-27 20:35:49,367601851421120.0
2026-01-27 21:35:49,367632352370720.0
2026-01-27 22:35:50,367659688021920.0
2026-01-27 23:35:50,367673087412320.0
2026-01-28 00:35:50,367717972014720.0
2026-01-28 01:35:50,367730498990720.0
2026-01-28 02:35:50,367745788612320.0
2026-01-28 03:35:50,367753741005120.0
2026-01-28 04:35:50,367764232347520.0
2026-01-28 05:35:50,367983857080320.0
2026-01-28 06:35:50,368008955771520.0
2026-01-28 07:35:51,368029580542720.0
2026-01-28 08:35:51,368005544407520.0
2026-01-28 09:35:51,367976933689120.0
2026-01-28 10:35:51,367985277549920.0
2026-01-28 11:35:51,367963511929120.0
2026-01-28 12:35:51,367973063748320.0
2026-01-28 13:35:51,367955514797120.0
2026-01-28 14:35:51,367966822629920.0
2026-01-28 15:35:51,367879391048320.0
2026-01-28 16:35:51,367744960937120.0
2026-01-28 17:35:52,367763963912320.0
2026-01-28 18:35:52,367518457552320.0
2026-01-28 19:35:52,366664967833920.0
2026-01-28 20:35:52,365993499550720.0
2026-01-28 21:35:52,365682304860320.0
2026-01-28 22:35:52,365550245926720.0
2026-01-28 23:35:52,365477253921920.0
2026-01-29 00:35:52,365478238184320.0
2026-01-29 01:35:52,365471460195520.0
2026-01-29 02:35:52,365488416352320.0
2026-01-29 03:35:53,365477410509120.0
2026-01-29 04:35:53,365469849584320.0
2026-01-29 05:35:53,365659275357120.0
2026-01-29 06:35:53,365665046713920.0
2026-01-29 07:35:53,365665583584320.0
2026-01-29 08:35:53,365638326226720.0
2026-01-29 09:35:53,365615934257120.0
2026-01-29 10:35:53,365613686112320.0
2026-01-29 11:35:53,365608283853920.0
2026-01-29 12:35:54,365620497655520.0
2026-01-29 13:35:54,365628271091520.0
2026-01-29 14:35:54,365620039078720.0
2026-01-29 15:35:54,365620195665920.0
2026-01-29 16:35:54,365650864387520.0
2026-01-29 17:35:54,365672395127520.0
2026-01-29 18:35:54,365681891022720.0
2026-01-29 19:35:54,365679900128320.0
2026-01-29 20:35:54,365673893890720.0
2026-01-29 21:35:54,365666925760320.0
2026-01-29 22:35:55,365665125007520.0
2026-01-29 23:35:55,365671120060320.0
2026-01-30 00:35:55,365682808176320.0
2026-01-30 01:35:55,365698824809920.0
2026-01-30 02:35:55,365704372470720.0
2026-01-30 03:35:55,365709293782720.0
2026-01-30 04:35:55,365713297941120.0
2026-01-30 05:35:55,365923080049920.0
2026-01-30 06:35:55,365956321275520.0
2026-01-30 07:35:55,365970995733120.0
2026-01-30 08:35:55,365988231509920.0
2026-01-30 09:35:56,365928661265120.0
2026-01-30 10:35:56,365946165477120.0
2026-01-30 11:35:56,365915675712320.0
2026-01-30 12:35:56,365932341064320.0
2026-01-30 13:35:56,365942083025120.0
2026-01-30 14:35:56,365965347409120.0
2026-01-30 15:35:56,365960839934720.0
2026-01-30 16:35:56,365999405125120.0
2026-01-30 17:35:56,366026874993920.0
2026-01-30 18:35:56,366047208960320.0
2026-01-30 19:35:57,366063326257120.0
2026-01-30 20:35:57,366067006056320.0
2026-01-30 21:35:57,366016182325120.0
2026-01-30 22:35:57,365937575550720.0
2026-01-30 23:35:57,365874627496320.0
2026-01-31 00:35:57,365892612654720.0
2026-01-31 01:35:57,365903081627520.0
2026-01-31 02:35:57,365909311561120.0
2026-01-31 03:35:57,365912790033920.0
2026-01-31 04:35:57,365918896934720.0
2026-01-31 05:35:58,365922655027520.0
2026-01-31 06:35:58,365920820720320.0
2026-01-31 07:35:58,365924668291520.0
2026-01-31 08:35:58,365928202688320.0
2026-01-31 09:35:58,365926010467520.0
2026-01-31 10:35:58,365926994729920.0
2026-01-31 11:35:58,365921581286720.0
2026-01-31 12:35:58,365937240006720.0
2026-01-31 13:35:58,365942206057920.0
2026-01-31 14:35:58,365945315432320.0
2026-01-31 15:35:59,365947440544320.0
2026-01-31 16:35:59,365948514285120.0
2026-01-31 17:35:59,365937016310720.0
2026-01-31 18:35:59,365941590893920.0
2026-01-31 19:35:59,365952093421120.0
2026-01-31 20:35:59,365956030470720.0
2026-01-31 21:35:59,365963244666720.0
2026-01-31 22:35:59,365975022261120.0
2026-01-31 23:35:59,365979115897920.0
2026-02-01 00:35:59,365992716614720.0
2026-02-01 01:36:00,365999874886720.0
2026-02-01 02:36:00,366018486393920.0
2026-02-01 03:36:00,366027009211520.0
2026-02-01 04:36:00,366028821149120.0
2026-02-01 05:36:00,366030029107520.0
2026-02-01 06:36:00,366050922313920.0
2026-02-01 07:36:00,366046672089920.0
2026-02-01 08:36:00,366003073739520.0
2026-02-01 09:36:00,365977359884320.0
2026-02-01 10:36:00,365967204085920.0
2026-02-01 11:36:01,365940718479520.0
2026-02-01 12:36:01,365930260691520.0
2026-02-01 13:36:01,365925596629920.0
2026-02-01 14:36:01,365923773507520.0
2026-02-01 15:36:01,365923594550720.0
2026-02-01 16:36:01,365925059759520.0
2026-02-01 17:36:01,365928336905920.0
2026-02-01 18:36:01,365928873776320.0
2026-02-01 19:36:01,365928471123520.0
2026-02-01 20:36:01,365929220505120.0
2026-02-01 21:36:02,365945214769120.0
2026-02-01 22:36:02,365952809248320.0
2026-02-01 23:36:02,365944196952320.0
2026-02-02 00:36:02,365944118658720.0
2026-02-02 01:36:02,365949006416320.0
2026-02-02 02:36:02,365939588814720.0
2026-02-02 03:36:02,365933895751520.0
2026-02-02 04:36:02,365933012152320.0
2026-02-02 05:36:02,366145098329920.0
2026-02-02 06:36:02,366150355185920.0
2026-02-02 07:36:03,366143733784320.0
2026-02-02 08:36:03,366140467822720.0
2026-02-02 09:36:03,366144002219520.0
2026-02-02 10:36:03,366158855633920.0
2026-02-02 11:36:03,366168821290720.0
2026-02-02 12:36:03,366179435665920.0
2026-02-02 13:36:03,366186806449120.0
2026-02-02 14:36:03,366197912955520.0
2026-02-02 15:36:03,366218951564320.0
2026-02-02 16:36:03,366240907326720.0
2026-02-02 17:36:04,366255771925920.0
2026-02-02 18:36:04,366277134893920.0
2026-02-02 19:36:04,366288174291520.0
2026-02-02 20:36:04,366290579023520.0
2026-02-02 21:36:04,366302837564320.0
2026-02-02 22:36:04,366312836775520.0
2026-02-02 23:36:04,366330285063520.0
2026-02-03 00:36:04,366359007629920.0
2026-02-03 01:36:04,366362005156320.0
2026-02-03 02:36:04,366365002682720.0
2026-02-03 03:36:05,366368067317920.0
2026-02-03 04:36:05,366384061581920.0
2026-02-03 05:36:05,366586372244320.0
2026-02-03 06:36:05,366594514778720.0
2026-02-03 07:36:05,366597780740320.0
2026-02-03 08:36:05,366556139729920.0
2026-02-03 09:36:05,366515102698720.0
2026-02-03 10:36:05,366498224835520.0
2026-02-03 11:36:05,366484858999520.0
2026-02-03 12:36:05,366492375185120.0
2026-02-03 13:36:06,366468383789120.0
2026-02-03 14:36:06,366479658067520.0
2026-02-03 15:36:06,366494791101920.0
2026-02-03 16:36:06,366513659859520.0
2026-02-03 17:36:06,366541890294720.0
2026-02-03 18:36:06,366559573463520.0
2026-02-03 19:36:06,366565076385120.0
2026-02-03 20:36:06,366571843189120.0
2026-02-03 21:36:06,366577066490720.0
2026-02-03 22:36:06,366581115388320.0
2026-02-03 23:36:07,366596080650720.0
2026-02-04 00:36:07,366620821428320.0
2026-02-04 01:36:07,366643727898720.0
2026-02-04 02:36:07,366662428884320.0
2026-02-04 03:36:07,366662205188320.0
2026-02-04 04:36:07,366682214795520.0
2026-02-04 05:36:07,366888719757920.0
2026-02-04 06:36:07,366896370161120.0
2026-02-04 07:36:07,366899099252320.0
2026-02-04 08:36:08,366878027089120.0
2026-02-04 09:36:08,366826465161120.0
2026-02-04 10:36:08,366802686276320.0
2026-02-04 11:36:08,366779813360320.0
2026-02-04 12:36:08,366799509793120.0
2026-02-04 13:36:08,366802574428320.0
2026-02-04 14:36:08,366800617088320.0
2026-02-04 15:36:08,366822516926720.0
2026-02-04 16:36:08,366849024902720.0
2026-02-04 17:36:08,366873553169120.0
2026-02-04 18:36:09,366915663941120.0
2026-02-04 19:36:09,366928302765120.0
2026-02-04 20:36:09,366933011565920.0
2026-02-04 21:36:09,366937709181920.0
2026-02-04 22:36:09,366928738972320.0
2026-02-04 23:36:09,366886236732320.0
2026-02-05 00:36:09,366923280789920.0
2026-02-05 01:36:09,366949811135520.0
2026-02-05 02:36:09,366954508751520.0
2026-02-05 03:36:09,366959966933920.0
2026-02-05 04:36:09,366967841033120.0
2026-02-05 05:36:10,366984931407520.0
2026-02-05 06:36:10,366987436802720.0
2026-02-05 07:36:10,367051436228320.0
2026-02-05 08:36:10,367211591379520.0
2026-02-05 09:36:10,367202341549920.0
2026-02-05 10:36:10,367155533161920.0
2026-02-05 11:36:10,367109887993120.0
2026-02-05 12:36:10,367080650925920.0
2026-02-05 13:36:10,367064712585920.0
2026-02-05 14:36:11,367072105738720.0
2026-02-05 15:36:11,367062430886720.0
2026-02-05 16:36:11,367092864727520.0
2026-02-05 17:36:11,367963142830720.0
2026-02-05 18:36:11,368017400295520.0
2026-02-05 19:36:11,368130747058720.0
2026-02-05 20:36:11,368267827967520.0
2026-02-05 21:36:11,368390581147520.0
2026-02-05 22:36:11,368544584658720.0
2026-02-05 23:36:11,368580320094720.0
2026-02-06 00:36:12,368429962828320.0
2026-02-06 01:36:12,368237405311520.0
2026-02-06 02:36:12,368159357777120.0
2026-02-06 03:36:12,368046111677120.0
2026-02-06 04:36:12,367960134119520.0
2026-02-06 05:36:12,368023272315520.0
2026-02-06 06:36:12,368086097337120.0
2026-02-06 07:36:12,368225884967520.0
2026-02-06 08:36:12,368171605133120.0
2026-02-06 09:36:12,368097662420320.0
2026-02-06 10:36:13,368069163549920.0
2026-02-06 11:36:13,368011483536320.0
2026-02-06 12:36:13,368023451272320.0
2026-02-06 13:36:13,368031112860320.0
2026-02-06 14:36:13,368016102858720.0
2026-02-06 15:36:13,368019950429920.0
2026-02-06 16:36:13,368035385453920.0
2026-02-06 17:36:13,368054108809120.0
2026-02-06 18:36:13,368062117125920.0
2026-02-06 19:36:13,368064331716320.0
2026-02-06 20:36:14,368066445643520.0
2026-02-06 21:36:14,368069118810720.0
2026-02-06 22:36:14,368074946091520.0
2026-02-06 23:36:14,368072317663520.0
2026-02-07 00:36:14,368088960645920.0
2026-02-07 01:36:14,368090123865120.0
2026-02-07 02:36:14,368075013200320.0
2026-02-07 03:36:14,368070572834720.0
2026-02-07 04:36:14,368059175523520.0
2026-02-07 05:36:14,368067217394720.0
2026-02-07 06:36:15,368054466722720.0
2026-02-07 07:36:15,368059768317920.0
2026-02-07 08:36:15,368052341610720.0
2026-02-07 09:36:15,368028808791520.0
2026-02-07 10:36:15,368023283500320.0
2026-02-07 11:36:15,367957360289120.0
2026-02-07 12:36:15,367914701461920.0
2026-02-07 13:36:15,367903471922720.0
2026-02-07 14:36:15,367892354231520.0
2026-02-07 15:36:15,367881180616320.0
2026-02-07 16:36:16,367875577031520.0
2026-02-07 17:36:16,367877500817120.0
2026-02-07 18:36:16,367873183484320.0
2026-02-07 19:36:16,367877053425120.0
2026-02-07 20:36:16,367881482605920.0
2026-02-07 21:36:16,367890251489120.0
2026-02-07 22:36:16,367899557242720.0
2026-02-07 23:36:16,367916871313120.0
2026-02-08 00:36:16,367949217754720.0
2026-02-08 01:36:17,367956823418720.0
2026-02-08 02:36:17,367972929530720.0
2026-02-08 03:36:17,367974763837920.0
2026-02-08 04:36:17,367959060378720.0
2026-02-08 05:36:17,367959149857120.0
2026-02-08 06:36:17,367959820945120.0
2026-02-08 07:36:17,367958478769120.0
2026-02-08 08:36:17,367966218650720.0
2026-02-08 09:36:17,367973421661920.0
2026-02-08 10:36:17,367980937847520.0
2026-02-08 11:36:18,367988185597920.0
2026-02-08 12:36:18,367992704257120.0
2026-02-08 13:36:18,368003262708320.0
2026-02-08 14:36:18,368008586673120.0
2026-02-08 15:36:18,367988073749920.0
2026-02-08 16:36:18,367968287838720.0
2026-02-08 17:36:18,367953915370720.0
2026-02-08 18:36:18,367920953765120.0
2026-02-08 19:36:18,367913202698720.0
2026-02-08 20:36:19,367914902788320.0
2026-02-08 21:36:19,367923134801120.0
2026-02-08 22:36:19,367937216464320.0
2026-02-08 23:36:19,367945057009120.0
2026-02-09 00:36:19,367954675937120.0
2026-02-09 01:36:19,367959328813920.0
2026-02-09 02:36:19,367963713255520.0
2026-02-09 03:36:19,367944822128320.0
2026-02-09 04:36:19,367920461633920.0
2026-02-09 05:36:19,368126519204320.0
2026-02-09 06:36:20,368121239978720.0
2026-02-09 07:36:20,368109686080320.0
2026-02-09 08:36:20,368103869984320.0
2026-02-09 09:36:20,368098333508320.0
2026-02-09 10:36:20,368110323613920.0
2026-02-09 11:36:20,368118723398720.0
2026-02-09 12:36:20,368149157239520.0
2026-02-09 13:36:20,368167858225120.0
2026-02-09 14:36:20,368177298196320.0
2026-02-09 15:36:20,368200405993120.0
2026-02-09 16:36:21,368221992657120.0
2026-02-09 17:36:21,368257012265920.0
2026-02-09 18:36:21,368288128379520.0
2026-02-09 19:36:21,368297434133120.0
2026-02-09 20:36:21,368298183514720.0
2026-02-09 21:36:21,368308607748320.0
2026-02-09 22:36:21,368324635566720.0
2026-02-09 23:36:21,368334243309920.0
2026-02-10 00:36:21,368366500273120.0
2026-02-10 01:36:22,368368647754720.0
2026-02-10 02:36:22,368362429005920.0
2026-02-10 03:36:22,368364397530720.0
2026-02-10 04:36:22,368368871450720.0
2026-02-10 05:36:22,368595766303520.0
2026-02-10 06:36:22,368597086109920.0
2026-02-10 07:36:22,368610239434720.0
2026-02-10 08:36:22,368570790645120.0
2026-02-10 09:36:22,368543074710720.0
2026-02-10 10:36:22,368534026207520.0
2026-02-10 11:36:23,368547682848320.0
2026-02-10 12:36:23,368572770354720.0
2026-02-10 13:36:23,368577501525120.0
2026-02-10 14:36:23,368566160137920.0
2026-02-10 15:36:23,368569817567520.0
2026-02-10 16:36:23,368606045134720.0
2026-02-10 17:36:23,368629331888320.0
2026-02-10 18:36:23,368663165908320.0
2026-02-10 19:36:23,368676766625120.0
2026-02-10 20:36:24,368688354077920.0
2026-02-10 21:36:24,368693006954720.0
2026-02-10 22:36:24,368707927477920.0
2026-02-10 23:36:24,368713139594720.0
2026-02-11 00:36:24,368747678257120.0
2026-02-11 01:36:24,368756044487520.0
2026-02-11 02:36:24,368773023013920.0
2026-02-11 03:36:24,368793356980320.0
2026-02-11 04:36:24,368794028068320.0
2026-02-11 05:36:24,369008239357920.0
2026-02-11 06:36:25,369021482161120.0
2026-02-11 07:36:25,369024882340320.0
2026-02-11 08:36:25,368991730593120.0
2026-02-11 09:36:25,368963701484320.0
2026-02-11 10:36:25,368959887467520.0
2026-02-11 11:36:25,368962806700320.0
2026-02-11 12:36:25,368969920233120.0
2026-02-11 13:36:25,368984885495520.0
2026-02-11 14:36:25,368994705749920.0
2026-02-11 15:36:25,369002568664320.0
2026-02-11 16:36:26,369019133353120.0
2026-02-11 17:36:26,369060651330720.0
2026-02-11 18:36:26,369090839105920.0
2026-02-11 19:36:26,369107940665120.0
2026-02-11 20:36:26,369113175151520.0
2026-02-11 21:36:26,369126417954720.0
2026-02-11 22:36:26,369146461116320.0
2026-02-11 23:36:26,369169457065120.0
2026-02-12 00:36:26,369193079362720.0
2026-02-12 01:36:26,369227618025120.0
2026-02-12 02:36:27,369254819458720.0
2026-02-12 03:36:27,369256519548320.0
2026-02-12 04:36:27,369283642688320.0
2026-02-12 05:36:27,369496813791520.0
2026-02-12 06:36:27,369515783212320.0
2026-02-12 07:36:27,369519630783520.0
2026-02-12 08:36:27,369493592569120.0
2026-02-12 09:36:27,369462241574720.0
2026-02-12 10:36:27,369444200492320.0
2026-02-12 11:36:27,369462319868320.0
2026-02-12 12:36:28,369460966507520.0
2026-02-12 13:36:28,369481703126720.0
2026-02-12 14:36:28,369504374716320.0
2026-02-12 15:36:28,369534506567520.0
2026-02-12 16:36:28,369559896063520.0
2026-02-12 17:36:28,369587063942720.0
2026-02-12 18:36:28,369624633685920.0
2026-02-12 19:36:28,369638379805120.0
2026-02-12 20:36:28,369618146501920.0
2026-02-12 21:36:28,369623593499520.0
2026-02-12 22:36:29,369651342988320.0
2026-02-12 23:36:29,369675099503520.0
2026-02-13 00:36:29,369700914021920.0
2026-02-13 01:36:29,369701025869920.0
2026-02-13 02:36:29,369686821173920.0
2026-02-13 03:36:29,369709425654720.0
2026-02-13 04:36:29,369734378943520.0
2026-02-13 05:36:29,369948008623520.0
2026-02-13 06:36:29,369969818983520.0
2026-02-13 07:36:29,369972055943520.0
2026-02-13 08:36:30,369930314269920.0
2026-02-13 09:36:30,369881011671520.0
2026-02-13 10:36:30,369870386111520.0
2026-02-13 11:36:30,369875788369920.0
2026-02-13 12:36:30,369885854689920.0
2026-02-13 13:36:30,369876425903520.0
2026-02-13 14:36:30,369899768581120.0
2026-02-13 15:36:30,369914096309920.0
2026-02-13 16:36:30,369955289928320.0
2026-02-13 17:36:30,369985857986720.0
2026-02-13 18:36:31,369998295484320.0
2026-02-13 19:36:31,370000487705120.0
2026-02-13 20:36:31,369981607762720.0
2026-02-13 21:36:31,369953768795520.0
2026-02-13 22:36:31,369952012781920.0
2026-02-13 23:36:31,369950357431520.0
2026-02-14 00:36:31,369980567576320.0
2026-02-14 01:36:31,370021492759520.0
2026-02-14 02:36:31,370048559975520.0
2026-02-14 03:36:31,370081890679520.0
2026-02-14 04:36:32,370092359652320.0
2026-02-14 05:36:32,370105512977120.0
2026-02-14 06:36:32,370115489818720.0
2026-02-14 07:36:32,370125254149120.0
2026-02-14 08:36:32,370125410736320.0
2026-02-14 09:36:32,370132401236320.0
2026-02-14 10:36:32,370146516453920.0
2026-02-14 11:36:32,370149245545120.0
2026-02-14 12:36:32,370152757572320.0
2026-02-14 13:36:32,370158819733920.0
2026-02-14 14:36:33,370167745204320.0
2026-02-14 15:36:33,370178963558720.0
2026-02-14 16:36:33,370199879134720.0
2026-02-14 17:36:33,370215660887520.0
2026-02-14 18:36:33,370232068989120.0
2026-02-14 19:36:33,370239551620320.0
2026-02-14 20:36:33,370253957642720.0
2026-02-14 21:36:33,370266305661920.0
2026-02-14 22:36:33,370289525306720.0
2026-02-14 23:36:33,370310138893120.0
2026-02-15 00:36:34,370343279455520.0
2026-02-15 01:36:34,370383388148320.0
2026-02-15 02:36:34,370400299565920.0
2026-02-15 03:36:34,370364452281920.0
2026-02-15 04:36:34,370346757928320.0
2026-02-15 05:36:34,370329343194720.0
2026-02-15 06:36:34,370318314981920.0
2026-02-15 07:36:34,370332564417120.0
2026-02-15 08:36:34,370335696161120.0
2026-02-15 09:36:34,370343805141120.0
2026-02-15 10:36:35,370342843248320.0
2026-02-15 11:36:35,370351936490720.0
2026-02-15 12:36:35,370347149396320.0
2026-02-15 13:36:35,370337832457920.0
2026-02-15 14:36:35,370358692109920.0
2026-02-15 15:36:35,370364373988320.0
2026-02-15 16:36:35,370384685585120.0
2026-02-15 17:36:35,370404012919520.0
2026-02-15 18:36:35,370413273933920.0
2026-02-15 19:36:35,370430856439520.0
2026-02-15 20:36:36,370447790226720.0
2026-02-15 21:36:36,370480561690720.0
2026-02-15 22:36:36,370501544375520.0
2026-02-15 23:36:36,370520782231520.0
2026-02-16 00:36:36,370545914477120.0
2026-02-16 01:36:36,370564045037920.0
2026-02-16 02:36:36,370573574487520.0
2026-02-16 03:36:36,370582645360320.0
2026-02-16 04:36:36,370598270525920.0
2026-02-16 05:36:36,370830556452320.0
2026-02-16 06:36:37,370849615351520.0
2026-02-16 07:36:37,370867544585920.0
2026-02-16 08:36:37,370869792730720.0
2026-02-16 09:36:37,370884288231520.0
2026-02-16 10:36:37,370903391869920.0
2026-02-16 11:36:37,370914174017120.0
2026-02-16 12:36:37,370940100383520.0
2026-02-16 13:36:37,370961642308320.0
2026-02-16 14:36:37,370971305975520.0
2026-02-16 15:36:37,370982591438720.0
2026-02-16 16:36:38,370998462669920.0
2026-02-16 17:36:38,371024400221120.0
2026-02-16 18:36:38,371039667473120.0
2026-02-16 19:36:38,371054252452320.0
2026-02-16 20:36:38,371069597997920.0
2026-02-16 21:36:38,371100345013120.0
2026-02-16 22:36:38,371122479732320.0
2026-02-16 23:36:38,371155273565920.0
2026-02-17 00:36:38,371189678010720.0
2026-02-17 01:36:38,371207025635520.0
2026-02-17 02:36:39,371213423341120.0
2026-02-17 03:36:39,371215895181920.0
2026-02-17 04:36:39,371229988029920.0
2026-02-17 05:36:39,371455786772320.0
2026-02-17 06:36:39,371474174583520.0
2026-02-17 07:36:39,371494217745120.0
2026-02-17 08:36:39,371485392937920.0
2026-02-17 09:36:39,371503210324320.0
2026-02-17 10:36:39,371559738303520.0
2026-02-17 11:36:39,371630113065120.0
2026-02-17 12:36:40,371710721918720.0
2026-02-17 13:36:40,371727957695520.0
2026-02-17 14:36:40,371711258789120.0
2026-02-17 15:36:40,371712175942720.0
2026-02-17 16:36:40,371778434697920.0
2026-02-17 17:36:40,371932438209120.0
2026-02-17 18:36:40,371949058821920.0
2026-02-17 19:36:40,371964381997920.0
2026-02-17 20:36:40,371974213437120.0
2026-02-17 21:36:40,371999189095520.0
2026-02-17 22:36:41,372016189991520.0
2026-02-17 23:36:41,372045919189920.0
2026-02-18 00:36:41,372085177837920.0
2026-02-18 01:36:41,372100747079520.0
2026-02-18 02:36:41,372121327111520.0
2026-02-18 03:36:41,372131124996320.0
2026-02-18 04:36:41,372152208344320.0
2026-02-18 05:36:41,372367437450720.0
2026-02-18 06:36:41,372392446663520.0
2026-02-18 07:36:41,372407613252320.0
2026-02-18 08:36:42,372396238310720.0
2026-02-18 09:36:42,372388722125120.0
2026-02-18 10:36:42,372396092908320.0
2026-02-18 11:36:42,372402132700320.0
2026-02-18 12:36:42,372426034617920.0
2026-02-18 13:36:42,372407546143520.0
2026-02-18 14:36:42,372417903268320.0
2026-02-18 15:36:42,372441917033920.0
2026-02-18 16:36:42,372465203787520.0
2026-02-18 17:36:43,372492528253920.0
2026-02-18 18:36:43,372518163815520.0
2026-02-18 19:36:43,372526966253120.0
2026-02-18 20:36:43,372516855193920.0
2026-02-18 21:36:43,372520713949920.0
2026-02-18 22:36:43,372541965069920.0
2026-02-18 23:36:43,372759900897920.0
2026-02-19 00:36:43,372770079065920.0
2026-02-19 01:36:43,372807402743520.0
2026-02-19 02:36:43,372875406327520.0
2026-02-19 03:36:44,372895483043520.0
2026-02-19 04:36:44,372884857483520.0
2026-02-19 05:36:44,373056354021920.0
2026-02-19 06:36:44,373046511397920.0
2026-02-19 07:36:44,373007196825920.0
2026-02-19 08:36:44,372919742874720.0
2026-02-19 09:36:44,372820578437920.0
2026-02-19 10:36:44,372804841424320.0
2026-02-19 11:36:44,372817983564320.0
2026-02-19 12:36:44,372820735025120.0
2026-02-19 13:36:45,372829671680320.0
2026-02-19 14:36:45,372826964958720.0
2026-02-19 15:36:45,372850665549920.0
2026-02-19 16:36:45,372872968041120.0
2026-02-19 17:36:45,372903815719520.0
2026-02-19 18:36:45,372926554417920.0
2026-02-19 19:36:45,372958442282720.0
2026-02-19 20:36:45,372962513549920.0
2026-02-19 21:36:45,372984212061920.0
2026-02-19 22:36:45,373000720826720.0
2026-02-19 23:36:46,373160999010720.0
2026-02-20 00:36:46,373243408617120.0
2026-02-20 01:36:46,373280161869920.0
2026-02-20 02:36:46,373322898990720.0
2026-02-20 03:36:46,373368678377120.0
2026-02-20 04:36:46,373380534265120.0
2026-02-20 05:36:46,373588135337920.0
2026-02-20 06:36:46,373562443852320.0
2026-02-20 07:36:46,373517559249920.0
2026-02-20 08:36:47,373449399078720.0
2026-02-20 09:36:47,373412623456320.0
2026-02-20 10:36:47,373407355415520.0
2026-02-20 11:36:47,373413305729120.0
2026-02-20 12:36:47,373435675329120.0
2026-02-20 13:36:47,373443202699520.0
2026-02-20 14:36:47,373458995637120.0
2026-02-20 15:36:47,373478300601920.0
2026-02-20 16:36:47,373510591119520.0
2026-02-20 17:36:47,373538217575520.0
2026-02-20 18:36:48,373548787211520.0
2026-02-20 19:36:48,373572912825120.0
2026-02-20 20:36:48,373589667655520.0
2026-02-20 21:36:48,373602820980320.0
2026-02-20 22:36:48,373615325586720.0
2026-02-20 23:36:48,373791016425120.0
2026-02-21 00:36:48,373881590935520.0
2026-02-21 01:36:48,373927672311520.0
2026-02-21 02:36:48,373941742789920.0
2026-02-21 03:36:48,373981940961120.0
2026-02-21 04:36:49,373995675895520.0
2026-02-21 05:36:49,373984904933120.0
2026-02-21 06:36:49,373945534437120.0
2026-02-21 07:36:49,373926542646720.0
2026-02-21 08:36:49,373903636176320.0
2026-02-21 09:36:49,373882519273920.0
2026-02-21 10:36:49,373861525404320.0
2026-02-21 11:36:49,373832836392320.0
2026-02-21 12:36:49,373806965949920.0
2026-02-21 13:36:49,373817121748320.0
2026-02-21 14:36:49,373831225781120.0
2026-02-21 15:36:50,373841996743520.0
2026-02-21 16:36:50,373862945873920.0
2026-02-21 17:36:50,373877161754720.0
2026-02-21 18:36:50,373889196599520.0
2026-02-21 19:36:50,373896086436320.0
2026-02-21 20:36:50,373904139492320.0
2026-02-21 21:36:50,373923422087520.0
2026-02-21 22:36:50,373941944116320.0
2026-02-21 23:36:50,374129334255520.0
2026-02-22 00:36:51,374191163829920.0
2026-02-22 01:36:51,374231764653920.0
2026-02-22 02:36:51,374207672594720.0
2026-02-22 03:36:51,374180873813920.0
2026-02-22 04:36:51,374182965371520.0
2026-02-22 05:36:51,374177406525920.0
2026-02-22 06:36:51,374188233412320.0
2026-02-22 07:36:51,374175169565920.0
2026-02-22 08:36:51,374154891523520.0
2026-02-22 09:36:51,374105611294720.0
2026-02-22 10:36:52,374095925257920.0
2026-02-22 11:36:52,374086250405920.0
2026-02-22 12:36:52,374066520418720.0
2026-02-22 13:36:52,374073186559520.0
2026-02-22 14:36:52,374067102028320.0
2026-02-22 15:36:52,374069338988320.0
2026-02-22 16:36:52,374087301777120.0
2026-02-22 17:36:52,374095757485920.0
2026-02-22 18:36:52,374102490735520.0
2026-02-22 19:36:52,374113071556320.0
2026-02-22 20:36:53,374111058292320.0
2026-02-22 21:36:53,374126403837920.0
2026-02-22 22:36:53,374153918445920.0
2026-02-22 23:36:53,374341823085920.0
2026-02-23 00:36:53,374417387594720.0
2026-02-23 01:36:53,374433135793120.0
2026-02-23 02:36:53,374432733140320.0
2026-02-23 03:36:53,374439041367520.0
2026-02-23 04:36:53,374480335649120.0
2026-02-23 05:36:53,374704836954720.0
2026-02-23 06:36:54,374717632365920.0
2026-02-23 07:36:54,374693954144320.0
2026-02-23 08:36:54,374661831398720.0
2026-02-23 09:36:54,374656809423520.0
2026-02-23 10:36:54,374669012040320.0
2026-02-23 11:36:54,374694032437920.0
2026-02-23 12:36:54,374722989885120.0
2026-02-23 13:36:54,374727072337120.0
2026-02-23 14:36:54,374750571601920.0
2026-02-23 15:36:54,374782671977920.0
2026-02-23 16:36:55,374826225589120.0
2026-02-23 17:36:55,374864119691520.0
2026-02-23 18:36:55,374894743673920.0
2026-02-23 19:36:55,374930960056320.0
2026-02-23 20:36:55,374936664304320.0
2026-02-23 21:36:55,374953027666720.0
2026-02-23 22:36:55,374981772602720.0
2026-02-23 23:36:55,375175012392320.0
2026-02-24 00:36:55,375261124167520.0
2026-02-24 01:36:55,375275574929120.0
2026-02-24 02:36:56,375302340155520.0
2026-02-24 03:36:56,375323647199520.0
2026-02-24 04:36:56,375331297602720.0
2026-02-24 05:36:56,375575417047520.0
2026-02-24 06:36:56,375587407153120.0
2026-02-24 07:36:56,375560407045920.0
2026-02-24 08:36:56,375505478493120.0
2026-02-24 09:36:56,375449778189120.0
2026-02-24 10:36:56,375446288531520.0
2026-02-24 11:36:56,375462842035520.0
2026-02-24 12:36:57,375470402960320.0
2026-02-24 13:36:57,375474149868320.0
2026-02-24 14:36:57,375487493334720.0
2026-02-24 15:36:57,375519951624320.0
2026-02-24 16:36:57,375550396649920.0
2026-02-24 17:36:57,375598480105120.0
2026-02-24 18:36:57,375694669385120.0
2026-02-24 19:36:57,375729297525920.0
2026-02-24 20:36:57,375715954059520.0
2026-02-24 21:36:58,375735382057120.0
2026-02-24 22:36:58,375757237156320.0
2026-02-24 23:36:58,375959872177920.0
2026-02-25 00:36:58,376041017901920.0
2026-02-25 01:36:58,376079001482720.0
2026-02-25 02:36:58,376083206967520.0
2026-02-25 03:36:58,376124545988320.0
2026-02-25 04:36:58,376148291318720.0
2026-02-25 05:36:58,376404344945120.0
2026-02-25 06:36:58,376425931609120.0
2026-02-25 07:36:59,376381941790720.0
2026-02-25 08:36:59,376278784380320.0
2026-02-25 09:36:59,376232658265120.0
2026-02-25 10:36:59,376202671816320.0
2026-02-25 11:36:59,376214706661120.0
2026-02-25 12:36:59,376224873644320.0
2026-02-25 13:36:59,376227267191520.0
2026-02-25 14:36:59,376260765667520.0
2026-02-25 15:36:59,376273046577920.0
2026-02-25 16:36:59,376310258407520.0
2026-02-25 17:37:00,376350702644320.0
2026-02-25 18:37:00,376396336628320.0
2026-02-25 19:37:00,376414914581120.0
2026-02-25 20:37:00,376421435319520.0
2026-02-25 21:37:00,376427833025120.0
2026-02-25 22:37:00,376450068407520.0
2026-02-25 23:37:00,376641306117920.0
2026-02-26 00:37:00,376713593480320.0
2026-02-26 01:37:00,376708884679520.0
2026-02-26 02:37:00,376749373655520.0
2026-02-26 03:37:01,376769729991520.0
2026-02-26 04:37:01,376781652988320.0
2026-02-26 05:37:01,377038299409120.0
2026-02-26 06:37:01,377051318516320.0
2026-02-26 07:37:01,377033008998720.0
2026-02-26 08:37:01,376966481808320.0
2026-02-26 09:37:01,376933229397920.0
2026-02-26 10:37:01,376941808139520.0
2026-02-26 11:37:01,376912403300320.0
2026-02-26 12:37:01,376880985197120.0
2026-02-26 13:37:02,376872551857920.0
2026-02-26 14:37:02,376888020436320.0
2026-02-26 15:37:02,376903187025120.0
2026-02-26 16:37:02,376935980858720.0
2026-02-26 17:37:02,376981077972320.0
2026-02-26 18:37:02,377027629109920.0
2026-02-26 19:37:02,377057492525920.0
2026-02-26 20:37:02,377075813228320.0
2026-02-26 21:37:02,377089805413120.0
2026-02-26 22:37:02,377108182039520.0
2026-02-26 23:37:03,377264858717920.0
2026-02-27 00:37:03,377335636132320.0
2026-02-27 01:37:03,377355724033120.0
2026-02-27 02:37:03,377388562605920.0
2026-02-27 03:37:03,377419566871520.0
2026-02-27 04:37:03,377459653194720.0
2026-02-27 05:37:03,377686659895520.0
2026-02-27 06:37:03,377692755611520.0
2026-02-27 07:37:03,377651573177920.0
2026-02-27 08:37:03,377613802108320.0
2026-02-27 09:37:03,377578424585920.0
2026-02-27 10:37:04,377552956796320.0
2026-02-27 11:37:04,377527086353920.0
2026-02-27 12:37:04,377507479399520.0
2026-02-27 13:37:04,377521247888320.0
2026-02-27 14:37:04,377536503955520.0
2026-02-27 15:37:04,377554835842720.0
2026-02-27 16:37:04,377574465166720.0
2026-02-27 17:37:04,377614775185920.0
2026-02-27 18:37:04,377649481620320.0
2026-02-27 19:37:05,377658239318720.0
2026-02-27 20:37:05,377685138762720.0
2026-02-27 21:37:05,377700931700320.0
2026-02-27 22:37:05,377725426412320.0
2026-02-27 23:37:05,377902683122720.0
2026-02-28 00:37:05,377982497855520.0
2026-02-28 01:37:05,377998615152320.0
2026-02-28 02:37:05,378018289215520.0
2026-02-28 03:37:05,378060825009920.0
2026-02-28 04:37:05,378104635871520.0
2026-02-28 05:37:06,378113326461120.0
2026-02-28 06:37:06,378087042181120.0
2026-02-28 07:37:06,378071338721920.0
2026-02-28 08:37:06,378061417804320.0
2026-02-28 09:37:06,378056585970720.0
2026-02-28 10:37:06,378052906171520.0
2026-02-28 11:37:06,378022036123520.0
2026-02-28 12:37:06,378011701368320.0
2026-02-28 13:37:06,378014217948320.0
2026-02-28 14:37:06,378008178156320.0
2026-02-28 15:37:07,378025201421920.0
2026-02-28 16:37:07,378061059890720.0
2026-02-28 17:37:07,378078060786720.0
2026-02-28 18:37:07,378092992494720.0
2026-02-28 19:37:07,378113315276320.0
2026-02-28 20:37:07,378126155426720.0
2026-02-28 21:37:07,378141411493920.0
2026-02-28 22:37:07,378156544528320.0
2026-02-28 23:37:07,378359235473920.0
2026-03-01 00:37:07,378435258559520.0
2026-03-01 01:37:08,378461050708320.0
2026-03-01 02:37:08,378463992310720.0
2026-03-01 03:37:08,378463701505920.0
2026-03-01 04:37:08,378444664976320.0
2026-03-01 05:37:08,378451431780320.0
2026-03-01 06:37:08,378455111579520.0
2026-03-01 07:37:08,378445380803520.0
2026-03-01 08:37:08,378435448701120.0
2026-03-01 09:37:08,378424688923520.0
2026-03-01 10:37:08,378394523517920.0
2026-03-01 11:37:09,378368943880320.0
2026-03-01 12:37:09,378339114018720.0
2026-03-01 13:37:09,378338152125920.0
2026-03-01 14:37:09,378337928429920.0
2026-03-01 15:37:09,378339494301920.0
2026-03-01 16:37:09,378324036908320.0
2026-03-01 17:37:09,378325826476320.0
2026-03-01 18:37:09,378323130939520.0
2026-03-01 19:37:09,378334517065920.0
2026-03-01 20:37:09,378362892903520.0
2026-03-01 21:37:10,378389289031520.0
2026-03-01 22:37:10,378417251031520.0
2026-03-01 23:37:10,378604227333120.0
2026-03-02 00:37:10,378653876660320.0
2026-03-02 01:37:10,378673919821920.0
2026-03-02 02:37:10,378689220628320.0
2026-03-02 03:37:10,378718927457120.0
2026-03-02 04:37:10,378730828084320.0
2026-03-02 05:37:10,378964523295520.0
2026-03-02 06:37:11,378981613669920.0
2026-03-02 07:37:11,378953181908320.0
2026-03-02 08:37:11,378909952656320.0
2026-03-02 09:37:11,378913789042720.0
2026-03-02 10:37:11,378921830913920.0
2026-03-02 11:37:11,378945531505120.0
2026-03-02 12:37:11,378939301571520.0
2026-03-02 13:37:11,378938149537120.0
2026-03-02 14:37:11,378971748676320.0
2026-03-02 15:37:11,379052279236320.0
2026-03-02 16:37:12,379131713685920.0
2026-03-02 17:37:12,379247856649120.0
2026-03-02 18:37:12,379325971292320.0
2026-03-02 19:37:12,379404622805920.0
2026-03-02 20:37:12,379470792082720.0
2026-03-02 21:37:12,379578814881120.0
2026-03-02 22:37:12,379639906258720.0
2026-03-02 23:37:12,379900232478720.0
2026-03-03 00:37:12,380044124930720.0
2026-03-03 01:37:12,380110025772320.0
2026-03-03 02:37:13,380195790818720.0
2026-03-03 03:37:13,380265192502720.0
2026-03-03 04:37:13,380293657818720.0
2026-03-03 05:37:13,380503283340320.0
2026-03-03 06:37:13,380518394005120.0
2026-03-03 07:37:13,380509971850720.0
2026-03-03 08:37:13,380451866814720.0
2026-03-03 09:37:13,380422294203520.0
2026-03-03 10:37:13,380415370812320.0
2026-03-03 11:37:14,380571700761920.0
2026-03-03 12:37:14,381043598658720.0
2026-03-03 13:37:14,381154037373920.0
2026-03-03 14:37:14,381501504370720.0
2026-03-03 15:37:14,381941570326720.0
2026-03-03 16:37:14,382427460408320.0
2026-03-03 17:37:14,382796223264320.0
2026-03-03 18:37:14,383199110945120.0
2026-03-03 19:37:15,383541522412320.0
2026-03-03 20:37:15,383830873188320.0
2026-03-03 21:37:15,384109945133120.0
2026-03-03 22:37:15,384466102719520.0
2026-03-03 23:37:15,385040665895520.0
2026-03-04 00:37:15,385422179423520.0
2026-03-04 01:37:15,385884670903520.0
2026-03-04 02:37:15,386426965931520.0
2026-03-04 03:37:15,386977157428320.0
2026-03-04 04:37:16,387593853745920.0
2026-03-04 05:37:16,388258085463520.0
2026-03-04 06:37:16,388592085961120.0
2026-03-04 07:37:16,388594926900320.0
2026-03-04 08:37:16,388499509371520.0
2026-03-04 09:37:16,388800995655520.0
2026-03-04 10:37:16,389098533705120.0
2026-03-04 11:37:16,389394785502720.0
2026-03-04 12:37:17,389582656588320.0
2026-03-04 13:37:17,389790872825120.0
2026-03-04 14:37:17,389983709961920.0
2026-03-04 15:37:17,390318325623520.0
2026-03-04 16:37:17,390723170644320.0
2026-03-04 17:37:17,390981069762720.0
2026-03-04 18:37:17,391178895320320.0
2026-03-04 19:37:17,391468033585120.0
2026-03-04 20:37:17,391860239781920.0
2026-03-04 21:37:18,392332663364320.0
2026-03-04 22:37:18,392776688739520.0
2026-03-04 23:37:18,393311635353920.0
2026-03-05 00:37:18,393702577668320.0
2026-03-05 01:37:18,394107131884320.0
2026-03-05 02:37:18,394047449791520.0
2026-03-05 03:37:18,393907181214720.0
2026-03-05 04:37:18,393808452985120.0
2026-03-05 05:37:18,393965342174720.0
2026-03-05 06:37:19,393838808532320.0
2026-03-05 07:37:19,393846794479520.0
2026-03-05 08:37:19,393757427927520.0
2026-03-05 09:37:19,393587955837920.0
2026-03-05 10:37:19,393354674464320.0
2026-03-05 11:37:19,393053165810720.0
2026-03-05 12:37:19,392829805354720.0
2026-03-05 13:37:19,392674649809120.0
2026-03-05 14:37:19,392142633612320.0
2026-03-05 15:37:19,391952592675520.0
2026-03-05 16:37:20,391871391027520.0
2026-03-05 17:37:20,391720194901120.0
2026-03-05 18:37:20,391545991641120.0
2026-03-05 19:37:20,391432846204320.0
2026-03-05 20:37:20,391258408063520.0
2026-03-05 21:37:20,391113408316320.0
2026-03-05 22:37:20,391031345438720.0
2026-03-05 23:37:20,390930749347520.0
2026-03-06 00:37:20,390747844313120.0
2026-03-06 01:37:21,390593359855520.0
2026-03-06 02:37:21,390555611155520.0
2026-03-06 03:37:21,390543833561120.0
2026-03-06 04:37:21,390489162258720.0
2026-03-06 05:37:21,390587006889120.0
2026-03-06 06:37:21,390524193052320.0
2026-03-06 07:37:21,390426415530720.0
2026-03-06 08:37:21,390184477121920.0
2026-03-06 09:37:21,389971585638720.0
2026-03-06 10:37:21,389869703295520.0
2026-03-06 11:37:22,389635762018720.0
2026-03-06 12:37:22,389444949330720.0
2026-03-06 13:37:22,389316928109920.0
2026-03-06 14:37:22,389134000705920.0
2026-03-06 15:37:22,389011672548320.0
2026-03-06 16:37:22,388947471796320.0
2026-03-06 17:37:22,388736638316320.0
2026-03-06 18:37:22,388575845631520.0
2026-03-06 19:37:22,388433776301920.0
2026-03-06 20:37:22,388245849292320.0
2026-03-06 21:37:23,388169568956320.0
2026-03-06 22:37:23,388154894498720.0
2026-03-06 23:37:23,388292568201920.0
2026-03-07 00:37:23,388368949201120.0
2026-03-07 01:37:23,388377472018720.0
2026-03-07 02:37:23,388371790140320.0
2026-03-07 03:37:23,388378277324320.0
2026-03-07 04:37:23,388389551602720.0
2026-03-07 05:37:23,388381319589920.0
2026-03-07 06:37:24,388396173004320.0
2026-03-07 07:37:24,388395904569120.0
2026-03-07 08:37:24,388392951781920.0
2026-03-07 09:37:24,388393175477920.0
2026-03-07 10:37:24,388397202005920.0
2026-03-07 11:37:24,388398119159520.0
2026-03-07 12:37:24,388423519840320.0
2026-03-07 13:37:24,388436035631520.0
2026-03-07 14:37:24,388423586949120.0
2026-03-07 15:37:24,388386464597920.0
2026-03-07 16:37:25,388370313746720.0
2026-03-07 17:37:25,388348749452320.0
2026-03-07 18:37:25,388317566229920.0
2026-03-07 19:37:25,388305139917120.0
2026-03-07 20:37:25,388291606309120.0
2026-03-07 21:37:25,388299458038720.0
2026-03-07 22:37:25,388316760924320.0
2026-03-07 23:37:25,388494957157920.0
2026-03-08 00:37:25,388548957372320.0
2026-03-08 01:37:25,388562759415520.0
2026-03-08 02:37:26,388544382789120.0
2026-03-08 03:37:26,388528970134720.0
2026-03-08 04:37:26,388535490873120.0
2026-03-08 05:37:26,388531061692320.0
2026-03-08 06:37:26,388500829177920.0
2026-03-08 07:37:26,388486132350720.0
2026-03-08 08:37:26,388478179957920.0
2026-03-08 09:37:26,388474869257120.0
2026-03-08 10:37:26,388462968629920.0
2026-03-08 11:37:26,388446101951520.0
2026-03-08 12:37:26,388440822725920.0
2026-03-08 13:37:27,388446717115520.0
2026-03-08 14:37:27,388446236169120.0
2026-03-08 15:37:27,388450575871520.0
2026-03-08 16:37:27,388460150060320.0
2026-03-08 17:37:27,388476256172320.0
2026-03-08 18:37:27,388481490658720.0
2026-03-08 19:37:27,388464702273920.0
2026-03-08 20:37:27,388456839359520.0
2026-03-08 21:37:27,388464087109920.0
2026-03-08 22:37:27,388486009317920.0
2026-03-08 23:37:28,388634263841920.0
2026-03-09 00:37:28,388647484275520.0
2026-03-09 01:37:28,388619645308320.0
2026-03-09 02:37:28,388578004297920.0
2026-03-09 03:37:28,388562256099520.0
2026-03-09 04:37:28,388540725359520.0
2026-03-09 05:37:28,388766971493920.0
2026-03-09 06:37:28,388764868751520.0
2026-03-09 07:37:28,388715678001120.0
2026-03-09 08:37:29,388674081729920.0
2026-03-09 09:37:29,388643949878720.0
2026-03-09 10:37:29,388646667785120.0
2026-03-09 11:37:29,388656857137920.0
2026-03-09 12:37:29,388701227239520.0
2026-03-09 13:37:29,388714962173920.0
2026-03-09 14:37:29,388716069469120.0
2026-03-09 15:37:29,388799463337920.0
2026-03-09 16:37:29,388929341235520.0
2026-03-09 17:37:29,389050796978720.0
2026-03-09 18:37:30,389084407302720.0
2026-03-09 19:37:30,389090704345120.0
2026-03-09 20:37:30,389100546969120.0
2026-03-09 21:37:30,389121127001120.0
2026-03-09 22:37:30,389136248850720.0
2026-03-09 23:37:30,389320126962720.0
2026-03-10 00:37:30,389354531407520.0
2026-03-10 01:37:30,389368065015520.0
2026-03-10 02:37:30,389362763420320.0
2026-03-10 03:37:30,389370648704320.0
2026-03-10 04:37:31,389374127177120.0
2026-03-10 05:37:31,389607397365920.0
2026-03-10 06:37:31,389635638985920.0
2026-03-10 07:37:31,389589725381920.0
2026-03-10 08:37:31,389487216689920.0
2026-03-10 09:37:31,389448964673920.0
2026-03-10 10:37:31,389432578941920.0
2026-03-10 11:37:31,389425051571520.0
2026-03-10 12:37:31,389443450567520.0
2026-03-10 13:37:31,389453047125920.0
2026-03-10 14:37:32,389457274980320.0
2026-03-10 15:37:32,389469690108320.0
2026-03-10 16:37:32,389496130975520.0
2026-03-10 17:37:32,389527795144320.0
2026-03-10 18:37:32,389551674692320.0
2026-03-10 19:37:32,389558642822720.0
2026-03-10 20:37:32,389556215721120.0
2026-03-10 21:37:32,389567221564320.0
2026-03-10 22:37:32,389582477631520.0
2026-03-10 23:37:32,389759421167520.0
2026-03-11 00:37:33,389809763952320.0
2026-03-11 01:37:33,389825008834720.0
2026-03-11 02:37:33,389826261532320.0
2026-03-11 03:37:33,389836864722720.0
2026-03-11 04:37:33,389860129106720.0
2026-03-11 05:37:33,390080268340320.0
2026-03-11 06:37:33,390071790261920.0
2026-03-11 07:37:33,390024601590720.0
2026-03-11 08:37:33,389907742800320.0
2026-03-11 09:37:33,389818465726720.0
2026-03-11 10:37:34,389778961013120.0
2026-03-11 11:37:34,389653087273920.0
2026-03-11 12:37:34,389590687274720.0
2026-03-11 13:37:34,389547044185120.0
2026-03-11 14:37:34,389518355173120.0
2026-03-11 15:37:34,389527437230720.0
2026-03-11 16:37:34,389554884729920.0
2026-03-11 17:37:34,389589814860320.0
2026-03-11 18:37:34,389625427263520.0
2026-03-11 19:37:35,389641197831520.0
2026-03-11 20:37:35,389644866445920.0
2026-03-11 21:37:35,389646812601120.0
2026-03-11 22:37:35,389663343735520.0
2026-03-11 23:37:35,389837535810720.0
2026-03-12 00:37:35,389870777036320.0
2026-03-12 01:37:35,389889925413920.0
2026-03-12 02:37:35,389904599871520.0
2026-03-12 03:37:35,389920348069920.0
2026-03-12 04:37:35,389936498921120.0
2026-03-12 05:37:36,390159165919520.0
2026-03-12 06:37:36,390185964700320.0
2026-03-12 07:37:36,390154815032320.0
2026-03-12 08:37:36,390056243389920.0
2026-03-12 09:37:36,390011649592320.0
2026-03-12 10:37:36,389988284545120.0
2026-03-12 11:37:36,389994369076320.0
2026-03-12 12:37:36,390009983057120.0
2026-03-12 13:37:36,390006817758720.0
2026-03-12 14:37:36,390014166172320.0
2026-03-12 15:37:37,390043447978720.0
2026-03-12 16:37:37,390080268340320.0
2026-03-12 17:37:37,390122043568320.0
2026-03-12 18:37:37,390146057333920.0
2026-03-12 19:37:37,390152410300320.0
2026-03-12 20:37:37,390156168393120.0
2026-03-12 21:37:37,390170663893920.0
2026-03-12 22:37:37,390176658946720.0
2026-03-12 23:37:37,390357215173120.0
2026-03-13 00:37:37,390395254677920.0
2026-03-13 01:37:38,390394762546720.0
2026-03-13 02:37:38,390411942399520.0
2026-03-13 03:37:38,390423473928320.0
2026-03-13 04:37:38,390436683177120.0
2026-03-13 05:37:38,390682256645920.0
2026-03-13 06:37:38,390684538345120.0
2026-03-13 07:37:38,390636320672320.0
2026-03-13 08:37:38,390556080917120.0
2026-03-13 09:37:38,390507907983520.0
2026-03-13 10:37:38,390495839584320.0
2026-03-13 11:37:39,390488681312320.0
2026-03-13 12:37:39,390509787029920.0
2026-03-13 13:37:39,390510312715520.0
2026-03-13 14:37:39,390505894719520.0
2026-03-13 15:37:39,390504664391520.0
2026-03-13 16:37:39,390508981724320.0
2026-03-13 17:37:39,390529606495520.0
2026-03-13 18:37:39,390547558099520.0
2026-03-13 19:37:39,390544280953120.0
2026-03-13 20:37:39,390549750320320.0
2026-03-13 21:37:40,390558508018720.0
2026-03-13 22:37:40,390573853564320.0
2026-03-13 23:37:40,390747710095520.0
2026-03-14 00:37:40,390764129381920.0
2026-03-14 01:37:40,390772227177120.0
2026-03-14 02:37:40,390789272812320.0
2026-03-14 03:37:40,390797236389920.0
2026-03-14 04:37:40,390810993693920.0
2026-03-14 05:37:40,390829538092320.0
2026-03-14 06:37:40,390822603516320.0
2026-03-14 07:37:41,390828553829920.0
2026-03-14 08:37:41,390833788316320.0
2026-03-14 09:37:41,390837009538720.0
2026-03-14 10:37:41,390848373295520.0
2026-03-14 11:37:41,390846404770720.0
2026-03-14 12:37:41,390859848900320.0
2026-03-14 13:37:41,390858484354720.0
2026-03-14 14:37:41,390837110201920.0
2026-03-14 15:37:41,390787080591520.0
2026-03-14 16:37:42,390769263205120.0
2026-03-14 17:37:42,390760550245920.0
2026-03-14 18:37:42,390754913106720.0
2026-03-14 19:37:42,390747844313120.0
2026-03-14 20:37:42,390746681093920.0
2026-03-14 21:37:42,390755539455520.0
2026-03-14 22:37:42,390767932213920.0
2026-03-14 23:37:42,390939954437920.0
2026-03-15 00:37:42,390963263561120.0
2026-03-15 01:37:42,390959773903520.0
2026-03-15 02:37:42,390965802510720.0
2026-03-15 03:37:43,390947828537120.0
2026-03-15 04:37:43,390940446569120.0
2026-03-15 05:37:43,390937627999520.0
2026-03-15 06:37:43,390937113498720.0
2026-03-15 07:37:43,390946217925920.0
2026-03-15 08:37:43,390947000861920.0
2026-03-15 09:37:43,390961026601120.0
2026-03-15 10:37:43,390971260693120.0
2026-03-15 11:37:43,390933299481920.0
2026-03-15 12:37:43,390900818822720.0
2026-03-15 13:37:44,390892709842720.0
2026-03-15 14:37:44,390891524253920.0
2026-03-15 15:37:44,390901803085120.0
2026-03-15 16:37:44,390908648182720.0
2026-03-15 17:37:44,390890841981120.0
2026-03-15 18:37:44,390857198102720.0
2026-03-15 19:37:44,390833665283520.0
2026-03-15 20:37:44,390819605989920.0
2026-03-15 21:37:44,390816463061120.0
2026-03-15 22:37:44,390820411295520.0
2026-03-15 23:37:45,390999681269920.0
2026-03-16 00:37:45,390990599212320.0
2026-03-16 01:37:45,390945356696320.0
2026-03-16 02:37:45,390897071914720.0
2026-03-16 03:37:45,390883213947520.0
2026-03-16 04:37:45,390866358453920.0
2026-03-16 05:37:45,391091665065120.0
2026-03-16 06:37:45,391096854812320.0
2026-03-16 07:37:45,391054688116320.0
2026-03-16 08:37:45,391016492024320.0
2026-03-16 09:37:46,391005978312320.0
2026-03-16 10:37:46,391008964653920.0
2026-03-16 11:37:46,391019634953120.0
2026-03-16 12:37:46,391044487578720.0
2026-03-16 13:37:46,391051701774720.0
2026-03-16 14:37:46,391059698906720.0
2026-03-16 15:37:46,391079999318720.0
2026-03-16 16:37:46,391112916185120.0
2026-03-16 17:37:46,391140330129920.0
2026-03-16 18:37:47,391167855922720.0
2026-03-16 19:37:47,391178190677920.0
2026-03-16 20:37:47,391176490588320.0
2026-03-16 21:37:47,391187585909920.0
2026-03-16 22:37:47,391201902453920.0
2026-03-16 23:37:47,391379103240320.0
2026-03-17 00:37:47,391420352782720.0
2026-03-17 01:37:47,391423227276320.0
2026-03-17 02:37:47,391429714460320.0
2026-03-17 03:37:47,391434199565120.0
2026-03-17 04:37:47,391443661905920.0
2026-03-17 05:37:48,391663968911520.0
2026-03-17 06:37:48,391687602393920.0
2026-03-17 07:37:48,391643724423520.0
2026-03-17 08:37:48,391564088647520.0
2026-03-17 09:37:48,391533509404320.0
2026-03-17 10:37:48,391521821288320.0
2026-03-17 11:37:48,391532435663520.0
2026-03-17 12:37:48,391558339660320.0
2026-03-17 13:37:48,391559245629120.0
2026-03-17 14:37:49,391560968088320.0
2026-03-17 15:37:49,391580273053120.0
2026-03-17 16:37:49,391612384613920.0
2026-03-17 17:37:49,391641711159520.0
2026-03-17 18:37:49,391659953568320.0
2026-03-17 19:37:49,391667872406720.0
2026-03-17 20:37:49,391668107287520.0
2026-03-17 21:37:49,391668934962720.0
2026-03-17 22:37:49,391686204293920.0
2026-03-17 23:37:49,391861268783520.0
2026-03-18 00:37:50,391887172780320.0
2026-03-18 01:37:50,391909676597920.0
2026-03-18 02:37:50,391912271471520.0
2026-03-18 03:37:50,391925178730720.0
2026-03-18 04:37:50,391941665125920.0
2026-03-18 05:37:50,392180035583520.0
2026-03-18 06:37:50,392185538505120.0
2026-03-18 07:37:50,392137387941120.0
2026-03-18 08:37:50,392047853617120.0
2026-03-18 09:37:50,391988149154720.0
2026-03-18 10:37:51,391978373639520.0
2026-03-18 11:37:51,391988171524320.0
2026-03-18 12:37:51,392005955356320.0
2026-03-18 13:37:51,391988082045920.0
2026-03-18 14:37:51,391958565358720.0
2026-03-18 15:37:51,391971081149920.0
2026-03-18 16:37:51,391984458170720.0
2026-03-18 17:37:51,391989357113120.0
2026-03-18 18:37:51,392030964569120.0
2026-03-18 19:37:51,392047182529120.0
2026-03-18 20:37:52,392077705848320.0
2026-03-18 21:37:52,392092961915520.0
2026-03-18 22:37:52,392070212032320.0
2026-03-18 23:37:52,392182462685120.0
2026-03-19 00:37:52,392190638773920.0
2026-03-19 01:37:52,392088208375520.0
2026-03-19 02:37:52,392040449279520.0
2026-03-19 03:37:52,392054027626720.0
2026-03-19 04:37:52,392044028415520.0
2026-03-19 05:37:53,392257870606720.0
2026-03-19 06:37:53,392287096489120.0
2026-03-19 07:37:53,392230445477120.0
2026-03-19 08:37:53,392102770985120.0
2026-03-19 09:37:53,391930077673120.0
2026-03-19 10:37:53,391844592246720.0
2026-03-19 11:37:53,391813397839520.0
2026-03-19 12:37:53,391781756040320.0
2026-03-19 13:37:53,391755281618720.0
2026-03-19 14:37:53,391723170057920.0
2026-03-19 15:37:54,391715061077920.0
2026-03-19 16:37:54,391722845698720.0
2026-03-19 17:37:54,391742922414720.0
2026-03-19 18:37:54,391764274197920.0
2026-03-19 19:37:54,391755035553120.0
2026-03-19 20:37:54,391738895886720.0
2026-03-19 21:37:54,391742262511520.0
2026-03-19 22:37:54,391733314671520.0
2026-03-19 23:37:54,391892832289120.0
2026-03-20 00:37:54,391906365897120.0
2026-03-20 01:37:55,391876166937120.0
2026-03-20 02:37:55,391855586905120.0
2026-03-20 03:37:55,391865474268320.0
2026-03-20 04:37:55,391894733705120.0
2026-03-20 05:37:55,392094986364320.0
2026-03-20 06:37:55,392062595183520.0
2026-03-20 07:37:55,392007979805120.0
2026-03-20 08:37:55,391913557723520.0
2026-03-20 09:37:55,391870417949920.0
2026-03-20 10:37:55,391836885919520.0
2026-03-20 11:37:56,391786968157120.0
2026-03-20 12:37:56,391769821858720.0
2026-03-20 13:37:56,391764005762720.0
2026-03-20 14:37:56,391843999452320.0
2026-03-20 15:37:56,391822390418720.0
2026-03-20 16:37:56,391815500581920.0
2026-03-20 17:37:56,391822468712320.0
2026-03-20 18:37:56,391822390418720.0
2026-03-20 19:37:56,391820958764320.0
2026-03-20 20:37:56,391818296781920.0
2026-03-20 21:37:56,391825477423520.0
2026-03-20 22:37:57,391828519689120.0
2026-03-20 23:37:57,391987120153120.0
2026-03-21 00:37:57,392019824508320.0
2026-03-21 01:37:57,391992175682720.0
2026-03-21 02:37:57,391980588229920.0
2026-03-21 03:37:57,391974514883520.0
2026-03-21 04:37:57,391973072044320.0
2026-03-21 05:37:57,391973295740320.0
2026-03-21 06:37:57,391948342451520.0
2026-03-21 07:37:57,391920727180320.0
2026-03-21 08:37:58,391910839817120.0
2026-03-21 09:37:58,391901891977120.0
2026-03-21 10:37:58,391894241573920.0
2026-03-21 11:37:58,391900639279520.0
2026-03-21 12:37:58,391899610277920.0
2026-03-21 13:37:58,391835208199520.0
2026-03-21 14:37:58,391763647849120.0
2026-03-21 15:37:58,391744275775520.0
2026-03-21 16:37:58,391703417701120.0
2026-03-21 17:37:58,391678867065120.0
2026-03-21 18:37:59,391675903093120.0
2026-03-21 19:37:59,391673330589120.0
2026-03-21 20:37:59,391675198450720.0
2026-03-21 21:37:59,391671798271520.0
2026-03-21 22:37:59,391682311983520.0
2026-03-21 23:37:59,391851359050720.0
2026-03-22 00:37:59,391853115064320.0
2026-03-22 01:37:59,391825175433920.0
2026-03-22 02:37:59,391787270146720.0
2026-03-22 03:37:59,391774653692320.0
2026-03-22 04:38:00,391775895205120.0
2026-03-22 05:38:00,391769821858720.0
2026-03-22 06:38:00,391762887282720.0
2026-03-22 07:38:00,391741009813920.0
2026-03-22 08:38:00,391734075237920.0
2026-03-22 09:38:00,391719490258720.0
2026-03-22 10:38:00,391717432255520.0
2026-03-22 11:38:00,391710050287520.0
2026-03-22 12:38:00,391736088501920.0
2026-03-22 13:38:00,391717577657920.0
2026-03-22 14:38:01,391707947545120.0
2026-03-22 15:38:01,391680925068320.0
2026-03-22 16:38:01,391669762637920.0
2026-03-22 17:38:01,391660859537120.0
2026-03-22 18:38:01,391657347509920.0
2026-03-22 19:38:01,391655021071520.0
2026-03-22 20:38:01,391658085706720.0
2026-03-22 21:38:01,391666876959520.0
2026-03-22 22:38:01,391691215084320.0
2026-03-22 23:38:01,391876603144320.0
2026-03-23 00:38:02,391867286205920.0
2026-03-23 01:38:02,391831561954720.0
2026-03-23 02:38:02,391804427629920.0
2026-03-23 03:38:02,391754912520320.0
2026-03-23 04:38:02,391741680901920.0
2026-03-23 05:38:02,391963844584320.0
2026-03-23 06:38:02,391960410850720.0
2026-03-23 07:38:02,391912428058720.0
2026-03-23 08:38:02,391846963424320.0
2026-03-23 09:38:02,391837758333920.0
2026-03-23 10:38:03,391847354892320.0
2026-03-23 11:38:03,391862454372320.0
2026-03-23 12:38:03,391892351342720.0
2026-03-23 13:38:03,391897216730720.0
2026-03-23 14:38:03,391922091725920.0
2026-03-23 15:38:03,391948029277120.0
2026-03-23 16:38:03,391973698393120.0
2026-03-23 17:38:03,392001537360320.0
2026-03-23 18:38:03,392042518467520.0
2026-03-23 19:38:04,392046265375520.0
2026-03-23 20:38:04,392045504809120.0
2026-03-23 21:38:04,392053949333120.0
2026-03-23 22:38:04,392078567077920.0
2026-03-23 23:38:04,392257344921120.0
2026-03-24 00:38:04,392413395250720.0
2026-03-24 01:38:04,392428561839520.0
2026-03-24 02:38:04,392431827801120.0
2026-03-24 03:38:04,392425922226720.0
2026-03-24 04:38:04,392429680319520.0
2026-03-24 05:38:05,392662547855520.0
2026-03-24 06:38:05,392669258735520.0
2026-03-24 07:38:05,392609912186720.0
2026-03-24 08:38:05,392529403996320.0
2026-03-24 09:38:05,392455998153920.0
2026-03-24 10:38:05,392432398225920.0
2026-03-24 11:38:05,392426951228320.0
2026-03-24 12:38:05,392456814644320.0
2026-03-24 13:38:05,392485783276320.0
2026-03-24 14:38:05,392503835543520.0
2026-03-24 15:38:06,392519516633120.0
2026-03-24 16:38:06,392547165458720.0
2026-03-24 17:38:06,392582196252320.0
2026-03-24 18:38:06,392610471426720.0
2026-03-24 19:38:06,392642616541920.0
2026-03-24 20:38:06,392643309999520.0
2026-03-24 21:38:06,392645412741920.0
2026-03-24 22:38:06,392704826399520.0
2026-03-24 23:38:06,392911432025120.0
2026-03-25 00:38:06,392969950898720.0
2026-03-25 01:38:07,392970621986720.0
2026-03-25 02:38:07,392969503506720.0
2026-03-25 03:38:07,392984893791520.0
2026-03-25 04:38:07,392990620409120.0
2026-03-25 05:38:07,393213018972320.0
2026-03-25 06:38:07,393220602266720.0
2026-03-25 07:38:07,393182271957120.0
2026-03-25 08:38:07,393087480777120.0
2026-03-25 09:38:07,393060290528320.0
2026-03-25 10:38:07,393027396031520.0
2026-03-25 11:38:08,393004310604320.0
2026-03-25 12:38:08,392998214888320.0
2026-03-25 13:38:08,392959381262720.0
2026-03-25 14:38:08,392963866367520.0
2026-03-25 15:38:08,392975006428320.0
2026-03-25 16:38:08,393021881925120.0
2026-03-25 17:38:08,393048859662720.0
2026-03-25 18:38:08,393075132757920.0
2026-03-25 19:38:08,393088822953120.0
2026-03-25 20:38:08,393084349033120.0
2026-03-25 21:38:09,393101439407520.0
2026-03-25 22:38:09,393128417145120.0
2026-03-25 23:38:09,393308268729120.0
2026-03-26 00:38:09,393355021193120.0
2026-03-26 01:38:09,393362895292320.0
2026-03-26 02:38:09,393354886975520.0
2026-03-26 03:38:09,393373319525920.0
2026-03-26 04:38:09,393369337737120.0
2026-03-26 05:38:09,393603100057120.0
2026-03-26 06:38:09,393608558239520.0
2026-03-26 07:38:10,393561011654720.0
2026-03-26 08:38:10,393492034993120.0
2026-03-26 09:38:10,393434310240320.0
2026-03-26 10:38:10,393396494431520.0
2026-03-26 11:38:10,393374795919520.0
2026-03-26 12:38:10,393372391187520.0
2026-03-26 13:38:10,393334754335520.0
2026-03-26 14:38:10,393316433633120.0
2026-03-26 15:38:10,393338971005120.0
2026-03-26 16:38:10,393391327053920.0
2026-03-26 17:38:11,393427767132320.0
2026-03-26 18:38:11,393466723790720.0
2026-03-26 19:38:11,393473032017920.0
2026-03-26 20:38:11,393485491885120.0
2026-03-26 21:38:11,393496531282720.0
2026-03-26 22:38:11,393505434383520.0
2026-03-26 23:38:11,393676248649120.0
2026-03-27 00:38:11,393710641909120.0
2026-03-27 01:38:11,393719108802720.0
2026-03-27 02:38:11,393722374764320.0
2026-03-27 03:38:12,393715753362720.0
2026-03-27 04:38:12,393724880159520.0
2026-03-27 05:38:12,393969335148320.0
2026-03-27 06:38:12,393981101557920.0
2026-03-27 07:38:12,393949325541120.0
2026-03-27 08:38:12,393862900591520.0
2026-03-27 09:38:12,393814481592320.0
2026-03-27 10:38:12,393806148916320.0
2026-03-27 11:38:12,393797301739520.0
2026-03-27 12:38:13,393777817817920.0
2026-03-27 13:38:13,393748312315520.0
2026-03-27 14:38:13,393744509483520.0
2026-03-27 15:38:13,393763400610720.0
2026-03-27 16:38:13,393778343503520.0
2026-03-27 17:38:13,393809716867520.0
2026-03-27 18:38:13,393818127837120.0
2026-03-27 19:38:13,393826840796320.0
2026-03-27 20:38:13,393829838322720.0
2026-03-27 21:38:13,393834849113120.0
2026-03-27 22:38:14,393844904248320.0
2026-03-27 23:38:14,394020158879520.0
2026-03-28 00:38:14,394038009820320.0
2026-03-28 01:38:14,394041052085920.0
2026-03-28 02:38:14,394033960922720.0
2026-03-28 03:38:14,394038144037920.0
2026-03-28 04:38:14,394055144933920.0
2026-03-28 05:38:14,394065524428320.0
2026-03-28 06:38:14,394071832655520.0
2026-03-28 07:38:15,394075680226720.0
2026-03-28 08:38:15,394093799602720.0
2026-03-28 09:38:15,394096931346720.0
2026-03-28 10:38:15,394098385370720.0
2026-03-28 11:38:15,394078454057120.0
2026-03-28 12:38:15,394083140488320.0
2026-03-28 13:38:15,394053433659520.0
2026-03-28 14:38:15,394024453842720.0
2026-03-28 15:38:15,394003829071520.0
2026-03-28 16:38:15,393992129770720.0
2026-03-28 17:38:16,393991179062720.0
2026-03-28 18:38:16,393999713065120.0
2026-03-28 19:38:16,394010003081120.0
2026-03-28 20:38:16,394019252910720.0
2026-03-28 21:38:16,394029643589920.0
2026-03-28 22:38:16,394033983292320.0
2026-03-28 23:38:16,394199205157920.0
2026-03-29 00:38:16,394223901196320.0
2026-03-29 01:38:16,394231238425120.0
2026-03-29 02:38:16,394217156761920.0
2026-03-29 03:38:17,394191084993120.0
2026-03-29 04:38:17,394179631757920.0
2026-03-29 05:38:17,394164711234720.0
2026-03-29 06:38:17,394156680548320.0
2026-03-29 07:38:17,394152586911520.0
2026-03-29 08:38:17,394148157730720.0
2026-03-29 09:38:17,394143068646720.0
2026-03-29 10:38:17,394170258895520.0
2026-03-29 11:38:17,394179072517920.0
2026-03-29 12:38:17,394149734787520.0
2026-03-29 13:38:18,394076899369920.0
2026-03-29 14:38:18,393989154613920.0
2026-03-29 15:38:18,393919540418720.0
2026-03-29 16:38:18,393891712636320.0
2026-03-29 17:38:18,393885493887520.0
2026-03-29 18:38:18,393887574260320.0
2026-03-29 19:38:18,393893882487520.0
2026-03-29 20:38:18,393896857644320.0
2026-03-29 21:38:18,393915603369120.0
2026-03-29 22:38:18,393934975442720.0
2026-03-29 23:38:19,394086719624320.0
2026-03-30 00:38:19,394038591429920.0
2026-03-30 01:38:19,394012933498720.0
2026-03-30 02:38:19,394004097506720.0
2026-03-30 03:38:19,394004186985120.0
2026-03-30 04:38:19,394006826597920.0
2026-03-30 05:38:19,394249749269120.0
2026-03-30 06:38:19,394252355327520.0
2026-03-30 07:38:19,394242948910720.0
2026-03-30 08:38:19,394199149233920.0
2026-03-30 09:38:20,394187215052320.0
2026-03-30 10:38:20,394183814873120.0
2026-03-30 11:38:20,394199529517120.0
2026-03-30 12:38:20,394206866745920.0
2026-03-30 13:38:20,394192986409120.0
2026-03-30 14:38:20,394196923458720.0
2026-03-30 15:38:20,394222659683520.0
2026-03-30 16:38:20,394260743927520.0
2026-03-30 17:38:20,394291837671520.0
2026-03-30 18:38:20,394320079291520.0
2026-03-30 19:38:21,394339641506720.0
2026-03-30 20:38:21,394351094741920.0
2026-03-30 21:38:21,394364829676320.0
2026-03-30 22:38:21,394385186012320.0
2026-03-30 23:38:21,394572117574720.0
2026-03-31 00:38:21,394596533993120.0
2026-03-31 01:38:21,394604676527520.0
2026-03-31 02:38:21,394608580022720.0
2026-03-31 03:38:21,394614988913120.0
2026-03-31 04:38:21,394719879967520.0
2026-03-31 05:38:22,394966035045920.0
2026-03-31 06:38:22,394975161842720.0
2026-03-31 07:38:22,394930019989920.0
2026-03-31 08:38:22,394867060750720.0
2026-03-31 09:38:22,394803240281920.0
2026-03-31 10:38:22,394794102300320.0
2026-03-31 11:38:22,394795410921920.0
2026-03-31 12:38:22,394810376184320.0
2026-03-31 13:38:22,394826090828320.0
2026-03-31 14:38:22,394826560589920.0
2026-03-31 15:38:23,394848191993120.0
2026-03-31 16:38:23,394886063725920.0
2026-03-31 17:38:23,394915815293920.0
2026-03-31 18:38:23,394946484015520.0
2026-03-31 19:38:23,394969177974720.0
2026-03-31 20:38:23,394971045836320.0
2026-03-31 21:38:23,394987957253920.0
2026-03-31 22:38:23,395011042681120.0
2026-03-31 23:38:23,395195189228320.0
2026-04-01 00:38:23,395231562197920.0
2026-04-01 01:38:24,395251247445920.0
2026-04-01 02:38:24,395259345241120.0
2026-04-01 03:38:24,395263774421920.0
2026-04-01 04:38:24,395267443036320.0
2026-04-01 05:38:24,395497066980320.0
2026-04-01 06:38:24,395503308098720.0
2026-04-01 07:38:24,395450180298720.0
2026-04-01 08:38:24,395339909355520.0
2026-04-01 09:38:24,395287049990720.0
2026-04-01 10:38:24,395276849453120.0
2026-04-01 11:38:25,395271626151520.0
2026-04-01 12:38:25,395296959723520.0
2026-04-01 13:38:25,395264758684320.0
2026-04-01 14:38:25,395241650887520.0
2026-04-01 15:38:25,395243149650720.0
2026-04-01 16:38:25,395256727997920.0
2026-04-01 17:38:25,395272006434720.0
2026-04-01 18:38:25,395285293977120.0
2026-04-01 19:38:25,395299867771520.0
2026-04-01 20:38:25,395307081967520.0
2026-04-01 21:38:26,395335703870720.0
2026-04-01 22:38:26,395348868380320.0
2026-04-01 23:38:26,395524738175520.0
2026-04-02 00:38:26,395589117884320.0
2026-04-02 01:38:26,395613366530720.0
2026-04-02 02:38:26,395650992197920.0
2026-04-02 03:38:26,395665420589920.0
2026-04-02 04:38:26,395644695155520.0
2026-04-02 05:38:26,395846480132320.0
2026-04-02 06:38:26,395836883573920.0
2026-04-02 07:38:27,395806024710720.0
2026-04-02 08:38:27,395732797825120.0
2026-04-02 09:38:27,395678048229120.0
2026-04-02 10:38:27,395655432563520.0
2026-04-02 11:38:27,395639572517120.0
2026-04-02 12:38:27,395651786318720.0
2026-04-02 13:38:27,395657747817120.0
2026-04-02 14:38:27,395641596965920.0
2026-04-02 15:38:27,395656316162720.0
2026-04-02 16:38:27,395666427221920.0
2026-04-02 17:38:28,395671057729120.0
2026-04-02 18:38:28,395661852638720.0
2026-04-02 19:38:28,395678819980320.0
2026-04-02 20:38:28,395657166207520.0
2026-04-02 21:38:28,395660387429920.0
2026-04-02 22:38:28,395663832348320.0
2026-04-02 23:38:28,395824759250720.0
2026-04-03 00:38:28,395856546452320.0
2026-04-03 01:38:28,395853034425120.0
2026-04-03 02:38:28,395848381548320.0
2026-04-03 03:38:29,395866858837920.0
2026-04-03 04:38:29,395868469449120.0
2026-04-03 05:38:29,396045580757120.0
2026-04-03 06:38:29,396108316300320.0
2026-04-03 07:38:29,396076719240320.0
2026-04-03 08:38:29,395986245393120.0
2026-04-03 09:38:29,395917503612320.0
2026-04-03 10:38:29,395894194489120.0
2026-04-03 11:38:29,395863995529120.0
2026-04-03 12:38:29,395882741253920.0
2026-04-03 13:38:30,395874196066720.0
2026-04-03 14:38:30,395877987713920.0
2026-04-03 15:38:30,395877864681120.0
2026-04-03 16:38:30,395887528348320.0
2026-04-03 17:38:30,395815811410720.0
2026-04-03 18:38:30,395782335304320.0
2026-04-03 19:38:30,395743747744320.0
2026-04-03 20:38:30,395731925410720.0
2026-04-03 21:38:30,395724677660320.0
2026-04-03 22:38:31,395729643711520.0
2026-04-03 23:38:31,395893970793120.0
2026-04-04 00:38:31,395948060485920.0
2026-04-04 01:38:31,395947747311520.0
2026-04-04 02:38:31,395943899740320.0
2026-04-04 03:38:31,395933475506720.0
2026-04-04 04:38:31,395931137883520.0
2026-04-04 05:38:31,395926227756320.0
2026-04-04 06:38:31,395925869842720.0
2026-04-04 07:38:31,395923509849920.0
2026-04-04 08:38:32,395914729781920.0
2026-04-04 09:38:32,395919964268320.0
2026-04-04 10:38:32,395919561615520.0
2026-04-04 11:38:32,395909629513120.0
2026-04-04 12:38:32,395945510351520.0
2026-04-04 13:38:32,395946975560320.0
2026-04-04 14:38:32,395951639621920.0
2026-04-04 15:38:32,395952534405920.0
2026-04-04 16:38:32,395917962189120.0
2026-04-04 17:38:32,395874878339520.0
2026-04-04 18:38:33,395831089847520.0
2026-04-04 19:38:33,395810722326720.0
2026-04-04 20:38:33,395792983233920.0
2026-04-04 21:38:33,395799615820320.0
2026-04-04 22:38:33,395815453497120.0
2026-04-04 23:38:33,395993739209120.0
2026-04-05 00:38:33,396006534620320.0
2026-04-05 01:38:33,396009330820320.0
2026-04-05 02:38:33,395999510565920.0
2026-04-05 03:38:33,395966627253920.0
2026-04-05 04:38:34,395911262493920.0
2026-04-05 05:38:34,395900379683520.0
2026-04-05 06:38:34,395898444713120.0
2026-04-05 07:38:34,395898355234720.0
2026-04-05 08:38:34,395898892105120.0
2026-04-05 09:38:34,395906363551520.0
2026-04-05 10:38:34,395915669305120.0
2026-04-05 11:38:34,395913700780320.0
2026-04-05 12:38:34,395951371186720.0
2026-04-05 13:38:34,395965329817120.0
2026-04-05 14:38:35,395972980220320.0
2026-04-05 15:38:35,395959413057920.0
2026-04-05 16:38:35,395920489953920.0
2026-04-05 17:38:35,395896341970720.0
2026-04-05 18:38:35,395903321285920.0
2026-04-05 19:38:35,395893031269920.0
2026-04-05 20:38:35,395881756991520.0
2026-04-05 21:38:35,395864364627520.0
2026-04-05 22:38:35,395868916841120.0
2026-04-05 23:38:36,396032930748320.0
2026-04-06 00:38:36,396063621839520.0
2026-04-06 01:38:36,396041889773120.0
2026-04-06 02:38:36,396007474143520.0
2026-04-06 03:38:36,395998660521120.0
2026-04-06 04:38:36,395993638545920.0
2026-04-06 05:38:36,396182684035520.0
2026-04-06 06:38:36,396238775807520.0
2026-04-06 07:38:36,396204192405920.0
2026-04-06 08:38:36,396147071632320.0
2026-04-06 09:38:37,396132587316320.0
2026-04-06 10:38:37,396126021838720.0
