weight_MLP,weight_LSTM,weight_GRU,weight_PINT,weight_TFKAN,weight_EXP,weight_ARIMA,weight_PROPHET
0.3861934,0.018542793,0.028660888,0.052188963,0.03245976,0.038046334,0.40515915,0.038748614
0.38633147,0.018490724,0.028773155,0.052326128,0.032494284,0.037873052,0.4049246,0.03878666
0.3866714,0.018474698,0.02886542,0.05234615,0.032471035,0.037790872,0.40451285,0.038867626
0.38719836,0.018466607,0.02906223,0.052283086,0.032413956,0.037776668,0.4037675,0.03903158
0.38732263,0.018430786,0.029104708,0.052294016,0.032390967,0.03766022,0.4037255,0.039071143
0.38719153,0.018380908,0.029178297,0.052375484,0.032407645,0.03750921,0.40384412,0.03911279
0.38706416,0.018336613,0.02925674,0.05248546,0.032434985,0.03735924,0.4039065,0.03915627
0.3871231,0.018301088,0.029336931,0.05253863,0.03242716,0.037253805,0.40381435,0.03920498
0.38722074,0.018260598,0.029429888,0.052563746,0.032413166,0.037159372,0.4036986,0.039253905
0.38731772,0.01821748,0.029497206,0.05257507,0.03239351,0.037062667,0.4036532,0.039283134
0.38727808,0.018173145,0.029562203,0.052633125,0.032393795,0.036944345,0.40370363,0.039311618
0.38704532,0.01812212,0.029661788,0.05275874,0.03242517,0.0367977,0.40383276,0.039356355
0.38687176,0.018080631,0.02975599,0.052887905,0.032453086,0.036657527,0.4038846,0.039408542
0.38681322,0.018043622,0.029829111,0.05297839,0.03246403,0.0365336,0.40388677,0.03945118
0.38687962,0.018003352,0.029942818,0.053022344,0.03246129,0.03643036,0.40374446,0.039515726
0.3870463,0.017971715,0.029996851,0.05303586,0.032438803,0.03633753,0.4036219,0.03955107
0.38713917,0.017925786,0.030107332,0.05306752,0.032422673,0.036232386,0.40350032,0.039604817
0.38674486,0.017790806,0.030109052,0.05306179,0.03238743,0.03604574,0.40439126,0.03946912
0.38621318,0.017719153,0.030159399,0.05326055,0.032447934,0.03585377,0.4049037,0.03944232
0.38605025,0.017669136,0.030206144,0.053371504,0.032465786,0.035711378,0.4050841,0.039441694
0.38600042,0.017607812,0.030266495,0.053404808,0.032461938,0.035587903,0.4052339,0.0394368
0.38614342,0.017545663,0.030305495,0.053353336,0.032423005,0.03548938,0.40532148,0.039418258
0.38644192,0.01744527,0.03038861,0.053179108,0.03232636,0.035404928,0.40543765,0.039376166
0.38576624,0.017182946,0.030281268,0.05296138,0.032220975,0.035182513,0.40743423,0.038970336
0.3855006,0.017118892,0.0303443,0.053081848,0.032254614,0.03502979,0.4077164,0.038953546
0.38533458,0.017057825,0.030480525,0.05319201,0.032285236,0.034892112,0.4077691,0.038988683
0.38541877,0.017006699,0.030596958,0.053224683,0.03227753,0.034783848,0.4076632,0.03902832
0.38576296,0.016956626,0.030788764,0.053182244,0.032237258,0.034709204,0.40724275,0.039120223
0.38578704,0.01690154,0.030862655,0.05321706,0.032231204,0.03459242,0.4072838,0.039124317
0.38561758,0.01683916,0.030968579,0.053319234,0.032257218,0.034452975,0.40741074,0.039134584
0.38542342,0.016778357,0.031078238,0.053438824,0.03228899,0.0343101,0.4075343,0.039147794
0.38543007,0.016723575,0.031187987,0.053497035,0.03229104,0.034190834,0.4075075,0.039171867
0.3854999,0.016663691,0.031320594,0.05351907,0.032283865,0.034081947,0.40742743,0.03920344
0.38562915,0.01660663,0.03143538,0.05351987,0.032266807,0.033979703,0.40733457,0.039228003
0.38564476,0.01655199,0.03153263,0.053568475,0.032268375,0.033862498,0.40732875,0.03924254
0.38544923,0.01649355,0.03165962,0.053699493,0.032307457,0.033721123,0.40740392,0.039265644
0.38530272,0.016441572,0.031789973,0.053832095,0.032343343,0.033584736,0.40740559,0.039299965
0.38528386,0.016393285,0.031908613,0.053918783,0.032359954,0.03346385,0.40733758,0.0393341
0.3853629,0.01634028,0.03206647,0.053958967,0.03236406,0.033358127,0.40716243,0.039386787
0.38553396,0.016293237,0.03216854,0.053966094,0.032348767,0.03326032,0.40701446,0.03941469
0.38559824,0.016238851,0.032320898,0.054015405,0.03235094,0.03315008,0.40686664,0.03945897
0.38539678,0.016181843,0.03242078,0.054155238,0.032387067,0.03300559,0.40699136,0.0394613
0.38504905,0.016131572,0.032532193,0.05437034,0.03245817,0.032846518,0.40713447,0.03947778
0.38495192,0.016088067,0.032620814,0.0544964,0.032489676,0.032716267,0.4071422,0.039494704
0.38496077,0.016033038,0.032723706,0.054541595,0.032499246,0.03260283,0.40713343,0.03950541
0.38516697,0.015972963,0.0328066,0.05448719,0.03246841,0.032512113,0.40708646,0.039499298
0.38555685,0.015841786,0.03297671,0.054221816,0.032344826,0.03243819,0.40718734,0.039432473
0.3853868,0.015650272,0.033028074,0.054001898,0.032243323,0.03229709,0.40821087,0.039181616
0.38522273,0.015583298,0.03310455,0.05408436,0.03226511,0.032161895,0.40842962,0.039148394
0.38512063,0.015515383,0.033238303,0.054154493,0.032283228,0.032035712,0.4085047,0.039147582
0.38519135,0.015449816,0.033368897,0.05416022,0.032273512,0.03192907,0.4084762,0.03915101
0.38546693,0.015382655,0.03356475,0.054097347,0.032235634,0.03184702,0.4082132,0.039192434
0.3855631,0.015313628,0.03368373,0.05408069,0.032216728,0.03174324,0.4082176,0.03918133
0.38551262,0.015241322,0.033812165,0.054117378,0.032220297,0.031623192,0.40830675,0.039166372
0.38542786,0.015170121,0.033935122,0.05417072,0.032229085,0.03149875,0.40841997,0.039148293
0.38546348,0.01510089,0.034061257,0.05418111,0.032219697,0.031388108,0.40844893,0.039136525
0.3855845,0.015028894,0.0342162,0.054151323,0.032199193,0.03129004,0.4083927,0.0391371
0.38577193,0.014959965,0.03436805,0.054101136,0.03217017,0.031199591,0.40828797,0.039141156
0.38586777,0.01489502,0.03449973,0.054094374,0.032156862,0.03109779,0.4082505,0.039137945
0.38576892,0.014829296,0.03464658,0.054166418,0.032177426,0.03097526,0.40829843,0.03913767
0.38570133,0.014769756,0.0347848,0.054242898,0.03219594,0.030854778,0.4083075,0.039143033
0.38572663,0.014712018,0.034923166,0.054283522,0.032201875,0.030745892,0.40825444,0.03915248
0.38582727,0.014651276,0.035098918,0.05427916,0.03219288,0.030654635,0.40811715,0.03917874
0.38596693,0.014595541,0.03523779,0.054256678,0.032171108,0.030571096,0.40800694,0.03919382
0.38602474,0.014541917,0.03539903,0.054288954,0.03217253,0.030472802,0.40787786,0.03922212
0.38596937,0.014494413,0.035533503,0.05439673,0.03220364,0.030350113,0.40780956,0.039242793
0.3858055,0.0144470725,0.035664827,0.054547176,0.032253183,0.030216316,0.40780652,0.03925941
0.38578382,0.014401156,0.035781626,0.05463086,0.032274496,0.030103354,0.40775174,0.039273046
0.3857756,0.014342567,0.03591947,0.054639097,0.032268286,0.030015195,0.4077628,0.039276958
0.38590005,0.01427361,0.03604435,0.05454918,0.032220773,0.029949345,0.40780628,0.03925637
0.38620442,0.014138168,0.036278013,0.054248113,0.032082528,0.029901208,0.40797725,0.03917026
0.38613206,0.014003383,0.03643348,0.054078896,0.031999428,0.02981243,0.40850782,0.039032504
0.38603088,0.0139366845,0.03654601,0.054111306,0.032001022,0.029705305,0.4086699,0.038998984
0.3859582,0.013866872,0.036696784,0.054131564,0.031998407,0.029602682,0.4087662,0.038979255
0.3859858,0.013795254,0.036851637,0.054100726,0.03197459,0.029514983,0.40881833,0.038958643
0.3861564,0.013721621,0.0370598,0.05401656,0.03192941,0.029445192,0.40870798,0.03896296
0.38623586,0.013647036,0.037230782,0.05395867,0.031894397,0.029364254,0.40872627,0.038942743
0.38622287,0.013572151,0.037397347,0.053943098,0.03187652,0.029268667,0.40880275,0.03891673
0.38618624,0.013498867,0.037548427,0.05394351,0.03186433,0.029166613,0.40890798,0.03888407
0.3862034,0.0134260645,0.037699953,0.05391787,0.031841587,0.029073622,0.4089854,0.038852103
0.3862574,0.013350732,0.037881646,0.053859875,0.03180768,0.02899496,0.40901774,0.038829815
0.38646528,0.013274243,0.038090162,0.053782903,0.03177019,0.028907912,0.4088862,0.038823027
0.38666275,0.0132010225,0.03829201,0.053741004,0.031747732,0.02880465,0.40873176,0.038819082
0.38667515,0.013131403,0.038487367,0.0537683,0.0317525,0.028688999,0.4086823,0.038813956
0.38671052,0.013068157,0.038660597,0.053805612,0.031759504,0.028571429,0.40861455,0.03880968
0.3868042,0.013003861,0.038845874,0.053820208,0.03175968,0.028459147,0.40849698,0.03881001
0.38703206,0.012935432,0.039079417,0.053793702,0.031748183,0.028352628,0.40822977,0.038828824
0.38732684,0.012871153,0.039297346,0.053754617,0.03173093,0.028249145,0.40792167,0.038848218
0.38753843,0.012811666,0.03951642,0.05376716,0.031733498,0.02813354,0.40762362,0.0388757
0.387627,0.012760213,0.039705902,0.05384464,0.031758588,0.028004752,0.40739703,0.03890179
0.38760975,0.0127118435,0.039873485,0.053956416,0.03179604,0.027872175,0.40726012,0.03892015
0.38770744,0.012661216,0.040045,0.0540174,0.03181473,0.027751388,0.40706566,0.038937107
0.38790563,0.012598348,0.040226396,0.054026756,0.031809807,0.02763029,0.4068346,0.038968243
0.38820466,0.012522464,0.040404167,0.053941783,0.03176449,0.027530242,0.40666005,0.038972173
0.38853648,0.012412099,0.04065581,0.053734206,0.03166378,0.027451355,0.40661472,0.038931537
0.3885669,0.012325209,0.040834725,0.053677574,0.031624805,0.027351731,0.40672433,0.03889471
0.3885969,0.012263371,0.040978976,0.053715736,0.031626083,0.027231975,0.40669385,0.03889308
0.38864526,0.0121987825,0.041146357,0.05375011,0.031626076,0.02711025,0.40662435,0.03889886
0.38877228,0.012131177,0.04132175,0.05374643,0.031611446,0.026996706,0.4065174,0.03890276
0.38906124,0.012059524,0.041545518,0.053703353,0.031582586,0.026883999,0.40623555,0.03892826
0.3892676,0.011988119,0.04175289,0.05367321,0.031557538,0.02677254,0.4060486,0.038939543
0.38936803,0.011918662,0.041945856,0.05367496,0.031543538,0.026657004,0.4059507,0.03894122
0.38940996,0.011851583,0.0421171,0.05368965,0.031533375,0.026542448,0.40592504,0.038930934
0.38948384,0.011783968,0.042287022,0.053686485,0.03151661,0.026433056,0.40589094,0.038918085
0.38963428,0.011713082,0.04248503,0.05365781,0.03149172,0.026326558,0.40577453,0.03891697
0.3898575,0.011642675,0.042699084,0.053616185,0.031462688,0.026220525,0.40557483,0.03892654
0.39003497,0.011576239,0.04290686,0.053603847,0.031444672,0.02610855,0.405386,0.0389388
0.39007685,0.011513778,0.04310282,0.053646922,0.031447656,0.02598649,0.40527505,0.03895048
0.39011064,0.011456231,0.043275557,0.053700265,0.031453915,0.025864836,0.4051812,0.038957357
0.39014944,0.011388681,0.043463305,0.0537159,0.03144507,0.0257261,0.40514314,0.038968366
0.39029676,0.011318912,0.043682512,0.05370148,0.031426802,0.025591537,0.40498704,0.03899498
0.39050573,0.011251897,0.04390243,0.053678364,0.031405687,0.025459843,0.40476918,0.03902689
0.39064062,0.0111872805,0.044120017,0.053692896,0.031398095,0.025312753,0.404583,0.039065387
0.39067295,0.011126842,0.044319343,0.05375432,0.031406663,0.02514928,0.40446606,0.039104626
0.39062926,0.011069717,0.04449514,0.053840462,0.031424012,0.024984756,0.40442124,0.039135415
0.3906655,0.011011825,0.04467543,0.053891864,0.031429335,0.02483634,0.404327,0.03916266
0.39080554,0.010946519,0.044888675,0.053880475,0.03141276,0.024710067,0.40416968,0.03918631
0.39103615,0.010873633,0.04511055,0.053794492,0.03136676,0.024608212,0.40402326,0.039186914
0.39127365,0.010787986,0.045377325,0.05366554,0.031301383,0.024503428,0.4039113,0.03917944
0.39134717,0.010717889,0.045597207,0.053643867,0.03127897,0.024379784,0.4038485,0.039186627
0.39136755,0.010655788,0.04578621,0.053664997,0.031272072,0.024245605,0.40381083,0.0391969
0.39138132,0.010591872,0.045987625,0.053684324,0.031264342,0.024109611,0.40377158,0.039209243
0.39144945,0.010526921,0.046194337,0.05367693,0.031247055,0.023984484,0.40370306,0.039217707
0.3916215,0.010458751,0.046435006,0.053636096,0.031217474,0.0238617,0.40353265,0.03923673
0.39175326,0.010389559,0.04667599,0.05360091,0.031189099,0.023736054,0.40340355,0.039251633
0.39180708,0.010320666,0.046906255,0.053586055,0.031166717,0.023603082,0.4033497,0.039260413
0.3918122,0.010253196,0.04711849,0.05358131,0.031147074,0.023470053,0.40335804,0.03925974
0.39183483,0.010186035,0.04732676,0.05356364,0.031123003,0.023345659,0.40336683,0.039253216
0.39191887,0.010117446,0.047554757,0.053522862,0.031091731,0.023229487,0.4033139,0.039250996
0.39205772,0.0100488,0.047797278,0.053468753,0.031056,0.02311525,0.40320092,0.039255224
0.39216214,0.009981317,0.04804164,0.053434025,0.031026915,0.02299192,0.4030973,0.03926476
0.39216563,0.00991568,0.048276637,0.053438377,0.031011634,0.02285631,0.40305984,0.039275784
0.39215177,0.009853532,0.048490737,0.053454008,0.031000094,0.022720935,0.40304637,0.0392826
0.39215785,0.009792065,0.048706874,0.053461064,0.030986836,0.022594145,0.40301242,0.039288703
0.39224923,0.009730189,0.048943978,0.053443033,0.030966146,0.022476563,0.40288854,0.03930232
0.39239183,0.009669752,0.049187846,0.053417716,0.030943299,0.022360409,0.4027066,0.039322503
0.39247358,0.009611343,0.049428605,0.05342529,0.030931843,0.022230927,0.40254876,0.039349683
0.3924695,0.009555926,0.04965394,0.05347426,0.03093415,0.02208607,0.40244594,0.03938024
0.39241153,0.009502879,0.049858384,0.05354156,0.030942649,0.02194006,0.40239856,0.03940441
0.39241356,0.009448749,0.050068583,0.053577248,0.030940576,0.02180894,0.4023197,0.039422706
0.39252186,0.009389228,0.0503113,0.053551234,0.03091743,0.021699252,0.40217432,0.039435353
0.39271617,0.009326283,0.050566502,0.053472638,0.030875158,0.021607773,0.40199924,0.039436363
0.39291406,0.009262641,0.05084162,0.05339832,0.030834576,0.021510648,0.40179172,0.03944643
0.39300433,0.009204752,0.05109198,0.053383492,0.03081596,0.021398738,0.40163708,0.039463673
0.3930318,0.009150371,0.05131628,0.053398557,0.03080698,0.021278443,0.40153906,0.03947842
0.39304733,0.009095488,0.051546145,0.05341465,0.030798357,0.02115789,0.40144667,0.03949337
0.39310697,0.009039975,0.051781107,0.05340817,0.030782096,0.021047149,0.40133032,0.039504215
0.39323753,0.008982769,0.052039072,0.053375896,0.030756647,0.020940764,0.4011477,0.039519552
0.39334512,0.008924723,0.052303582,0.053347856,0.030732045,0.02083066,0.40098068,0.039535265
0.39339513,0.008867015,0.05255979,0.053336844,0.030712234,0.02071358,0.40086743,0.039547984
0.39340755,0.008810052,0.05280277,0.053333703,0.030694377,0.020595534,0.40080172,0.039554235
0.39343464,0.008752987,0.05304365,0.05331734,0.030672068,0.020485327,0.4007398,0.039554235
0.39351326,0.008694762,0.05329994,0.053276807,0.030642066,0.020384455,0.40063518,0.03955356
0.3936324,0.008636209,0.053568564,0.05322288,0.030607475,0.020286508,0.40049025,0.039555628
0.39372152,0.008578137,0.05384117,0.05318449,0.030577868,0.020180637,0.40035343,0.03956273
0.3937352,0.00852138,0.054105338,0.053176753,0.030558456,0.02006423,0.40026644,0.03957214
0.39373043,0.008466723,0.05435374,0.053178925,0.030542249,0.019947099,0.40020195,0.03957893
0.39374587,0.008412345,0.054604996,0.053170107,0.030523364,0.019838382,0.40012178,0.039583206
0.3938302,0.008357763,0.0548718,0.05313695,0.030497266,0.019739864,0.39997673,0.039589446
0.3939518,0.0083039235,0.055146992,0.053097416,0.030469378,0.019642789,0.39978707,0.039600614
0.3940196,0.008251589,0.05541815,0.053086556,0.030450953,0.01953416,0.39962068,0.039618302
0.39401114,0.008201377,0.055674132,0.05311247,0.030444214,0.0194115,0.39950502,0.0396402
0.3939628,0.008152576,0.055913914,0.053151783,0.030441677,0.019287096,0.39943236,0.03965783
0.3939666,0.0081026275,0.056162305,0.053160746,0.03042928,0.019176146,0.39933378,0.03966854
0.39407486,0.008049736,0.056441408,0.053116318,0.030399697,0.019084873,0.39915875,0.03967439
0.39426464,0.007996068,0.056735165,0.05303635,0.030358791,0.019007672,0.39892468,0.039676644
0.39445323,0.007943021,0.057040945,0.05296535,0.030321494,0.018926216,0.3986625,0.039687146
0.39455953,0.007892482,0.05732993,0.052934356,0.030297654,0.018832076,0.3984516,0.03970231
0.39460433,0.007844218,0.057595003,0.052930683,0.030282265,0.018729642,0.39829773,0.03971617
0.3946373,0.0077960514,0.057861976,0.05292938,0.030267803,0.018627385,0.3981505,0.039729726
0.39470914,0.0077475808,0.058135673,0.05290881,0.030247264,0.018533772,0.39797804,0.03973966
0.39483157,0.0076983175,0.05842656,0.052868757,0.030220123,0.018444924,0.3977586,0.03975119
0.3949363,0.007648683,0.058724135,0.05283368,0.03019422,0.018352425,0.39754596,0.039764598
0.39499405,0.007599654,0.05901282,0.05281546,0.030173048,0.01825292,0.39737427,0.039777778
0.39502195,0.0075512286,0.05929121,0.05280515,0.030153953,0.018151563,0.39723745,0.039787516
0.39506534,0.0075025707,0.05957123,0.052782137,0.030130772,0.018056873,0.39709926,0.039791837
0.39515433,0.0074530337,0.059866186,0.05273584,0.03010028,0.017971333,0.39692578,0.039793234
0.3952728,0.00740317,0.060172144,0.05267755,0.030065726,0.017888946,0.3967247,0.039795015
0.3953609,0.0073536253,0.06047988,0.052633073,0.030035274,0.017799648,0.39653674,0.039800826
0.39538705,0.0073050964,0.06077716,0.0526142,0.030012766,0.017700898,0.3963936,0.039809275
0.39539504,0.007257756,0.061063007,0.05260364,0.029992798,0.017600667,0.39627063,0.039816357
0.39542627,0.0072103646,0.061355792,0.052580204,0.029969411,0.017508142,0.39612952,0.039820354
0.39551574,0.0071627065,0.06166431,0.05253328,0.029939177,0.017425628,0.39593607,0.039823107
0.39563048,0.007115413,0.06198113,0.052480567,0.029907243,0.017344749,0.39571187,0.039828513
0.39569315,0.0070692324,0.062290013,0.052453242,0.029883208,0.017253686,0.3955183,0.039839193
0.39568394,0.007024573,0.06258017,0.052458774,0.029868972,0.017149735,0.3953798,0.039853998
0.39564285,0.006980717,0.06285762,0.052474815,0.02985774,0.017043421,0.39527655,0.03986628
0.3956515,0.0069360505,0.06314876,0.05246375,0.029838195,0.016948868,0.39514017,0.039872658
0.39576054,0.006889769,0.0634737,0.052406404,0.02980476,0.016872235,0.3949178,0.03987472
0.39594394,0.006843082,0.06381982,0.05231918,0.029762585,0.016807785,0.39462876,0.03987472
0.39612186,0.006796923,0.06417398,0.05223943,0.029723195,0.016740227,0.39432415,0.03988019
0.39622906,0.0067524035,0.06450991,0.05219268,0.029694133,0.01666111,0.39407066,0.039890118
0.3962781,0.006709606,0.06482117,0.05217204,0.029672902,0.016573604,0.39387193,0.03990063
0.39631695,0.00666712,0.06513266,0.052154183,0.029652763,0.016486313,0.3936791,0.03991082
0.39639184,0.0066244667,0.065454386,0.052119423,0.029627629,0.016406585,0.39345783,0.039917886
0.39650372,0.006581464,0.06579128,0.052069712,0.029597782,0.016331485,0.3931995,0.039925
0.3965993,0.0065385266,0.06613191,0.05202631,0.029569682,0.01625298,0.39294684,0.03993455
0.39665267,0.0064963303,0.066460274,0.051999945,0.02954631,0.016167639,0.3927314,0.039945427
0.39668113,0.006454687,0.06677953,0.051981743,0.02952517,0.016079903,0.39254275,0.03995501
0.39672655,0.006412854,0.06710488,0.0519521,0.029500574,0.015997726,0.39234468,0.039960586
0.3968144,0.006370412,0.06744788,0.05190113,0.029469578,0.015923992,0.39210996,0.03996265
0.39692393,0.006327794,0.06780126,0.05184035,0.029435383,0.015853286,0.39185393,0.039964076
0.39700204,0.0062855766,0.0681514,0.05179298,0.029404985,0.015776498,0.39161775,0.039968718
0.39702567,0.0062442566,0.06848617,0.051768355,0.02938121,0.015691105,0.391427,0.039976165
0.39703196,0.006203636,0.06881181,0.051750902,0.029359458,0.015603832,0.3912553,0.03998314
0.3970644,0.006162796,0.06915031,0.051719517,0.029333938,0.015523454,0.3910584,0.039987158
0.39714882,0.0061215814,0.069509104,0.051665455,0.02930195,0.015452502,0.39081228,0.03998831
0.39724997,0.006080515,0.069876194,0.05160587,0.029268296,0.015383308,0.39054564,0.039990228
0.39729998,0.006040338,0.07022889,0.051569097,0.029241255,0.015305101,0.3903191,0.039996214
0.3972808,0.006001376,0.070555605,0.05156253,0.029222716,0.015215154,0.3901558,0.040006015
0.39723507,0.005962983,0.07087086,0.051565282,0.029206686,0.015122437,0.3900217,0.040014964
0.39723852,0.005923964,0.0712076,0.051543307,0.029183533,0.015040105,0.3898439,0.04001913
0.3973373,0.005883728,0.071587116,0.05147845,0.029148094,0.014974248,0.38957268,0.04001842
0.39750373,0.005842988,0.0719967,0.051385522,0.029104773,0.014919392,0.3892317,0.040015183
0.39766166,0.005802647,0.07241104,0.05129859,0.02906347,0.014862237,0.38888508,0.04001527
0.3977556,0.0057636336,0.072801,0.051241133,0.029030865,0.014794527,0.38859347,0.040019784
0.3977951,0.0057259826,0.07316326,0.051208317,0.029005425,0.014718722,0.38835704,0.040026188
0.39782646,0.005688656,0.073525496,0.051177878,0.028980903,0.014643098,0.3881251,0.040032383
0.39789203,0.00565118,0.073903084,0.051131878,0.028952008,0.014574175,0.38785994,0.040035736
0.39798686,0.005613534,0.07429665,0.051073544,0.028919498,0.014509602,0.38756192,0.04003834
0.3980652,0.0055761677,0.074689806,0.051022105,0.028888928,0.014442045,0.38727257,0.040043097
0.3981739,0.00553774,0.07504152,0.050973896,0.02885189,0.014361601,0.38701165,0.040047854
0.39835182,0.0054974486,0.075351164,0.0509159,0.028802559,0.014270254,0.3867612,0.040049687
0.39855194,0.0054569785,0.075670175,0.050846662,0.028749699,0.014183457,0.38649255,0.0400485
0.39880076,0.00541589,0.0760085,0.050756283,0.028689984,0.014103699,0.3861813,0.040043578
0.3990697,0.0053747194,0.07635609,0.05065734,0.02862742,0.014026587,0.38585067,0.04003745
0.39930177,0.005334269,0.07669539,0.050572887,0.028569466,0.013944799,0.38554722,0.040034235
0.3994738,0.005295005,0.077015586,0.05051181,0.028519165,0.013856342,0.38529402,0.040034372
0.39962527,0.005256423,0.07732815,0.050458334,0.02847144,0.013766441,0.38505897,0.040034965
0.39981255,0.0052174036,0.07765678,0.05038919,0.028418718,0.013682105,0.38479072,0.04003261
0.40005866,0.0051777214,0.078008376,0.050296023,0.028358227,0.013605506,0.38446924,0.04002629
0.40031928,0.0051380987,0.07836726,0.050197363,0.028295888,0.013530558,0.3841321,0.04001954
0.40051895,0.005099606,0.07870692,0.050122112,0.028241152,0.013448805,0.38384604,0.040016476
0.4006359,0.005062682,0.079016306,0.05007876,0.028196832,0.013358068,0.38363355,0.040017877
0.40072274,0.0050264336,0.07931542,0.05004552,0.02815588,0.0132652605,0.38344893,0.04001974
0.40086997,0.0049893735,0.079640396,0.04998669,0.028106663,0.0131806405,0.3832092,0.040017057
0.4011299,0.0049507096,0.08001221,0.049882915,0.028042758,0.013109077,0.38286442,0.040008012
0.401468,0.0049111308,0.080417015,0.04974935,0.027969109,0.013046118,0.3824443,0.03999506
0.40179634,0.004871947,0.08082252,0.04962094,0.027897062,0.0129814735,0.38202578,0.039984025
0.40205088,0.004834287,0.08119962,0.049522385,0.027834833,0.012908744,0.3816715,0.039977785
0.40224084,0.0047980994,0.08154854,0.049449436,0.027781144,0.012829783,0.38137743,0.039974738
0.4024249,0.0047622374,0.08189694,0.049378395,0.027728207,0.012751081,0.3810868,0.03997154
0.40264946,0.0047260495,0.08226291,0.049291175,0.027670091,0.012677644,0.38075733,0.03996531
0.4029054,0.004689652,0.08264386,0.049192153,0.027608087,0.012607668,0.38039568,0.039957576
0.40314177,0.004653745,0.08302037,0.049100835,0.027548555,0.0125355,0.38004738,0.039951757
0.40333062,0.0046188794,0.08337702,0.04902817,0.027495168,0.012458517,0.37974274,0.03994893
0.40349412,0.004584668,0.08372377,0.048964787,0.027444858,0.012379602,0.37946096,0.039947197
0.40368223,0.004550254,0.08408372,0.048890665,0.027391158,0.012304323,0.3791546,0.03994306
0.40391892,0.0045152837,0.08446781,0.048796672,0.027330989,0.012234939,0.37880018,0.03993522
0.4041733,0.004480283,0.084861875,0.04869552,0.027268482,0.012167794,0.3784267,0.03992609
0.40438882,0.0044460716,0.085241586,0.048609182,0.027210826,0.0120967515,0.3780871,0.039919652
0.4045444,0.004413026,0.085595265,0.048545685,0.027160656,0.012019948,0.37780398,0.039916974
0.40468007,0.004380553,0.08594042,0.04848977,0.027113054,0.011941697,0.3775391,0.039915297
0.40485325,0.004347631,0.08630671,0.048418283,0.02706039,0.011868087,0.37723494,0.039910804
0.405084,0.00431403,0.08670255,0.048323724,0.027000224,0.01180103,0.37687227,0.0399021
0.40532553,0.004280474,0.087106146,0.048224464,0.026938522,0.011735443,0.37649697,0.039892446
0.40550488,0.0042480375,0.08748272,0.048148245,0.02688438,0.011664131,0.3761812,0.03988641
0.40560043,0.0042171003,0.087819524,0.04810344,0.026840566,0.0115851,0.3759486,0.039885268
0.405667,0.0041867676,0.08814395,0.048068684,0.026800094,0.011504036,0.37574407,0.03988535
0.405795,0.0041556275,0.088501915,0.048009142,0.02675151,0.011429807,0.37547606,0.039881006
0.40603372,0.0041229567,0.08891864,0.047906224,0.026688717,0.011366763,0.37509343,0.039869566
0.4063471,0.0040893736,0.08937641,0.047774572,0.026616469,0.01131111,0.37463152,0.039853487
0.4066477,0.004056178,0.08983217,0.047647987,0.026545858,0.011254216,0.3741773,0.039838564
0.40687412,0.004024381,0.090251386,0.047550157,0.026484737,0.011190447,0.37379622,0.03982858
0.4070366,0.0039938577,0.090637065,0.04747689,0.026431791,0.011121198,0.3734803,0.039822366
0.4071936,0.0039636022,0.091022395,0.04740517,0.026379433,0.0110521065,0.37316757,0.039816126
0.40739062,0.0039329873,0.09143025,0.047317836,0.026322022,0.01098743,0.37281212,0.039806806
0.4076157,0.0039021727,0.09185562,0.047219567,0.026261048,0.010925722,0.37242454,0.039795585
0.40781996,0.0038718663,0.092272654,0.047129266,0.0262027,0.010862249,0.37205532,0.039786033
0.4079761,0.0038425256,0.09266416,0.04705739,0.026150433,0.010794623,0.371735,0.03977977
0.40810743,0.0038137706,0.09304351,0.046994675,0.02610125,0.010725228,0.3714391,0.039775006
0.40826425,0.0037847983,0.09343965,0.04692156,0.026048677,0.01065878,0.3711142,0.039768107
0.40846902,0.0037553138,0.093865186,0.04682954,0.025989937,0.010597295,0.37073603,0.03975758
0.4086897,0.00372581,0.09430188,0.04673116,0.025929155,0.010537686,0.3703389,0.039745662
0.40887073,0.003697092,0.0947184,0.04664769,0.025873316,0.010474829,0.36998144,0.039736465
0.40899292,0.0036694629,0.095101796,0.04658664,0.025824908,0.010407083,0.36968595,0.039731324
0.4090949,0.0036423355,0.09547475,0.046533078,0.025779001,0.010337996,0.36941037,0.039727543
0.4092353,0.0036147758,0.09587379,0.04646423,0.025728084,0.010272831,0.3690902,0.03972094
0.40943196,0.0035865593,0.09630894,0.046373054,0.02566985,0.01021319,0.36870652,0.039709967
0.40963793,0.003558388,0.096752375,0.046277676,0.025610263,0.010154829,0.3683106,0.039697923
0.40978172,0.003531276,0.09716128,0.04620509,0.025558252,0.010091661,0.36798102,0.03968968
0.40984336,0.0035055606,0.0975207,0.0461634,0.025516458,0.010021909,0.36774182,0.039686866
0.40987703,0.0034803862,0.097865276,0.046131607,0.025477959,0.0099503705,0.3675317,0.039685708
0.40997177,0.0034544356,0.09825086,0.04607553,0.025431454,0.009884605,0.36725134,0.039680008
0.4101749,0.003427071,0.09870715,0.04597729,0.025371054,0.009828381,0.36684754,0.039666582
0.41044956,0.0033988366,0.099212565,0.045851104,0.025301442,0.009778501,0.36636007,0.03964793
0.41071072,0.0033709668,0.09971377,0.045729812,0.02523345,0.009727707,0.3658834,0.039630137
0.41089845,0.003344355,0.10017043,0.04563628,0.02517466,0.009671145,0.36548716,0.039617427
0.41102424,0.003318841,0.10058795,0.045566317,0.02512374,0.009609915,0.36516014,0.03960886
0.4111455,0.003293546,0.10100549,0.045497388,0.025073215,0.009548863,0.36483568,0.039600365
0.4113061,0.0032678666,0.101450965,0.045412995,0.025017623,0.009491538,0.36446428,0.03958858
0.4114935,0.00324199,0.101916805,0.04531796,0.024958562,0.009436802,0.36405963,0.03957466
0.41165987,0.0032165758,0.10237168,0.04523062,0.02490207,0.009380701,0.36367637,0.03956217
0.41177902,0.0031920234,0.10279592,0.045161195,0.024851553,0.009321123,0.36334604,0.039553147
0.4118745,0.0031679748,0.10320612,0.045100458,0.024803927,0.009260083,0.3630411,0.039545763
0.41199592,0.0031437052,0.10363688,0.045029353,0.024752922,0.009201538,0.3627033,0.039536305
0.4121646,0.003118944,0.10410284,0.044939626,0.024695795,0.009147205,0.3623079,0.039523017
0.41234863,0.0030941472,0.10458186,0.044843677,0.024636665,0.009094499,0.36189222,0.039508272
0.4124943,0.0030700678,0.10503613,0.04476223,0.024582382,0.00903915,0.36151934,0.03949628
0.41258296,0.0030469678,0.105451204,0.04470258,0.024535373,0.008979728,0.36121264,0.039488573
0.41265267,0.0030242933,0.10585428,0.044649996,0.024490725,0.008919211,0.36092654,0.039482318
0.4127606,0.0030012107,0.106288396,0.04458216,0.024441056,0.008862049,0.36059138,0.039473098
0.41292396,0.0029775142,0.1067656,0.04449243,0.02438417,0.008809588,0.36018744,0.039459284
0.4130963,0.0029538474,0.107252404,0.04439858,0.024325974,0.008758252,0.35977036,0.039444387
0.41320917,0.0029311453,0.107697934,0.044326898,0.024275173,0.008702912,0.3594232,0.03943359
0.4132425,0.0029096904,0.108085595,0.044285398,0.024234427,0.008642058,0.3591717,0.03942861
0.4132498,0.0028887119,0.10845586,0.044253405,0.024196854,0.008579716,0.3589501,0.03942553
0.41331717,0.0028670216,0.10887466,0.044197522,0.02415136,0.008522285,0.3586522,0.03941764
0.41348955,0.0028440407,0.10937642,0.044100367,0.024092222,0.0084729865,0.35822296,0.03940148
0.41373122,0.002820265,0.10993555,0.043975797,0.024024026,0.0084291,0.35770452,0.03937955
0.41395923,0.0027968134,0.110489,0.043855846,0.02395737,0.008384547,0.3571989,0.039358314
0.4141171,0.002774471,0.110990584,0.043762702,0.023899635,0.008335185,0.35677785,0.039342422
0.41421524,0.002753086,0.11144739,0.043692183,0.023849478,0.008281902,0.3564298,0.039331015
0.41430986,0.0027318655,0.11190492,0.04362234,0.023799596,0.0082288245,0.35608295,0.03931958
0.41444296,0.0027102786,0.11239578,0.04353705,0.023744615,0.008178918,0.35568562,0.03930475
0.41460183,0.0026884906,0.112910725,0.04344127,0.023686195,0.008131235,0.35525277,0.039287493
0.41474032,0.0026671113,0.11341255,0.043352813,0.023630245,0.008082486,0.35484296,0.039271608
0.4148333,0.0026464895,0.11387892,0.04328166,0.023580095,0.008030868,0.35448942,0.039259262
0.41490376,0.0026262966,0.11432935,0.043218814,0.023532722,0.007978027,0.35416228,0.03924871
0.41499966,0.0026058918,0.11480404,0.043145593,0.023481954,0.007927325,0.35379973,0.039235882
0.4151412,0.0025850271,0.11532011,0.04305409,0.023425132,0.007880186,0.3533752,0.03921902
0.4152977,0.002564117,0.115851626,0.042956386,0.023366299,0.007834436,0.35292888,0.039200604
0.41541702,0.0025438385,0.11635434,0.04287277,0.023312211,0.0077865105,0.35252824,0.039185002
0.41548172,0.0025244257,0.11681155,0.04281028,0.023265205,0.007735188,0.3521978,0.039173905
0.4155284,0.0025053807,0.117255144,0.042754643,0.023220513,0.007682958,0.35188866,0.03916438
0.415612,0.0024859644,0.11773438,0.04268399,0.023170836,0.0076335683,0.35152766,0.03915161
0.41574866,0.0024659934,0.11826375,0.042591967,0.023114098,0.0075881477,0.35109332,0.039134044
0.41589367,0.0024460438,0.118804075,0.04249603,0.023056095,0.0075436775,0.3506451,0.039115336
0.41598198,0.0024269545,0.119296566,0.04242178,0.023005374,0.0074958242,0.3502704,0.039101113
0.41599432,0.0024089727,0.119721636,0.042377055,0.022964545,0.007443328,0.3499968,0.039093193
0.4159817,0.0023914236,0.12012644,0.04234174,0.02292687,0.007389579,0.34975478,0.03908741
0.41602647,0.002373236,0.12058691,0.04228317,0.022881478,0.007339963,0.34943235,0.039076496
0.41617087,0.0023538982,0.12114259,0.042184528,0.022822753,0.0072971922,0.34897146,0.03905666
0.4163807,0.0023338536,0.121763974,0.042059354,0.022755219,0.007258983,0.34841725,0.039030686
0.41657692,0.0023140986,0.12237821,0.041938838,0.022689262,0.0072202194,0.34787706,0.039005417
0.4167057,0.0022953297,0.122931965,0.041844536,0.022632081,0.0071774046,0.34742716,0.03898587
0.41677728,0.0022774022,0.123434156,0.04177236,0.02258234,0.0071312687,0.347054,0.03897123
0.4168455,0.0022596202,0.123936705,0.04170087,0.022532875,0.0070852814,0.34668255,0.038956583
0.41694963,0.0022415055,0.12447754,0.04161446,0.02247846,0.0070419423,0.34625807,0.03893839
0.41694677,0.0022217403,0.12515756,0.041515857,0.022430966,0.0070049176,0.34582084,0.03890133
0.41689584,0.0022020508,0.1258467,0.041424062,0.022388067,0.006967862,0.3454131,0.038862288
0.41686597,0.002182741,0.1264468,0.041332636,0.022343315,0.0069259647,0.34507,0.038832564
0.416846,0.0021636907,0.12700471,0.04124136,0.022297662,0.006881856,0.34475735,0.038807385
0.41685316,0.0021444443,0.12758736,0.0411388,0.022248164,0.006839358,0.3444085,0.038780108
0.4169103,0.0021247463,0.12821227,0.041016057,0.022191813,0.0067995316,0.3439962,0.038749084
0.41698262,0.0021050149,0.12885317,0.040886723,0.022133216,0.006760738,0.34356192,0.038716607
0.41705802,0.0020863523,0.1292685,0.040749326,0.0220603,0.006719498,0.343366,0.03869207
0.4170896,0.0020687275,0.12956092,0.04062682,0.021988098,0.0066753905,0.3433166,0.03867385
0.41710484,0.0020515204,0.12982075,0.04051039,0.021917047,0.0066305418,0.3433073,0.038657602
0.4171527,0.0020338835,0.13015021,0.04038218,0.021844141,0.0065879975,0.34321147,0.038637437
0.4172473,0.0020155932,0.13058026,0.040237103,0.021768568,0.006548652,0.34299105,0.038611446
0.41734913,0.0019973246,0.13102911,0.04008946,0.021692716,0.006510051,0.34274796,0.038584333
0.41740054,0.0019800363,0.13137464,0.039960075,0.021620102,0.0064686774,0.34263298,0.038563002
0.41738436,0.0019640173,0.13157743,0.039855342,0.021551816,0.006423505,0.34269378,0.03854976
0.41734588,0.0019484829,0.13173369,0.039758712,0.021485025,0.0063773007,0.34281164,0.0385392
0.4173578,0.0019322259,0.1319996,0.03964377,0.021415252,0.006334452,0.34279445,0.038522463
0.41745767,0.00191465,0.13245703,0.039496962,0.021340214,0.006297162,0.34254158,0.038494796
0.41761446,0.0018962651,0.13304392,0.03932932,0.021261761,0.0062635657,0.34213102,0.038459696
0.4177587,0.0018782144,0.1336101,0.039166026,0.021184156,0.0062295035,0.34174764,0.03842568
0.41784316,0.0018612845,0.13404833,0.039024618,0.021110415,0.0061921463,0.3415212,0.038398944
0.41787747,0.0018453018,0.13437717,0.03890163,0.02103997,0.006152068,0.3414281,0.038378403
0.41790864,0.001829481,0.13470209,0.03877965,0.020969814,0.0061120978,0.34134018,0.03835811
0.41797128,0.0018132734,0.13510036,0.03864616,0.020897806,0.006074264,0.34116328,0.03833358
0.4180541,0.0017968541,0.13554917,0.038505107,0.020824628,0.006037943,0.34092626,0.038306072
0.41811928,0.0017808374,0.13596174,0.038370464,0.020752711,0.006000879,0.3407337,0.038280506
0.41814587,0.0017655701,0.13628761,0.038250167,0.020683423,0.0059618438,0.34064573,0.038259864
0.41815332,0.0017507209,0.136571,0.03813691,0.020615473,0.005921963,0.34060892,0.03824163
0.41818112,0.0017356563,0.13690399,0.03801611,0.020546332,0.0058835302,0.3405127,0.038220618
0.41824564,0.0017201187,0.1373268,0.037881643,0.020474926,0.0058475165,0.3403089,0.03819446
0.41832152,0.0017045197,0.13777992,0.037742987,0.020402933,0.005812421,0.34006926,0.0381665
0.4183663,0.0016895323,0.13816273,0.03761589,0.020333122,0.005775834,0.33991402,0.038142476
0.418366,0.0016753809,0.13843824,0.037505884,0.020266496,0.0057369187,0.33988652,0.03812452
0.41835013,0.0016615817,0.13867764,0.03740173,0.020201022,0.005697396,0.33990186,0.038108643
0.4183637,0.0016474167,0.13899104,0.03728648,0.0201337,0.005659818,0.33982915,0.03808863
0.41842034,0.0016326933,0.13941145,0.03715524,0.020063687,0.0056249197,0.33962917,0.038062543
0.41848296,0.0016179826,0.13985112,0.03702162,0.019993389,0.0055906516,0.33940694,0.03803527
0.41849956,0.0016041006,0.14017956,0.036905374,0.01992634,0.0055540665,0.3393166,0.038014255
0.41845426,0.0015912887,0.1403547,0.036812652,0.019863648,0.005514306,0.33940727,0.03800187
0.41838816,0.0015788816,0.14047983,0.036727667,0.01980246,0.005473697,0.33955687,0.037992306
0.41836834,0.0015658602,0.14072156,0.03662533,0.019738296,0.005435916,0.33956847,0.03797621
0.41842902,0.0015517172,0.14116733,0.036492728,0.019668842,0.0054028057,0.339339,0.03794855
0.41854176,0.0015368903,0.14175047,0.036340393,0.019595996,0.005372811,0.33894852,0.037913155
0.41864315,0.00152234,0.14231114,0.036192186,0.019523999,0.005342446,0.33858585,0.037878927
0.41868964,0.0015087286,0.14273489,0.036064744,0.019455869,0.0053093247,0.3383844,0.03785239
0.41869053,0.0014959126,0.14304192,0.03595477,0.019391008,0.0052739447,0.33831948,0.037832476
0.4186887,0.0014832304,0.14334464,0.035845786,0.01932646,0.0052386923,0.3382596,0.03781281
0.41871548,0.0014702115,0.14372544,0.035725825,0.019260047,0.0052052466,0.33810902,0.037788678
0.41876113,0.0014570085,0.14415987,0.035598606,0.019192446,0.0051730787,0.33789635,0.03776148
0.4187908,0.0014441393,0.14455579,0.035477426,0.019126084,0.00514031,0.33772916,0.03773639
0.41878545,0.001431891,0.14485955,0.035369758,0.019062305,0.0051059173,0.33766866,0.037716426
0.4187626,0.0014199889,0.14511856,0.035268784,0.018999886,0.0050708437,0.33766028,0.037699003
0.41875854,0.001407898,0.14543056,0.035160586,0.018936254,0.005037018,0.33759055,0.037678614
0.41878834,0.0013954027,0.14583766,0.03503932,0.018870357,0.005005235,0.33741087,0.037652824
0.41882864,0.0013828464,0.14627756,0.034913972,0.018803848,0.004974247,0.33719373,0.037625168
0.4188409,0.0013707951,0.14664312,0.034799483,0.018739467,0.0049420353,0.33706263,0.037601616
0.4188119,0.0013594367,0.14689553,0.034701068,0.018678201,0.0049079075,0.3370616,0.037584398
0.41876885,0.0013483639,0.14711024,0.03460812,0.018618045,0.0048732967,0.33710378,0.037569296
0.41875312,0.00133698,0.14740369,0.034504585,0.018556068,0.0048403465,0.33705544,0.03754981
0.4187766,0.00132512,0.14781046,0.034385785,0.018491404,0.0048096706,0.33687702,0.037523948
0.41880617,0.0013132627,0.14823794,0.03426462,0.018426422,0.0047795395,0.3366752,0.037496842
0.41879395,0.0013020905,0.14854851,0.034159783,0.0183646,0.004747492,0.33660734,0.037476297
0.4187251,0.0012918056,0.14869817,0.034077123,0.018307041,0.004712812,0.3367232,0.037464734
0.41863757,0.0012818532,0.14879559,0.03400175,0.018250972,0.0046774517,0.33689865,0.03745608
0.41859257,0.0012713809,0.14901623,0.033909854,0.018191941,0.0046444885,0.33693296,0.03744057
0.41862127,0.0012599652,0.14945213,0.033789255,0.018127713,0.004615456,0.33672118,0.03741296
0.41869774,0.0012479736,0.15003279,0.033649847,0.018060116,0.0045890496,0.33634517,0.037377257
0.41876432,0.0012362074,0.15058972,0.033514295,0.017993335,0.0045623444,0.33599702,0.037342828
0.41878077,0.0012252207,0.15100315,0.033398334,0.017930347,0.004533362,0.33581233,0.03731643
0.41875547,0.0012148916,0.15129411,0.03329887,0.017870571,0.0045025195,0.33576664,0.037296847
0.4187281,0.001204669,0.15158069,0.033200257,0.017811064,0.0044717924,0.3357259,0.03727754
0.4187268,0.0011941618,0.15194942,0.033091232,0.017749734,0.004442595,0.33559236,0.03725361
0.41874322,0.0011834974,0.15237468,0.032975253,0.017687207,0.004414479,0.3353951,0.037226535
0.4187452,0.0011731064,0.15275934,0.032864965,0.017625887,0.0043858807,0.3352439,0.03720159
0.41871515,0.0011632291,0.1530478,0.03276744,0.017567104,0.0043559377,0.33520132,0.037182048
0.41866934,0.0011536366,0.15328927,0.03267623,0.017509637,0.004325451,0.33521134,0.03716512
0.4186405,0.001143885,0.15358599,0.03257817,0.017450983,0.0042960127,0.3351593,0.037145093
0.41864273,0.0011337928,0.15398242,0.032467745,0.017390102,0.0042682947,0.33499548,0.037119493
0.4186546,0.0011236477,0.15441296,0.032353416,0.017328613,0.0042412574,0.33479354,0.037091978
0.41864088,0.0011139167,0.15476573,0.032249324,0.0172692,0.0042132013,0.33467916,0.037068706
0.4185895,0.0011047613,0.1549999,0.032160442,0.0172128,0.0041835564,0.33469695,0.037052047
0.41852522,0.0010958408,0.15519449,0.032076735,0.017157502,0.0041535217,0.33475912,0.037037566
0.4184859,0.0010866603,0.15547091,0.031983037,0.01710042,0.0041248887,0.33472967,0.03701856
0.41848195,0.0010770822,0.15586548,0.031874966,0.01704073,0.0040981597,0.3345686,0.03699294
0.41848394,0.0010675055,0.15628123,0.03176462,0.01698071,0.00407189,0.334384,0.036966156
0.4184473,0.0010584958,0.15657468,0.03166978,0.016923789,0.004044031,0.3343358,0.03694609
0.41835916,0.0010502181,0.15669969,0.031595863,0.016870996,0.0040139807,0.33447474,0.03693534
0.41825387,0.0010422168,0.1567697,0.03152887,0.01681963,0.0039833575,0.33467466,0.0369277
0.41818705,0.0010337842,0.15696777,0.031446338,0.01676542,0.003954754,0.33473212,0.036912885
0.41818747,0.00102457,0.15738943,0.031336777,0.016706176,0.0039294367,0.3345404,0.0368857
0.41823146,0.0010148766,0.15796123,0.031209504,0.01664366,0.0039063133,0.3341828,0.036850154
0.418266,0.0010053717,0.15850747,0.031085905,0.016581953,0.0038829444,0.33385435,0.03681602
0.41825485,0.000996511,0.1589033,0.030980885,0.016523922,0.0038576776,0.33369273,0.036790196
0.41820553,0.0009881954,0.15917099,0.03089148,0.016469019,0.0038308573,0.33367246,0.036771476
0.4181542,0.0009799681,0.15943341,0.030802969,0.016414395,0.003804136,0.33365792,0.036753062
0.4181265,0.00097150536,0.15978043,0.030704692,0.016358016,0.0037787026,0.3335502,0.03672992
0.41811463,0.00096291257,0.16018516,0.030599928,0.016300494,0.0037541692,0.33337915,0.03670358
0.41808948,0.00095454656,0.1605472,0.030500596,0.016244145,0.0037292347,0.3332552,0.036679596
0.41803512,0.00094660406,0.16080825,0.03041337,0.016190251,0.0037031793,0.333242,0.03666114
0.4179662,0.0009388973,0.1610198,0.030332172,0.016137645,0.003676677,0.33328328,0.036645383
0.41791266,0.00093106023,0.16128789,0.03024459,0.016083919,0.0036510534,0.3332622,0.036626577
0.41788727,0.00092294003,0.16165875,0.030145383,0.016028048,0.0036268677,0.33312866,0.03660204
0.41787067,0.00091477646,0.16206387,0.03004256,0.015971597,0.0036032496,0.33295774,0.036575593
0.41783047,0.0009069559,0.1623878,0.029949434,0.015917145,0.0035787923,0.33287588,0.036553595
0.41775575,0.00089960755,0.16258834,0.029870708,0.015865613,0.0035530133,0.33292857,0.036538374
0.4176694,0.0008924524,0.16274734,0.029796897,0.015815137,0.0035269167,0.3330266,0.03652541
0.41760534,0.0008850823,0.1629904,0.029713701,0.015762959,0.0035019976,0.33303267,0.036507804
0.4175742,0.0008773841,0.16335502,0.029616974,0.015708268,0.0034786682,0.33290595,0.03648353
0.41754782,0.00086968514,0.16374107,0.02951816,0.015653279,0.0034557348,0.33275628,0.03645807
0.41748655,0.00086245243,0.16400017,0.029433947,0.01560125,0.003431479,0.33274466,0.036439557
0.41737777,0.00085581926,0.16408524,0.029369451,0.015553174,0.0034054045,0.33292273,0.036430493
0.41725332,0.00084941305,0.16411325,0.029311487,0.015506455,0.0033788686,0.33316267,0.036424614
0.4171639,0.0008426484,0.1642735,0.029238855,0.01545701,0.0033540237,0.3332586,0.036411453
0.4171365,0.0008352402,0.16466412,0.029140772,0.015402752,0.0033319318,0.3331031,0.036385633
0.41714898,0.0008274351,0.16520913,0.029025948,0.01534535,0.0033116806,0.33278012,0.03635138
0.417153,0.00081978296,0.16572762,0.028914591,0.01528873,0.0032912346,0.33248654,0.036318555
0.41711533,0.00081265735,0.1660912,0.028820647,0.015235597,0.0032692174,0.33236122,0.036294185
0.4170425,0.0008059775,0.16632318,0.028741395,0.015185453,0.0032459265,0.3323786,0.03627703
0.41696787,0.0007993659,0.16654982,0.02866292,0.01513557,0.0032227368,0.33240163,0.036260113
0.41691545,0.0007925601,0.16686366,0.028575182,0.015083981,0.0032006248,0.33233005,0.036238495
0.4168776,0.00078564225,0.16723754,0.028481282,0.0150313135,0.0031792866,0.3321938,0.036213525
0.41682795,0.00077890756,0.16756779,0.028392376,0.014979729,0.0031576292,0.33210465,0.036190942
0.41675153,0.0007725168,0.16779509,0.028314775,0.014930461,0.0031350537,0.3321266,0.036173973
0.416662,0.00076631515,0.16797231,0.028242739,0.0148824,0.0031121215,0.33220237,0.036159728
0.41658702,0.0007600035,0.1682083,0.028164618,0.014833249,0.0030899448,0.3322145,0.036142286
0.41653815,0.00075345545,0.16855045,0.028075429,0.014782046,0.003068988,0.3321124,0.036118977
0.4164977,0.00074686744,0.1689289,0.027982699,0.014730259,0.0030485236,0.33197132,0.036093704
0.41643602,0.0007405559,0.16922495,0.02789898,0.014680353,0.0030273763,0.33191884,0.03607293
0.41634268,0.0007346257,0.16939594,0.02782862,0.0146331685,0.0030051465,0.3320008,0.03605892
0.41623884,0.00072885,0.16952579,0.027762773,0.014586976,0.0029826786,0.33212698,0.036047142
0.4161563,0.0007228943,0.16974281,0.027687961,0.014539132,0.002961209,0.33215907,0.03603062
0.41610402,0.0007166634,0.1700857,0.02760021,0.014488871,0.002941091,0.33205622,0.036007203
0.41605714,0.0007104287,0.17045186,0.027510334,0.014438292,0.00292132,0.33192804,0.035982575
0.415978,0.0007045695,0.17068984,0.027434029,0.014390484,0.0029004752,0.3319377,0.035964828
0.41585574,0.0006991967,0.17075133,0.027376074,0.014346371,0.0028781316,0.33213648,0.035956644
0.4157191,0.00069400313,0.17075652,0.027324107,0.01430353,0.0028554315,0.33239588,0.035951488
0.41561556,0.00068851304,0.17089835,0.027258145,0.014258052,0.0028341624,0.3325084,0.03593892
0.4155695,0.00068249,0.17127737,0.02716804,0.014207976,0.0028152056,0.3323659,0.035913475
0.41556102,0.00067613926,0.17181572,0.027062025,0.014154906,0.002797806,0.33205298,0.035879422
0.41554523,0.00066990865,0.17232853,0.026959045,0.014102511,0.002780266,0.3317678,0.035846714
0.4154909,0.0006641035,0.17268528,0.026872287,0.014053413,0.0027614434,0.3316502,0.035822455
0.41540498,0.00065865787,0.17290923,0.026799116,0.014007068,0.0027415762,0.33167395,0.035805393
0.41531768,0.00065326394,0.17312968,0.026726497,0.01396094,0.0027218137,0.33170167,0.03578848
0.41525143,0.00064770604,0.17344105,0.026644984,0.013913167,0.0027029738,0.33163208,0.03576664
0.41519928,0.0006420535,0.17381546,0.026557483,0.013864339,0.0026847958,0.33149526,0.035741426
0.41513625,0.0006365458,0.17414707,0.026474496,0.013816486,0.002666369,0.3314044,0.035718497
0.415049,0.0006313155,0.17437561,0.026401963,0.013770805,0.0026472015,0.33142298,0.035701107
0.41494998,0.00062623585,0.17455488,0.026334485,0.013726208,0.0026277541,0.33149406,0.035686377
0.4148649,0.0006210615,0.17479585,0.026261104,0.0136805605,0.002608955,0.33149928,0.035668276
0.41480437,0.0006156925,0.17514676,0.026177194,0.013632951,0.0025911874,0.33138755,0.035644278
0.41475192,0.00061028654,0.17553629,0.026089756,0.013584741,0.0025738447,0.33123496,0.035618167
0.41468027,0.0006051042,0.17584348,0.026010638,0.01353827,0.0025559517,0.33116984,0.035596497
0.4145797,0.0006002302,0.17602473,0.025943939,0.013494351,0.0025371707,0.33123836,0.03558159
0.41446987,0.00059547945,0.17616539,0.02588134,0.013451338,0.0025182033,0.33134955,0.035568845
0.41437992,0.0005905789,0.1763964,0.025810162,0.013406736,0.002500084,0.33136478,0.035551205
0.4143183,0.0005854532,0.17675738,0.025726754,0.013359838,0.0024831004,0.3312426,0.03552664
0.41426158,0.0005803218,0.17714308,0.025641225,0.013312619,0.002466418,0.33109406,0.035500724
0.41417584,0.00057549495,0.17739917,0.02556831,0.013267975,0.0024488515,0.33108276,0.035481684
0.4140502,0.00057106424,0.17747664,0.025512595,0.013226823,0.0024300467,0.33126038,0.03547224
0.4139117,0.00056677917,0.1774973,0.025462408,0.01318685,0.0024109522,0.33149818,0.035465837
0.41380382,0.0005622503,0.17765819,0.025398979,0.0131443655,0.0023930576,0.33158737,0.035451878
0.41374904,0.0005572869,0.17806226,0.025312815,0.013097535,0.0023770973,0.33141902,0.035424948
0.4137288,0.00055205176,0.17862977,0.025211615,0.01304784,0.0023624373,0.33107832,0.03538918
0.41370165,0.00054691616,0.1791719,0.025113232,0.012998788,0.0023476651,0.33076498,0.03535483
0.4136394,0.0005421278,0.17955503,0.025030052,0.012952823,0.0023318261,0.3306198,0.03532895
0.4135483,0.00053763355,0.179803,0.024959646,0.012909473,0.0023151236,0.3306166,0.035310306
0.41345587,0.00053318247,0.18004782,0.024889728,0.0128663285,0.002298512,0.3306167,0.03529182
0.41338244,0.00052859786,0.18038557,0.024811486,0.012821632,0.0022826719,0.3305193,0.03526837
0.41332167,0.0005239363,0.18078764,0.024727581,0.01277591,0.0022673786,0.33035427,0.03524148
0.4132515,0.00051939365,0.18114617,0.024647947,0.01273113,0.0022518802,0.33023503,0.03521692
0.4131587,0.00051507825,0.18139926,0.02457817,0.012688397,0.0022357642,0.33022663,0.03519794
0.41305557,0.0005108892,0.18160143,0.024513202,0.012646716,0.0022194153,0.3302711,0.035181675
0.4129647,0.00050662336,0.18186651,0.0244427,0.012604033,0.0022036042,0.33024985,0.03516206
0.41289616,0.0005021999,0.18224339,0.024362355,0.012559506,0.002188648,0.33011135,0.035136472
0.4128345,0.0004977467,0.1826594,0.024278779,0.012514419,0.0021740403,0.32993224,0.035108805
0.41275537,0.00049347914,0.1829905,0.02420309,0.012470999,0.0021589699,0.32984188,0.03508569
0.41264993,0.0004894655,0.18319215,0.024139147,0.01243,0.0021431588,0.32988665,0.03506942
0.41253564,0.00048555594,0.18335123,0.024079157,0.012389889,0.0021271918,0.32997593,0.035055406
0.41243926,0.00048152515,0.18360184,0.024011193,0.012348278,0.0021119223,0.32996944,0.035036504
0.4123684,0.00047731146,0.1839842,0.02393181,0.012304507,0.0020975922,0.3298256,0.035010587
0.41230178,0.00047309522,0.18439132,0.023850542,0.012260449,0.0020835071,0.32965586,0.03498339
0.41220844,0.00046913148,0.18466456,0.02378127,0.012218872,0.0020686816,0.32962587,0.03496326
0.41207883,0.00046549476,0.18475361,0.023728257,0.012180614,0.0020528224,0.3297875,0.034952894
0.41193745,0.00046197913,0.18478315,0.023680529,0.012143486,0.0020367154,0.330011,0.03494562
0.4118235,0.00045826685,0.18495533,0.023620522,0.012104019,0.002021598,0.33008584,0.03493085
0.41175735,0.00045419871,0.185375,0.0235392,0.01206043,0.002008084,0.32990283,0.03490291
0.4117219,0.0004499114,0.18596089,0.023443868,0.012014145,0.0019956427,0.3295474,0.034866218
0.41167995,0.0004457071,0.18651946,0.023351312,0.0119684925,0.0019831024,0.329221,0.03483094
0.4116059,0.00044178974,0.18691385,0.023273157,0.011925788,0.001969672,0.32906544,0.03480438
0.4115055,0.00043811608,0.18716855,0.023207162,0.01188561,0.0019555169,0.32905436,0.034785174
0.41140378,0.00043447965,0.18741855,0.023141732,0.011845625,0.0019414348,0.32904816,0.034766212
0.411319,0.00043073538,0.18776244,0.023068545,0.0118041895,0.0019279841,0.32894483,0.034742296
0.4112454,0.0004269295,0.18817085,0.022990182,0.011761802,0.0019149873,0.3287748,0.03471497
0.4111627,0.00042322333,0.18853354,0.022915935,0.011720337,0.0019018144,0.3286525,0.034690037
0.41105995,0.0004197058,0.18878679,0.022851057,0.011680829,0.0018881221,0.32864267,0.034670908
0.4109472,0.0004162924,0.18898681,0.022790797,0.011642331,0.001874236,0.32868776,0.034654513
0.41084546,0.00041281802,0.18925011,0.022725442,0.0116029065,0.0018607894,0.32866767,0.03463485
0.4107634,0.00040921525,0.18962684,0.02265091,0.011561742,0.0018480519,0.32853058,0.03460918
0.41068763,0.00040559025,0.19004229,0.02257343,0.011520073,0.0018356027,0.32835394,0.034581453
0.41059566,0.00040211732,0.19037019,0.02250343,0.011479992,0.0018227664,0.3282675,0.03455835
0.41048026,0.00039885458,0.19056419,0.022444544,0.011442211,0.0018093134,0.3283184,0.034542266
0.41035685,0.00039567714,0.19071412,0.022389445,0.011405287,0.0017957278,0.32841447,0.034528498
0.41024923,0.00039240127,0.19095716,0.02232689,0.011366956,0.0017827229,0.32841486,0.034509823
0.41016448,0.0003889769,0.19133411,0.022253675,0.01132658,0.0017705,0.3282776,0.034484126
0.41008297,0.00038554985,0.19173564,0.022178708,0.011285945,0.0017584777,0.32811558,0.034457114
0.4099777,0.0003823306,0.19199982,0.022115046,0.011247662,0.0017458416,0.32809424,0.034437325
0.4098402,0.00037937885,0.1920752,0.022066701,0.011212523,0.0017323465,0.3282663,0.034427408
0.40969178,0.0003765275,0.19208963,0.022023361,0.011178464,0.0017186527,0.32850093,0.034420677
0.409568,0.0003735133,0.19224954,0.02196845,0.011142174,0.0017057792,0.3285863,0.034406297
0.4094869,0.00037020896,0.19266243,0.02189356,0.011101998,0.0016942429,0.32841203,0.034378666
0.40943342,0.0003667244,0.193245,0.021805461,0.0110592665,0.0016835997,0.3280643,0.034342177
0.40937385,0.0003633074,0.19379969,0.021719992,0.011017136,0.0016728769,0.3277459,0.03430716
0.40928608,0.00036012483,0.19418667,0.021648027,0.010977787,0.0016614187,0.327599,0.03428092
0.4091744,0.00035714073,0.1944312,0.021587433,0.010940805,0.0016493644,0.32759756,0.034262095
0.40906182,0.00035418704,0.1946711,0.021527369,0.0109040085,0.0016373734,0.32760066,0.034243487
0.40896428,0.0003511448,0.19500738,0.021459997,0.010865838,0.0016259146,0.3275056,0.03421989
0.40887675,0.00034805035,0.19541009,0.021387689,0.01082676,0.0016148341,0.32734302,0.034192827
0.4087813,0.00034503735,0.19576629,0.021319209,0.010788531,0.0016036158,0.3272278,0.03416814
0.40866792,0.00034217717,0.19601166,0.02125948,0.010752142,0.0015919699,0.32722536,0.034149278
0.4085459,0.0003394013,0.19620349,0.021204034,0.010716701,0.0015801671,0.3272772,0.03413318
0.40843356,0.00033657483,0.19646025,0.021143744,0.010680369,0.0015687414,0.32726312,0.034113664
0.40833926,0.00033364233,0.19683355,0.021074772,0.0106423795,0.0015579055,0.3271304,0.034088116
0.40825033,0.0003306908,0.19724718,0.021002969,0.010603898,0.0015473166,0.3269571,0.03406046
0.40814757,0.0003278627,0.19757193,0.020938126,0.010566899,0.0015364104,0.32687378,0.03403743
0.4080237,0.0003252051,0.19776133,0.020883668,0.010532072,0.0015250017,0.3269277,0.03402142
0.40789247,0.00032261625,0.19790673,0.020832697,0.010498032,0.0015134858,0.3270263,0.03400768
0.40777552,0.00031994624,0.19814764,0.020774668,0.010462651,0.0015024588,0.32702813,0.03398899
0.40767947,0.00031715335,0.19852588,0.020706538,0.010425321,0.0014920835,0.32689044,0.03396319
0.40758643,0.00031435804,0.19892997,0.02063673,0.010387735,0.0014818842,0.32672685,0.033936005
0.40747207,0.00031173156,0.1991948,0.020577483,0.010352358,0.0014711793,0.32670435,0.03391606
0.407329,0.00030932325,0.19926785,0.020532558,0.010319932,0.0014597677,0.32687545,0.03390603
0.40717643,0.0003069962,0.1992793,0.020492287,0.010288518,0.0014481925,0.3271091,0.033899184
0.4070459,0.00030453622,0.19943966,0.020441147,0.010255004,0.001437306,0.32719186,0.03388461
0.40700352,0.0003018644,0.19982564,0.020368861,0.010215908,0.0014276134,0.3270006,0.03385604
0.40725234,0.00029918764,0.2002115,0.020272067,0.010164447,0.0014191002,0.32656613,0.033815317
0.40750152,0.00029656585,0.20056435,0.020177579,0.010113436,0.0014105275,0.32615998,0.033776004
0.40775853,0.0002941504,0.20072448,0.020094378,0.010063926,0.0014013932,0.3259181,0.03374511
0.40802267,0.00029190932,0.2007212,0.020020697,0.0100157205,0.0013918024,0.3258147,0.033721346
0.4082867,0.0002896904,0.2007121,0.019947566,0.009967761,0.001382259,0.32571608,0.03369784
0.4085458,0.00028738577,0.20081228,0.019868575,0.009919321,0.0013731187,0.32552397,0.03366952
0.4088013,0.00028502956,0.20098725,0.019785706,0.00987062,0.0013642682,0.32526797,0.033637907
0.4090588,0.00028274237,0.20110817,0.019706158,0.009822501,0.0013553092,0.32505763,0.033608668
0.40932223,0.00028058927,0.20110151,0.019633941,0.009775416,0.0013460196,0.3249554,0.03358497
0.40958798,0.0002785082,0.20103244,0.01956542,0.009728955,0.0013366056,0.32490617,0.033563964
0.40985048,0.00027637783,0.20103566,0.019493135,0.009682235,0.0013274729,0.3247948,0.03353983
0.4101066,0.0002741468,0.20116955,0.01941395,0.009634911,0.0013187916,0.3245722,0.033509947
0.41036043,0.00027189477,0.20134686,0.01933268,0.009587526,0.0013102917,0.32431224,0.033478156
0.41061908,0.00026975153,0.20142098,0.01925733,0.009541019,0.0013015447,0.32413948,0.033450864
0.41088465,0.00026775978,0.2013394,0.019190665,0.009495695,0.0012924016,0.3240991,0.033430338
0.41115266,0.0002658283,0.20120555,0.019127062,0.009450914,0.0012831695,0.3241027,0.03341207
0.4114157,0.0002638199,0.20117684,0.019057978,0.009405677,0.0012743046,0.32401648,0.033389233
0.41167122,0.00026169696,0.20129983,0.018980972,0.009359711,0.0012659347,0.32380095,0.03335972
0.41192496,0.00025956947,0.20144863,0.018902915,0.0093138125,0.001257693,0.32356334,0.033329096
0.4121866,0.00025759314,0.20143658,0.018833665,0.009269092,0.0012490484,0.32346192,0.03330548
0.41245848,0.00025581382,0.20120546,0.018776324,0.009225931,0.0012398495,0.32354677,0.033291362
0.41273388,0.00025410642,0.20090167,0.018722989,0.009183391,0.0012305094,0.32369307,0.033280406
0.4130009,0.0002522762,0.20076142,0.018661154,0.009140056,0.0012216936,0.32370016,0.03326228
0.41325435,0.00025022664,0.20090604,0.018584482,0.00909521,0.0012137264,0.3234641,0.033231765
0.41349855,0.00024804162,0.2012392,0.018498223,0.009049461,0.0012063287,0.3230672,0.033193048
0.41374373,0.00024590478,0.20153508,0.01841426,0.0090041375,0.0011988712,0.32270214,0.033155933
0.4139984,0.00024394161,0.20163475,0.018340869,0.008960198,0.0011909277,0.32250357,0.033127323
0.41426146,0.00024212534,0.2015675,0.018276397,0.008917447,0.0011825887,0.32244653,0.03310599
0.41452482,0.00024033048,0.20148967,0.018212672,0.008874952,0.0011742802,0.32239807,0.03308509
0.41478285,0.00023846874,0.20151502,0.018143848,0.008832056,0.0011663032,0.32226187,0.033059668
0.41503704,0.00023656791,0.20160915,0.01807172,0.008788953,0.0011585584,0.32206678,0.03303127
0.41529402,0.00023472696,0.2016442,0.018002888,0.008746398,0.0011507123,0.3219216,0.033005383
0.4155579,0.00023300006,0.2015474,0.01794101,0.008704797,0.0011425749,0.3218881,0.032985266
0.41582474,0.00023133637,0.20138365,0.017882772,0.008663783,0.0011343226,0.32191142,0.03296801
0.41608813,0.00022963462,0.20128605,0.017821334,0.00862257,0.0011262974,0.3218781,0.03294788
0.41634512,0.00022785354,0.20131147,0.017753853,0.008580839,0.0011186412,0.32173985,0.032922372
0.4166,0.00022605898,0.20137401,0.017684758,0.008539104,0.0011111319,0.32156974,0.032895237
0.41686025,0.00022435686,0.20132913,0.017621297,0.008498162,0.001103401,0.32149062,0.0328728
0.41712847,0.00022278239,0.2011251,0.017566027,0.008458304,0.0010953249,0.3215467,0.032857213
0.41739917,0.00022125986,0.20086412,0.017513784,0.008418944,0.0010871646,0.3216515,0.03284403
0.41766477,0.00021967727,0.20070148,0.01745679,0.00837921,0.0010793052,0.32167214,0.032826595
0.41792312,0.00021800338,0.2006824,0.017392805,0.008338866,0.0010718566,0.32156998,0.032802913
0.41818026,0.00021632851,0.20068304,0.017328072,0.008298599,0.0010645057,0.32145077,0.03277843
0.41844538,0.00021478049,0.20052053,0.017271638,0.008259415,0.0010568082,0.3214704,0.032760963
0.41872105,0.00021339532,0.20013858,0.017226208,0.008221586,0.0010486306,0.32167774,0.03275291
0.4189994,0.0002120714,0.19968122,0.01718466,0.008184326,0.0010403295,0.32194987,0.032748066
0.41926998,0.00021064843,0.1993794,0.01713555,0.0081463875,0.0010324634,0.32208908,0.032736488
0.41952786,0.00020904817,0.19935165,0.017073106,0.008107174,0.0010253115,0.32199273,0.032713123
0.41977748,0.00020733832,0.1995031,0.017002083,0.00806719,0.0010186342,0.32174218,0.03268205
0.42002848,0.00020566954,0.19961376,0.016933328,0.008027615,0.0010119037,0.32152647,0.03265269
0.42028862,0.00020414438,0.19952911,0.016874345,0.007989253,0.0010047591,0.32147804,0.03263174
0.4205562,0.00020273967,0.1992786,0.0168236,0.007951924,0.000997276,0.32157186,0.032617882
0.42082393,0.00020135326,0.19901481,0.01677364,0.007914825,0.0009898166,0.32167712,0.032604575
0.42108727,0.0001999122,0.19884856,0.016719114,0.007877393,0.0009826337,0.321698,0.03258708
0.42134732,0.00019844,0.19874616,0.016661685,0.007839804,0.0009756512,0.3216641,0.032566797
0.42161003,0.0001970166,0.19858462,0.016607294,0.0078026904,0.000968579,0.3216807,0.032549076
0.4218781,0.00019568531,0.19829406,0.016559254,0.007766392,0.0009612638,0.32180843,0.032536834
0.42214835,0.00019440483,0.19793735,0.016514529,0.007730575,0.0009538509,0.3219936,0.03252737
0.4224157,0.00019309246,0.19764449,0.016466893,0.007694603,0.0009466342,0.32212347,0.032515194
0.4226777,0.00019171512,0.19746919,0.016413786,0.007658213,0.0009397357,0.32215172,0.03249794
0.4229382,0.00019032526,0.19732948,0.016359141,0.007621808,0.00093296525,0.3221489,0.032479156
0.42320263,0.00018900872,0.19708684,0.016309561,0.0075860713,0.00092601153,0.32223517,0.03246477
0.42347243,0.0001877939,0.19669291,0.016267316,0.0075512137,0.0009187718,0.32245278,0.0324568
0.42374352,0.00018661899,0.19624619,0.016227724,0.007516762,0.0009114676,0.32271674,0.032451004
0.4240105,0.00018539303,0.19589546,0.016183699,0.007481995,0.0009044262,0.32289743,0.032441117
0.4242721,0.00018409108,0.1956842,0.016133191,0.007446725,0.0008977434,0.32295665,0.032425288
0.4245331,0.00018278547,0.19549392,0.016081871,0.0074115223,0.00089115376,0.3229971,0.032408554
0.42479828,0.00018157916,0.19515184,0.016037857,0.0073771756,0.00088427967,0.3231708,0.03239822
0.42506957,0.0001805011,0.1946049,0.016003607,0.0073438985,0.0008770083,0.32352397,0.03239652
0.4253415,0.00017946865,0.19399132,0.015972648,0.0073110666,0.0008696446,0.32393673,0.032397587
0.425608,0.0001783531,0.19353029,0.015934607,0.00727767,0.0008626621,0.3242162,0.03239217
0.42586726,0.00017709135,0.19333331,0.015884263,0.0072432435,0.0008563019,0.32426295,0.032375608
0.42612153,0.000175738,0.19331086,0.015825886,0.0072082095,0.0008503615,0.32415578,0.03235165
0.4263767,0.00017441418,0.19325462,0.015769294,0.0071734902,0.0008443904,0.324078,0.03232913
0.426636,0.00017320085,0.19302008,0.015721213,0.007139706,0.00083808193,0.32415763,0.03231406
0.42689875,0.0001720803,0.1926356,0.01568025,0.007106712,0.0008315001,0.32436985,0.03230531
0.4271609,0.00017096996,0.19224556,0.01563966,0.0070738853,0.00082495547,0.32458735,0.032296736
0.4274206,0.00016981181,0.19195454,0.015594635,0.0070407833,0.00081866427,0.32471702,0.032284047
0.42767817,0.00016862378,0.19173074,0.015546589,0.007007539,0.0008125605,0.3247874,0.032268412
0.42793667,0.00016747079,0.19145897,0.015500938,0.006974654,0.0008064006,0.32490015,0.032254845
0.42819667,0.00016638632,0.1910743,0.01546062,0.0069423653,0.0008000487,0.32511365,0.03224593
0.42845687,0.00016533794,0.19063643,0.015422924,0.006910444,0.000793635,0.3253751,0.032239243
0.42871544,0.00016425956,0.19026645,0.015382185,0.006878368,0.00078740524,0.32557613,0.032229703
0.42897168,0.00016312444,0.1900155,0.015336101,0.006845968,0.00078146654,0.32567093,0.032215115
0.42922708,0.00016197484,0.18980648,0.015288236,0.0068135383,0.00077565585,0.3257282,0.0321988
0.42948323,0.00016087905,0.18951026,0.015244519,0.0067816023,0.0007697097,0.32586372,0.03218609
0.4297405,0.00015985961,0.18908194,0.015206993,0.006750317,0.00076353725,0.32611814,0.03217887
0.42999697,0.00015886727,0.1886137,0.015171421,0.0067193243,0.0007573296,0.32640916,0.032173216
0.43025213,0.00015782983,0.18824436,0.0151314195,0.006688072,0.00075136515,0.32661134,0.03216347
0.4305059,0.00015672736,0.18801457,0.01508517,0.006656423,0.00074572477,0.32668766,0.032147896
0.430759,0.00015561758,0.18781377,0.015037733,0.006624814,0.0007401824,0.3267377,0.032131083
0.4310126,0.0001545828,0.18748069,0.014996485,0.0065938444,0.0007344175,0.3269075,0.03211977
0.43126583,0.00015364596,0.18696621,0.014963645,0.0065636816,0.0007283339,0.32724276,0.03211593
0.43151808,0.00015274099,0.18639883,0.014933328,0.0065338262,0.0007221872,0.32762688,0.032114197
0.43176934,0.00015176604,0.18598258,0.014896209,0.0065035387,0.00071638427,0.327874,0.0321062
0.43202063,0.00015067126,0.18582173,0.014847602,0.0064724684,0.0007111277,0.32788804,0.032087654
0.43227252,0.00014950032,0.18583262,0.014791377,0.0064409366,0.00070624345,0.32774475,0.03206206
0.432524,0.00014834905,0.18582098,0.014736366,0.0064096353,0.0007013506,0.32762197,0.03203735
0.43277493,0.00014728258,0.18565172,0.014688646,0.006379034,0.00069618557,0.32764313,0.032019142
0.43302515,0.00014628668,0.18535085,0.014646995,0.0063490276,0.00069080415,0.32778472,0.032006312
0.43327478,0.00014529594,0.18505302,0.014605341,0.0063191555,0.00068546797,0.3279236,0.03199332
0.43352482,0.0001442644,0.18485543,0.014559304,0.006289056,0.00068036164,0.3279706,0.03197621
0.43377492,0.00014320682,0.18472862,0.014510267,0.0062588686,0.0006754272,0.32795253,0.0319562
0.43402484,0.00014217451,0.18456423,0.014463052,0.00622894,0.00067045505,0.32796857,0.031937737
0.4342736,0.000141195,0.18430126,0.014420389,0.0061994856,0.0006653348,0.32807547,0.031923268
0.4345215,0.00014024197,0.18399483,0.014379783,0.0061702966,0.0006601697,0.32822263,0.03191053
0.43476987,0.00013926359,0.18375848,0.014336193,0.006141016,0.00065517286,0.32830518,0.03189496
0.4350192,0.00013823852,0.18363985,0.014287527,0.0061114836,0.0006504309,0.3282787,0.03187454
0.43526882,0.00013720035,0.18356636,0.014237028,0.0060819387,0.00064580544,0.3282105,0.03185228
0.43551767,0.00013620411,0.18341632,0.014190061,0.0060527776,0.0006410715,0.32821283,0.031833135
0.43576455,0.00013526823,0.18314639,0.014148525,0.0060241376,0.0006361535,0.32832608,0.031818893
0.4360105,0.00013435345,0.18284291,0.014108583,0.005995733,0.0006312102,0.3284707,0.031805947
0.4362576,0.00013340202,0.18263687,0.014064512,0.00596715,0.00062647945,0.3285249,0.031789035
0.4365068,0.00013239858,0.18256593,0.014014657,0.0059382757,0.0006220257,0.32845324,0.03176664
0.43675616,0.00013138939,0.1825258,0.013963626,0.0059094373,0.00061765837,0.32835296,0.031742975
0.4370035,0.00013044012,0.18236314,0.013918105,0.005881119,0.00061310374,0.3283664,0.031724285
0.4372476,0.00012956983,0.18203004,0.013880117,0.0058534495,0.0006082798,0.3285385,0.03171247
0.43749017,0.00012872647,0.18164748,0.013844417,0.005826058,0.00060340454,0.328757,0.03170265
0.43773523,0.0001278276,0.18141,0.01380253,0.0057983412,0.0005988191,0.3288404,0.03168694
0.43798497,0.00012683308,0.18141654,0.013750224,0.005770027,0.00059469364,0.32869533,0.031661354
0.43823788,0.00012577842,0.18158782,0.013691023,0.0057413597,0.0005908819,0.3283962,0.031629123
0.43848982,0.00012474066,0.18173842,0.013632941,0.0057128854,0.000587058,0.3281164,0.031597696
0.43873903,0.00012377284,0.18173781,0.013581555,0.0056849974,0.00058300036,0.32797748,0.03157242
0.4389857,0.0001228637,0.18161,0.013535742,0.0056576156,0.0005787561,0.32795703,0.03155224
0.43923226,0.00012196031,0.18148379,0.013490016,0.005630355,0.000574544,0.32793507,0.031531986
0.43948057,0.0001210264,0.181452,0.013440463,0.0056029577,0.0005705208,0.3278245,0.03150796
0.43973002,0.00012007288,0.18148649,0.0133882705,0.0055754906,0.00056663464,0.3276519,0.03148119
0.43997836,0.00011914245,0.18148196,0.0133379195,0.0055482695,0.00056271185,0.3275156,0.031456057
0.440225,0.00011825697,0.18137917,0.013291843,0.005521453,0.0005586538,0.3274708,0.031434868
0.44047078,0.000117395706,0.18123089,0.013247832,0.0054949005,0.0005545505,0.32746828,0.0314155
0.44071722,0.00011651617,0.18114631,0.013201317,0.005468289,0.00055058004,0.32740617,0.031393528
0.440966,0.00011560125,0.18117172,0.01315036,0.0054414887,0.0005468144,0.3272409,0.03136715
0.44121522,0.0001146786,0.1812365,0.013097983,0.005414715,0.0005431386,0.32703853,0.031339195
0.44146287,0.000113792936,0.18122216,0.013049051,0.0053882804,0.0005393612,0.32691014,0.031314407
0.4417083,0.00011295907,0.18108602,0.013005305,0.0053623156,0.0005354162,0.32689518,0.03129452
0.44195256,0.00011214552,0.18091148,0.012963284,0.0053365757,0.0005314404,0.32691628,0.031276196
0.44219863,0.00011130514,0.18082578,0.0129177505,0.0053107142,0.0005276315,0.326854,0.031254277
0.44244698,0.00011042524,0.18086623,0.012867228,0.005284631,0.00052404584,0.32667318,0.031227283
0.44269565,0.000109543245,0.18093064,0.012815902,0.0052586,0.00052052096,0.32646975,0.031199317
0.44294178,0.00010871357,0.18086877,0.012769898,0.005233042,0.00051682687,0.3263845,0.031176426
0.44318438,0.00010795173,0.18063332,0.012731056,0.0052080723,0.00051289296,0.32646176,0.03116051
0.44342548,0.00010721469,0.18034261,0.012694588,0.0051833657,0.0005089049,0.326591,0.03114678
0.4436692,0.00010643536,0.18018654,0.012652795,0.0051584113,0.0005051492,0.32659373,0.031127624
0.4439179,0.00010558075,0.18026315,0.0126017975,0.005132963,0.0005017698,0.32637763,0.031099195
0.44416958,0.00010467955,0.1804944,0.012544799,0.005107222,0.00049864326,0.32601604,0.031064583
0.4444202,0.000103795064,0.18069857,0.0124891335,0.005081678,0.0004954951,0.3256801,0.031031014
0.4446678,0.00010297093,0.180747,0.012439865,0.005056668,0.00049213826,0.32548985,0.031003699
0.44491258,0.00010219748,0.18066353,0.012395989,0.005032124,0.0004886131,0.32542327,0.03098164
0.4451573,0.00010143173,0.18057422,0.012352483,0.0050077094,0.0004851032,0.32536197,0.030959845
0.44540334,0.000100643294,0.18057093,0.012305764,0.0049831904,0.00048174206,0.32521975,0.030934585
0.44565055,9.9841774e-05,0.18062529,0.012256939,0.004958636,0.00047848656,0.3250231,0.03090703
0.44589683,9.9061246e-05,0.18063481,0.01221006,0.004934317,0.00047518912,0.32486847,0.030881274
0.44614118,9.832029e-05,0.18054059,0.0121673625,0.004910376,0.00047176823,0.3248107,0.030859672
0.44638413,9.76014e-05,0.18039502,0.012126805,0.004886681,0.00046830002,0.32480133,0.030840104
0.44662818,9.686985e-05,0.18030556,0.012084219,0.0048629576,0.00046493448,0.324739,0.030818298
0.44687414,9.611127e-05,0.180318,0.012037848,0.0048390897,0.00046173416,0.32458076,0.030792393
0.4471204,9.534829e-05,0.18036316,0.011990388,0.0048152534,0.00045860067,0.32439166,0.030765213
0.44736513,9.461736e-05,0.1803243,0.011946304,0.0047917385,0.00045537358,0.32428116,0.030741384
0.44760737,9.3930896e-05,0.18016048,0.011907166,0.004768651,0.0004519995,0.32428792,0.030722532
0.44784853,9.326267e-05,0.17995308,0.011869793,0.004745773,0.00044859076,0.32433558,0.030705385
0.44809112,9.257404e-05,0.17982842,0.011829411,0.004722805,0.00044531858,0.32430527,0.030684955
0.4483363,9.185411e-05,0.1798227,0.011784644,0.0046996535,0.00044222793,0.32416287,0.030659795
0.44858146,9.113384e-05,0.17983624,0.011739316,0.004676562,0.00043918428,0.3240023,0.030633869
0.44882408,9.045758e-05,0.17972146,0.011698977,0.0046538934,0.00043599264,0.32396218,0.030613026
0.44906276,8.9837944e-05,0.1794328,0.011665315,0.0046317503,0.00043259584,0.32408583,0.030599093
0.44929987,8.923949e-05,0.17908679,0.011633927,0.0046098446,0.0004291489,0.32426384,0.030587431
0.4495393,8.86069e-05,0.17887011,0.011597767,0.0045877257,0.0004258958,0.32432005,0.030570604
0.4497842,8.7913344e-05,0.17887858,0.011553309,0.0045651877,0.00042295744,0.32416296,0.030544909
0.45003268,8.718205e-05,0.17903638,0.011503448,0.0045424085,0.00042023032,0.32386446,0.030513251
0.45027983,8.646488e-05,0.17916545,0.011454851,0.004519803,0.00041748415,0.32359335,0.03048276
0.45052356,8.5797365e-05,0.17914054,0.011412149,0.004497671,0.00041456186,0.32346743,0.030458368
0.4507642,8.51715e-05,0.17898564,0.011374375,0.0044759363,0.00041149577,0.32346413,0.030439086
0.45100465,8.455192e-05,0.1788243,0.01133695,0.0044543217,0.0004084445,0.32346666,0.030420084
0.45124692,8.391362e-05,0.17874674,0.011296601,0.0044326195,0.0004055192,0.32338986,0.030397747
0.45149046,8.326431e-05,0.17872591,0.0112542985,0.0044108927,0.0004026843,0.3232592,0.030373184
0.45173267,8.2631974e-05,0.17866157,0.011213748,0.0043893675,0.0003998162,0.32316983,0.030350348
0.4519726,8.203154e-05,0.17849706,0.011176954,0.004368166,0.0003968457,0.32317486,0.030331455
0.45221108,8.144862e-05,0.17828394,0.011142067,0.004347179,0.00039383819,0.323226,0.030314477
0.4524508,8.085446e-05,0.17812717,0.011105235,0.0043261605,0.00039092044,0.32322368,0.03029523
0.45269272,8.023783e-05,0.17807157,0.011064869,0.004305016,0.00038814562,0.3231253,0.030272037
0.45293564,7.961687e-05,0.17805022,0.011023433,0.0042839036,0.0003854308,0.3229943,0.03024752
0.45317653,7.902121e-05,0.17795001,0.010984954,0.004263058,0.0003826411,0.32293785,0.030226076
0.4534142,7.846093e-05,0.17773113,0.010950858,0.004242573,0.00037973208,0.32299376,0.030209312
0.4536503,7.791428e-05,0.1774739,0.010918244,0.0042222636,0.0003767992,0.32308653,0.030193986
0.4538887,7.735005e-05,0.17730045,0.010882738,0.0042018653,0.0003739853,0.32309937,0.030175446
0.4541304,7.6759396e-05,0.1772466,0.010843093,0.0041813143,0.00037133112,0.32299832,0.030152181
0.45437223,7.616751e-05,0.17721537,0.0108028,0.004160815,0.0003687218,0.32287586,0.030128032
0.4546109,7.561007e-05,0.17706448,0.010766859,0.004140657,0.00036599292,0.32286686,0.030108565
0.45484427,7.5097625e-05,0.17674963,0.010736849,0.0041209445,0.000363098,0.3230147,0.030095499
0.45507595,7.46011e-05,0.17638385,0.010708703,0.0041014156,0.00036016517,0.32321092,0.03008444
0.4553107,7.407568e-05,0.17614867,0.010676061,0.0040817116,0.00035740284,0.32328305,0.030068237
0.45555323,7.349939e-05,0.17613722,0.0106356675,0.0040616496,0.00035491242,0.32314053,0.030043311
0.45580035,7.2891155e-05,0.17627569,0.010590169,0.0040413802,0.00035260606,0.32285434,0.030012509
0.45604652,7.2293304e-05,0.17639187,0.010545644,0.0040212586,0.00035028995,0.32258946,0.02998261
0.4562882,7.173452e-05,0.17636438,0.010506272,0.0040015182,0.00034783105,0.32246175,0.029958315
0.45652577,7.1208444e-05,0.17621665,0.010471205,0.003982112,0.00034525813,0.3224491,0.02993872
0.4567632,7.068626e-05,0.17606857,0.010436256,0.0039628,0.0003427034,0.32243663,0.029919123
0.4570035,7.0147646e-05,0.17600706,0.01039844,0.003943405,0.0003402608,0.32234108,0.029896142
0.45724547,6.9599024e-05,0.17600638,0.010358678,0.0039239875,0.00033790068,0.32218722,0.029870823
0.45748642,6.906296e-05,0.1759696,0.010320289,0.0039047345,0.00033551786,0.3220676,0.029846914
0.4577241,6.8551766e-05,0.17584117,0.010285149,0.003885745,0.0003330547,0.3220356,0.029826537
0.45796034,6.8053785e-05,0.17567125,0.010251556,0.0038669305,0.00033056593,0.32204345,0.029807813
0.45819837,6.754588e-05,0.17556167,0.01021602,0.0038480891,0.00032815844,0.32199344,0.029786717
0.45843983,6.701853e-05,0.17555578,0.010177095,0.0038291407,0.00032587667,0.32184368,0.029761607
0.45868272,6.648662e-05,0.17558855,0.010137002,0.0038102109,0.0003236499,0.3216564,0.029734991
0.45892286,6.597456e-05,0.17555034,0.0100994585,0.0037915062,0.00032136575,0.32153735,0.029711122
0.4591592,6.5490596e-05,0.17540129,0.010065748,0.0037731007,0.00031898462,0.32152456,0.029691594
0.45939437,6.5017026e-05,0.17522,0.0100332275,0.0037548381,0.0003165878,0.32154277,0.029673254
0.45963237,6.452835e-05,0.17512488,0.009997942,0.0037365046,0.0003142954,0.3214778,0.029651625
0.45987457,6.401761e-05,0.17515083,0.009958758,0.0037180365,0.00031214108,0.32129633,0.029625323
0.46011743,6.350503e-05,0.17520317,0.009918827,0.0036996054,0.00031002748,0.32108942,0.029597944
0.4603565,6.3020314e-05,0.17514287,0.009882781,0.0036814734,0.00030781678,0.32099053,0.029574962
0.4605898,6.257184e-05,0.17492598,0.009852002,0.0036637099,0.000305468,0.32104236,0.029558022
0.46082133,6.213613e-05,0.17466289,0.009822854,0.0036461144,0.00030309128,0.32113874,0.029542856
0.46105742,6.167664e-05,0.17453052,0.009789514,0.003628369,0.00030085942,0.32110897,0.029522654
0.46130168,6.117505e-05,0.17461996,0.009749016,0.0036103092,0.000298858,0.3208651,0.029493917
0.46155062,6.064723e-05,0.17485967,0.009703817,0.003592077,0.00029701422,0.3204767,0.029459385
0.46179873,6.0127626e-05,0.17507997,0.009659424,0.003573958,0.0002951623,0.3201072,0.029425528
0.4620418,5.964007e-05,0.17516209,0.009619688,0.003556179,0.00029319126,0.3198703,0.029397106
0.46228093,5.9179252e-05,0.17512767,0.009583832,0.003538687,0.00029112404,0.31974545,0.029373111
0.46252006,5.8721926e-05,0.17509443,0.009548085,0.0035212785,0.00028907295,0.31961918,0.029349139
0.46276197,5.8251186e-05,0.1751478,0.0095096845,0.0035038034,0.00028711586,0.3194096,0.029321797
0.4630055,5.777229e-05,0.17526215,0.009469512,0.0034863069,0.00028522804,0.31914142,0.02929208
0.46324793,5.730405e-05,0.1753413,0.0094306,0.0034689542,0.00028331997,0.31890672,0.029263793
0.46348745,5.6856705e-05,0.17533061,0.009394678,0.0034518451,0.00028134394,0.31875825,0.02923894
0.46372563,5.642057e-05,0.17527859,0.009360188,0.0034348897,0.00027934433,0.31864923,0.029215714
0.4639652,5.5976623e-05,0.1752858,0.009323954,0.003417908,0.00027741177,0.31848362,0.029190162
0.46420816,5.5517226e-05,0.17539527,0.009284678,0.0034008408,0.0002755828,0.3182193,0.029160738
0.46445164,5.5054563e-05,0.17554213,0.009244392,0.0033837862,0.0002737988,0.3179194,0.029129801
0.46469298,5.460882e-05,0.17561728,0.00920649,0.0033669388,0.000271963,0.31768808,0.029101701
0.46493125,5.4186876e-05,0.17558098,0.009172158,0.0033503664,0.00027004376,0.31756315,0.02907785
0.46516845,5.3774405e-05,0.17551032,0.009139017,0.0033339304,0.00026810824,0.31747103,0.02905538
0.46540776,5.3349995e-05,0.17552312,0.009103429,0.003317431,0.00026625767,0.31729904,0.029029658
0.46565023,5.290798e-05,0.17565426,0.009064369,0.0033008128,0.00026452012,0.3170135,0.028999396
0.46589297,5.2465337e-05,0.17580944,0.0090247365,0.0032842353,0.00026281402,0.31670508,0.028968232
0.4661327,5.20465e-05,0.17584912,0.008988759,0.0032679292,0.00026102216,0.31650692,0.028941518
0.46636838,5.165861e-05,0.17572942,0.008957724,0.0032519745,0.00025911044,0.31646082,0.028920949
0.46660247,5.1282183e-05,0.17555945,0.008928306,0.00323618,0.00025717157,0.3164629,0.02890227
0.46683997,5.0886818e-05,0.1755164,0.00889517,0.0032202448,0.00025535029,0.31634325,0.028878756
0.4670828,5.045742e-05,0.1756919,0.008855626,0.0032040284,0.00025371974,0.3160147,0.028846832
0.4673286,5.0006907e-05,0.17601427,0.008811895,0.0031876473,0.00025221717,0.31554607,0.028809277
0.46757334,4.9564213e-05,0.17631356,0.008769055,0.0031713808,0.00025070432,0.31509987,0.028772613
0.46781448,4.9148992e-05,0.17646986,0.0087306155,0.0031554282,0.0002490865,0.31478983,0.028741436
0.4680527,4.8757014e-05,0.17650509,0.008695892,0.0031397596,0.00024738457,0.31459546,0.028714946
0.4682912,4.8368744e-05,0.17653683,0.008661399,0.0031241702,0.0002456911,0.3144038,0.02868859
0.46853098,4.797022e-05,0.17665072,0.008624635,0.0031085208,0.00024407309,0.31413397,0.028659072
0.46877128,4.756586e-05,0.17682181,0.00858639,0.0030928534,0.00024250874,0.31381017,0.028627416
0.4690109,4.7171212e-05,0.1769526,0.00854946,0.00307733,0.000240924,0.31352434,0.028597293
0.46924865,4.6794725e-05,0.17698817,0.008515392,0.0030620336,0.0002392772,0.3133288,0.028570801
0.46948564,4.642864e-05,0.17697684,0.008482802,0.0030468921,0.00023760708,0.31317756,0.028546117
0.46972328,4.605677e-05,0.17702092,0.008448764,0.0030317318,0.00023598895,0.31297383,0.028519345
0.4699624,4.5672714e-05,0.17716269,0.00841208,0.0030164889,0.00023445448,0.31267738,0.028488813
0.47020143,4.528684e-05,0.17733763,0.008374612,0.0030012624,0.0002329541,0.31234977,0.028457018
0.47043955,4.4915854e-05,0.17743517,0.008339475,0.0029862376,0.00023140654,0.312095,0.028428221
0.47067586,4.4565495e-05,0.17741592,0.008307752,0.0029714766,0.00022978516,0.31195077,0.0284039
0.47091174,4.4223634e-05,0.1773573,0.0082772365,0.0029568458,0.00022814657,0.31184348,0.028381106
0.47114834,4.3872606e-05,0.17737819,0.008244626,0.0029421633,0.00022657668,0.3116611,0.028355218
0.4713861,4.3507487e-05,0.17751412,0.008208947,0.0029273676,0.00022509857,0.3113699,0.028324971
0.47162387,4.314252e-05,0.17766966,0.008172881,0.0029126122,0.00022364357,0.31106013,0.028293997
0.4718604,4.2797958e-05,0.17770468,0.008140271,0.0028981192,0.00022211399,0.31086394,0.028267635
0.47209504,4.247978e-05,0.17757434,0.0081123,0.0028839577,0.00022048088,0.3108237,0.028247599
0.47232935,4.2171643e-05,0.1773898,0.00808591,0.0028699508,0.0002188216,0.31083432,0.028229669
0.4725646,4.1848176e-05,0.1773296,0.008056223,0.0028558166,0.0002172599,0.31072766,0.028206943
0.47280198,4.1496845e-05,0.17748626,0.0080207605,0.0028414135,0.00021585647,0.31041634,0.028175991
0.47304007,4.112827e-05,0.17778732,0.007981551,0.0028268527,0.00021455906,0.30996907,0.02813946
0.47327718,4.07666e-05,0.17806204,0.007943237,0.0028124058,0.00021325103,0.309547,0.028103964
0.4735134,4.042815e-05,0.1781895,0.007909034,0.0027982567,0.00021185321,0.3092633,0.02807413
0.47374862,4.0109357e-05,0.1781922,0.007878281,0.0027843711,0.00021038261,0.3090969,0.028049069
0.47398385,3.979394e-05,0.17818862,0.007847818,0.0027705655,0.00020891815,0.30893618,0.028024236
0.47421923,3.9470127e-05,0.17826588,0.007815321,0.0027566974,0.00020751607,0.3086996,0.027996339
0.47445476,3.9141712e-05,0.17839815,0.0077815205,0.0027428162,0.0002061586,0.3084111,0.027966375
0.4746897,3.882145e-05,0.17848831,0.007748956,0.0027290646,0.00020478302,0.30816242,0.027937971
0.47492447,3.8516526e-05,0.17848086,0.007719062,0.0027155306,0.00020335504,0.30800495,0.027913332
0.4751591,3.822018e-05,0.17842546,0.0076905293,0.0027021386,0.00020190688,0.30789214,0.027890552
0.47539365,3.7919257e-05,0.17842379,0.007660707,0.0026887266,0.00020050239,0.3077291,0.027865713
0.4756281,3.760813e-05,0.17852008,0.007628466,0.0026752334,0.00019916834,0.30747417,0.027837133
0.4758627,3.72954e-05,0.1786489,0.0075955163,0.002661756,0.0001978628,0.30718857,0.027807325
0.47609705,3.6994974e-05,0.17869967,0.007564689,0.002648458,0.00019651807,0.3069761,0.027780509
0.4763311,3.6711674e-05,0.17863306,0.0075370045,0.0026354115,0.00019511198,0.3068734,0.027758177
0.4765653,3.6435344e-05,0.17852691,0.0075103915,0.0026224768,0.00019369174,0.30680743,0.027737364
0.4767995,3.615122e-05,0.17850114,0.007481855,0.0026094904,0.00019232948,0.30666605,0.02771349
0.47703323,3.5855213e-05,0.1785912,0.0074504884,0.0025963958,0.00019104597,0.30641654,0.027685197
0.4772668,3.55591e-05,0.17870179,0.0074187303,0.0025833333,0.00018978286,0.3061478,0.027656151
0.4775007,3.5279747e-05,0.17869262,0.007390102,0.0025705118,0.00018845791,0.3059906,0.027631667
0.4777347,3.5022047e-05,0.17851928,0.0073656775,0.0025579918,0.00018704656,0.3059868,0.027613444
0.4779687,3.477253e-05,0.17829311,0.007342659,0.002545612,0.00018561537,0.3060323,0.02759723
0.47820243,3.4509943e-05,0.17819293,0.007316577,0.002533104,0.0001842671,0.3059599,0.027576234
0.47843572,3.4223867e-05,0.17831174,0.007285161,0.002520345,0.00018305374,0.30568287,0.027546918
0.47866866,3.392327e-05,0.17857695,0.007250259,0.0025074356,0.00018193085,0.3052688,0.027512044
0.478901,3.3628054e-05,0.17881763,0.007216116,0.0024946234,0.00018080065,0.30487806,0.027478112
0.4791336,3.3351826e-05,0.17891353,0.0071856813,0.0024820855,0.00017959673,0.30462238,0.027449684
0.47936663,3.309158e-05,0.17888688,0.0071583455,0.0024697834,0.00017833318,0.30448103,0.027425926
0.47959986,3.2833683e-05,0.17885691,0.0071311756,0.0024575433,0.0001770763,0.3043423,0.027402308
0.47983253,3.2568623e-05,0.17891015,0.0071021006,0.0024452468,0.00017587382,0.30412602,0.027375529
0.48006454,3.229933e-05,0.17902115,0.0070717474,0.0024329275,0.00017471045,0.3038559,0.027346628
0.48029685,3.2036496e-05,0.17909284,0.007042463,0.0024207244,0.00017353383,0.30362245,0.027319161
0.48052934,3.1786043e-05,0.17907016,0.0070155514,0.002408716,0.00017231489,0.3034768,0.027295318
0.48076242,3.1542277e-05,0.17900272,0.0069898004,0.0023968269,0.00017108044,0.3033725,0.027273143
0.48099476,3.129427e-05,0.17899202,0.0069627925,0.002384916,0.00016988497,0.30321547,0.027248831
0.48122647,3.1037616e-05,0.17908223,0.0069335047,0.0023729245,0.00016875038,0.3029644,0.027220733
0.48145732,3.0779254e-05,0.17920792,0.0069034966,0.0023609416,0.00016764157,0.30268055,0.027191283
0.48168898,3.0530828e-05,0.17925896,0.0068753622,0.0023491199,0.00016650169,0.30246583,0.027164683
0.48192176,3.0296142e-05,0.1791958,0.0068499986,0.0023375151,0.00016531118,0.3023569,0.027142413
0.48215467,3.0066962e-05,0.17909688,0.006825565,0.0023260154,0.00016411087,0.3022812,0.027121505
0.4823868,2.9831004e-05,0.17908083,0.0067992806,0.002314455,0.00016296103,0.30212837,0.027097458
0.48261747,2.9584926e-05,0.17918375,0.0067703626,0.0023027959,0.00016187897,0.30186513,0.027068933
0.48284754,2.9338426e-05,0.17931063,0.0067410083,0.0022911578,0.00016081583,0.30157992,0.027039494
0.48307922,2.9105588e-05,0.17932051,0.006714449,0.002279735,0.00015970167,0.3014028,0.02701452
0.4833124,2.8890408e-05,0.17916967,0.0066916654,0.0022685851,0.00015851676,0.3013747,0.026995564
0.48354617,2.8681743e-05,0.17896853,0.006670102,0.0022575555,0.00015731588,0.30139312,0.026978578
0.4837783,2.846205e-05,0.17889649,0.006645681,0.0022464076,0.00015618638,0.30129182,0.026956713
0.48400813,2.8222626e-05,0.17904587,0.006616323,0.00223502,0.00015517147,0.30098483,0.026926484
0.4842355,2.7970953e-05,0.1793445,0.006583734,0.0022234928,0.0001542338,0.30054,0.02689066
0.48446256,2.7723487e-05,0.17962125,0.006551781,0.0022120464,0.00015329143,0.3001157,0.026855633
0.48469126,2.7491635e-05,0.17975579,0.0065231635,0.0022008475,0.00015228748,0.2998231,0.026826013
0.4849217,2.7272838e-05,0.17977023,0.0064973286,0.002189861,0.00015123462,0.2996414,0.026800934
0.48515216,2.7055934e-05,0.17978339,0.0064716195,0.0021789311,0.00015018815,0.2994608,0.026775902
0.48538122,2.6832866e-05,0.1798822,0.006444115,0.0021679401,0.00014918817,0.29920083,0.026747648
0.4856087,2.6606162e-05,0.18004088,0.0064154137,0.0021569273,0.00014822203,0.298886,0.026717179
0.4858368,2.638465e-05,0.1801622,0.0063876505,0.0021460159,0.00014724502,0.2986056,0.026688088
0.48606646,2.6173371e-05,0.1801906,0.006362023,0.0021352796,0.00014623319,0.29841065,0.026662549
0.48629677,2.5967604e-05,0.18017575,0.0063374355,0.0021246523,0.00014520866,0.29825553,0.02663862
0.4865262,2.5758287e-05,0.1802193,0.0063116755,0.0021140021,0.00014421716,0.29804635,0.026612543
0.4867529,2.5541593e-05,0.18036583,0.0062838015,0.0021032707,0.00014327762,0.2977428,0.026582554
0.48697874,2.5323508e-05,0.1805489,0.0062552565,0.0020925447,0.00014235967,0.29740563,0.026551217
0.48720586,2.5113623e-05,0.1806585,0.0062284097,0.0020819658,0.00014141585,0.29713613,0.02652267
0.48743585,2.4915213e-05,0.18065417,0.0062040905,0.0020715864,0.00014042965,0.29697058,0.02649842
0.48766622,2.4721285e-05,0.18061446,0.0061806077,0.0020613011,0.00013943524,0.29683784,0.026475484
0.4878946,2.452179e-05,0.18065913,0.006155434,0.0020509593,0.00013848345,0.2966275,0.026449416
0.4881199,2.4313891e-05,0.18082403,0.0061278306,0.002040517,0.00013758845,0.2963071,0.02641881
0.48834372,2.4105653e-05,0.18101354,0.0060998504,0.002030098,0.00013670934,0.2959647,0.026387317
0.4885709,2.390884e-05,0.18108568,0.0060744192,0.0020198748,0.00013578727,0.2957292,0.026360244
0.48880246,2.3726781e-05,0.1809957,0.0060524447,0.0020099035,0.00013480522,0.2956417,0.026339257
0.48903516,2.3550203e-05,0.18085535,0.0060315975,0.0020000467,0.00013380962,0.29560032,0.02632015
0.4892647,2.3364482e-05,0.18084478,0.006008135,0.0019900745,0.00013287371,0.29543984,0.026296217
0.48948735,2.3162418e-05,0.18105796,0.0059801843,0.001979875,0.00013203395,0.2950755,0.026263924
0.4897051,2.2950218e-05,0.1814217,0.005949284,0.0019695396,0.00013125899,0.2945742,0.026225964
0.48992255,2.2741595e-05,0.18176347,0.0059189848,0.0019592808,0.0001304794,0.29409364,0.026188849
0.49014425,2.2546019e-05,0.18196099,0.005891752,0.0019492517,0.00012964789,0.29374444,0.026157139
0.4903698,2.236153e-05,0.18203688,0.0058670826,0.0019394222,0.00012877453,0.2935057,0.026130054
0.49059522,2.2178623e-05,0.18211095,0.005842549,0.0019296441,0.00012790624,0.29326853,0.026102992
0.49081734,2.1990705e-05,0.18227117,0.005816392,0.0019198057,0.00012707664,0.2929534,0.026072742
0.49103707,2.179982e-05,0.1824914,0.0057891584,0.0019099432,0.00012627452,0.29258412,0.026040273
0.4912577,2.161343e-05,0.18267308,0.005762815,0.0019001778,0.00012546318,0.2922499,0.026009237
0.49148172,2.1435664e-05,0.18276004,0.005738446,0.0018905762,0.00012462189,0.29200143,0.025981776
0.4917076,2.1262578e-05,0.18280229,0.005715048,0.0018810764,0.00012376944,0.29179296,0.025955996
0.49193087,2.1086653e-05,0.182903,0.0056906044,0.0018715516,0.00012294442,0.2915319,0.025928052
0.4921494,2.090468e-05,0.18310694,0.0056642597,0.0018619492,0.00012216225,0.29117814,0.025896236
0.49236602,2.0721702e-05,0.18334775,0.0056373267,0.0018523515,0.00012139799,0.29079136,0.025863055
0.49258557,2.0545614e-05,0.1835127,0.005611965,0.0018428892,0.00012061137,0.29047298,0.025832748
0.49281028,2.03792e-05,0.18356135,0.0055889417,0.0018336157,0.00011978824,0.29025882,0.025806813
0.49303645,2.0216698e-05,0.18357268,0.0055667125,0.0018244323,0.00011895788,0.2900783,0.02578226
0.49325868,2.0049645e-05,0.18366885,0.005542964,0.0018151934,0.00011816297,0.28982148,0.025754545
0.49347487,1.9875612e-05,0.18388672,0.0055170218,0.0018058555,0.00011741511,0.2894559,0.025722329
0.49368936,1.9701381e-05,0.18412833,0.005490742,0.001796532,0.00011668002,0.28906944,0.0256892
0.49390936,1.9536828e-05,0.18424988,0.0054668384,0.0017874022,0.0001159087,0.2887905,0.02566058
0.49413797,1.938474e-05,0.18420555,0.0054461127,0.0017785106,0.00011508614,0.28865924,0.025638206
0.49436885,1.9237297e-05,0.18410863,0.0054264395,0.0017697265,0.00011425194,0.2885751,0.025617767
0.49459305,1.908232e-05,0.18414311,0.005404407,0.0017608302,0.000113467686,0.2883736,0.025592444
0.49480563,1.891371e-05,0.18440476,0.0053782756,0.0017517104,0.00011276354,0.2879694,0.025558665
0.49500886,1.8736651e-05,0.1848192,0.005349477,0.0017424593,0.00011211358,0.28742996,0.025519198
0.4952123,1.8562703e-05,0.18521076,0.005321257,0.0017332789,0.00011145931,0.28691176,0.025480626
0.49542364,1.8399769e-05,0.18545456,0.005295847,0.0017243165,0.00011076096,0.2865249,0.025447574
0.4956416,1.824612e-05,0.18557319,0.0052728048,0.0017155447,0.000110027286,0.28624943,0.025419148
0.49585986,1.8093871e-05,0.1856896,0.005249903,0.0017068174,0.000109297274,0.28597552,0.025390854
0.49607223,1.7937507e-05,0.1858932,0.0052255443,0.0016980349,0.00010859957,0.28562516,0.025359342
0.49628055,1.7778717e-05,0.18615758,0.0052002114,0.001689223,0.000107924985,0.28522113,0.025325608
0.49649096,1.7623723e-05,0.18638219,0.005175703,0.0016805012,0.00010724172,0.28485245,0.025293343
0.49670708,1.747601e-05,0.18650931,0.0051530222,0.0016719358,0.00010653352,0.28456998,0.025264716
0.49692613,1.7332279e-05,0.18659002,0.0051312502,0.001663468,0.00010581565,0.2843282,0.025237825
0.49714127,1.7186181e-05,0.18673003,0.005108526,0.0016549722,0.00010512031,0.28403413,0.025208777
0.4973486,1.7035065e-05,0.18697548,0.0050840704,0.001646397,0.00010446095,0.28364816,0.025175747
0.49755302,1.68831e-05,0.18725818,0.0050590984,0.0016378227,0.0001038164,0.28322977,0.025141422
0.49776217,1.6736985e-05,0.18746293,0.0050355736,0.0016293792,0.00010315277,0.28288004,0.025109993
0.49797997,1.6599037e-05,0.18754809,0.0050142063,0.0016211158,0.000102458696,0.28263456,0.025083048
0.49820006,1.6464372e-05,0.18759488,0.0049935663,0.0016129354,0.000101758094,0.28242278,0.025057493
0.49841377,1.63259e-05,0.18772842,0.00497155,0.0016046991,0.00010108719,0.28213537,0.025028773
0.49861783,1.6181573e-05,0.18798584,0.0049475282,0.0015963607,0.00010045552,0.28174028,0.024995444
0.49881965,1.603717e-05,0.18826778,0.004923222,0.0015880394,9.983468e-05,0.2813243,0.024961231
0.49903026,1.5900847e-05,0.18842633,0.0049010837,0.0015798954,9.918307e-05,0.28101572,0.024931582
0.49925432,1.5775038e-05,0.18841416,0.004881873,0.0015719864,9.848846e-05,0.28085506,0.024908355
0.49948227,1.5653106e-05,0.18834831,0.0048636263,0.0015641745,9.77838e-05,0.28074104,0.024887064
0.49969977,1.552492e-05,0.18841647,0.0048432355,0.0015562528,9.712102e-05,0.2805108,0.024860846
0.49989825,1.5385245e-05,0.18871762,0.0048191017,0.0015481119,9.652547e-05,0.28007895,0.024825992
0.5000835,1.5238541e-05,0.18917535,0.004792531,0.0015398345,9.597496e-05,0.2795121,0.02478537
0.5002692,1.5094499e-05,0.18960924,0.004766501,0.0015316259,9.54209e-05,0.27896723,0.024745665
0.5004668,1.4959649e-05,0.18989182,0.0047430512,0.0015236266,9.482981e-05,0.2785533,0.024711581
0.5006752,1.48326535e-05,0.19004537,0.0047217784,0.0015158097,9.4208786e-05,0.27825046,0.024682304
0.50088376,1.4706853e-05,0.19019604,0.0047006398,0.0015080331,9.359086e-05,0.27795005,0.024653114
0.5010838,1.4577585e-05,0.19043621,0.004678175,0.0015001978,9.2999886e-05,0.27757332,0.02462066
0.5012777,1.4446285e-05,0.19073828,0.004654836,0.0014923328,9.242814e-05,0.27714413,0.024585892
0.501475,1.4318254e-05,0.19099931,0.00463226,0.0014845543,9.18493e-05,0.27674997,0.024552722
0.50168097,1.4196302e-05,0.19115974,0.004611364,0.0014769225,9.124894e-05,0.2764423,0.024523256
0.5018913,1.4077734e-05,0.19127187,0.0045913057,0.001469383,9.064048e-05,0.27617577,0.02449557
0.50209576,1.3957196e-05,0.1914446,0.004570391,0.001461814,9.005082e-05,0.2758577,0.02446569
0.50228894,1.3832521e-05,0.19172518,0.004547916,0.0014541671,8.949128e-05,0.27544856,0.024431854
0.5024781,1.37070965e-05,0.19204341,0.0045249667,0.0014465145,8.894375e-05,0.2750077,0.024396624
0.50267464,1.3586634e-05,0.19228125,0.00450336,0.001438991,8.8380286e-05,0.27463531,0.02436442
0.5028833,1.34730135e-05,0.19239493,0.0044837296,0.0014316366,8.7791006e-05,0.27436835,0.024336755
0.50309604,1.3362232e-05,0.19246837,0.0044647944,0.0014243637,8.719612e-05,0.27413508,0.024310647
0.50329953,1.3248261e-05,0.19263047,0.0044446043,0.0014170306,8.66258e-05,0.27382725,0.02428125
0.50348896,1.3129433e-05,0.19291921,0.0044226013,0.0014095987,8.608854e-05,0.27341315,0.024247207
0.50367546,1.3010552e-05,0.19323236,0.0044003474,0.0014021773,8.555967e-05,0.2729787,0.024212299
0.50387526,1.2898522e-05,0.19341752,0.004380103,0.001394932,8.5005144e-05,0.27265215,0.024182124
0.5040938,1.2795298e-05,0.19342616,0.004362543,0.0013879095,8.4414336e-05,0.2724739,0.024158468
0.5043184,1.2695398e-05,0.19337794,0.0043458897,0.0013809819,8.381488e-05,0.27234337,0.024136905
0.50452805,1.2590258e-05,0.19346702,0.0043272846,0.0013739438,8.325014e-05,0.2720976,0.024110286
0.5047109,1.2475564e-05,0.19379476,0.0043052807,0.0013666896,8.274175e-05,0.27165222,0.024074903
0.50487524,1.2355001e-05,0.19428274,0.0042810687,0.0013593016,8.227085e-05,0.27107337,0.024033705
0.5050408,1.2236706e-05,0.19474517,0.004257364,0.0013519782,8.1796745e-05,0.27051714,0.02399347
0.5052238,1.2126167e-05,0.19504996,0.004236045,0.0013448558,8.129126e-05,0.27009287,0.023959024
0.5054221,1.2022241e-05,0.1952209,0.00421673,0.0013379101,8.076044e-05,0.26977998,0.023929521
0.5056204,1.1919385e-05,0.1953877,0.004197565,0.0013310047,8.023215e-05,0.26947096,0.0239002
0.5058076,1.1813631e-05,0.19564494,0.0041772006,0.0013240365,7.9726e-05,0.26908705,0.02386755
0.5059863,1.1706285e-05,0.19596511,0.0041560647,0.0013170419,7.923592e-05,0.26865187,0.023832638
0.50617003,1.1601665e-05,0.19624111,0.0041356427,0.0013101259,7.873956e-05,0.2682534,0.02379937
0.5063661,1.1502185e-05,0.19641225,0.00411677,0.0013033542,7.822508e-05,0.26794192,0.02376995
0.5065688,1.14055765e-05,0.19653219,0.00409869,0.0012966682,7.770339e-05,0.26767218,0.023742434
0.5067631,1.1307368e-05,0.19671296,0.0040798425,0.0012899524,7.719737e-05,0.26735288,0.02371269
0.506943,1.120571e-05,0.19700345,0.0040595913,0.001283159,7.671616e-05,0.2669439,0.02367898
0.5071176,1.1103515e-05,0.19733137,0.004038926,0.0012763613,7.624521e-05,0.26650453,0.0236439
0.5073025,1.10054725e-05,0.19757462,0.004019511,0.0012696843,7.576047e-05,0.26613492,0.023611948
0.507504,1.0913231e-05,0.1976888,0.004001921,0.001263173,7.5253985e-05,0.2658713,0.023584742
0.507711,1.08233435e-05,0.19776037,0.003984976,0.0012567363,7.4742566e-05,0.2656423,0.023559073
0.5079061,1.0730852e-05,0.19792134,0.0039669056,0.0012502426,7.4251555e-05,0.26534033,0.023530174
0.50808316,1.06343305e-05,0.19821157,0.0039471993,0.0012436497,7.378795e-05,0.26493347,0.023496574
0.5082565,1.0537792e-05,0.1985254,0.00392728,0.0012370672,7.333152e-05,0.2645078,0.02346217
0.5084474,1.0446974e-05,0.19870645,0.003909203,0.0012306516,7.285318e-05,0.2641904,0.023432605
0.50866324,1.036359e-05,0.19870415,0.0038936026,0.0012244516,7.234458e-05,0.26402223,0.023409711
0.50888777,1.0283005e-05,0.19864203,0.0038788419,0.0012183419,7.182849e-05,0.2639019,0.023389043
0.50909245,1.0198038e-05,0.1987205,0.0038623093,0.0012121226,7.1341434e-05,0.2636678,0.023363264
0.50926274,1.0105104e-05,0.19904305,0.0038426907,0.0012056932,7.090142e-05,0.2632362,0.023328602
0.5094087,1.0007251e-05,0.1995299,0.0038210643,0.0011991328,7.049288e-05,0.26267263,0.023288012
0.50955755,9.911288e-06,0.19998887,0.003799912,0.0011926331,7.008133e-05,0.26213256,0.023248468
0.50972915,9.82188e-06,0.20028497,0.0037809473,0.0011863273,6.964367e-05,0.26172435,0.023214903
0.50992066,9.737974e-06,0.20044239,0.0037638221,0.0011801895,6.918464e-05,0.26142767,0.02318634
0.5101126,9.65495e-06,0.20059435,0.0037468397,0.0011740882,6.87279e-05,0.26113573,0.023157991
0.51029056,9.569511e-06,0.20083939,0.0037287679,0.0011679251,6.828962e-05,0.26076925,0.023126304
0.5104582,9.482737e-06,0.20114768,0.0037099961,0.0011617331,6.786472e-05,0.26035276,0.023092365
0.51063216,9.398229e-06,0.20141034,0.0036918807,0.0011556162,6.743482e-05,0.2599732,0.023060078
0.51082224,9.318008e-06,0.20156458,0.0036751868,0.0011496361,6.69896e-05,0.25968036,0.023031732
0.51102036,9.240185e-06,0.20166594,0.003659213,0.0011437364,6.653853e-05,0.25942957,0.023005348
0.5112086,9.16099e-06,0.20182961,0.0036425414,0.0011378058,6.610069e-05,0.25912946,0.022976695
0.511379,9.078907e-06,0.20210542,0.0036245896,0.0011317988,6.568378e-05,0.25874045,0.022944035
0.5115425,8.996323e-06,0.20242001,0.003606258,0.0011257859,6.527545e-05,0.25832134,0.022909975
0.51171947,8.917215e-06,0.20264739,0.003589059,0.0011198841,6.485566e-05,0.2579713,0.022879116
0.51191735,8.84289e-06,0.20274234,0.0035735238,0.0011141401,6.441784e-05,0.25772643,0.022853011
0.5121218,8.770549e-06,0.20279367,0.0035585724,0.0011084656,6.3976215e-05,0.25751618,0.022828564
0.51231134,8.695974e-06,0.20293704,0.0035425937,0.001102734,6.355182e-05,0.25723335,0.02280077
0.51247907,8.617966e-06,0.20321354,0.0035251067,0.0010969036,6.315038e-05,0.25684547,0.02276818
0.51264185,8.53994e-06,0.20351474,0.0035074214,0.0010910804,6.2755156e-05,0.25643885,0.022734767
0.5128269,8.466653e-06,0.20367986,0.0034914087,0.0010854149,6.234187e-05,0.25613937,0.022706263
0.51304245,8.399503e-06,0.20365784,0.00347764,0.0010799523,6.1903374e-05,0.25598732,0.022684481
0.5132684,8.33466e-06,0.20357521,0.0034646245,0.0010745723,6.145901e-05,0.25588247,0.022664914
0.5134701,8.266102e-06,0.20363724,0.0034499913,0.0010690868,6.1039085e-05,0.25566414,0.022640143
0.51362944,8.190872e-06,0.20395085,0.0034325267,0.0010633959,6.0658724e-05,0.2552485,0.022606399
0.5137594,8.111506e-06,0.20443338,0.0034132225,0.0010575799,6.0304923e-05,0.2547015,0.022566596
0.5138927,8.033644e-06,0.20488852,0.0033943336,0.0010518155,5.9948845e-05,0.25417683,0.022527797
0.51405406,7.961212e-06,0.20517726,0.0033774306,0.0010462347,5.9571168e-05,0.25378254,0.022495009
0.5142392,7.893305e-06,0.20532522,0.0033621832,0.0010408106,5.917592e-05,0.25349823,0.022467267
0.5144249,7.82612e-06,0.20546891,0.0033470578,0.0010354192,5.878279e-05,0.2532174,0.02243971
0.5145933,7.756855e-06,0.20570868,0.0033309234,0.0010299662,5.8405443e-05,0.25286216,0.022408748
0.5147497,7.686402e-06,0.2060149,0.0033141337,0.0010244809,5.8039404e-05,0.25245574,0.022375427
0.5149133,7.6178135e-06,0.20627518,0.0032979287,0.0010190652,5.7669527e-05,0.25208545,0.02234374
0.51509637,7.55275e-06,0.20642576,0.0032830078,0.0010137763,5.7287067e-05,0.25180015,0.022316022
0.51528883,7.4896284e-06,0.20652352,0.0032687252,0.0010085618,5.6900142e-05,0.2515558,0.022290202
0.51546913,7.4253276e-06,0.20668639,0.0032537926,0.0010033145,5.6524295e-05,0.2512613,0.02226211
0.5156278,7.358546e-06,0.20696567,0.0032376742,0.0009979907,5.616625e-05,0.2508775,0.022229828
0.51577866,7.2913363e-06,0.20728548,0.003221195,0.0009926568,5.5815468e-05,0.25046268,0.022196187
0.51594496,7.2269613e-06,0.20751725,0.0032057387,0.0009874294,5.5455574e-05,0.25011623,0.022165662
0.51613605,7.1665386e-06,0.20761499,0.0031917815,0.0009823465,5.5080684e-05,0.24987264,0.022139957
0.51633507,7.1077125e-06,0.20766914,0.0031783457,0.0009773282,5.4702945e-05,0.24966255,0.022115812
0.5165162,7.0469796e-06,0.20781843,0.0031639559,0.0009722504,5.4339645e-05,0.24937944,0.02208829
0.5166707,6.98338e-06,0.20810573,0.003148186,0.0009670789,5.399594e-05,0.2489914,0.022055898
0.5168196,6.919725e-06,0.20841923,0.0031322215,0.0009619115,5.365761e-05,0.24858382,0.0220226
0.5169946,6.859952e-06,0.2085942,0.0031177676,0.00095688936,5.330426e-05,0.24828209,0.021994218
0.51720595,6.805286e-06,0.2085789,0.0031053505,0.00095205824,5.2930096e-05,0.24812524,0.021972638
0.51742935,6.7524993e-06,0.20850207,0.0030936126,0.0009473028,5.2551095e-05,0.24801506,0.021953247
0.5176236,6.6966077e-06,0.20857462,0.003080388,0.000942445,5.2192812e-05,0.24779154,0.021928558
0.5177675,6.6351126e-06,0.20890564,0.003064574,0.00093738985,5.186758e-05,0.24737161,0.021894772
0.5178766,6.5701624e-06,0.2094102,0.0030470798,0.0009322125,5.1564602e-05,0.24682091,0.021854838
0.5179897,6.506461e-06,0.2098878,0.0030299611,0.0009270858,5.1259973e-05,0.24629176,0.021815917
0.51813555,6.447227e-06,0.21019557,0.003014641,0.0009221286,5.0937433e-05,0.24589166,0.021783018
0.51831007,6.3917673e-06,0.21035898,0.0030008298,0.00091731816,5.0600265e-05,0.24560057,0.021755248
0.5184851,6.3368707e-06,0.21051873,0.0029871194,0.0009125355,5.0264895e-05,0.2453123,0.021727601
0.51863956,6.2802587e-06,0.21077739,0.0029724962,0.0009076948,4.994276e-05,0.24495009,0.021696527
0.5187796,6.222644e-06,0.2111039,0.0029572714,0.0009028218,4.9630245e-05,0.24453749,0.021663044
0.51892865,6.1665646e-06,0.21138386,0.0029425775,0.00089801155,4.931434e-05,0.24416006,0.02163125
0.5191004,6.1134265e-06,0.21155128,0.0029290542,0.0008933213,4.8988237e-05,0.24386737,0.021603456
0.51928335,6.061898e-06,0.21166421,0.0029161149,0.00088869926,4.865819e-05,0.24361531,0.021577584
0.519452,6.009395e-06,0.21184409,0.0029025911,0.0008840453,4.8337595e-05,0.24331358,0.02154941
0.5195953,5.9548397e-06,0.21214262,0.0028879882,0.00087931834,4.8031703e-05,0.24292366,0.021517072
0.51972973,5.899908e-06,0.2124822,0.0028730584,0.0008745804,4.7731934e-05,0.24250355,0.021483285
0.5198824,5.8473543e-06,0.21273114,0.002859072,0.0008699415,4.7424564e-05,0.24215142,0.021452738
0.5200642,5.798092e-06,0.21284194,0.0028464529,0.0008654396,4.7104742e-05,0.24190202,0.021427047
0.5202555,5.7501666e-06,0.21290742,0.0028343166,0.00086099724,4.6782352e-05,0.24168633,0.021402963
0.52042586,5.700672e-06,0.21306977,0.0028213188,0.000856498,4.647203e-05,0.24139881,0.021375513
0.52056557,5.6488175e-06,0.21337233,0.0028070796,0.00085191,4.6177996e-05,0.24100816,0.021343185
0.52069867,5.5969003e-06,0.21370083,0.0027926676,0.000847324,4.5888344e-05,0.24059904,0.021309944
0.5208631,5.5482737e-06,0.21388614,0.0027796428,0.0008428761,4.558603e-05,0.24029529,0.021281786
0.5210702,5.5038786e-06,0.21387503,0.0027684863,0.00083860836,4.5266435e-05,0.24013641,0.021260463
0.5212912,5.4610814e-06,0.21379991,0.0027579574,0.0008344127,4.494278e-05,0.24002467,0.021241425
0.52147895,5.415698e-06,0.21387626,0.0027460845,0.000830118,4.4636112e-05,0.23980145,0.021217067
0.521608,5.365694e-06,0.21421613,0.0027318732,0.0008256374,4.435703e-05,0.23938502,0.02118358
0.5216971,5.3128265e-06,0.21473254,0.0027161401,0.00082104024,4.4096338e-05,0.23883975,0.021143962
0.52179134,5.261022e-06,0.21521948,0.0027007698,0.0008164914,4.38343e-05,0.23831743,0.02110541
0.52192444,5.212973e-06,0.2155306,0.0026870465,0.00081210287,4.3557124e-05,0.23792405,0.021073008
0.52209115,5.168071e-06,0.21569224,0.0026747114,0.0008078524,4.32676e-05,0.23763977,0.021045832
0.52225876,5.1236616e-06,0.2158481,0.002662487,0.00080362963,4.2979584e-05,0.23736002,0.02101887
0.522403,5.077846e-06,0.21610372,0.0026494428,0.0007993516,4.2702555e-05,0.23700821,0.020988485
0.52253133,5.0312215e-06,0.21642712,0.002635865,0.00079504173,4.243339e-05,0.23660748,0.02095576
0.52267057,4.9859036e-06,0.21670079,0.0026227878,0.00079079304,4.2161326e-05,0.2362431,0.020924794
0.5228366,4.943034e-06,0.21685737,0.0026107873,0.00078665564,4.1880492e-05,0.23596385,0.020897912
0.5230158,4.9015243e-06,0.2169564,0.0025993336,0.00078258413,4.1596533e-05,0.2357264,0.020872992
0.52317935,4.8592306e-06,0.2171214,0.002587363,0.0007784825,4.13202e-05,0.23544139,0.02084587
0.52331406,4.815248e-06,0.21740675,0.0025744261,0.00077431166,4.1056115e-05,0.23507006,0.020814575
0.523439,4.7709927e-06,0.21773194,0.0025612102,0.0007701315,4.0797047e-05,0.23467013,0.020782003
0.5235856,4.7287062e-06,0.21796265,0.0025488557,0.0007660435,4.053154e-05,0.23433897,0.020752635
0.52376646,4.6891787e-06,0.21804994,0.0025377644,0.00076208473,4.0255574e-05,0.23411061,0.02072827
0.52395856,4.650777e-06,0.21808863,0.0025271266,0.0007581822,3.997742e-05,0.23391727,0.020705586
0.524127,4.6110918e-06,0.21822558,0.002515717,0.0007542269,3.9709314e-05,0.23365363,0.02067957
0.5242612,4.5694496e-06,0.21850337,0.0025031848,0.0007501867,3.945464e-05,0.2332894,0.020648696
0.5243887,4.5277843e-06,0.21880613,0.002490512,0.0007461492,3.920357e-05,0.23290782,0.020616986
0.5245516,4.488839e-06,0.21896133,0.0024791143,0.0007422421,3.8942046e-05,0.23263198,0.020590365
0.5247641,4.453434e-06,0.21891351,0.0024694158,0.0007385019,3.8665934e-05,0.23250057,0.020570789
0.5249931,4.4193484e-06,0.21879882,0.0024603035,0.00073483033,3.8386428e-05,0.23241672,0.020553479
0.5251841,4.383139e-06,0.21883787,0.0024499774,0.0007310645,3.8121074e-05,0.23222359,0.020530935
0.5253094,4.343095e-06,0.21914452,0.00243753,0.00072712445,3.7878708e-05,0.23184004,0.020499196
0.5253893,4.300677e-06,0.21963042,0.0024237102,0.0007230761,3.765179e-05,0.23133019,0.020461373
0.525476,4.2591505e-06,0.22008461,0.0024102237,0.00071907137,3.7423502e-05,0.23084381,0.02042466
0.52560717,4.220728e-06,0.22035827,0.0023982418,0.00071521703,3.7182726e-05,0.23048551,0.020394186
0.5257767,4.184928e-06,0.22047791,0.0023875304,0.00071149244,3.6931848e-05,0.2302363,0.020368967
0.5259477,4.149526e-06,0.22059095,0.002376914,0.00070779154,3.668206e-05,0.22999184,0.020343987
0.52609295,4.112951e-06,0.22080453,0.002365561,0.0007040381,3.644146e-05,0.22967672,0.020315628
0.5262202,4.075715e-06,0.22108671,0.00235373,0.0007002565,3.620751e-05,0.22931391,0.02028492
0.5263605,4.039548e-06,0.22131719,0.0023423557,0.00069653004,3.5971152e-05,0.22898732,0.020256074
0.526531,4.0053897e-06,0.22142796,0.0023319547,0.0006929067,3.5727644e-05,0.22874527,0.020231238
0.52671665,3.972369e-06,0.22147909,0.0023220542,0.0006893427,3.5481393e-05,0.22854486,0.020208515
0.52688473,3.9386773e-06,0.2215975,0.0023116828,0.00068575185,3.5241806e-05,0.22829771,0.02018348
0.52702105,3.9035835e-06,0.22183765,0.002300433,0.00068209483,3.5012377e-05,0.22796547,0.02015434
0.52714646,3.868235e-06,0.22211857,0.0022889255,0.00067842787,3.4787197e-05,0.22760515,0.020123875
0.52729654,3.834523e-06,0.22230278,0.0022782043,0.0006748464,3.455675e-05,0.22731256,0.020096673
0.52748466,3.8030719e-06,0.22234057,0.0022686226,0.00067138294,3.431766e-05,0.22712225,0.020074468
0.52768564,3.772535e-06,0.22232954,0.0022594503,0.0006679712,3.4076897e-05,0.22696559,0.020053942
0.5278602,3.7409243e-06,0.22241808,0.0022495738,0.0006645093,3.3844608e-05,0.22673996,0.020030046
0.5279966,3.7076688e-06,0.22265072,0.0022386706,0.000660967,3.362356e-05,0.22641447,0.020001309
0.52812606,3.674384e-06,0.22290839,0.0022276356,0.00065742614,3.3405642e-05,0.22607169,0.01997174
0.52829474,3.6433355e-06,0.22301605,0.002217752,0.00065400515,3.3179196e-05,0.2258334,0.019947266
0.52851814,3.615187e-06,0.22291838,0.002209411,0.0006507378,3.2940603e-05,0.22573698,0.019929746
0.52875936,3.5881092e-06,0.22275345,0.0022015898,0.00064753136,3.2699296e-05,0.2256872,0.019914513
0.52895886,3.5592645e-06,0.2227446,0.002192665,0.0006442378,3.2470012e-05,0.22552957,0.019894028
0.52908564,3.5272185e-06,0.22300848,0.0021818029,0.00064078125,3.2259948e-05,0.22518313,0.019864358
0.5291628,3.4931968e-06,0.22345427,0.0021696861,0.0006372226,3.2062824e-05,0.22471192,0.019828575
0.5292477,3.459897e-06,0.22386844,0.0021578667,0.00063370477,3.186484e-05,0.22426306,0.019793939
0.52938133,3.4291331e-06,0.22409993,0.0021474054,0.0006303235,3.1656386e-05,0.22394049,0.01976544
0.5295569,3.400519e-06,0.22417632,0.0021380896,0.00062706054,3.143969e-05,0.22372471,0.019742196
0.52973425,3.3722197e-06,0.22424611,0.0021288558,0.0006238176,3.1224048e-05,0.2235133,0.019719172
0.52988285,3.342928e-06,0.22441879,0.002118943,0.000620526,3.1016156e-05,0.22323175,0.019692717
0.53001213,3.3130618e-06,0.22466148,0.0021085872,0.00061720645,3.0813957e-05,0.2229025,0.019663936
0.5301553,3.2840683e-06,0.22485262,0.002098636,0.00061393663,3.0609877e-05,0.2226087,0.019636925
0.53033155,3.2567236e-06,0.2249227,0.0020895686,0.000610761,3.039988e-05,0.22239774,0.019613963
0.53052413,3.2302883e-06,0.22493336,0.0020809462,0.0006076386,3.0187788e-05,0.22222742,0.019593023
0.5306974,3.203284e-06,0.22501305,0.0020718854,0.0006044888,2.9981227e-05,0.22201018,0.019569794
0.53083634,3.1751003e-06,0.22521624,0.0020620215,0.00060127804,2.9783323e-05,0.22170873,0.019542435
0.53096277,3.1467005e-06,0.22546148,0.0020519223,0.0005980578,2.9589186e-05,0.22137927,0.019513734
0.5311165,3.1196278e-06,0.22560936,0.0020425224,0.0005949138,2.9390592e-05,0.22111595,0.01948831
0.5313112,3.0944132e-06,0.22560984,0.0020341596,0.0005918788,2.9184976e-05,0.22095282,0.019467797
0.53151965,3.0699346e-06,0.22556128,0.0020261572,0.0005888884,2.8977947e-05,0.22082308,0.019448943
0.5316993,3.0445499e-06,0.22561389,0.0020175101,0.00058585085,2.8778153e-05,0.22062495,0.01942669
0.53183806,3.0178035e-06,0.22581233,0.0020079273,0.00058273936,2.8587814e-05,0.22032778,0.019399626
0.53196895,2.991014e-06,0.22603668,0.0019982194,0.00057962834,2.840015e-05,0.2200134,0.019371742
0.5321424,2.966065e-06,0.22610973,0.0019895546,0.0005766259,2.8205377e-05,0.21980156,0.01934893
0.53237474,2.943496e-06,0.2259751,0.0019822835,0.0005737629,2.8000635e-05,0.21973018,0.019332983
0.53262645,2.9218033e-06,0.22577311,0.0019754833,0.0005709554,2.7793641e-05,0.21970396,0.01931929
0.5328329,2.898638e-06,0.22572908,0.0019676771,0.0005680667,2.759675e-05,0.21957135,0.019300377
0.5329611,2.872827e-06,0.22596048,0.0019581118,0.0005650293,2.7416014e-05,0.21925278,0.01927234
0.5330362,2.8453694e-06,0.2263759,0.001947406,0.0005618985,2.7246118e-05,0.21881028,0.01923826
0.53311986,2.818504e-06,0.22675832,0.0019369662,0.00055880257,2.707549e-05,0.21839091,0.019205315
0.5332557,2.7937317e-06,0.22695647,0.0019277604,0.00055583176,2.6896245e-05,0.21809602,0.019178467
0.53343713,2.770724e-06,0.22699776,0.0019195916,0.00055296894,2.6710126e-05,0.21790625,0.019156817
0.5336203,2.7479723e-06,0.2270324,0.0019114988,0.00055012404,2.6524895e-05,0.21772096,0.019135425
0.53377324,2.7244e-06,0.2271703,0.0019027896,0.0005472341,2.6346237e-05,0.2174668,0.019110624
0.53390557,2.7003537e-06,0.22737835,0.0018936782,0.00054431777,2.6172289e-05,0.21716575,0.019083554
0.53405297,2.6770135e-06,0.22753371,0.001884935,0.0005414469,2.5996824e-05,0.2169,0.019058231
0.5342357,2.655038e-06,0.22756681,0.0018769968,0.00053866196,2.5816511e-05,0.21671648,0.019036928
0.53443605,2.6338141e-06,0.2275397,0.0018694609,0.00053592504,2.5634403e-05,0.21657293,0.019017652
0.53461635,2.6121133e-06,0.22758098,0.0018615329,0.00053316297,2.5456939e-05,0.21638376,0.018996125
0.53475994,2.5894376e-06,0.2277465,0.0018528738,0.00053034467,2.5286758e-05,0.2161119,0.018970545
0.534891,2.5665852e-06,0.22795312,0.0018440033,0.00052751735,2.5119662e-05,0.21581301,0.018943666
0.5350513,2.5448303e-06,0.22806102,0.0018357752,0.000524761,2.4948939e-05,0.21557976,0.018920017
0.5352552,2.5246013e-06,0.22802027,0.0018284832,0.00052210136,2.4772296e-05,0.21544546,0.018901253
0.5354741,2.5049828e-06,0.2279289,0.0018215245,0.0005194826,2.4594472e-05,0.21534471,0.018884186
0.5356629,2.484618e-06,0.2279385,0.0018139846,0.0005168221,2.4422763e-05,0.21517712,0.018863777
0.53580815,2.463126e-06,0.22809435,0.0018055995,0.00051409425,2.4258978e-05,0.21491252,0.018838644
0.5359459,2.4416063e-06,0.22827488,0.0017971038,0.0005113663,2.409747e-05,0.21463157,0.018812707
0.536129,2.4215942e-06,0.22830279,0.0017895532,0.0005087363,2.3929973e-05,0.21445183,0.018791804
0.5363747,2.40355e-06,0.22812092,0.0017832743,0.00050623337,2.3754132e-05,0.21441104,0.018777711
0.5366407,2.3862285e-06,0.22787055,0.0017774241,0.0005037807,2.3576447e-05,0.21441567,0.018765861
0.5368594,2.3676844e-06,0.22777826,0.0017706612,0.0005012536,2.3407216e-05,0.21431585,0.018748881
0.53699565,2.3469702e-06,0.2279619,0.001762309,0.00049859233,2.32515e-05,0.21403298,0.018722953
0.53707623,2.3248922e-06,0.22832936,0.0017529195,0.00049584557,2.3104889e-05,0.21362919,0.01869106
0.53716624,2.3032994e-06,0.22866355,0.0017437736,0.0004931315,2.2957654e-05,0.21324776,0.018660298
0.5373121,2.2834333e-06,0.22881116,0.0017357519,0.0004905309,2.2803266e-05,0.21298979,0.018635627
0.5375058,2.2650174e-06,0.22880068,0.0017286708,0.00048802613,2.2643102e-05,0.21283586,0.018616062
0.53770155,2.2468098e-06,0.2287833,0.00172166,0.0004855387,2.2483775e-05,0.2126865,0.018596748
0.5378657,2.2279246e-06,0.22886874,0.001714091,0.00048301014,2.2329943e-05,0.21246979,0.018574122
0.53800845,2.2086379e-06,0.22902416,0.0017061533,0.00048045686,2.2180066e-05,0.2122072,0.018549258
0.538167,2.1899355e-06,0.2291267,0.0016985543,0.00047794564,2.2028982e-05,0.21197943,0.018526124
0.5383634,2.1723515e-06,0.22910565,0.0016916824,0.00047550994,2.187383e-05,0.21183273,0.018506985
0.5385782,2.155379e-06,0.22902414,0.0016851769,0.00047311807,2.1717258e-05,0.21172565,0.018489815
0.53877205,2.1380108e-06,0.22901121,0.0016783114,0.0004707033,2.156458e-05,0.21157351,0.018470451
0.53892773,2.1198334e-06,0.22912249,0.0016707825,0.000468237,2.1418016e-05,0.21134017,0.018447118
0.5390703,2.1014991e-06,0.22927502,0.0016630578,0.00046576292,2.127412e-05,0.2110801,0.018422449
0.53924274,2.0840582e-06,0.22932912,0.001655913,0.0004633514,2.1127278e-05,0.21088462,0.018400975
0.5394619,2.067872e-06,0.22923392,0.0016496138,0.00046102615,2.0975447e-05,0.2107862,0.01838434
0.5396956,2.052179e-06,0.22908884,0.0016436146,0.00045873862,2.08228e-05,0.21072102,0.018369276
0.53989846,2.0358593e-06,0.22904538,0.0016370818,0.0004564114,2.0675225e-05,0.21058904,0.018350987
0.5400557,2.0186014e-06,0.22914857,0.0016297759,0.0004540232,2.0534377e-05,0.2103615,0.018327994
0.54020476,2.0013067e-06,0.22927754,0.0016223638,0.00045163458,2.0395464e-05,0.21011704,0.018304216
0.54040074,1.9852464e-06,0.22925398,0.001615806,0.0004493333,2.0251693e-05,0.2099726,0.018285302
0.5406616,1.9707911e-06,0.22902213,0.001610394,0.00044714505,2.0100957e-05,0.2099635,0.018273106
0.5409435,1.9569181e-06,0.22872247,0.0016053623,0.0004450004,1.9948764e-05,0.20999876,0.018263051
0.5411757,1.94203e-06,0.22858204,0.0015994979,0.00044278897,1.9803681e-05,0.20993029,0.01824794
0.5413221,1.9253328e-06,0.22871856,0.001592177,0.00044045493,1.9670035e-05,0.2096811,0.018223986
0.5414109,1.9075135e-06,0.22903933,0.0015839125,0.0004380448,1.9544099e-05,0.20931208,0.018194169
0.54150903,1.8900718e-06,0.2293286,0.0015758608,0.00043566342,1.9417821e-05,0.20896414,0.018165406
0.54166454,1.8740312e-06,0.22943328,0.0015688125,0.0004333814,1.9285517e-05,0.2087363,0.01814252
0.5418689,1.8591754e-06,0.22938125,0.0015626136,0.0004311851,1.91485e-05,0.20861046,0.01812464
0.542075,1.8444745e-06,0.22932388,0.0015564677,0.0004290029,1.9012257e-05,0.20848785,0.01810697
0.54224813,1.8292009e-06,0.22937119,0.0015498044,0.0004267825,1.8880733e-05,0.20829746,0.018085968
0.5423987,1.8135819e-06,0.2294896,0.001542797,0.0004245398,1.8752626e-05,0.20806111,0.018062726
0.5425653,1.7984271e-06,0.22955723,0.001536084,0.0004223325,1.8623523e-05,0.20785755,0.018041128
0.54276973,1.7841764e-06,0.22950374,0.0015300189,0.0004201924,1.849116e-05,0.2077327,0.01802337
0.5429926,1.7704125e-06,0.22939199,0.0015242762,0.00041809044,1.8357703e-05,0.20764545,0.018007485
0.54319334,1.7563061e-06,0.22935036,0.0015181977,0.0004159663,1.8227607e-05,0.20751272,0.017989367
0.54335415,1.7415192e-06,0.22943498,0.0015115007,0.00041379489,1.8102712e-05,0.2072985,0.017967284
0.5435009,1.7265899e-06,0.22956273,0.0015046184,0.00041161606,1.798021e-05,0.2070566,0.017943861
0.54367816,1.7123807e-06,0.22959393,0.001498248,0.00040949116,1.7855213e-05,0.20687707,0.017923506
0.54390174,1.6991813e-06,0.22947922,0.001492636,0.0004074432,1.7726235e-05,0.20679176,0.01790775
0.54414034,1.6863795e-06,0.22931689,0.0014872833,0.00040542663,1.7596574e-05,0.20673732,0.017893547
0.54434645,1.673047e-06,0.22925743,0.0014814356,0.00040337397,1.7471282e-05,0.20661613,0.01787608
0.54450464,1.6589286e-06,0.22934702,0.001474876,0.00040126574,1.7351738e-05,0.20639923,0.017853955
0.54465437,1.6447636e-06,0.2294639,0.001468207,0.00039915633,1.7233926e-05,0.20616451,0.017830968
0.5448516,1.6315994e-06,0.22943124,0.001462301,0.0003971235,1.7112041e-05,0.20602636,0.017812707
0.5451142,1.6197426e-06,0.22919337,0.0014574253,0.0003951902,1.6984417e-05,0.20602031,0.017800903
0.545398,1.6083548e-06,0.2288898,0.0014528849,0.00039329517,1.6855629e-05,0.20605642,0.017791186
0.54563,1.5961169e-06,0.22874716,0.0014475759,0.00039133878,1.6732913e-05,0.20598921,0.017776413
0.5457735,1.5823834e-06,0.22888209,0.0014409416,0.00038927374,1.6619897e-05,0.20574318,0.017752927
0.5458573,1.5677113e-06,0.22920254,0.001433439,0.00038713941,1.6513428e-05,0.20537785,0.017723657
0.54595023,1.5533445e-06,0.22949342,0.0014261187,0.00038502927,1.640666e-05,0.20503195,0.017695362
0.5461011,1.5401188e-06,0.22960205,0.0014197051,0.0003830076,1.6294976e-05,0.20480363,0.017672788
0.54630166,1.5278581e-06,0.22955708,0.0014140494,0.00038106134,1.617935e-05,0.2046735,0.01765501
0.5465034,1.5157156e-06,0.22950765,0.0014084355,0.00037912646,1.6064412e-05,0.2045464,0.01763741
0.54667103,1.5030937e-06,0.22956401,0.0014023434,0.00037715692,1.5953488e-05,0.20435154,0.017616507
0.5468149,1.4901822e-06,0.22969332,0.0013959358,0.00037516735,1.5845466e-05,0.20411003,0.017593345
0.5469746,1.4776497e-06,0.22977276,0.0013897907,0.00037320863,1.5736709e-05,0.20390062,0.017571766
0.5471729,1.4658528e-06,0.22973324,0.001384226,0.0003713097,1.562521e-05,0.20376737,0.017553912
0.54738975,1.4544516e-06,0.22963654,0.0013789489,0.00036944347,1.5512835e-05,0.20367053,0.017537842
0.54758346,1.4427657e-06,0.22961082,0.0013733639,0.00036755737,1.5403302e-05,0.20352839,0.017519591
0.5477357,1.4305165e-06,0.22971177,0.0013672134,0.00036562906,1.5298197e-05,0.20330557,0.017497404
0.5478736,1.418146e-06,0.2298565,0.0013608926,0.00036369305,1.5195035e-05,0.20305477,0.017473908
0.5480423,1.4063678e-06,0.22990613,0.0013550343,0.00036180604,1.5089917e-05,0.20286493,0.017453339
0.5482588,1.3954195e-06,0.2298098,0.0013498609,0.0003599866,1.4981372e-05,0.20276786,0.017437333
0.5484903,1.3847975e-06,0.22966711,0.0013449232,0.00035819542,1.4872325e-05,0.20270042,0.017422773
0.5486883,1.3737346e-06,0.22962758,0.0013395321,0.0003563713,1.4766899e-05,0.20256718,0.01740501
0.548837,1.3620321e-06,0.22973602,0.0013334983,0.00035449825,1.4666327e-05,0.20234026,0.01738272
0.5489771,1.3502895e-06,0.22987202,0.0013273658,0.0003526237,1.4567184e-05,0.20209536,0.017359564
0.5491659,1.3393746e-06,0.22985879,0.0013219267,0.00035081766,1.4464668e-05,0.20194566,0.017341057
0.5494222,1.3295376e-06,0.22964051,0.0013174234,0.0003491009,1.4357308e-05,0.20192617,0.017328886
0.54970014,1.3200874e-06,0.2293567,0.0013132266,0.00034741784,1.4248967e-05,0.20194818,0.017318739
0.54992557,1.3099454e-06,0.22923248,0.0013083363,0.00034568107,1.4145686e-05,0.20186883,0.017303688
0.55005944,1.2985723e-06,0.22938485,0.0013022445,0.00034384662,1.4050539e-05,0.20161414,0.017280094
0.55013216,1.286433e-06,0.22972222,0.0012953702,0.00034195094,1.3960868e-05,0.20124218,0.017250853
0.5502141,1.2745512e-06,0.23002864,0.0012886667,0.00034007715,1.3870946e-05,0.20089072,0.017222615
0.55035675,1.2636137e-06,0.23015259,0.0012827876,0.0003382825,1.3776866e-05,0.2006546,0.017199986
0.5505506,1.2534755e-06,0.23012201,0.0012776023,0.0003365557,1.3679438e-05,0.20051615,0.017182136
0.550746,1.2434365e-06,0.23008649,0.0012724578,0.00033483913,1.3582555e-05,0.20038085,0.017164433
0.55090654,1.2330114e-06,0.23015553,0.0012668867,0.00033309238,1.3489013e-05,0.20017973,0.017143548
0.55104285,1.2223563e-06,0.23029572,0.001261035,0.000331328,1.3397927e-05,0.19993398,0.017120488
0.5511963,1.2120183e-06,0.23038508,0.0012554264,0.0003295918,1.3306145e-05,0.19972004,0.017099043
0.5513895,1.2022899e-06,0.23035435,0.0012503501,0.00032790913,1.32120595e-05,0.1995822,0.017081246
0.55160266,1.1928953e-06,0.23026489,0.0012455416,0.00032625615,1.3117163e-05,0.19948101,0.017065298
0.55179214,1.1832725e-06,0.2302454,0.0012404559,0.0003245856,1.3024647e-05,0.19933593,0.017047191
0.5519396,1.1731913e-06,0.23035063,0.0012348696,0.00032287868,1.2935819e-05,0.19911264,0.017025298
0.5520725,1.1630212e-06,0.23049796,0.0012291336,0.00032116548,1.2848629e-05,0.1988631,0.017002143
0.55223775,1.1533388e-06,0.23054913,0.0012238213,0.00031949548,1.2759694e-05,0.19867396,0.016981948
0.5524529,1.1443509e-06,0.23045318,0.0012191373,0.00031788676,1.2667891e-05,0.19857681,0.016966231
0.5526842,1.1356326e-06,0.23030935,0.0012146703,0.00031630334,1.2575614e-05,0.19850974,0.016951999
0.5528809,1.1265631e-06,0.23026697,0.0012098039,0.00031469183,1.2486381e-05,0.19837935,0.016934708
0.55302805,1.1169682e-06,0.23037079,0.0012043567,0.0003130366,1.2401187e-05,0.19815728,0.016912945
0.5531659,1.1073486e-06,0.23050098,0.0011988274,0.0003113805,1.2317165e-05,0.1979191,0.01689045
0.5533549,1.098415e-06,0.23048058,0.001193933,0.00030978592,1.2230268e-05,0.1977749,0.016872501
0.55361414,1.0903714e-06,0.23025407,0.0011898893,0.00030827106,1.2139296e-05,0.19775955,0.016860807
0.55389595,1.0826516e-06,0.22996104,0.0011861295,0.00030678726,1.2047452e-05,0.19778578,0.016851181
0.5541237,1.0743636e-06,0.22982611,0.0011817466,0.00030525567,1.195988e-05,0.1977135,0.016836712
0.55425835,1.0650707e-06,0.22996594,0.0011762773,0.00030363668,1.1879067e-05,0.19746894,0.016813993
0.5543296,1.0551528e-06,0.23028927,0.0011701061,0.00030196417,1.1802897e-05,0.19711055,0.016785733
0.5544113,1.0454453e-06,0.23058079,0.0011640897,0.00030031073,1.1726453e-05,0.19677232,0.016758464
0.55455583,1.0365198e-06,0.23068886,0.0011588249,0.0002987285,1.1646502e-05,0.19654834,0.016736748
0.5547533,1.0282538e-06,0.2306423,0.001154194,0.000297207,1.1563743e-05,0.1964207,0.016719755
0.55495244,1.0200733e-06,0.2305896,0.001149602,0.00029569486,1.1481463e-05,0.19629717,0.01670289
0.55511594,1.0115772e-06,0.23064071,0.0011446286,0.00029415663,1.1401991e-05,0.19610928,0.016682966
0.5552552,1.0028888e-06,0.23076215,0.0011393976,0.00029260153,1.1324519e-05,0.1958775,0.016660908
0.5554117,9.944633e-07,0.23083247,0.0011343897,0.00029107207,1.1246517e-05,0.19567773,0.01664044
0.5556098,9.865408e-07,0.23078261,0.0011298652,0.00028958978,1.1166501e-05,0.19555236,0.016623607
0.55582833,9.788918e-07,0.23067366,0.0011255845,0.00028813494,1.1085905e-05,0.19546367,0.016608508
0.5560226,9.710577e-07,0.23063426,0.0011210556,0.00028666467,1.1007277e-05,0.19533199,0.016591366
0.5561737,9.628449e-07,0.23071937,0.0011160696,0.00028516102,1.0931756e-05,0.19512334,0.016570505
0.55631006,9.545533e-07,0.23084648,0.0011109454,0.0002836511,1.0857573e-05,0.19488859,0.016548414
0.55647963,9.466667e-07,0.23087724,0.0011062069,0.00028218055,1.0781985e-05,0.19471379,0.01652921
0.5567002,9.393468e-07,0.23076223,0.0011020377,0.00028076448,1.0703994e-05,0.19462869,0.016514368
0.5569369,9.3224907e-07,0.23059937,0.0010980647,0.00027937084,1.0625617e-05,0.1945737,0.016501
0.5571386,9.2485726e-07,0.23053795,0.001093725,0.0002779514,1.0549824e-05,0.19445564,0.01648459
0.557289,9.170335e-07,0.23062305,0.0010888574,0.00027649294,1.0477442e-05,0.19424741,0.016463827
0.5574299,9.0918587e-07,0.23073472,0.0010839134,0.00027503376,1.0406055e-05,0.19402285,0.0164423
0.55762315,9.018985e-07,0.23069696,0.0010795419,0.00027362883,1.0332259e-05,0.1938903,0.01642523
0.5578876,8.9534007e-07,0.23045447,0.0010759386,0.00027229462,1.025507e-05,0.19388425,0.016414255
0.55817527,8.8904505e-07,0.23014654,0.0010725895,0.0002709877,1.0177173e-05,0.19391826,0.016405225
0.5584073,8.8228114e-07,0.22999676,0.0010686731,0.0002696381,1.0102904e-05,0.19385509,0.016391512
0.5585434,8.746862e-07,0.2301217,0.001063769,0.0002682105,1.003432e-05,0.19362248,0.01636964
0.5586147,8.6657326e-07,0.23043022,0.0010582219,0.0002667343,9.969636e-06,0.19327699,0.016342387
0.5586967,8.5863235e-07,0.23070759,0.0010528148,0.0002652751,9.904758e-06,0.19295081,0.016316041
0.55884176,8.513309e-07,0.23080403,0.0010480861,0.00026387908,9.836993e-06,0.19273643,0.016295118
0.5590416,8.445664e-07,0.23074614,0.0010439262,0.00026253666,9.7668735e-06,0.1926165,0.016278746
0.5592426,8.378692e-07,0.23068395,0.0010397984,0.00026120228,9.6971535e-06,0.19249934,0.016262537
0.55940694,8.3090976e-07,0.23072545,0.0010353208,0.00025984374,9.629824e-06,0.19231887,0.016243257
0.5595457,8.237898e-07,0.23083836,0.0010306091,0.00025847086,9.564211e-06,0.19209461,0.016221901
0.5597024,8.16883e-07,0.23090027,0.0010260936,0.00025711968,9.498143e-06,0.19190165,0.016202053
0.55990124,8.10388e-07,0.23084389,0.0010220166,0.00025581103,9.430436e-06,0.19178107,0.016185723
0.5601204,8.041162e-07,0.2307295,0.0010181587,0.00025452636,9.362228e-06,0.19169612,0.016171118
0.56031483,7.97685e-07,0.23068471,0.001014069,0.0002532269,9.295707e-06,0.19156872,0.016154438
0.5604652,7.909473e-07,0.23076402,0.0010095668,0.0002518984,9.231792e-06,0.19136518,0.016134163
0.56060004,7.841414e-07,0.23088604,0.0010049385,0.00025056416,9.16905e-06,0.19113587,0.016112631
0.5607687,7.776678e-07,0.23091245,0.0010006578,0.00024926465,9.105103e-06,0.19096506,0.016093958
0.56098896,7.7165845e-07,0.23079383,0.000996891,0.0002480133,9.039158e-06,0.190883,0.016079506
0.56122655,7.658301e-07,0.23062772,0.0009933017,0.00024678168,8.972878e-06,0.19082938,0.016066486
0.5614281,7.597621e-07,0.2305623,0.0009893806,0.00024552757,8.9087625e-06,0.1907145,0.016050523
0.5615772,7.5333884e-07,0.23064244,0.0009849832,0.00024423885,8.847542e-06,0.19051124,0.016030291
0.561717,7.468983e-07,0.2307489,0.0009805158,0.00024294907,8.7871485e-06,0.1902918,0.016009344
0.56191,7.4091724e-07,0.2307064,0.0009765676,0.00024170775,8.724715e-06,0.19016321,0.015992738
0.56217664,7.355395e-07,0.23045866,0.00097332225,0.00024053008,8.659408e-06,0.19015932,0.015982132
0.5624669,7.30379e-07,0.23014475,0.00097030896,0.00023937611,8.593539e-06,0.1901959,0.015973482
0.5627006,7.2483795e-07,0.22998758,0.000966783,0.0002381845,8.530646e-06,0.19013736,0.015960267
0.56283695,7.1861507e-07,0.23010287,0.000962368,0.0002369243,8.472577e-06,0.18991265,0.015939102
0.56290805,7.1197053e-07,0.23039909,0.000957374,0.0002356209,8.417718e-06,0.18957804,0.015912712
0.5629902,7.0547264e-07,0.23066267,0.0009525144,0.0002343337,8.362724e-06,0.18926391,0.015887296
0.5631382,6.995039e-07,0.23074356,0.00094827364,0.0002331026,8.305226e-06,0.18906072,0.015867205
0.56334174,6.9398016e-07,0.23066983,0.00094455545,0.00023191972,8.245744e-06,0.18895146,0.015851611
0.5635482,6.8852e-07,0.23058829,0.000940875,0.00023074467,8.1865865e-06,0.18884677,0.01583627
0.563718,6.828478e-07,0.23060796,0.0009368833,0.00022954868,8.129372e-06,0.18868086,0.01581801
0.56386286,6.77053e-07,0.23069547,0.0009326897,0.0002283407,8.0735845e-06,0.1884741,0.015797794
0.5640268,6.714374e-07,0.23073031,0.00092868344,0.00022715269,8.0173795e-06,0.18829924,0.01577915
0.5642352,6.6616735e-07,0.23064294,0.00092508266,0.00022600334,7.959749e-06,0.18819807,0.015764013
0.5644656,6.610879e-07,0.23049498,0.0009216892,0.0002248755,7.901634e-06,0.18813366,0.01575066
0.564672,6.5588716e-07,0.23041262,0.0009180998,0.00022373615,7.8449175e-06,0.1880296,0.015735405
0.56483483,6.504389e-07,0.23045006,0.0009141462,0.00022257128,7.7903305e-06,0.18785313,0.015716715
0.56498337,6.449463e-07,0.23052582,0.00091008976,0.00022140305,7.736703e-06,0.18765405,0.015696954
0.5651684,6.397329e-07,0.23050205,0.00090636045,0.00022026573,7.682005e-06,0.18751466,0.015680037
0.5654073,6.349107e-07,0.23032981,0.00090311066,0.0002191726,7.625583e-06,0.18746497,0.015667437
0.5656652,6.302445e-07,0.2301058,0.0009000323,0.0002180976,7.568811e-06,0.18744642,0.015656317
0.56588817,6.253919e-07,0.22997774,0.0008966699,0.00021700416,7.513816e-06,0.18736988,0.015642466
0.5660598,6.202554e-07,0.22998936,0.0008928867,0.00021588053,7.461162e-06,0.18720949,0.01562461
0.5662239,6.1511275e-07,0.2300216,0.0008890537,0.0002147573,7.409186e-06,0.18703647,0.015606145
0.56644404,6.1036053e-07,0.22990054,0.00088570843,0.00021367853,7.355451e-06,0.18695596,0.01559214
0.56673986,6.0610955e-07,0.22957191,0.0008830116,0.00021265668,7.2992375e-06,0.18700053,0.015584082
0.5670619,6.020468e-07,0.22917186,0.0008805403,0.00021165669,7.2424737e-06,0.18708813,0.015578037
0.5673288,5.976804e-07,0.2289225,0.00087761896,0.00021062493,7.188178e-06,0.18708502,0.015567723
0.5674993,5.9276175e-07,0.22893713,0.0008739037,0.00020953335,7.1378668e-06,0.18692262,0.015549825
0.567606,5.875071e-07,0.22912577,0.0008696806,0.00020840528,7.090248e-06,0.18665554,0.015526973
0.5677265,5.8237976e-07,0.22927661,0.00086559023,0.0002072923,7.0424185e-06,0.18641114,0.015505238
0.5679151,5.7769626e-07,0.22924103,0.0008620778,0.00020623025,6.9924617e-06,0.18627924,0.015488837
0.56816167,5.733855e-07,0.22904679,0.00085904996,0.00020521098,6.9407542e-06,0.18624277,0.015476978
0.56841296,5.6913376e-07,0.22884028,0.0008560703,0.00020419988,6.889255e-06,0.1862135,0.015465477
0.56862926,5.64717e-07,0.22872813,0.0008528235,0.00020317169,6.839398e-06,0.18612799,0.015451278
0.56882304,5.6020446e-07,0.2286776,0.00084940327,0.00020213354,6.7906744e-06,0.18600509,0.015435343
0.5690378,5.558458e-07,0.22857004,0.00084616616,0.0002011145,6.7415617e-06,0.18591654,0.015421028
0.56929815,5.517789e-07,0.22833751,0.0008433101,0.00020012955,6.691215e-06,0.18590334,0.015410319
0.5695822,5.47872e-07,0.22804038,0.00084065145,0.00019916444,6.640417e-06,0.18592899,0.0154014295
0.56984425,5.438705e-07,0.22780338,0.0008378261,0.00019818995,6.5907466e-06,0.1859183,0.015390828
0.5700645,5.3967153e-07,0.22767997,0.0008346804,0.00019719414,6.5428767e-06,0.18583955,0.015377035
0.570273,5.354393e-07,0.22758943,0.00083145004,0.00019619583,6.495753e-06,0.18574066,0.015362289
0.5705182,5.314401e-07,0.22739759,0.0008285255,0.00019522542,6.4477094e-06,0.18570308,0.015350431
0.5708177,5.2776295e-07,0.22705668,0.0008260421,0.00019429383,6.398194e-06,0.18575558,0.015342793
0.5711369,5.2421706e-07,0.22666198,0.0008237224,0.00019337826,6.3483676e-06,0.18584047,0.015336725
0.571423,5.205193e-07,0.22635777,0.00082114874,0.00019244663,6.3000098e-06,0.18587081,0.015328059
0.57165986,5.165905e-07,0.22618762,0.00081820134,0.00019149018,6.2536824e-06,0.1858204,0.0153156
0.5718909,5.1265476e-07,0.22603521,0.00081520906,0.00019053358,6.20786e-06,0.18575886,0.015302648
0.5721764,5.090395e-07,0.22573102,0.00081266527,0.00018961607,6.160569e-06,0.18578959,0.015294009
0.57253593,5.058343e-07,0.22522281,0.0008107101,0.00018874694,6.1111737e-06,0.18594398,0.015291135
0.57292044,5.0278226e-07,0.22464426,0.00080896186,0.00018789725,6.0613147e-06,0.18614163,0.015290248
0.5732518,4.9947613e-07,0.22421134,0.00080680486,0.00018701951,6.0135503e-06,0.18625125,0.015285241
0.57349074,4.957164e-07,0.22403553,0.00080392504,0.00018609082,5.9691943e-06,0.18620427,0.015272967
0.5736687,4.916755e-07,0.22402824,0.0008005808,0.00018513025,5.927145e-06,0.18605489,0.015255967
0.57386017,4.8773524e-07,0.22398378,0.0007973534,0.00018418244,5.8849473e-06,0.18592803,0.0152400425
0.57411647,4.8415205e-07,0.2237588,0.00079464575,0.00018327817,5.840972e-06,0.18591131,0.015229179
0.57442766,4.8087077e-07,0.22338115,0.0007923749,0.0001824102,5.7955463e-06,0.18598744,0.015222636
0.5747424,4.776291e-07,0.22299331,0.0007901404,0.00018154822,5.7503257e-06,0.1860699,0.015216403
0.5750234,4.7424476e-07,0.22269854,0.00078765245,0.0001806709,5.7065267e-06,0.186096,0.015207511
0.57528204,4.707752e-07,0.222466,0.0007850019,0.00017978514,5.663768e-06,0.1860841,0.015196877
0.57555956,4.6742298e-07,0.22218066,0.0007825052,0.00017891431,5.6207095e-06,0.18610446,0.015187774
0.57587874,4.6429983e-07,0.22177799,0.00078034244,0.00017807177,5.5766513e-06,0.18619683,0.015181941
0.5762186,4.6129844e-07,0.2213169,0.00077834923,0.00017724506,5.532265e-06,0.18632513,0.015177776
0.57653576,4.5820954e-07,0.22091813,0.0007761899,0.00017640932,5.4889083e-06,0.18641569,0.015171829
0.57681245,4.549478e-07,0.22063296,0.00077372446,0.00017555457,5.447155e-06,0.18643667,0.015162695
0.5770762,4.5164654e-07,0.2203849,0.0007711667,0.00017469654,5.4060915e-06,0.18643461,0.015152575
0.5773721,4.4852405e-07,0.22004415,0.00076887006,0.00017386109,5.3643253e-06,0.1864902,0.015144982
0.57771677,4.4565533e-07,0.21956563,0.0007669592,0.00017305677,5.3213707e-06,0.18663052,0.015141297
0.5780768,4.428807e-07,0.21904168,0.0007651786,0.00017226496,5.2782143e-06,0.18679945,0.015138897
0.5784033,4.3996843e-07,0.2186118,0.00076314725,0.00017145809,5.23642e-06,0.18691078,0.015133839
0.5786827,4.3685336e-07,0.21831667,0.00076075474,0.00017062903,5.1964007e-06,0.18693866,0.015125014
0.5789535,4.337211e-07,0.21804588,0.00075830496,0.00016979914,5.1569427e-06,0.1869514,0.01511552
0.57927203,4.3083605e-07,0.21763708,0.0007562379,0.00016899957,5.1162883e-06,0.18705024,0.015109888
0.5796553,4.2827347e-07,0.21704045,0.0007546875,0.00016823986,5.073934e-06,0.1872663,0.015109513
0.5800582,4.258212e-07,0.21638513,0.00075330265,0.0001674944,5.0312647e-06,0.18751967,0.015110783
0.5804095,4.231465e-07,0.21587743,0.0007515216,0.00016672401,4.990478e-06,0.18768147,0.015107913
0.5806736,4.2008784e-07,0.2156231,0.0007490608,0.00016590935,4.952694e-06,0.18768512,0.015097967
0.5808793,4.1678265e-07,0.21553846,0.0007461511,0.00016506696,4.9169616e-06,0.18758246,0.015083279
0.5810941,4.1354738e-07,0.21542692,0.0007433259,0.00016423424,4.8812185e-06,0.18749675,0.015069357
0.581365,4.1059013e-07,0.21515195,0.0007409491,0.00016343563,4.8440306e-06,0.1875135,0.015060005
0.58168244,4.078647e-07,0.2147401,0.00073894527,0.00016266582,4.8057036e-06,0.1876161,0.015054486
0.5820001,4.051596e-07,0.21432751,0.0007369504,0.0001619001,4.767652e-06,0.18771932,0.0150489835
0.582284,4.0232203e-07,0.21401326,0.00073470024,0.0001611197,4.7308995e-06,0.18776111,0.015040716
0.5825441,3.9940147e-07,0.21376742,0.0007322759,0.00016033067,4.695114e-06,0.18776019,0.015030583
0.5828184,3.9656427e-07,0.21348041,0.0007299692,0.00015955286,4.659175e-06,0.18778503,0.015021582
0.58312726,3.939e-07,0.21309079,0.0007279417,0.00015879728,4.6224736e-06,0.18787487,0.015015435
0.5834516,3.9132365e-07,0.21265455,0.00072604517,0.00015805334,4.5855704e-06,0.18799415,0.015010608
0.5837523,3.8866327e-07,0.2122872,0.0007239728,0.00015730076,4.5496386e-06,0.18807048,0.0150038665
0.58401346,3.858484e-07,0.21203694,0.0007215979,0.00015653083,4.515142e-06,0.18807273,0.014993861
0.5842598,3.8299115e-07,0.21183082,0.00071911624,0.00015575728,4.481339e-06,0.18804704,0.014982662
0.58453244,3.802685e-07,0.2115454,0.0007168507,0.00015500099,4.4469957e-06,0.1880719,0.014973622
0.5848464,3.7774163e-07,0.21113695,0.00071491377,0.00015426968,4.411716e-06,0.18817462,0.014968022
0.5851713,3.7528287e-07,0.2106938,0.0007130755,0.00015354759,4.376354e-06,0.18830007,0.014963388
0.58546376,3.727006e-07,0.21034819,0.0007109874,0.00015281206,4.3422015e-06,0.18836346,0.014956055
0.5857102,3.6994425e-07,0.21013963,0.00070855196,0.00015205704,4.30964e-06,0.18833992,0.014944942
0.58594644,3.6716472e-07,0.20996192,0.00070604286,0.00015130034,4.277611e-06,0.18829669,0.014932967
0.5862238,3.6457925e-07,0.2096597,0.0007038667,0.0001505684,4.2446304e-06,0.188333,0.01492444
0.5865584,3.622497e-07,0.20918493,0.0007021423,0.0001498685,4.210243e-06,0.18847941,0.014920694
0.5869084,3.6000438e-07,0.20866083,0.0007005525,0.00014918011,4.175644e-06,0.18865815,0.014918328
0.58720964,3.575706e-07,0.20828408,0.00069858634,0.00014847018,4.1427024e-06,0.18874283,0.01491188
0.58742887,3.548172e-07,0.20815627,0.0006959881,0.00014772311,4.112367e-06,0.18866804,0.014898535
0.58759314,3.5185934e-07,0.20819661,0.00069296814,0.00014695214,4.0838067e-06,0.18848537,0.014880571
0.58776385,3.4895226e-07,0.20821689,0.0006900119,0.0001461886,4.0552723e-06,0.18831551,0.014863176
0.5879841,3.4626896e-07,0.20808563,0.0006874535,0.00014545335,4.0255363e-06,0.18824303,0.014849977
0.5882462,3.4377305e-07,0.20782778,0.000685225,0.00014474215,3.9948545e-06,0.18825142,0.014840266
0.58850664,3.412901e-07,0.20757356,0.0006829958,0.00014403371,3.9644356e-06,0.18825802,0.014830458
0.58873534,3.3869858e-07,0.20741715,0.0006805267,0.00014331318,3.9351166e-06,0.18820146,0.014817993
0.58894104,3.360376e-07,0.20732988,0.0006778931,0.00014258524,3.906651e-06,0.18810076,0.0148036005
0.5891589,3.3344475e-07,0.2072059,0.00067536085,0.00014186687,3.8780568e-06,0.18802351,0.014790248
0.5894079,3.309935e-07,0.2069858,0.00067307934,0.00014116726,3.848817e-06,0.18800838,0.014779523
0.58967143,3.286146e-07,0.20672259,0.00067091273,0.00014047745,3.8194075e-06,0.18802053,0.014770029
0.5899124,3.261682e-07,0.2065269,0.00066858577,0.00013978059,3.7908135e-06,0.18798958,0.014758654
0.5901161,3.2359813e-07,0.20644528,0.00066598336,0.00013906963,3.7634227e-06,0.18788534,0.0147441495
0.5903056,3.209959e-07,0.20640713,0.0006632849,0.00013835578,3.7366212e-06,0.18775302,0.014728477
0.59052,3.1850658e-07,0.20629264,0.0006607852,0.00013765688,3.7093384e-06,0.18767,0.014714914
0.59077346,3.1618228e-07,0.20605855,0.00065858697,0.00013697983,3.6812337e-06,0.18766381,0.0147046335
0.5910383,3.1391625e-07,0.20578969,0.0006564824,0.0001363113,3.6530355e-06,0.1876799,0.014695307
0.5912726,3.1155642e-07,0.20561405,0.00065415766,0.00013563203,3.6258436e-06,0.18763627,0.014683461
0.59146386,3.0905673e-07,0.20556976,0.00065152044,0.00013493639,3.599951e-06,0.18750796,0.014667986
0.5916461,3.0654493e-07,0.20555368,0.00064882694,0.00013424018,3.5744883e-06,0.18736155,0.0146518
0.5918686,3.0419716e-07,0.20541371,0.00064644206,0.00013356585,3.5481676e-06,0.18729496,0.014638983
0.5921465,3.0206667e-07,0.20510292,0.0006444789,0.0001329201,3.5206338e-06,0.18733852,0.014630835
0.5924413,3.0001164e-07,0.2047398,0.00064264843,0.00013228516,3.4928792e-06,0.18741603,0.014624135
0.5926909,2.978097e-07,0.20451657,0.0006404862,0.00013163248,3.466463e-06,0.18740301,0.0146135995
0.59286255,2.95352e-07,0.20453231,0.00063776085,0.00013094867,3.4421994e-06,0.18723619,0.0145965675
0.5929821,2.927347e-07,0.20470792,0.0006346664,0.00013024516,3.4193895e-06,0.18696612,0.014575204
0.5931092,2.9016664e-07,0.2048597,0.000631643,0.0001295488,3.3965466e-06,0.18671179,0.014554511
0.5932859,2.8779036e-07,0.20485842,0.000628994,0.000128878,3.37263e-06,0.18655622,0.014537986
0.593505,2.8557693e-07,0.2047277,0.0006266615,0.00012822922,3.347866e-06,0.18648367,0.014525029
0.5937247,2.8338218e-07,0.20459479,0.00062434224,0.00012758396,3.3232707e-06,0.18641292,0.014512097
0.5939149,2.8110657e-07,0.20455183,0.00062182057,0.00012692896,3.2995442e-06,0.18628421,0.014496759
0.59408504,2.787829e-07,0.20457064,0.0006191662,0.00012626893,3.2764697e-06,0.1861156,0.014479733
0.5942685,2.7652314e-07,0.20454757,0.0006166201,0.00012561817,3.2532325e-06,0.18597431,0.014463874
0.5944855,2.7438898e-07,0.20442262,0.000614318,0.0001249847,3.229387e-06,0.18589832,0.014450776
0.5947185,2.7232295e-07,0.20424889,0.0006121381,0.00012436118,3.2053401e-06,0.18585362,0.014439031
0.594932,2.7021076e-07,0.20413454,0.0006098294,0.00012373259,3.1819138e-06,0.18577075,0.014425685
0.5951109,2.68005e-07,0.20412573,0.0006072878,0.0001230927,3.159451e-06,0.18562008,0.014409481
0.5952777,2.6578041e-07,0.20415239,0.0006046747,0.00012245118,3.1374118e-06,0.18544693,0.014392332
0.59547186,2.6365902e-07,0.20409669,0.0006022612,0.00012182428,3.1149204e-06,0.18532659,0.0143774375
0.5957069,2.6168027e-07,0.2039164,0.00060013833,0.00012121721,3.0916697e-06,0.18528609,0.014365923
0.59595555,2.5975817e-07,0.20369445,0.0005981166,0.00012061891,3.0682938e-06,0.18527251,0.0143554965
0.59617585,2.5776512e-07,0.20355736,0.00059591234,0.00012001211,3.045704e-06,0.18520468,0.014342804
0.5963567,2.556675e-07,0.20354232,0.00059344136,0.00011939213,3.024153e-06,0.18505806,0.014326885
0.5965301,2.5356536e-07,0.20354803,0.00059093453,0.00011877272,3.0029084e-06,0.18489857,0.014310356
0.5967462,2.5160693e-07,0.20342484,0.0005887253,0.00011817321,2.9808948e-06,0.18482149,0.014297365
0.59701985,2.498327e-07,0.20312607,0.00058691244,0.00011759991,2.9578039e-06,0.1848574,0.014289029
0.59731257,2.481274e-07,0.20276944,0.00058523484,0.00011703659,2.9344696e-06,0.1849302,0.01428232
0.59756184,2.4630833e-07,0.202544,0.0005832727,0.00011645912,2.9122377e-06,0.18491928,0.014272056
0.59773546,2.4428545e-07,0.20254818,0.0005808132,0.00011585513,2.8917707e-06,0.18476093,0.014255659
0.59786004,2.4213594e-07,0.20270336,0.00057802995,0.00011523459,2.8724821e-06,0.18450509,0.014235208
0.5979936,2.400332e-07,0.20282938,0.00057532475,0.000114621056,2.8531233e-06,0.18426834,0.014215582
0.59817857,2.3809307e-07,0.20279859,0.00057297293,0.0001140309,2.8328384e-06,0.18413268,0.014200126
0.59840775,2.3629062e-07,0.20263506,0.0005709178,0.000113460395,2.8117865e-06,0.18408145,0.014188283
0.59863925,2.3450849e-07,0.20246404,0.00056888483,0.00011289348,2.7908409e-06,0.18403532,0.014176632
0.5988428,2.3266367e-07,0.20237687,0.0005666794,0.00011231901,2.7706135e-06,0.18393564,0.014162741
0.5990275,2.3078292e-07,0.20234646,0.0005643624,0.0001117405,2.7509125e-06,0.18379955,0.014147351
0.5992276,2.289582e-07,0.20227,0.000562151,0.000111170586,2.7310416e-06,0.18369286,0.014133213
0.59946185,2.2723877e-07,0.20209026,0.0005601692,0.000110616194,2.710636e-06,0.18365237,0.014121818
0.599713,2.2557776e-07,0.2018586,0.0005583032,0.00011007082,2.6900423e-06,0.18364523,0.01411183
0.5999456,2.2388134e-07,0.20168263,0.0005563282,0.00010952157,2.6699704e-06,0.1836026,0.014100373
0.6001449,2.2210973e-07,0.2016078,0.00055414625,0.00010896287,2.6506946e-06,0.18349509,0.014086232
0.60033363,2.2032361e-07,0.20156522,0.0005519017,0.000108402506,2.6317518e-06,0.18336663,0.014071235
0.6005492,2.1862289e-07,0.20144013,0.0005498431,0.000107855616,2.612443e-06,0.18329164,0.0140584055
0.600806,2.1703974e-07,0.20119126,0.0005480491,0.00010732589,2.5924744e-06,0.18329561,0.014048917
0.6010761,2.1550345e-07,0.20090036,0.0005463494,0.00010680365,2.5723964e-06,0.18332686,0.014040557
0.60131925,2.1390899e-07,0.20069185,0.00054448366,0.00010627431,2.552984e-06,0.18330528,0.014029993
0.6015229,2.1222758e-07,0.20060326,0.00054237625,0.000105733576,2.534465e-06,0.18320663,0.014016271
0.60172,2.1054278e-07,0.20053479,0.0005402346,0.00010519312,2.516194e-06,0.18309511,0.014002027
0.60195804,2.089734e-07,0.20034082,0.00053836085,0.00010467003,2.497291e-06,0.18306425,0.013991098
0.6022522,2.0755456e-07,0.19997579,0.0005368455,0.000104169245,2.477482e-06,0.18314357,0.013984743
0.6025641,2.061899e-07,0.19955522,0.0005354485,0.000103677165,2.457494e-06,0.18325906,0.013979811
0.60283345,2.0473007e-07,0.19926514,0.0005337885,0.000103172424,2.4384385e-06,0.18329036,0.013971462
0.6030286,2.031009e-07,0.19920166,0.0005316719,0.00010264456,2.4208853e-06,0.18317571,0.013957115
0.6031744,2.0136596e-07,0.19928859,0.00052925706,0.00010210227,2.404366e-06,0.18296419,0.013938811
0.6033291,1.9966558e-07,0.19934933,0.0005269049,0.0001015656,2.3877901e-06,0.1827693,0.013921208
0.60353255,1.9809637e-07,0.19926018,0.0005248669,0.00010104877,2.3704501e-06,0.18267126,0.01390758
0.60377747,1.9663699e-07,0.19904402,0.00052309094,0.00010054847,2.3525022e-06,0.18265496,0.013897334
0.6040235,1.9519072e-07,0.19882464,0.0005213286,0.00010005098,2.3346583e-06,0.1826408,0.013887149
0.60424113,1.9368997e-07,0.19869144,0.0005193997,9.9546625e-05,2.3174528e-06,0.18257119,0.013874712
0.6044394,1.9215645e-07,0.19861726,0.0005173602,9.903813e-05,2.3007076e-06,0.1824637,0.013860735
0.60465115,1.9066424e-07,0.19850285,0.00051540823,9.8536766e-05,2.283856e-06,0.18238182,0.013847814
0.60489374,1.8925564e-07,0.19829257,0.0005136543,9.804826e-05,2.266581e-06,0.1823621,0.01383744
0.60515124,1.8789036e-07,0.19803673,0.0005119963,9.7566975e-05,2.249179e-06,0.18237188,0.013828261
0.6053892,1.8649226e-07,0.19784017,0.0005102277,9.7081844e-05,2.2322467e-06,0.1823435,0.013817524
0.6055937,1.8502934e-07,0.19774702,0.00050826085,9.658797e-05,2.2160082e-06,0.18224798,0.013804095
0.60578567,1.8355009e-07,0.19769193,0.0005062279,9.6092524e-05,2.2000977e-06,0.18212798,0.013789683
0.6060025,1.8213669e-07,0.19756101,0.0005043501,9.5607524e-05,2.1838848e-06,0.18205702,0.013777245
0.60625637,1.8081637e-07,0.1973152,0.0005027039,9.513721e-05,2.1671628e-06,0.18206042,0.013767858
0.60652137,1.7952998e-07,0.19703431,0.00050113135,9.467285e-05,2.1503743e-06,0.18208678,0.013759364
0.6067583,1.7819274e-07,0.19683984,0.0004993976,9.420177e-05,2.1341823e-06,0.18205735,0.013748642
0.6069555,1.7677986e-07,0.19676784,0.000497432,9.372029e-05,2.1187675e-06,0.18194848,0.013734689
0.6071444,1.7536055e-07,0.19672126,0.00049542554,9.323856e-05,2.1035994e-06,0.18182328,0.013720103
0.6073714,1.7403254e-07,0.19655801,0.00049365003,9.277121e-05,2.0879177e-06,0.18177333,0.013708578
0.60765016,1.7282437e-07,0.19623402,0.0004921905,9.232269e-05,2.0715056e-06,0.18182781,0.013701258
0.6079443,1.716577e-07,0.19586128,0.0004908283,9.188127e-05,2.0549646e-06,0.18191418,0.013695227
0.6081954,1.704091e-07,0.1956218,0.000489217,9.142841e-05,2.039243e-06,0.18191427,0.013685702
0.6083737,1.6901853e-07,0.19560859,0.00048717932,9.095507e-05,2.0248124e-06,0.1817671,0.013670302
0.6085023,1.6753836e-07,0.19574814,0.00048486114,9.046895e-05,2.0112725e-06,0.18152113,0.013650909
0.6086372,1.6608394e-07,0.195868,0.00048259168,8.998728e-05,1.9977142e-06,0.181288,0.013632082
0.60881793,1.647343e-07,0.19584574,0.00048059833,8.952226e-05,1.9835356e-06,0.1811472,0.013616925
0.6090371,1.6347235e-07,0.19570503,0.00047883415,8.907112e-05,1.968853e-06,0.18108295,0.013604905
0.6092558,1.6221867e-07,0.19556575,0.00047707424,8.8622175e-05,1.9542886e-06,0.18101783,0.013592827
0.60944533,1.6091855e-07,0.19551562,0.0004751557,8.816698e-05,1.9402719e-06,0.18089518,0.013578471
0.6096149,1.595889e-07,0.19552732,0.0004731294,8.770788e-05,1.9266636e-06,0.18073234,0.0135625005
0.6097953,1.5829265e-07,0.1955046,0.00047117638,8.725463e-05,1.9129818e-06,0.18059213,0.013547458
0.61000514,1.5706271e-07,0.19539124,0.00046939688,8.68123e-05,1.8989563e-06,0.18051057,0.013534742
0.61022884,1.5586755e-07,0.1952369,0.0004676986,8.637613e-05,1.8848335e-06,0.18045504,0.0135231195
0.61043227,1.5464418e-07,0.19514355,0.00046589543,8.593635e-05,1.8711102e-06,0.18036042,0.013509927
0.61060095,1.533661e-07,0.19515616,0.00046390732,8.548879e-05,1.8579887e-06,0.18019757,0.013494011
0.610757,1.5207509e-07,0.1952078,0.00046185637,8.503994e-05,1.845146e-06,0.18000922,0.013477088
0.6109363,1.5083705e-07,0.19518821,0.000459942,8.4599866e-05,1.8320545e-06,0.17986691,0.013462025
0.6111516,1.496753e-07,0.19505757,0.0004582358,8.417258e-05,1.8185402e-06,0.17979668,0.013449855
0.61137766,1.4854179e-07,0.19489399,0.00045659507,8.375051e-05,1.8049681e-06,0.17974761,0.013438522
0.6115757,1.4736625e-07,0.194817,0.00045480506,8.3322506e-05,1.7918983e-06,0.17964223,0.013424974
0.6117333,1.461294e-07,0.1948621,0.00045280482,8.288543e-05,1.7794822e-06,0.17945863,0.013408293
0.6118825,1.4488712e-07,0.1949334,0.00045076676,8.244818e-05,1.7672694e-06,0.1792581,0.01339095
0.6120691,1.4372131e-07,0.19489022,0.00044893965,8.2023624e-05,1.7546249e-06,0.17913133,0.013376584
0.61230755,1.4265447e-07,0.19468819,0.00044739924,8.161574e-05,1.7413581e-06,0.17910714,0.0133662885
0.61256176,1.4162254e-07,0.19443811,0.00044594894,8.121419e-05,1.7279701e-06,0.17911386,0.013357233
0.612773,1.4052546e-07,0.19431885,0.00044427495,8.080292e-05,1.7152696e-06,0.1790364,0.013344867
0.61291105,1.3931255e-07,0.19442315,0.00044221725,8.037369e-05,1.703648e-06,0.17881471,0.013326727
0.6129994,1.3802767e-07,0.19467771,0.0004399077,7.9933176e-05,1.6927519e-06,0.17849639,0.01330478
0.61309415,1.3676598e-07,0.19491135,0.00043764597,7.949697e-05,1.6818374e-06,0.17819211,0.013283404
0.61323535,1.3559178e-07,0.19500357,0.00043563862,7.9075544e-05,1.6703835e-06,0.17797895,0.013265652
0.6134159,1.3449163e-07,0.19497617,0.00043384513,7.866701e-05,1.6584986e-06,0.17784275,0.013250957
0.61359686,1.3340141e-07,0.19494785,0.00043206074,7.826057e-05,1.6466915e-06,0.17770682,0.013236336
0.6137493,1.3227412e-07,0.19500504,0.00043013666,7.7848585e-05,1.635329e-06,0.17751636,0.013219527
0.6138815,1.3112539e-07,0.1951222,0.00042812165,7.743362e-05,1.6242948e-06,0.17728776,0.013201216
0.61402595,1.300062e-07,0.19520143,0.00042617883,7.702418e-05,1.6131777e-06,0.17708384,0.013183889
0.6142016,1.2894428e-07,0.19518746,0.0004244007,7.662488e-05,1.6017539e-06,0.17693914,0.013168935
0.6143921,1.279134e-07,0.19512942,0.00042270322,7.6231445e-05,1.5902292e-06,0.17682272,0.01315512
0.6145631,1.268618e-07,0.19512884,0.0004209173,7.583501e-05,1.5790233e-06,0.17666978,0.01313985
0.6147,1.2576831e-07,0.19522935,0.00041897153,7.543214e-05,1.5682981e-06,0.1764525,0.013122057
0.61482495,1.2466671e-07,0.19536495,0.00041697692,7.502844e-05,1.5577893e-06,0.17621306,0.0131033845
0.6149751,1.2361093e-07,0.19542563,0.00041511373,7.463301e-05,1.5470514e-06,0.17602134,0.013086606
0.6151637,1.226212e-07,0.19537114,0.0004134472,7.424947e-05,1.5359368e-06,0.17590311,0.013072782
0.61536515,1.2165691e-07,0.19527917,0.00041184766,7.3870855e-05,1.5247507e-06,0.17580843,0.013059905
0.615539,1.2066128e-07,0.1952687,0.000410122,7.3487434e-05,1.5139665e-06,0.17566215,0.013044985
0.6156726,1.1961735e-07,0.19537596,0.00040821426,7.309632e-05,1.503709e-06,0.1754414,0.013027099
0.61579865,1.1857241e-07,0.19550498,0.0004062802,7.270544e-05,1.493604e-06,0.17520711,0.013008697
0.6159653,1.17592315e-07,0.19551435,0.0004045459,7.232638e-05,1.4831114e-06,0.17504865,0.01299331
0.616188,1.1669669e-07,0.19535948,0.0004030798,7.196262e-05,1.4720763e-06,0.17499374,0.012982092
0.6164282,1.1583258e-07,0.19515209,0.0004017039,7.160504e-05,1.4609279e-06,0.17497273,0.01297218
0.6166258,1.1491713e-07,0.19507022,0.00040013346,7.123914e-05,1.4503306e-06,0.17487198,0.012959127
0.61674863,1.13908925e-07,0.19520764,0.00039822294,7.085739e-05,1.4406133e-06,0.17463247,0.012940598
0.6168212,1.12843956e-07,0.19549088,0.0003960937,7.0466034e-05,1.4314943e-06,0.17430145,0.0129184285
0.6169019,1.118e-07,0.19574863,0.000394015,7.007875e-05,1.4223389e-06,0.173987,0.012896892
0.61703277,1.1083072e-07,0.19585954,0.0003921745,6.970518e-05,1.4127104e-06,0.17376512,0.012879088
0.6172062,1.0992447e-07,0.19584584,0.00039053522,6.934348e-05,1.402707e-06,0.1736222,0.012864395
0.61738193,1.090281e-07,0.19582652,0.00038891082,6.8984096e-05,1.3927504e-06,0.17348234,0.012849887
0.61752915,1.0810384e-07,0.1958889,0.0003871682,6.862014e-05,1.3831512e-06,0.17329136,0.01283333
0.6176566,1.0716333e-07,0.19600669,0.00038534918,6.825375e-05,1.3738127e-06,0.17306621,0.012815414
0.61779886,1.06249054e-07,0.19608234,0.00038360181,6.7892506e-05,1.3643904e-06,0.1728673,0.012798565
0.61797506,1.0538372e-07,0.19605999,0.00038200972,6.754074e-05,1.354696e-06,0.17272978,0.012784155
0.61816764,1.0454533e-07,0.19598974,0.00038049728,6.71945e-05,1.3449073e-06,0.17262243,0.012770967
0.6183419,1.03691555e-07,0.19597304,0.00037890946,6.684594e-05,1.3353712e-06,0.17248134,0.01275645
0.6184815,1.02804265e-07,0.19605456,0.0003771824,6.649159e-05,1.3262317e-06,0.17227925,0.012739526
0.6186096,1.0191169e-07,0.19616795,0.00037541558,6.613682e-05,1.3172607e-06,0.17205761,0.012721842
0.61876523,1.01058326e-07,0.1962028,0.0003737731,6.578986e-05,1.3080894e-06,0.17188497,0.012706081
0.6189625,1.0025976e-07,0.19611874,0.00037231226,6.5453445e-05,1.2985911e-06,0.1717863,0.012693296
0.61917377,9.948351e-08,0.19599502,0.00037091624,6.5121814e-05,1.2890333e-06,0.1717123,0.01268153
0.619357,9.868176e-08,0.1959506,0.00036940823,6.4785905e-05,1.2798014e-06,0.17158914,0.012667779
0.61949986,9.7841365e-08,0.19602104,0.0003677389,6.444328e-05,1.271006e-06,0.17139433,0.0126511995
0.61963534,9.70003e-08,0.1961114,0.0003660483,6.410091e-05,1.2623343e-06,0.1711875,0.012634148
0.6198136,9.621329e-08,0.19608046,0.00036454076,6.376926e-05,1.2533349e-06,0.17105614,0.012620122
0.6200505,9.549611e-08,0.1958836,0.00036327844,6.345148e-05,1.2438785e-06,0.17102772,0.01261022
0.6203062,9.480497e-08,0.19563247,0.0003620982,6.313912e-05,1.2343214e-06,0.17103316,0.012601611
0.6205177,9.407171e-08,0.19550638,0.00036074326,6.2819265e-05,1.2252268e-06,0.17096114,0.012589973
0.62065244,9.326194e-08,0.19559854,0.00035908088,6.24853e-05,1.2168726e-06,0.17075317,0.0125729265
0.6207355,9.240568e-08,0.19583611,0.00035722088,6.214284e-05,1.2090234e-06,0.17045532,0.012552357
0.6208272,9.1566754e-08,0.19604716,0.00035540725,6.180401e-05,1.2011416e-06,0.17017472,0.012532451
0.6209713,9.078865e-08,0.19611156,0.0003538083,6.147736e-05,1.1928647e-06,0.16998443,0.012516165
0.621159,9.006236e-08,0.19605179,0.00035239075,6.116121e-05,1.1842748e-06,0.16987145,0.012502959
0.6213486,8.9343764e-08,0.19598684,0.0003509861,6.0847062e-05,1.1757325e-06,0.16976167,0.012489873
0.621509,8.860138e-08,0.19600378,0.00034947312,6.0528833e-05,1.1674905e-06,0.16960117,0.012474809
0.6216488,8.7845656e-08,0.19607721,0.00034788888,6.020832e-05,1.1594759e-06,0.16940634,0.012458376
0.62180376,8.711029e-08,0.19610907,0.00034636786,5.9892333e-05,1.1513916e-06,0.16923676,0.012442943
0.6219925,8.6414616e-08,0.19604507,0.00034498484,5.9584425e-05,1.1430878e-06,0.1691267,0.012429884
0.6221984,8.5740574e-08,0.19593397,0.00034367133,5.928147e-05,1.1347083e-06,0.16904542,0.012417993
0.6223845,8.5052854e-08,0.19587858,0.00034228776,5.897621e-05,1.1265487e-06,0.16892973,0.012404743
0.62253463,8.433706e-08,0.19592246,0.000340775,5.8665824e-05,1.1187299e-06,0.16875318,0.012389088
0.62267244,8.361582e-08,0.19600004,0.0003392228,5.8354693e-05,1.1110598e-06,0.16855615,0.012372646
0.6228375,8.292579e-08,0.19600171,0.0003377798,5.80504e-05,1.1032273e-06,0.16840573,0.012358048
0.62304413,8.228029e-08,0.1958876,0.00033649817,5.7755406e-05,1.0951314e-06,0.16832647,0.012346302
0.6232645,8.165165e-08,0.19573584,0.00033527112,5.746426e-05,1.0869882e-06,0.16827033,0.012335453
0.62345487,8.1001325e-08,0.19566607,0.00033393988,5.7169324e-05,1.0791324e-06,0.1681641,0.012322641
0.62360305,8.03182e-08,0.19571352,0.0003324587,5.6868084e-05,1.0716531e-06,0.16798596,0.01230697
0.6237436,7.9633615e-08,0.1957832,0.00033095336,5.6566925e-05,1.0642806e-06,0.16779372,0.012290801
0.62392604,7.899241e-08,0.19573508,0.00032961127,5.6275167e-05,1.0566466e-06,0.16767442,0.012277492
0.6241672,7.8407375e-08,0.19552484,0.00032848556,5.599525e-05,1.048635e-06,0.16765422,0.012268111
0.6244268,7.784307e-08,0.19526339,0.00032743122,5.572021e-05,1.0405479e-06,0.1676655,0.01225998
0.6246404,7.724294e-08,0.1951293,0.00032621398,5.543816e-05,1.0328567e-06,0.1675987,0.012248772
0.6247741,7.6579035e-08,0.19521622,0.00032471496,5.5143475e-05,1.0257991e-06,0.16739646,0.0122322375
0.6248537,7.587574e-08,0.19545086,0.00032303238,5.4841006e-05,1.0191737e-06,0.16710432,0.012212167
0.62494165,7.5185646e-08,0.19566236,0.00032138708,5.4541393e-05,1.0125265e-06,0.16682634,0.012192657
0.625081,7.454514e-08,0.1957308,0.00031993355,5.4252687e-05,1.0055611e-06,0.16663621,0.012176649
0.6252645,7.3945756e-08,0.19567871,0.0003186394,5.3972923e-05,9.983353e-07,0.16651958,0.012163538
0.6254488,7.335176e-08,0.19562471,0.00031735265,5.3694606e-05,9.911569e-07,0.16640386,0.012150474
0.62560153,7.2737706e-08,0.19565567,0.00031596396,5.3412587e-05,9.84243e-07,0.16623698,0.012135397
0.62573266,7.211172e-08,0.19574559,0.0003145082,5.312843e-05,9.775245e-07,0.16603415,0.012118924
0.62587756,7.1501745e-08,0.19579734,0.00031310532,5.2847965e-05,9.707574e-07,0.1658548,0.012103358
0.62605673,7.092368e-08,0.19575648,0.00031182414,5.2574702e-05,9.638094e-07,0.16573136,0.012090046
0.6262513,7.0362475e-08,0.19567247,0.00031060248,5.230554e-05,9.56807e-07,0.16563444,0.012077777
0.62642497,6.9789266e-08,0.19564565,0.00030931362,5.2034124e-05,9.4999206e-07,0.16550288,0.012064133
0.6265609,6.9192396e-08,0.19572113,0.00030790464,5.1758037e-05,9.434702e-07,0.16530919,0.012048087
0.6266832,6.8590495e-08,0.1958329,0.00030645734,5.1481158e-05,9.3707985e-07,0.16509384,0.012031175
0.6268325,6.801402e-08,0.19587125,0.00030510634,5.1210165e-05,9.305608e-07,0.16492297,0.012016038
0.6270232,6.7473074e-08,0.19579683,0.00030389888,5.094736e-05,9.238229e-07,0.16482054,0.012003577
0.6272273,6.6946036e-08,0.19568709,0.00030273813,5.068795e-05,9.170518e-07,0.16473927,0.011991998
0.6273998,6.64005e-08,0.19566141,0.0003014806,5.0424813e-05,9.105223e-07,0.16460748,0.011978412
0.6275282,6.582753e-08,0.195755,0.00030008465,5.0156115e-05,9.04312e-07,0.16440369,0.01196202
0.6276472,6.5253055e-08,0.19587274,0.0002986661,4.988734e-05,8.9819997e-07,0.16418548,0.0119450465
0.6278095,6.471408e-08,0.19587472,0.00029739254,4.962679e-05,8.9186744e-07,0.16403699,0.011930876
0.62803113,6.422101e-08,0.19571647,0.00029631425,4.9376966e-05,8.852216e-07,0.16398531,0.011920485
0.6282714,6.374464e-08,0.19550858,0.00029529812,4.9131075e-05,8.785137e-07,0.1639634,0.011911279
0.6284636,6.3238616e-08,0.19542968,0.00029413347,4.887907e-05,8.721417e-07,0.1638638,0.011899029
0.6285729,6.268036e-08,0.19557236,0.0002927131,4.8615675e-05,8.663011e-07,0.16363092,0.011881554
0.6286258,6.2089356e-08,0.19586463,0.00029112553,4.8345213e-05,8.6082474e-07,0.16330856,0.011860581
0.6286862,6.150935e-08,0.19613478,0.0002895715,4.807743e-05,8.553344e-07,0.1630003,0.011840135
0.6288,6.09697e-08,0.19626299,0.00028818924,4.781906e-05,8.495735e-07,0.16277702,0.011823053
0.62895864,6.0464345e-08,0.19627152,0.00028695213,4.756892e-05,8.4359783e-07,0.1626256,0.011808838
0.6291175,5.996331e-08,0.19627887,0.00028572133,4.7320053e-05,8.376612e-07,0.16247505,0.011794661
0.6292442,5.9445806e-08,0.19637147,0.00028439774,4.7067664e-05,8.3194357e-07,0.16227353,0.01177848
0.6293478,5.8918577e-08,0.19652382,0.00028301304,4.6813417e-05,8.2638894e-07,0.16203672,0.011760929
0.62946576,5.840471e-08,0.19663846,0.0002816768,4.656245e-05,8.207924e-07,0.16182238,0.011744265
0.62961835,5.791728e-08,0.19666043,0.0002804519,4.631803e-05,8.1504766e-07,0.16166383,0.011729786
0.6297879,5.74439e-08,0.19663866,0.00027928004,4.6077228e-05,8.0925065e-07,0.16153088,0.011716356
0.6299347,5.696113e-08,0.19667539,0.00027804892,4.5834535e-05,8.036152e-07,0.16136351,0.01170157
0.6300427,5.64588e-08,0.19681391,0.00027670938,4.5587472e-05,7.982194e-07,0.16113585,0.011684415
0.63013625,5.5952572e-08,0.19698896,0.00027533574,4.5339802e-05,7.929325e-07,0.16088675,0.011666452
0.6302579,5.546763e-08,0.19709013,0.00027405052,4.5097426e-05,7.875353e-07,0.16068172,0.011650201
0.63042325,5.501231e-08,0.19707727,0.0002728959,4.486244e-05,7.819539e-07,0.16054419,0.011636641
0.6306022,5.4568467e-08,0.19702889,0.00027178487,4.4630622e-05,7.763428e-07,0.16042772,0.011623892
0.63074917,5.4109968e-08,0.19706409,0.000270587,4.4395463e-05,7.709299e-07,0.16026165,0.011609238
0.6308493,5.3629236e-08,0.19721882,0.00026926582,4.415527e-05,7.65784e-07,0.16002582,0.011591817
0.63094,5.3147513e-08,0.19739728,0.00026792503,4.3915086e-05,7.6071706e-07,0.15977617,0.011573896
0.6310762,5.2695427e-08,0.19745813,0.00026671687,4.368236e-05,7.554627e-07,0.15959576,0.011558682
0.6312751,5.2281276e-08,0.1973574,0.0002656856,4.3459244e-05,7.499429e-07,0.15951024,0.011547242
0.63149387,5.1881315e-08,0.19720535,0.000264713,4.32399e-05,7.4436815e-07,0.15945508,0.011536976
0.63166237,5.1457242e-08,0.19718282,0.00026360722,4.3015032e-05,7.3907347e-07,0.15932363,0.011523745
0.6317441,5.0990604e-08,0.19738238,0.00026227147,4.2779866e-05,7.342216e-07,0.15906236,0.011505397
0.6317666,5.0497356e-08,0.19773176,0.00026078633,4.253839e-05,7.296714e-07,0.1587139,0.011483593
0.631797,5.0013597e-08,0.19805846,0.00025933335,4.2299365e-05,7.2510653e-07,0.15837966,0.011462383
0.63188404,4.95633e-08,0.19824125,0.00025803703,4.206895e-05,7.203119e-07,0.15812942,0.0114445
0.6320187,4.9141473e-08,0.19830202,0.00025687247,4.184585e-05,7.153347e-07,0.15795036,0.011429431
0.63215417,4.8723575e-08,0.19836043,0.00025571545,4.162407e-05,7.10388e-07,0.15777291,0.011414428
0.63225543,4.8292517e-08,0.19850443,0.00025447618,4.1399122e-05,7.056231e-07,0.15754609,0.011397498
0.632333,4.7853707e-08,0.19870749,0.00025318307,4.1172516e-05,7.0099014e-07,0.15728518,0.011379225
0.6324254,4.742624e-08,0.19887237,0.00025193524,4.094897e-05,6.963217e-07,0.15704675,0.011361851
0.63255554,4.7020727e-08,0.19894195,0.0002507886,4.073132e-05,6.9152424e-07,0.15686357,0.011346674
0.6327033,4.6627186e-08,0.19896679,0.00024969236,4.0517032e-05,6.866847e-07,0.15670648,0.011332527
0.632828,4.6226077e-08,0.19904928,0.00024854287,4.0301016e-05,6.819738e-07,0.15651602,0.01131709
0.6329112,4.5809333e-08,0.19923422,0.00024729766,4.008116e-05,6.7746663e-07,0.15626714,0.011299325
0.6329794,4.538955e-08,0.19945571,0.00024602233,3.986071e-05,6.730457e-07,0.15599762,0.011280758
0.63307774,4.498743e-08,0.19960144,0.00024482794,3.964511e-05,6.6853124e-07,0.15577172,0.011263932
0.63322264,4.461002e-08,0.19963112,0.00024375253,3.9436276e-05,6.6386025e-07,0.15561262,0.011249767
0.6333826,4.42423e-08,0.19962358,0.00024271711,3.9230217e-05,6.5916214e-07,0.15547465,0.011236427
0.63350856,4.3862702e-08,0.19970013,0.00024160533,3.9021284e-05,6.5462876e-07,0.15528868,0.011221253
0.6335851,4.3464983e-08,0.19989718,0.00024038246,3.880773e-05,6.5031634e-07,0.15503448,0.011203328
0.63365185,4.3066745e-08,0.20011777,0.00023914338,3.85942e-05,6.460699e-07,0.1547671,0.011184928
0.6337667,4.269282e-08,0.20021905,0.00023802373,3.838743e-05,6.4166545e-07,0.15456797,0.011169201
0.633949,4.2350468e-08,0.2001553,0.00023706601,3.818943e-05,6.370367e-07,0.15446262,0.011157241
0.6341527,4.201997e-08,0.20003915,0.00023616146,3.799489e-05,6.323614e-07,0.15438683,0.011146467
0.6343029,4.166976e-08,0.20005354,0.00023513744,3.7795307e-05,6.279182e-07,0.15423721,0.011132755
0.6343603,4.128469e-08,0.20029327,0.00023390686,3.758643e-05,6.238455e-07,0.15396032,0.0111139985
0.63435537,4.0877932e-08,0.20068398,0.00023254205,3.7371716e-05,6.200227e-07,0.1535982,0.011091878
0.6343589,4.047905e-08,0.20105165,0.00023120704,3.7159294e-05,6.161882e-07,0.15325017,0.0110703055
0.63442206,4.0107864e-08,0.20127311,0.00023001381,3.695458e-05,6.12161e-07,0.1529852,0.011052039
0.6345368,3.976015e-08,0.20137037,0.00022893994,3.675665e-05,6.079788e-07,0.1527899,0.011036575
0.6346525,3.941588e-08,0.20146501,0.00022787364,3.65599e-05,6.0382195e-07,0.15259634,0.011021184
0.6347316,3.906071e-08,0.20164602,0.00022673378,3.636027e-05,5.998157e-07,0.15235476,0.011003872
0.63478506,3.8699426e-08,0.20188728,0.00022554619,3.6159094e-05,5.9592105e-07,0.15208001,0.010985259
0.634855,3.8347665e-08,0.20208856,0.00022439993,3.5960755e-05,5.9199704e-07,0.15182799,0.010967563
0.63496494,3.8013834e-08,0.20219365,0.00022334549,3.5767767e-05,5.8796206e-07,0.15162955,0.010952016
0.6350944,3.7690025e-08,0.20225243,0.00022233599,3.5577756e-05,5.8389065e-07,0.1514571,0.010937506
0.6351987,3.7360078e-08,0.20236978,0.00022127962,3.5386176e-05,5.7992844e-07,0.15125254,0.01092172
0.63525873,3.7017376e-08,0.20259129,0.00022013724,3.519112e-05,5.761342e-07,0.15099038,0.010903645
0.6353031,3.667237e-08,0.20284931,0.00021896884,3.499554e-05,5.7241186e-07,0.15070815,0.01088481
0.6353796,3.634184e-08,0.20302993,0.00021787324,3.4804274e-05,5.6861e-07,0.15046944,0.010867674
0.6355062,3.603169e-08,0.20309259,0.00021688538,3.4619225e-05,5.646764e-07,0.15029591,0.010853194
0.6356489,3.5729663e-08,0.20311707,0.00021593444,3.443678e-05,5.607222e-07,0.15014353,0.010839543
0.6357551,3.5417862e-08,0.20322697,0.00021491466,3.4251534e-05,5.569028e-07,0.14994417,0.010824051
0.63580865,3.5091407e-08,0.20345867,0.0002137958,3.406219e-05,5.5326996e-07,0.1496784,0.010805871
0.6358517,3.4764543e-08,0.20371407,0.00021266262,3.387288e-05,5.4968933e-07,0.14939994,0.010787213
0.6359467,3.445779e-08,0.20384751,0.00021163821,3.3689652e-05,5.4597615e-07,0.14918867,0.010771255
0.63611376,3.4177162e-08,0.20381299,0.00021075972,3.351451e-05,5.420764e-07,0.14906941,0.010758981
0.6363043,3.390622e-08,0.20372422,0.00020992965,3.3342483e-05,5.38136e-07,0.14897966,0.010747932
0.6364376,3.3619255e-08,0.20376813,0.00020899251,3.316583e-05,5.3438816e-07,0.14881758,0.01073397
0.6364717,3.330372e-08,0.2040407,0.00020787046,3.298069e-05,5.3095073e-07,0.14853114,0.010715031
0.63643837,3.2970547e-08,0.20446713,0.00020662826,3.2790293e-05,5.2772197e-07,0.14816175,0.010692773
0.63641495,3.264383e-08,0.2048686,0.00020541275,3.2601816e-05,5.244795e-07,0.14780673,0.010671064
0.6364562,3.2340097e-08,0.2051204,0.00020432663,3.242059e-05,5.210768e-07,0.14753345,0.01065268
0.6365523,3.2055706e-08,0.2052459,0.0002033487,3.2245454e-05,5.175443e-07,0.14732864,0.010637049
0.63664967,3.1774302e-08,0.20536746,0.00020237776,3.2071424e-05,5.1403146e-07,0.1471263,0.010621528
0.63670856,3.148416e-08,0.20557643,0.00020134189,3.189482e-05,5.1064495e-07,0.1468771,0.0106041245
0.63674045,3.1188975e-08,0.20584561,0.00020026346,3.1716692e-05,5.0734826e-07,0.14659597,0.010585454
0.63679016,3.090178e-08,0.20607331,0.00019922355,3.1541258e-05,5.040264e-07,0.14633746,0.010567694
0.6368833,3.0629543e-08,0.20620187,0.00019826683,3.13707e-05,5.006119e-07,0.14613259,0.010552089
0.63699764,3.036558e-08,0.20628275,0.00019735175,3.120287e-05,4.971655e-07,0.14595295,0.010537544
0.63708574,3.0096736e-08,0.20642169,0.00019639553,3.1033684e-05,4.938096e-07,0.14574286,0.010521755
0.6371265,2.981759e-08,0.20666604,0.00019536288,3.0861294e-05,4.905919e-07,0.14547701,0.010503739
0.6371507,2.9536602e-08,0.20694646,0.00019430745,3.0688425e-05,4.874346e-07,0.1451923,0.010484952
0.63721025,2.926781e-08,0.20714678,0.00019331879,3.051955e-05,4.84209e-07,0.14495061,0.010467932
0.637324,2.901577e-08,0.20722556,0.00019242818,3.0356361e-05,4.8087315e-07,0.14477365,0.010453502
0.637456,2.8770625e-08,0.20726402,0.00019157183,3.0195542e-05,4.7751666e-07,0.14461774,0.010439995
0.6375488,2.8517523e-08,0.20738852,0.00019065465,3.0032294e-05,4.7427508e-07,0.14441694,0.010424635
0.63758594,2.8252591e-08,0.2076358,0.00018964929,2.9865245e-05,4.7118604e-07,0.14415152,0.010406672
0.6376124,2.7987411e-08,0.20790578,0.00018863205,2.9698194e-05,4.681392e-07,0.14387466,0.010388263
0.63769525,2.773902e-08,0.20805044,0.00018771381,2.9536866e-05,4.6498107e-07,0.14366402,0.010372539
0.6378564,2.7512053e-08,0.20802195,0.0001869276,2.9382849e-05,4.616658e-07,0.14354433,0.010360523
0.6380431,2.7293133e-08,0.20793714,0.0001861862,2.9231749e-05,4.583164e-07,0.14345418,0.010349678
0.6381695,2.7061315e-08,0.20798548,0.00018534962,2.9076402e-05,4.5512624e-07,0.14329411,0.010336054
0.63818926,2.680611e-08,0.20826632,0.0001843475,2.8913353e-05,4.521927e-07,0.14301313,0.010317529
0.6381375,2.6536668e-08,0.20870273,0.00018323833,2.874545e-05,4.4943428e-07,0.14265154,0.010295723
0.63809675,2.6272545e-08,0.20911255,0.00018215444,2.857942e-05,4.4666328e-07,0.14230493,0.010274506
0.6381265,2.6027424e-08,0.20936814,0.00018118783,2.8419981e-05,4.4375696e-07,0.14203861,0.010256579
0.63821614,2.5798371e-08,0.20949282,0.00018031908,2.8266162e-05,4.4074193e-07,0.14184055,0.010241441
0.6383076,2.5571799e-08,0.20961289,0.00017945825,2.811336e-05,4.3774276e-07,0.14164512,0.010226414
0.6383582,2.53381e-08,0.20982042,0.00017853956,2.7958184e-05,4.3484687e-07,0.14140496,0.010209571
0.6383804,2.5100492e-08,0.21008801,0.00017758358,2.7801725e-05,4.3202797e-07,0.14113435,0.010191487
0.6384226,2.4869397e-08,0.2103122,0.00017666236,2.7647637e-05,4.2918393e-07,0.1408861,0.010174361
0.63851196,2.4650712e-08,0.21043403,0.00017581723,2.7498036e-05,4.262644e-07,0.1406909,0.010159348
0.6386246,2.4438895e-08,0.21050578,0.0001750104,2.7350996e-05,4.233168e-07,0.1405214,0.010145426
0.6387095,2.4223178e-08,0.21063648,0.00017416714,2.7202654e-05,4.204435e-07,0.14032191,0.010130317
0.6387446,2.3998886e-08,0.21087249,0.00017325577,2.7051405e-05,4.1768695e-07,0.14006917,0.010112996
0.6387623,2.3773397e-08,0.21114478,0.00017232457,2.6899805e-05,4.1498032e-07,0.13979842,0.010094973
0.63881826,2.3557767e-08,0.2113345,0.00017145394,2.6751779e-05,4.1221648e-07,0.13956994,0.010078668
0.638933,2.3355996e-08,0.21139918,0.00017067174,2.6608994e-05,4.0935913e-07,0.13940516,0.0100649875
0.6390672,2.3159883e-08,0.21142209,0.00016992095,2.6468331e-05,4.0648584e-07,0.13926181,0.010052202
0.6391606,2.2957332e-08,0.21153136,0.00016911577,2.6325422e-05,4.0370705e-07,0.13907456,0.01003762
0.63919455,2.2744896e-08,0.21176562,0.00016823164,2.6179056e-05,4.010561e-07,0.13882454,0.010020464
0.63921696,2.2532426e-08,0.21202284,0.00016733713,2.6032683e-05,3.984419e-07,0.13856356,0.010002874
0.6393004,2.2333657e-08,0.21215123,0.00016653186,2.5891502e-05,3.9573385e-07,0.13836756,0.009987969
0.6394676,2.2152461e-08,0.21210301,0.00016584549,2.5757015e-05,3.9289554e-07,0.13826068,0.009976713
0.639662,2.1977865e-08,0.21199702,0.00016519935,2.5625119e-05,3.900287e-07,0.13818307,0.00996667
0.63979226,2.1792681e-08,0.21202664,0.00016446783,2.5489373e-05,3.87296e-07,0.13803694,0.009953841
0.6398095,2.1588232e-08,0.21229266,0.00016358716,2.534653e-05,3.8477646e-07,0.13777243,0.009936149
0.6397498,2.137196e-08,0.21271706,0.00016261007,2.5199248e-05,3.824046e-07,0.13742974,0.009915246
0.63970256,2.1160197e-08,0.21311423,0.00016165615,2.5053689e-05,3.8002275e-07,0.13710111,0.009894933
0.63973033,2.0963865e-08,0.2133544,0.0001608067,2.4914007e-05,3.7752795e-07,0.13685122,0.009877882
0.6398217,2.0780613e-08,0.2134616,0.00016004566,2.4779505e-05,3.7494448e-07,0.13666801,0.009863561
0.63991493,2.05993e-08,0.21356438,0.00015929097,2.4645848e-05,3.7237407e-07,0.13648693,0.009849338
0.63996494,2.0412187e-08,0.21375643,0.00015848408,2.4510015e-05,3.6989115e-07,0.13626193,0.009833334
0.63998437,2.0221645e-08,0.21401003,0.0001576431,2.4372928e-05,3.6747386e-07,0.13600717,0.0098160645
0.6400246,2.0036437e-08,0.21422035,0.00015683332,2.4237977e-05,3.6503647e-07,0.13577382,0.009799719
0.6401155,1.9861314e-08,0.21432628,0.00015609126,2.410706e-05,3.625361e-07,0.13559215,0.009785518
0.6402303,1.9691687e-08,0.2143824,0.00015538326,2.3978453e-05,3.6001444e-07,0.13543518,0.009772341
0.6403154,1.9518728e-08,0.21449904,0.00015464136,2.3848583e-05,3.575558e-07,0.13524872,0.009757937
0.6403475,1.9338788e-08,0.21472399,0.00015383786,2.3716027e-05,3.5519457e-07,0.13500923,0.009741401
0.6403603,1.9157518e-08,0.21498646,0.00015301612,2.3583003e-05,3.5287675e-07,0.13475221,0.009724081
0.6404138,1.8984405e-08,0.21516566,0.00015224823,2.3453336e-05,3.505127e-07,0.13453592,0.0097085005
0.6405289,1.8822453e-08,0.2152189,0.00015155917,2.3328268e-05,3.480725e-07,0.13438149,0.009695469
0.6406643,1.8665071e-08,0.21523051,0.00015089741,2.3205112e-05,3.4561933e-07,0.13424744,0.009683281
0.640756,1.8502273e-08,0.21533133,0.0001501862,2.3079865e-05,3.432468e-07,0.13406974,0.009669307
0.64078355,1.8331328e-08,0.21556066,0.00014940322,2.2951417e-05,3.4098218e-07,0.13383037,0.009652787
0.6407993,1.8160138e-08,0.2158137,0.00014860996,2.2822876e-05,3.3874826e-07,0.13357945,0.009635806
0.6408783,1.8000117e-08,0.21593721,0.00014789672,2.2699047e-05,3.3643934e-07,0.13339204,0.009621456
0.6410461,1.7854395e-08,0.21588233,0.00014728916,2.2581171e-05,3.3402162e-07,0.13329068,0.009610668
0.6412422,1.7713907e-08,0.21576999,0.000146717,2.2465645e-05,3.3158148e-07,0.1332172,0.009601045
0.6413692,1.7564657e-08,0.21579677,0.00014606747,2.2346554e-05,3.2925396e-07,0.1330766,0.009588653
0.64137566,1.7399579e-08,0.21606532,0.00014528344,2.2220947e-05,3.2710773e-07,0.13281967,0.009571463
0.64130163,1.7224622e-08,0.21649536,0.00014441152,2.2091212e-05,3.2508166e-07,0.13248517,0.00955108
0.64123887,1.7053319e-08,0.21689965,0.00014356009,2.1963036e-05,3.230519e-07,0.13216437,0.00953126
0.64125496,1.6894523e-08,0.2171455,0.00014280187,2.1840206e-05,3.2092828e-07,0.13191986,0.0095146075
0.6413384,1.6746343e-08,0.21725702,0.00014212221,2.1721899e-05,3.1873023e-07,0.13173975,0.00950062
0.64142334,1.6599754e-08,0.21736488,0.00014144774,2.1604363e-05,3.165458e-07,0.13156164,0.0094867395
0.64146125,1.644822e-08,0.21756509,0.000140726,2.1484844e-05,3.1443605e-07,0.13134012,0.009471024
0.6414669,1.6293894e-08,0.21782891,0.00013997273,2.1364056e-05,3.1237948e-07,0.13108844,0.00945412
0.64149415,1.6143806e-08,0.21804935,0.00013924719,2.124523e-05,3.103089e-07,0.13085756,0.0094380705
0.6415738,1.600187e-08,0.21816534,0.00013858176,2.1129998e-05,3.0818615e-07,0.13067675,0.009424114
0.6416789,1.5864446e-08,0.21823095,0.00013794658,2.1016785e-05,3.0604565e-07,0.13051967,0.009411134
0.6417518,1.5724169e-08,0.21835922,0.00013728096,2.0902453e-05,3.0395984e-07,0.13033348,0.009396956
0.6417684,1.5578179e-08,0.21859811,0.00013655913,2.078563e-05,3.0195562e-07,0.13009518,0.009380625
0.6417646,1.5431082e-08,0.21887605,0.00013582072,2.0668329e-05,2.999871e-07,0.12983902,0.009363568
0.641803,1.5290551e-08,0.2190699,0.00013513053,2.0554024e-05,2.979817e-07,0.12962292,0.009348159
0.64190656,1.5159166e-08,0.21913616,0.00013451083,2.0443906e-05,2.9591308e-07,0.12946671,0.009335268
0.64203113,1.5031409e-08,0.21916103,0.00013391544,2.033547e-05,2.9383364e-07,0.1293301,0.009323199
0.6421092,1.4899331e-08,0.21927643,0.00013327555,2.0225123e-05,2.9182226e-07,0.12915108,0.009309401
0.6421199,1.47604675e-08,0.21952237,0.00013257092,2.011184e-05,2.8990092e-07,0.12891161,0.009293052
0.6421174,1.4621456e-08,0.21979363,0.00013185736,1.999848e-05,2.880061e-07,0.12866062,0.009276255
0.64218277,1.4491475e-08,0.21993238,0.00013121481,1.9889263e-05,2.860464e-07,0.1284714,0.009262038
0.6423411,1.4373305e-08,0.21989003,0.00013066817,1.9785562e-05,2.8399896e-07,0.12836687,0.009251343
0.6425295,1.425946e-08,0.21978919,0.00013015348,1.968396e-05,2.819325e-07,0.12828946,0.009241806
0.642645,1.4138383e-08,0.21982934,0.00012956935,1.9579125e-05,2.7996043e-07,0.12814665,0.00922955
0.64263356,1.400434e-08,0.22011502,0.00012886403,1.9468309e-05,2.7813758e-07,0.1278903,0.009212554
0.6425362,1.386231e-08,0.22056516,0.00012808065,1.9353798e-05,2.7641644e-07,0.12755845,0.009192423
0.6424519,1.3723228e-08,0.22098842,0.00012731567,1.924068e-05,2.7469105e-07,0.12723999,0.009172855
0.6424512,1.3594439e-08,0.22124977,0.0001266345,1.9132374e-05,2.7288814e-07,0.1269965,0.009156396
0.6425222,1.3474424e-08,0.22137356,0.00012602475,1.9028235e-05,2.7102251e-07,0.12681633,0.009142639
0.64259464,1.3355677e-08,0.22149311,0.00012542037,1.892483e-05,2.6916877e-07,0.1266387,0.009128957
0.64261854,1.3232938e-08,0.2217057,0.00012477292,1.881949e-05,2.6737456e-07,0.12641829,0.00911353
0.6426086,1.3107987e-08,0.22198175,0.00012409862,1.8713177e-05,2.656264e-07,0.12616967,0.009096904
0.6426215,1.29865585e-08,0.22221316,0.0001234494,1.860857e-05,2.6386638e-07,0.12594175,0.009081147
0.6426909,1.2871879e-08,0.22233681,0.00012285491,1.8507253e-05,2.6206158e-07,0.12576306,0.009067475
0.64278764,1.27609185e-08,0.22240825,0.00012228831,1.8407849e-05,2.6024293e-07,0.12560835,0.009054823
0.642852,1.2647698e-08,0.22254106,0.00012169462,1.8307359e-05,2.5846828e-07,0.12542568,0.009040994
0.642856,1.2529834e-08,0.22278665,0.00012105123,1.8204646e-05,2.567614e-07,0.12519272,0.009025054
0.6428401,1.2411122e-08,0.22306952,0.00012039361,1.8101555e-05,2.550847e-07,0.124943204,0.009008436
0.64286953,1.2297873e-08,0.22326596,0.00011978,1.800119e-05,2.5337542e-07,0.124732904,0.008993483
0.6429687,1.2192141e-08,0.22333044,0.00011923007,1.790459e-05,2.5161344e-07,0.124582425,0.008981032
0.64309126,1.2089485e-08,0.22335127,0.00011870316,1.7809594e-05,2.4984254e-07,0.124451295,0.008969428
0.6431653,1.1983292e-08,0.22346273,0.00011813665,1.7712888e-05,2.4812715e-07,0.12427982,0.008956125
0.64316875,1.1871678e-08,0.22370563,0.000117512995,1.7613496e-05,2.4648648e-07,0.12404983,0.008940374
0.6431598,1.1759957e-08,0.2239718,0.00011688199,1.7514092e-05,2.448669e-07,0.1238096,0.008924175
0.6432227,1.1655722e-08,0.22410226,0.000116315605,1.7418488e-05,2.4319442e-07,0.1236305,0.008910585
0.64338523,1.15612115e-08,0.22404614,0.00011583595,1.7327908e-05,2.4144757e-07,0.12353473,0.008900482
0.64358044,1.1470258e-08,0.22392899,0.000115385345,1.72392e-05,2.3968403e-07,0.123466074,0.008891554
0.6437,1.1373432e-08,0.22395352,0.00011487323,1.7147588e-05,2.3799777e-07,0.123334244,0.00887998
0.6436858,1.1266113e-08,0.2242265,0.000114253315,1.7050641e-05,2.3643746e-07,0.123092405,0.008863764
0.64358246,1.1152284e-08,0.22466438,0.00011356368,1.6950324e-05,2.3496058e-07,0.1227778,0.008844484
0.64349407,1.1040936e-08,0.22507322,0.00011289116,1.685128e-05,2.3347874e-07,0.1224769,0.00882582
0.64349467,1.0938071e-08,0.2253159,0.00011229501,1.675665e-05,2.3193303e-07,0.122249864,0.008810254
0.6435714,1.0842387e-08,0.22541702,0.00011176348,1.666584e-05,2.3033517e-07,0.12208558,0.008797341
0.6436511,1.0747797e-08,0.22551224,0.00011123679,1.6575646e-05,2.2874609e-07,0.12192402,0.0087845465
0.6436807,1.06500115e-08,0.2256998,0.00011067282,1.6483778e-05,2.2720661e-07,0.12172206,0.008770067
0.6436753,1.0550429e-08,0.22595087,0.00011008463,1.639098e-05,2.257051e-07,0.12149259,0.008754422
0.6436952,1.0453742e-08,0.22615476,0.00010951961,1.6299797e-05,2.241936e-07,0.121284366,0.008739676
0.6437754,1.0362609e-08,0.22624746,0.00010900442,1.6211598e-05,2.2264514e-07,0.12112469,0.008727014
0.64388484,1.0274559e-08,0.22628613,0.00010851437,1.61251e-05,2.2108455e-07,0.1209889,0.0087153595
0.64396083,1.0184668e-08,0.22638592,0.000108000604,1.6037662e-05,2.1956053e-07,0.120826386,0.008702567
0.643975,1.0090994e-08,0.22659837,0.000107442575,1.5948195e-05,2.1809264e-07,0.12061521,0.008687758
0.6439685,9.99668e-09,0.22684777,0.000106872285,1.5858432e-05,2.166495e-07,0.12038841,0.0086722765
0.64401054,9.906787e-09,0.2270081,0.00010634151,1.5771127e-05,2.151804e-07,0.120200545,0.008658438
0.6441262,9.823099e-09,0.22703391,0.00010586848,1.568722e-05,2.1366682e-07,0.120071046,0.008647085
0.64426696,9.741869e-09,0.22701381,0.00010541604,1.5604737e-05,2.1214588e-07,0.11996136,0.008636592
0.6443574,9.657794e-09,0.2270851,0.00010492849,1.5520734e-05,2.106715e-07,0.11981235,0.008624453
0.64437467,9.569267e-09,0.2272889,0.00010438983,1.5434329e-05,2.0925985e-07,0.11960647,0.008609887
0.64437884,9.480637e-09,0.2275159,0.0001038443,1.5347841e-05,2.078651e-07,0.11939094,0.008594934
0.64445937,9.398115e-09,0.227604,0.00010335701,1.5264844e-05,2.0642698e-07,0.11923528,0.008582508
0.6446444,9.323511e-09,0.22750278,0.00010294767,1.5186317e-05,2.0492642e-07,0.119160935,0.008573567
0.6448633,9.251803e-09,0.22733937,0.00010256471,1.5109509e-05,2.0341335e-07,0.11911373,0.008565746
0.64500374,9.175362e-09,0.22731897,0.0001021264,1.5030094e-05,2.0196559e-07,0.119004644,0.00855534
0.645005,9.090216e-09,0.22754975,0.000101590966,1.4945778e-05,2.0062106e-07,0.11878826,0.008540389
0.6449126,8.999746e-09,0.22794794,0.00010099299,1.4858472e-05,1.9934778e-07,0.11850106,0.008522436
0.6448368,8.911255e-09,0.22831589,0.000100410034,1.4772253e-05,1.9807028e-07,0.11822696,0.008505061
0.6448535,8.829698e-09,0.2285159,9.98958e-05,1.4690042e-05,1.9674027e-07,0.11802515,0.008490746
0.64494985,8.753958e-09,0.22857238,9.9439065e-05,1.4611194e-05,1.9536728e-07,0.1178845,0.008479035
0.64504975,8.679065e-09,0.2286227,9.898664e-05,1.453289e-05,1.9400123e-07,0.11774635,0.008467443
0.64509684,8.601515e-09,0.22876732,9.85006e-05,1.4453093e-05,1.9267857e-07,0.11756857,0.008454154
0.6451077,8.522472e-09,0.22897603,9.799263e-05,1.4372459e-05,1.913872e-07,0.11736397,0.008439759
0.6451451,8.445759e-09,0.22913678,9.750508e-05,1.4293205e-05,1.9008786e-07,0.11717992,0.008426235
0.6452447,8.373545e-09,0.22918603,9.7061966e-05,1.42166255e-05,1.8875845e-07,0.117043145,0.008414718
0.6453752,8.303788e-09,0.22918035,9.6640964e-05,1.4141524e-05,1.8741908e-07,0.11692924,0.00840422
0.64546984,8.232521e-09,0.22923787,9.619875e-05,1.40656075e-05,1.8611168e-07,0.11678924,0.008392582
0.6455007,8.158071e-09,0.22940916,9.5716314e-05,1.3987837e-05,1.8485086e-07,0.11660133,0.008378943
0.64550996,8.0830365e-09,0.2296181,9.522201e-05,1.3909697e-05,1.8361166e-07,0.11639791,0.008364624
0.64556897,8.011616e-09,0.22973819,9.4763156e-05,1.3833774e-05,1.8235086e-07,0.11623217,0.008351949
0.6457042,7.945189e-09,0.22972235,9.435606e-05,1.3760911e-05,1.810541e-07,0.116123445,0.0083416775
0.64586526,7.880755e-09,0.22966124,9.3966824e-05,1.3689268e-05,1.7975114e-07,0.1160335,0.008332228
0.64597356,7.813924e-09,0.22969295,9.354594e-05,1.3616249e-05,1.7848839e-07,0.11590502,0.008321141
0.646006,7.743395e-09,0.22985898,9.307827e-05,1.3541007e-05,1.7727724e-07,0.115720525,0.008307674
0.64602464,7.672784e-09,0.23004873,9.2604605e-05,1.3465753e-05,1.7608268e-07,0.1155265,0.008293823
0.64612156,7.607075e-09,0.23009983,9.218266e-05,1.3393509e-05,1.7485111e-07,0.115390375,0.00828244
0.64632696,7.547812e-09,0.22995947,9.1830574e-05,1.3325301e-05,1.7356824e-07,0.11533386,0.008274441
0.6465669,7.49087e-09,0.22975786,9.150155e-05,1.3258589e-05,1.7227539e-07,0.11530276,0.008267528
0.64672506,7.429984e-09,0.22970097,9.1122514e-05,1.3189482e-05,1.7103704e-07,0.11521136,0.008258075
0.6467387,7.3619773e-09,0.22989814,9.0655936e-05,1.3115994e-05,1.6988609e-07,0.11501502,0.008244156
0.646656,7.289598e-09,0.23026456,9.013273e-05,1.30398e-05,1.687947e-07,0.11474888,0.008227288
0.6465898,7.218803e-09,0.2306007,8.962296e-05,1.2964591e-05,1.6770117e-07,0.11449574,0.008210987
0.64661956,7.1535897e-09,0.23076785,8.917453e-05,1.2892897e-05,1.6656317e-07,0.11431274,0.008197656
0.6467316,7.0931265e-09,0.23079078,8.8777306e-05,1.2824208e-05,1.6538925e-07,0.11418904,0.008186883
0.646846,7.033348e-09,0.23080838,8.8384266e-05,1.2756031e-05,1.6422328e-07,0.114068165,0.0081762085
0.6469063,6.971335e-09,0.23092104,8.796028e-05,1.2686463e-05,1.6309264e-07,0.11390785,0.008163877
0.64692926,6.9080737e-09,0.23109834,8.751632e-05,1.2616101e-05,1.6198898e-07,0.113721624,0.008150444
0.6469794,6.846691e-09,0.23122813,8.7090564e-05,1.2546967e-05,1.6087841e-07,0.113554806,0.008137848
0.64709324,6.7889707e-09,0.23124598,8.670467e-05,1.2480228e-05,1.5974375e-07,0.11343417,0.0081272265
0.64723897,6.7332233e-09,0.23120841,8.633881e-05,1.2414821e-05,1.5860107e-07,0.11333606,0.008117569
0.6473484,6.6762222e-09,0.23123416,8.595321e-05,1.2348616e-05,1.574844e-07,0.11321212,0.008106828
0.64739126,6.6166232e-09,0.23137501,8.553155e-05,1.2280774e-05,1.5640845e-07,0.113041654,0.008094112
0.6474122,6.5565096e-09,0.23155367,8.509917e-05,1.2212601e-05,1.553494e-07,0.11285589,0.008080749
0.6474848,6.499345e-09,0.23164237,8.469877e-05,1.2146401e-05,1.542735e-07,0.11270692,0.008068952
0.6476359,6.4462373e-09,0.23159446,8.434447e-05,1.2082888e-05,1.5316706e-07,0.11261353,0.008059546
0.64781356,6.394765e-09,0.23150076,8.400656e-05,1.20205095e-05,1.520561e-07,0.11253855,0.008050925
0.647937,6.341297e-09,0.23150048,8.363987e-05,1.1956858e-05,1.509784e-07,0.11242605,0.008040703
0.64798266,6.2848233e-09,0.23163484,8.3231265e-05,1.1891242e-05,1.4994468e-07,0.11225902,0.008028186
0.64801437,6.228244e-09,0.23179291,8.281726e-05,1.1825574e-05,1.489242e-07,0.11208265,0.008015268
0.6481274,6.175715e-09,0.23181033,8.2449864e-05,1.1762641e-05,1.4787324e-07,0.111963145,0.008004793
0.64835125,6.128404e-09,0.2316359,8.214519e-05,1.1703262e-05,1.4677944e-07,0.111921206,0.007997602
0.6486119,6.083018e-09,0.2313981,8.186149e-05,1.16452175e-05,1.4567713e-07,0.11190487,0.007991503
0.6487878,6.034392e-09,0.23130639,8.153289e-05,1.1585049e-05,1.44621e-07,0.11182953,0.007982928
0.6488166,5.9799596e-09,0.23146869,8.1125734e-05,1.1520999e-05,1.4363773e-07,0.11165194,0.0079700155
0.6487462,5.921926e-09,0.23180078,8.066757e-05,1.14545e-05,1.4270468e-07,0.111406535,0.0079542035
0.6486937,5.865177e-09,0.23210184,8.022162e-05,1.13888955e-05,1.4176939e-07,0.1111738,0.007938953
0.6487406,5.8130203e-09,0.23223168,7.983071e-05,1.1326419e-05,1.4079711e-07,0.11100977,0.007926635
0.648871,5.7647296e-09,0.23221678,7.948662e-05,1.1266678e-05,1.3979562e-07,0.11090446,0.007916798
0.64900583,5.7169887e-09,0.23219517,7.914554e-05,1.1207286e-05,1.3879927e-07,0.11080143,0.007907081
0.649085,5.6674683e-09,0.23226823,7.877752e-05,1.1146742e-05,1.3783368e-07,0.11066096,0.007895782
0.64912647,5.616895e-09,0.23240593,7.8391415e-05,1.1085477e-05,1.3689011e-07,0.11049466,0.007883382
0.64919585,5.5678613e-09,0.23249495,7.802178e-05,1.1025318e-05,1.3594132e-07,0.11034813,0.007871829
0.64933205,5.5218345e-09,0.23247002,7.768803e-05,1.0967262e-05,1.3497181e-07,0.11024683,0.007862229
0.6495007,5.4774336e-09,0.23238951,7.737256e-05,1.0910411e-05,1.3399585e-07,0.11016772,0.007853587
0.6496322,5.4319806e-09,0.23237206,7.703956e-05,1.085286e-05,1.3304204e-07,0.110063784,0.007843881
0.64969695,5.384388e-09,0.23246847,7.667407e-05,1.0793844e-05,1.3212187e-07,0.109914735,0.007832242
0.64973944,5.3364095e-09,0.23260266,7.629903e-05,1.0734537e-05,1.3121634e-07,0.109750666,0.00782001
0.6498353,5.2908065e-09,0.23264562,7.5952645e-05,1.067697e-05,1.302959e-07,0.109623015,0.007809321
0.65001184,5.2485456e-09,0.2325511,7.5648e-05,1.0621801e-05,1.2935072e-07,0.10954969,0.0078009455
0.65021515,5.2075912e-09,0.23241039,7.535825e-05,1.0567644e-05,1.284019e-07,0.109495044,0.007793345
0.6503642,5.165018e-09,0.23236251,7.504265e-05,1.0512343e-05,1.2748097e-07,0.109403335,0.0077842185
0.65043384,5.119959e-09,0.2324491,7.4689255e-05,1.0455316e-05,1.2659646e-07,0.1092589,0.007772826
0.65049005,5.0748308e-09,0.23255877,7.433088e-05,1.0398226e-05,1.2572342e-07,0.10910522,0.007761083
0.65062886,5.0329843e-09,0.23252767,7.40146e-05,1.0343549e-05,1.248252e-07,0.10900727,0.0077516977
0.6508809,4.9954085e-09,0.23230395,7.3754876e-05,1.0292058e-05,1.2389138e-07,0.1089855,0.007745528
0.65117055,4.9593925e-09,0.23201689,7.3513766e-05,1.0241706e-05,1.2295018e-07,0.10898822,0.0077404305
0.651374,4.920711e-09,0.23187579,7.3232375e-05,1.0189493e-05,1.2204814e-07,0.10893382,0.007732893
0.65142757,4.877254e-09,0.23198897,7.2879855e-05,1.0133802e-05,1.2120732e-07,0.10877927,0.0077211303
0.6513809,4.8308366e-09,0.23227164,7.248136e-05,1.0075932e-05,1.2040844e-07,0.10855815,0.0077065746
0.6513525,4.7854707e-09,0.23252304,7.2093746e-05,1.0018866e-05,1.1960803e-07,0.108349666,0.0076925633
0.6514239,4.743816e-09,0.23260452,7.175565e-05,9.96456e-06,1.1877742e-07,0.108208336,0.00768139
0.65158147,4.705327e-09,0.23254046,7.1459166e-05,9.912635e-06,1.1792185e-07,0.10812387,0.0076726275
0.65174276,4.667257e-09,0.2324704,7.1165676e-05,9.861044e-06,1.170712e-07,0.10804167,0.007663972
0.6518473,4.627687e-09,0.2324957,7.0847156e-05,9.808374e-06,1.16246284e-07,0.10792249,0.007653759
0.65191334,4.5872546e-09,0.2325857,7.0512295e-05,9.755081e-06,1.15440486e-07,0.10777806,0.0076424917
0.65200764,4.5480313e-09,0.23262787,7.019204e-05,9.70274e-06,1.146306e-07,0.10765249,0.0076320157
0.65216887,4.5112407e-09,0.23255739,6.9903865e-05,9.652259e-06,1.13803665e-07,0.10757072,0.0076234085
0.6523627,4.4757655e-09,0.23243158,6.963165e-05,9.602795e-06,1.1297174e-07,0.107510686,0.007615732
0.6525181,4.4393755e-09,0.23237036,6.934323e-05,9.55271e-06,1.12158226e-07,0.10742554,0.0076069874
0.652605,4.4012403e-09,0.23242414,6.902525e-05,9.501301e-06,1.113739e-07,0.10729583,0.0075963708
0.6526693,4.3627244e-09,0.2325161,6.869836e-05,9.449634e-06,1.10602215e-07,0.107151225,0.007585138
0.6527868,4.326127e-09,0.23251836,6.8396716e-05,9.399442e-06,1.0981842e-07,0.1070415,0.0075753876
0.65298474,4.292231e-09,0.23238535,6.813247e-05,9.351392e-06,1.090141e-07,0.10698449,0.007567874
0.65320975,4.259378e-09,0.23220694,6.788103e-05,9.304185e-06,1.0820694e-07,0.10694499,0.007561087
0.65337807,4.22516e-09,0.23212329,6.760576e-05,9.255954e-06,1.0742369e-07,0.10686891,0.0075527863
0.6534658,4.188854e-09,0.23217516,6.729595e-05,9.206134e-06,1.06671585e-07,0.10674029,0.0075422437
0.6535385,4.1524633e-09,0.2322515,6.69813e-05,9.156265e-06,1.0592967e-07,0.10660241,0.007531341
0.65369433,4.1187262e-09,0.23218903,6.6703935e-05,9.108495e-06,1.0516689e-07,0.10651805,0.0075227125
0.6539631,4.0884474e-09,0.23193662,6.647709e-05,9.0634885e-06,1.0437435e-07,0.10650744,0.00751718
0.6542684,4.059415e-09,0.23162305,6.626672e-05,9.019509e-06,1.03576454e-07,0.106520586,0.0075126537
0.65448594,4.02815e-09,0.2314567,6.601918e-05,8.973818e-06,1.02811455e-07,0.10647663,0.007505733
0.65455127,3.992942e-09,0.23154517,6.570711e-05,8.925038e-06,1.0209855e-07,0.106334165,0.007494654
0.6545142,3.9552717e-09,0.23180488,6.535293e-05,8.8743145e-06,1.0142132e-07,0.10612579,0.007480841
0.65449417,3.918418e-09,0.23203534,6.500799e-05,8.8242505e-06,1.00743435e-07,0.105929054,0.0074675106
0.6545744,3.8845758e-09,0.23209798,6.4707165e-05,8.776602e-06,1.0003999e-07,0.105797105,0.0074569187
0.6547396,3.8532755e-09,0.23201856,6.4443506e-05,8.731018e-06,9.931645e-08,0.10571982,0.0074486355
0.65490746,3.8223e-09,0.23193477,6.418197e-05,8.685736e-06,9.859759e-08,0.10564435,0.00744043
0.6550168,3.7900634e-09,0.23194815,6.3897365e-05,8.639474e-06,9.790086e-08,0.10553172,0.007430659
0.65508693,3.7570715e-09,0.2320272,6.359755e-05,8.592616e-06,9.722011e-08,0.10539376,0.0074198586
0.65518385,3.7250583e-09,0.2320612,6.331017e-05,8.546573e-06,9.653644e-08,0.10527337,0.007409776
0.6553466,3.6949852e-09,0.23198508,6.3051346e-05,8.50214e-06,9.583886e-08,0.10519519,0.0074014766
0.6555411,3.6659629e-09,0.23185617,6.280651e-05,8.458591e-06,9.513741e-08,0.10513734,0.0073940456
0.6556965,3.6361802e-09,0.23179229,6.2546584e-05,8.414464e-06,9.4452204e-08,0.10505456,0.0073855645
0.65578175,3.6049195e-09,0.23184527,6.225946e-05,8.3691375e-06,9.379087e-08,0.10492703,0.007375245
0.65584266,3.5733312e-09,0.23193815,6.1963845e-05,8.323571e-06,9.3141104e-08,0.10478458,0.0073642624
0.65595603,3.543297e-09,0.23194362,6.16908e-05,8.2793185e-06,9.2481365e-08,0.10467557,0.0073547084
0.65614986,3.515427e-09,0.23181564,6.145081e-05,8.236875e-06,9.180454e-08,0.104617424,0.0073472997
0.6563695,3.4884189e-09,0.2316446,6.122221e-05,8.19519e-06,9.112573e-08,0.10457572,0.0073405867
0.6565319,3.4602463e-09,0.23156878,6.097168e-05,8.1525695e-06,9.046716e-08,0.104497746,0.0073323543
0.65661174,3.4303846e-09,0.23162933,6.0689887e-05,8.108571e-06,8.9835204e-08,0.104368076,0.007321971
0.65667593,3.4004137e-09,0.23171604,6.040306e-05,8.064478e-06,8.921175e-08,0.10422838,0.007311169
0.65682274,3.372602e-09,0.23166531,6.014986e-05,8.022231e-06,8.8570985e-08,0.104141094,0.0073025734
0.65708303,3.3476055e-09,0.23142692,5.994196e-05,7.982412e-06,8.790532e-08,0.104124986,0.0072969617
0.65737915,3.3236154e-09,0.23112884,5.9748683e-05,7.94348e-06,8.7235655e-08,0.104132034,0.007292307
0.65758663,3.2977916e-09,0.23097777,5.952164e-05,7.90304e-06,8.659327e-08,0.10408269,0.007285317
0.6576397,3.2687422e-09,0.23108199,5.923638e-05,7.859862e-06,8.5995275e-08,0.10393689,0.0072742994
0.65758973,3.2376566e-09,0.23135638,5.891274e-05,7.814959e-06,8.542696e-08,0.10372644,0.007260579
0.65755576,3.2072383e-09,0.2316037,5.8597434e-05,7.770642e-06,8.48584e-08,0.1035268,0.007247323
0.65762323,3.1792933e-09,0.23168315,5.8322e-05,7.728447e-06,8.426812e-08,0.10339065,0.00723674
0.6577758,3.1534428e-09,0.23162189,5.8080128e-05,7.688098e-06,8.366149e-08,0.103308074,0.0072283885
0.6579309,3.127826e-09,0.23155656,5.783969e-05,7.647967e-06,8.305837e-08,0.10322675,0.0072200983
0.65802735,3.1011884e-09,0.23158796,5.7578807e-05,7.606997e-06,8.247377e-08,0.103109196,0.007210301
0.6580834,3.0739318e-09,0.23168567,5.730399e-05,7.565493e-06,8.190278e-08,0.1029666,0.0071994746
0.6581666,3.0474998e-09,0.23173784,5.7040776e-05,7.5247267e-06,8.1329496e-08,0.10284157,0.0071893646
0.65831727,3.0226652e-09,0.2316796,5.6803172e-05,7.485376e-06,8.074417e-08,0.102757856,0.0071810223
0.6584996,2.9986749e-09,0.23156859,5.6578338e-05,7.4468085e-06,8.015543e-08,0.102694154,0.007173492
0.65864277,2.974085e-09,0.23152253,5.6339977e-05,7.4077384e-06,7.95802e-08,0.1026059,0.007164962
0.65871507,2.9482825e-09,0.23159188,5.6077257e-05,7.3676224e-06,7.902563e-08,0.10247493,0.0071546356
0.6587636,2.9222416e-09,0.23170087,5.5807104e-05,7.3272977e-06,7.8480014e-08,0.102328695,0.007143711
0.6588651,2.8974703e-09,0.23172198,5.5557448e-05,7.2881353e-06,7.7926224e-08,0.10221582,0.007134157
0.65904856,2.8744995e-09,0.23160918,5.5337838e-05,7.2505945e-06,7.7357775e-08,0.102152914,0.007126721
0.6592587,2.8522287e-09,0.23145226,5.5128687e-05,7.213732e-06,7.6787714e-08,0.10210668,0.0071199564
0.6594115,2.8290312e-09,0.23138967,5.4899985e-05,7.176048e-06,7.6234265e-08,0.102025054,0.0071117445
0.6594816,2.804456e-09,0.23146182,5.4643326e-05,7.137148e-06,7.570318e-08,0.10189334,0.0071014464
0.6595363,2.7798068e-09,0.23155908,5.4382406e-05,7.098199e-06,7.517905e-08,0.101752244,0.0070907674
0.6596753,2.756941e-09,0.23151857,5.415205e-05,7.0608958e-06,7.464047e-08,0.10166271,0.0070822313
0.65992993,2.7364115e-09,0.23128866,5.396288e-05,7.0257365e-06,7.4080575e-08,0.101643726,0.0070766457
0.66022146,2.7167049e-09,0.23099825,5.378712e-05,6.991376e-06,7.3517185e-08,0.10164742,0.0070719942
0.66042405,2.695511e-09,0.23085381,5.3581138e-05,6.955688e-06,7.297636e-08,0.101596475,0.007065086
0.6604716,2.6716933e-09,0.23096216,5.3322874e-05,6.9176003e-06,7.247267e-08,0.10145167,0.007054291
0.6604156,2.646237e-09,0.23123921,5.3030664e-05,6.8780196e-06,7.199412e-08,0.10124431,0.0070408965
0.6603764,2.621325e-09,0.23148806,5.2745883e-05,6.838944e-06,7.151482e-08,0.1010479,0.0070279543
0.66044074,2.598466e-09,0.23156802,5.2497577e-05,6.801779e-06,7.1017325e-08,0.10091419,0.007017651
0.6605925,2.5773177e-09,0.23150572,5.2279487e-05,6.7662268e-06,7.050559e-08,0.10083313,0.0070095337
0.66074693,2.5564006e-09,0.23143853,5.2063515e-05,6.730933e-06,6.999717e-08,0.10075418,0.0070015
0.66084325,2.5346467e-09,0.23146622,5.1828883e-05,6.6948633e-06,6.9503784e-08,0.10063998,0.0069920067
0.6608991,2.5124063e-09,0.23155898,5.1582218e-05,6.658345e-06,6.9021894e-08,0.10050202,0.0069815572
0.6609841,2.490846e-09,0.23160432,5.1346135e-05,6.6224934e-06,6.8537744e-08,0.10038166,0.006971822
0.66113687,2.4706004e-09,0.23153944,5.1133437e-05,6.5879076e-06,6.8043455e-08,0.10030206,0.0069637876
0.6613234,2.4510698e-09,0.23142011,5.0932376e-05,6.554023e-06,6.754625e-08,0.100242235,0.0069566043
0.6614703,2.4310467e-09,0.23136477,5.0719584e-05,6.519716e-06,6.7060554e-08,0.10015923,0.0069484315
0.66154695,2.4100621e-09,0.23142305,5.0484883e-05,6.4844803e-06,6.6591596e-08,0.10003446,0.0069385543
0.66159976,2.3888673e-09,0.23151956,5.02437e-05,6.449066e-06,6.613047e-08,0.09989577,0.0069280923
0.66170704,2.3687268e-09,0.23152806,5.002096e-05,6.414673e-06,6.566191e-08,0.09978941,0.0069189942
0.6618973,2.350068e-09,0.23140179,4.9825776e-05,6.3817633e-06,6.5181474e-08,0.09973266,0.006911943
0.6621154,2.3319873e-09,0.23123081,4.9640013e-05,6.3494153e-06,6.469936e-08,0.09969224,0.0069055846
0.6622761,2.3131523e-09,0.23115285,4.9436705e-05,6.3163634e-06,6.423117e-08,0.09961744,0.0068978206
0.6623532,2.293191e-09,0.2312091,4.9208295e-05,6.2822414e-06,6.378179e-08,0.09949408,0.006888014
0.66241574,2.2731828e-09,0.23128927,4.8976268e-05,6.248083e-06,6.333815e-08,0.09936188,0.0068778885
0.6625632,2.2546314e-09,0.2312319,4.877185e-05,6.2153754e-06,6.288238e-08,0.09928004,0.0068698446
0.66282773,2.2379745e-09,0.23098584,4.8604303e-05,6.1845617e-06,6.2408645e-08,0.09926702,0.0068646483
0.6631298,2.2220112e-09,0.23067859,4.8449165e-05,6.1544533e-06,6.193182e-08,0.09927656,0.0068603824
0.6633419,2.2048272e-09,0.23051691,4.826683e-05,6.1231804e-06,6.1474566e-08,0.09923287,0.0068539144
0.663398,2.1854976e-09,0.23060676,4.8037306e-05,6.0897924e-06,6.1048e-08,0.09909732,0.0068436773
0.66334903,2.1648132e-09,0.23086569,4.7777e-05,6.0550724e-06,6.0642776e-08,0.09890043,0.0068309074
0.66331804,2.1445832e-09,0.23109531,4.7523517e-05,6.0207935e-06,6.0236935e-08,0.098714516,0.0068186
0.66339064,2.1260254e-09,0.23115742,4.7302718e-05,5.988203e-06,5.9815996e-08,0.098589696,0.0068088085
0.6635514,2.1088609e-09,0.23107797,4.7109228e-05,5.957042e-06,5.938312e-08,0.09851634,0.0068011633
0.66371447,2.0918745e-09,0.2309944,4.691741e-05,5.9260847e-06,5.8953017e-08,0.09844465,0.006793594
0.6638188,2.0742115e-09,0.23100537,4.670882e-05,5.894446e-06,5.8535573e-08,0.0983386,0.0067846184
0.66388226,2.0561324e-09,0.23108155,4.6489164e-05,5.86242e-06,5.812805e-08,0.098209046,0.0067746504
0.66397494,2.0386033e-09,0.23111106,4.627889e-05,5.8309465e-06,5.7718413e-08,0.09809643,0.0067654136
0.6641356,2.0221518e-09,0.23103121,4.60897e-05,5.8006117e-06,5.7300586e-08,0.0980235,0.006757811
0.66432947,2.00627e-09,0.23089808,4.5910892e-05,5.7708776e-06,5.688038e-08,0.09796963,0.00675102
0.6644832,1.9899902e-09,0.23082897,4.57212e-05,5.740756e-06,5.646975e-08,0.097893015,0.00674327
0.66456544,1.972896e-09,0.2308744,4.5511595e-05,5.7098073e-06,5.607347e-08,0.097775064,0.006733835
0.6646232,1.9556343e-09,0.23095886,4.5296052e-05,5.6787026e-06,5.568388e-08,0.09764303,0.0067238375
0.66473544,1.9392297e-09,0.2309558,4.509718e-05,5.6485096e-06,5.5288336e-08,0.097542845,0.006715142
0.66493106,1.9240258e-09,0.23081937,4.492271e-05,5.619573e-06,5.488239e-08,0.097490534,0.006708431
0.6651536,1.9092874e-09,0.23063971,4.4756664e-05,5.5911605e-06,5.447549e-08,0.0974539,0.006702375
0.66531813,1.8939224e-09,0.23055314,4.4574743e-05,5.562114e-06,5.408051e-08,0.09738359,0.0066949152
0.6653985,1.877637e-09,0.2306009,4.436992e-05,5.532106e-06,5.370114e-08,0.09726514,0.006685518
0.6654629,1.861291e-09,0.23067367,4.4161654e-05,5.502051e-06,5.332694e-08,0.09713795,0.006675738
0.6656128,1.8461339e-09,0.23060994,4.3978125e-05,5.473273e-06,5.2942234e-08,0.097059675,0.006667996
0.6658797,1.8325333e-09,0.23035923,4.3827953e-05,5.446173e-06,5.2542983e-08,0.09704861,0.0066630053
0.66618466,1.8194901e-09,0.23004796,4.368866e-05,5.4196817e-06,5.214095e-08,0.09705935,0.0066589117
0.6663986,1.805449e-09,0.22988185,4.3524837e-05,5.3921603e-06,5.1755553e-08,0.09701791,0.006652689
0.6664546,1.7896371e-09,0.22996752,4.3318334e-05,5.362771e-06,5.1396107e-08,0.09688631,0.006642765
0.6664053,1.7727226e-09,0.23022106,4.3084005e-05,5.3321946e-06,5.1054265e-08,0.09669466,0.00663041
0.6663735,1.7561747e-09,0.2304463,4.285583e-05,5.3020285e-06,5.071225e-08,0.096513584,0.0066184727
0.66644603,1.74099e-09,0.23050492,4.265701e-05,5.2733362e-06,5.0357453e-08,0.09639208,0.0066089965
0.6666071,1.726943e-09,0.23042259,4.2482825e-05,5.2458954e-06,4.999261e-08,0.09632099,0.006601591
0.6667714,1.7130506e-09,0.23033512,4.2310196e-05,5.2186333e-06,4.9629993e-08,0.09625166,0.00659427
0.6668758,1.6985949e-09,0.23034261,4.212238e-05,5.190778e-06,4.927816e-08,0.09614864,0.0065855538
0.6669396,1.6838121e-09,0.23041432,4.1924744e-05,5.1625807e-06,4.8934623e-08,0.096022904,0.006575938
0.6670328,1.6694831e-09,0.23043959,4.173567e-05,5.1348898e-06,4.8589314e-08,0.09591372,0.006567001
0.6671947,1.6560308e-09,0.23035511,4.1565607e-05,5.1081847e-06,4.8237247e-08,0.09584386,0.006559656
0.6673911,1.6430566e-09,0.23021632,4.140516e-05,5.0820363e-06,4.7882892e-08,0.095792845,0.0065531326
0.66754776,1.6297604e-09,0.2301405,4.123493e-05,5.0555273e-06,4.7536464e-08,0.09571965,0.0065456848
0.66763294,1.61581e-09,0.23017755,4.1047148e-05,5.02833e-06,4.7202164e-08,0.095606826,0.0065366067
0.6676946,1.6017271e-09,0.23025174,4.085402e-05,5.0009894e-06,4.6873208e-08,0.095480755,0.0065270094
0.6678122,1.5883543e-09,0.23023729,4.0676106e-05,4.9744503e-06,4.6539082e-08,0.095386066,0.006518703
0.6680147,1.5759815e-09,0.23008832,4.052069e-05,4.9490586e-06,4.6196465e-08,0.09533913,0.0065123523
0.6682456,1.563992e-09,0.22989452,4.037309e-05,4.9241135e-06,4.585254e-08,0.09530785,0.006506646
0.668419,1.5515103e-09,0.2297915,4.0211547e-05,4.8986426e-06,4.5518632e-08,0.095244795,0.0064996476
0.66850936,1.5382824e-09,0.22981983,4.002956e-05,4.8723314e-06,4.5197655e-08,0.095135115,0.006490757
0.66858584,1.5250281e-09,0.22986978,3.984503e-05,4.8460097e-06,4.488075e-08,0.09501809,0.0064815525
0.6687497,1.5127605e-09,0.22978166,3.9683175e-05,4.8208276e-06,4.4555144e-08,0.09494978,0.0064743673
0.6690335,1.5017797e-09,0.22950397,3.955173e-05,4.7971257e-06,4.421663e-08,0.094948195,0.0064699017
0.6693568,1.4912679e-09,0.22916366,3.943071e-05,4.7739945e-06,4.3875826e-08,0.09496894,0.0064663333
0.6695911,1.4799634e-09,0.22896399,3.928792e-05,4.7499752e-06,4.3548706e-08,0.094940014,0.0064607575
0.669669,1.4672226e-09,0.22901168,3.9107177e-05,4.724332e-06,4.3243197e-08,0.09482386,0.006451633
0.66964304,1.4536061e-09,0.22922252,3.8901973e-05,4.6976784e-06,4.29525e-08,0.09465064,0.006440195
0.66963774,1.440298e-09,0.2294008,3.870265e-05,4.6713903e-06,4.2661007e-08,0.094488785,0.0064292205
0.6697396,1.428135e-09,0.22940955,3.8530576e-05,4.6464447e-06,4.2358884e-08,0.09438687,0.0064207
0.66993326,1.4169255e-09,0.22927418,3.838128e-05,4.622618e-06,4.2047812e-08,0.094335325,0.006414245
0.6701323,1.4058552e-09,0.2291296,3.823378e-05,4.5989677e-06,4.1738396e-08,0.09428733,0.0064079138
0.67027473,1.3943521e-09,0.22907464,3.8073456e-05,4.574842e-06,4.1437875e-08,0.094207644,0.006400321
0.6703791,1.3825979e-09,0.22907904,3.790471e-05,4.550437e-06,4.1143934e-08,0.09410751,0.0063918866
0.670516,1.3712342e-09,0.22903232,3.7744405e-05,4.5264937e-06,4.084829e-08,0.094025165,0.00638419
0.6707253,1.3606167e-09,0.22887157,3.760189e-05,4.503455e-06,4.054661e-08,0.093982905,0.006378127
0.6709712,1.3504049e-09,0.22865327,3.7468566e-05,4.480914e-06,4.0242757e-08,0.09396067,0.0063728765
0.67118114,1.339947e-09,0.22849163,3.7327223e-05,4.4581097e-06,3.9945277e-08,0.09391858,0.0063668233
0.67132264,1.3289835e-09,0.22843729,3.717057e-05,4.4347066e-06,3.965775e-08,0.0938392,0.0063592773
0.67144394,1.3179239e-09,0.22841483,3.7009675e-05,4.41121e-06,3.9374562e-08,0.09374855,0.006351268
0.67162436,1.3074704e-09,0.22829935,3.686334e-05,4.388458e-06,3.9086768e-08,0.093690425,0.006344594
0.671892,1.2978446e-09,0.22804645,3.6737758e-05,4.366723e-06,3.8791313e-08,0.09368057,0.0063398574
0.6721916,1.2885647e-09,0.22774336,3.661993e-05,4.3454183e-06,3.8494708e-08,0.09368821,0.0063358345
0.67243654,1.2788905e-09,0.22752617,3.649e-05,4.3236537e-06,3.8206213e-08,0.09366579,0.006330616
0.67260265,1.2686248e-09,0.22743332,3.6342368e-05,4.301207e-06,3.792838e-08,0.09359975,0.006323638
0.6727574,1.2583505e-09,0.22735767,3.6192887e-05,4.278759e-06,3.765401e-08,0.09352812,0.0063164216
0.673002,1.2489048e-09,0.22714059,3.6064514e-05,4.2573383e-06,3.737172e-08,0.0935058,0.0063112206
0.6733684,1.240525e-09,0.22673222,3.596418e-05,4.237234e-06,3.7078586e-08,0.093550414,0.006308703
0.67377657,1.2325432e-09,0.22625767,3.5873694e-05,4.2176302e-06,3.678321e-08,0.09361847,0.006307105
0.6740989,1.223924e-09,0.22591826,3.5764126e-05,4.197285e-06,3.649917e-08,0.093639225,0.0063036266
0.6742694,1.2141342e-09,0.22581813,3.562049e-05,4.17553e-06,3.623327e-08,0.09357594,0.0062967753
0.67433995,1.2036313e-09,0.22587483,3.5455123e-05,4.1529165e-06,3.5979696e-08,0.093457885,0.0062877364
0.6744334,1.1933962e-09,0.2258957,3.529553e-05,4.1306484e-06,3.572556e-08,0.09335231,0.006279196
0.67463493,1.1841038e-09,0.22574618,3.5160814e-05,4.1095414e-06,3.5461987e-08,0.0933065,0.0062730806
0.67492855,1.1755954e-09,0.22545181,3.5047e-05,4.089432e-06,3.519093e-08,0.0933115,0.0062689795
0.6752295,1.1672097e-09,0.22514583,3.493536e-05,4.069495e-06,3.4921182e-08,0.09332062,0.0062650554
0.67547655,1.1584661e-09,0.2249247,3.481209e-05,4.049131e-06,3.4658925e-08,0.09329998,0.006259929
0.6756878,1.1495187e-09,0.22475977,3.4681325e-05,4.028531e-06,3.4402195e-08,0.09325967,0.0062540444
0.67593193,1.1408894e-09,0.22454292,3.45584e-05,4.00835e-06,3.4143945e-08,0.0932376,0.006248871
0.67624813,1.1328689e-09,0.2242127,3.4451765e-05,3.988952e-06,3.3880703e-08,0.09325547,0.006245296
0.67660064,1.1251795e-09,0.22382472,3.4353514e-05,3.9699858e-06,3.3615514e-08,0.0932938,0.0062425416
0.6769182,1.1172839e-09,0.22349179,3.4247863e-05,3.9507768e-06,3.3355892e-08,0.09331276,0.0062390123
0.6771699,1.1089527e-09,0.22326286,3.412823e-05,3.931056e-06,3.310464e-08,0.09329508,0.0062340274
0.6774018,1.1005421e-09,0.22306493,3.4004708e-05,3.911244e-06,3.2857326e-08,0.09326665,0.0062286076
0.6776912,1.092615e-09,0.22277631,3.3894205e-05,3.892074e-06,3.2606103e-08,0.09327016,0.0062244684
0.6780651,1.0853602e-09,0.22235411,3.380238e-05,3.8737526e-06,3.234855e-08,0.09332086,0.0062221973
0.6784687,1.0783752e-09,0.22188458,3.3717442e-05,3.85581e-06,3.2090195e-08,0.093388475,0.00622059
0.67881876,1.0710438e-09,0.22149958,3.3621083e-05,3.837442e-06,3.1838795e-08,0.093426414,0.0062177833
0.67909074,1.0632157e-09,0.22123788,3.350837e-05,3.8184808e-06,3.1596926e-08,0.09342081,0.0062132813
0.6793513,1.0553566e-09,0.22099437,3.3393346e-05,3.7994873e-06,3.1357683e-08,0.09340853,0.0062085353
0.6796963,1.0481613e-09,0.22061667,3.3297198e-05,3.781368e-06,3.1112364e-08,0.09344425,0.006205661
0.6801564,1.0418206e-09,0.22005628,3.322606e-05,3.7643401e-06,3.085793e-08,0.09354488,0.0062053236
0.6806542,1.0357846e-09,0.21943548,3.316342e-05,3.7477307e-06,3.0601885e-08,0.09366751,0.006205834
0.6810667,1.0291985e-09,0.21895003,3.3082684e-05,3.730441e-06,3.0355668e-08,0.09374197,0.0062044654
0.68133104,1.0216265e-09,0.2186995,3.2970398e-05,3.7119335e-06,3.0125324e-08,0.09373288,0.0061998223
0.6814973,1.0134343e-09,0.2186053,3.2837343e-05,3.692651e-06,2.9905827e-08,0.09366781,0.0061929957
0.68168235,1.005441e-09,0.21848072,3.2709002e-05,3.6736437e-06,2.9686252e-08,0.09361385,0.0061866185
0.68196774,9.981865e-10,0.21819678,3.260249e-05,3.6555998e-06,2.9458963e-08,0.09361679,0.006182448
0.6823375,9.915568e-10,0.21777849,3.251432e-05,3.6383676e-06,2.9225543e-08,0.0936676,0.0061801574
0.68271047,9.849943e-10,0.21735479,3.242712e-05,3.6212425e-06,2.8993709e-08,0.09372089,0.0061779357
0.6830278,9.78104e-10,0.21701962,3.2328444e-05,3.6037181e-06,2.876855e-08,0.09374223,0.0061744917
0.6833067,9.710146e-10,0.21674506,3.2222128e-05,3.5859703e-06,2.854865e-08,0.09374219,0.0061702034
0.68361366,9.641575e-10,0.21642613,3.212189e-05,3.5685337e-06,2.8327857e-08,0.093757935,0.0061665415
0.6839837,9.577658e-10,0.21600609,3.203554e-05,3.5517153e-06,2.8102997e-08,0.09381028,0.0061642886
0.6843834,9.516115e-10,0.21553828,3.1955795e-05,3.535233e-06,2.787719e-08,0.09388015,0.0061626965
0.6847456,9.452573e-10,0.21513018,3.1868418e-05,3.5185126e-06,2.7656414e-08,0.093928486,0.006160284
0.6850403,9.385089e-10,0.21482997,3.1767075e-05,3.501301e-06,2.7443372e-08,0.09393805,0.0061563672
0.6853119,9.316635e-10,0.2145669,3.1661206e-05,3.4839863e-06,2.72339e-08,0.09393408,0.006151949
0.68563217,9.2518043e-10,0.21422532,3.156608e-05,3.4671682e-06,2.7021754e-08,0.093958884,0.0061486103
0.6860273,9.1921776e-10,0.2137635,3.148695e-05,3.451034e-06,2.680457e-08,0.09402734,0.006146952
0.6864453,9.134385e-10,0.21326476,3.141289e-05,3.435163e-06,2.6586966e-08,0.09410927,0.0061458047
0.68680686,9.0735075e-10,0.2128559,3.132745e-05,3.418914e-06,2.6375995e-08,0.09415906,0.006143417
0.68709,9.0081204e-10,0.21257342,3.1225834e-05,3.4021118e-06,2.6173485e-08,0.0941627,0.006139283
0.68735665,8.9421864e-10,0.21231724,3.1121064e-05,3.3852498e-06,2.5973783e-08,0.094156854,0.006134779
0.6876986,8.881364e-10,0.21194004,3.1032345e-05,3.369064e-06,2.5769086e-08,0.094194986,0.006131957
0.6881424,8.827292e-10,0.21139744,3.0965577e-05,3.3538001e-06,2.5557297e-08,0.09429435,0.0061314423
0.6886171,8.775446e-10,0.21080497,3.090531e-05,3.3388333e-06,2.5344317e-08,0.09441192,0.006131612
0.6890063,8.718725e-10,0.2103503,3.0827436e-05,3.323253e-06,2.5140286e-08,0.094479375,0.006129876
0.6892501,8.653623e-10,0.21012995,3.0719668e-05,3.306605e-06,2.4950188e-08,0.094461,0.006124894
0.68939674,8.583112e-10,0.21006712,3.059194e-05,3.2892756e-06,2.4769697e-08,0.09438454,0.006117731
0.6895559,8.5139307e-10,0.2099839,3.0467383e-05,3.2721332e-06,2.4589458e-08,0.09431562,0.0061108563
0.68980455,8.450624e-10,0.20975575,3.0361774e-05,3.2557732e-06,2.4403036e-08,0.094300024,0.0061059953
0.690128,8.392186e-10,0.20940669,3.0272078e-05,3.2400828e-06,2.4211921e-08,0.094329,0.0061028004
0.6904498,8.334096e-10,0.20906015,3.0182275e-05,3.2244445e-06,2.4022142e-08,0.09435705,0.0060995957
0.6907146,8.273075e-10,0.20880572,3.00811e-05,3.2084545e-06,2.3838613e-08,0.09435122,0.0060951044
0.6909391,8.2101714e-10,0.2086165,2.9972078e-05,3.192232e-06,2.3659798e-08,0.09432146,0.006089726
0.6911846,8.148971e-10,0.20839307,2.9867742e-05,3.1762481e-06,2.3480476e-08,0.0943045,0.0060848086
0.69148666,8.0914503e-10,0.20807795,2.9775343e-05,3.1607804e-06,2.3298021e-08,0.09432138,0.006081184
0.69181305,8.0357343e-10,0.20772311,2.9688237e-05,3.1455638e-06,2.311488e-08,0.09435294,0.00607809
0.6920995,7.978221e-10,0.20743254,2.9593484e-05,3.1301322e-06,2.2936403e-08,0.09436101,0.0060741236
0.69231915,7.917316e-10,0.20725074,2.9485298e-05,3.11427e-06,2.2764565e-08,0.09432877,0.006068656
0.69251275,7.8554574e-10,0.2071112,2.9372368e-05,3.0982942e-06,2.2596097e-08,0.094280936,0.0060626213
0.6927509,7.7964857e-10,0.20689975,2.9268589e-05,3.0827216e-06,2.242531e-08,0.09425953,0.0060575586
0.6930562,7.7417184e-10,0.20657831,2.9179017e-05,3.06773e-06,2.2250498e-08,0.094279185,0.0060540293
0.6933812,7.6883866e-10,0.2062251,2.9093671e-05,3.052955e-06,2.2075525e-08,0.09431068,0.006050942
0.6936506,7.632437e-10,0.20596199,2.8997478e-05,3.0378449e-06,2.1906184e-08,0.094308764,0.0060466263
0.6938424,7.5727213e-10,0.20582502,2.8886105e-05,3.0222516e-06,2.1744041e-08,0.09426011,0.006040563
0.6940167,7.512524e-10,0.20571667,2.8771634e-05,3.006611e-06,2.1584448e-08,0.094200745,0.0060341307
0.69426084,7.456513e-10,0.20549425,2.8671597e-05,2.991549e-06,2.1420739e-08,0.09418398,0.0060292548
0.69460225,7.406107e-10,0.20511326,2.8591252e-05,2.9772632e-06,2.125087e-08,0.0942263,0.0060265763
0.6949723,7.357521e-10,0.2046859,2.8516843e-05,2.9632427e-06,2.1080075e-08,0.09428576,0.0060245236
0.6952595,7.3049533e-10,0.20439306,2.8426297e-05,2.9487057e-06,2.0916811e-08,0.09429544,0.0060206256
0.69540715,7.245498e-10,0.20432828,2.830839e-05,2.9332537e-06,2.0765253e-08,0.09421981,0.006013611
0.6954599,7.181682e-10,0.20441724,2.8172448e-05,2.9172227e-06,2.0621853e-08,0.09408729,0.006004486
0.6955244,7.119009e-10,0.2044872,2.8039402e-05,2.9013559e-06,2.0478497e-08,0.09396182,0.005995637
0.69567543,7.061276e-10,0.20441617,2.7923872e-05,2.8861766e-06,2.0329825e-08,0.09388887,0.0059887236
0.6958994,7.0076456e-10,0.20422629,2.7822929e-05,2.8715772e-06,2.0176957e-08,0.09386014,0.0059834495
0.6961219,6.954392e-10,0.20403865,2.7722233e-05,2.8570512e-06,2.0025345e-08,0.09383084,0.0059781456
0.69629097,6.8988687e-10,0.2039381,2.7611379e-05,2.8422228e-06,1.9878655e-08,0.09376877,0.0059716594
0.6964216,6.8418976e-10,0.20390004,2.7493683e-05,2.827213e-06,1.9735714e-08,0.093683705,0.0059643183
0.696574,6.786513e-10,0.20382604,2.7380811e-05,2.8124368e-06,1.9592353e-08,0.0936122,0.005957488
0.69678366,6.7342626e-10,0.20365934,2.7279048e-05,2.7981093e-06,1.9445997e-08,0.0935749,0.005951912
0.6970185,6.683675e-10,0.2034515,2.7182632e-05,2.7840294e-06,1.9298888e-08,0.093553066,0.0059469123
0.69721735,6.6317063e-10,0.20330228,2.7079706e-05,2.7697847e-06,1.9155442e-08,0.09350941,0.0059411163
0.6973525,6.57722e-10,0.20325609,2.6965268e-05,2.755193e-06,1.901742e-08,0.09342765,0.0059339292
0.69746506,6.522074e-10,0.20324683,2.684693e-05,2.7405238e-06,1.8881906e-08,0.09333216,0.005926245
0.6976231,6.4695016e-10,0.20316368,2.6737662e-05,2.7262295e-06,1.8744357e-08,0.093264095,0.005919577
0.6978508,6.4205774e-10,0.20296708,2.6641887e-05,2.7124647e-06,1.8602998e-08,0.09323829,0.0059144488
0.6981008,6.373052e-10,0.20273428,2.6550539e-05,2.698917e-06,1.8461249e-08,0.09322588,0.0059098178
0.6982996,6.32352e-10,0.20258479,2.6450021e-05,2.6851012e-06,1.832395e-08,0.093182474,0.005904055
0.69842523,6.27112e-10,0.20255372,2.6336491e-05,2.6708901e-06,1.8192464e-08,0.09309539,0.005896707
0.6985372,6.218545e-10,0.20254473,2.622096e-05,2.6566718e-06,1.8062842e-08,0.09300009,0.0058890693
0.69872224,6.169621e-10,0.20241725,2.6119204e-05,2.6429846e-06,1.7929416e-08,0.092948645,0.0058830283
0.69900674,6.125468e-10,0.20212817,2.6036036e-05,2.6300002e-06,1.779048e-08,0.09295719,0.00587918
0.6993231,6.083056e-10,0.20178686,2.595904e-05,2.6172831e-06,1.7650596e-08,0.09298534,0.0058760354
0.6995618,6.037546e-10,0.20157209,2.5868138e-05,2.6041341e-06,1.7516607e-08,0.092966475,0.0058712005
0.6996664,5.986603e-10,0.20157483,2.5753328e-05,2.5902261e-06,1.7392344e-08,0.092866994,0.0058634244
0.69968164,5.932275e-10,0.201723,2.5622849e-05,2.5758347e-06,1.7274528e-08,0.0927135,0.0058537074
0.69971263,5.879122e-10,0.20184498,2.5495938e-05,2.5616177e-06,1.7156557e-08,0.09256991,0.0058443495
0.699833,5.8301686e-10,0.20182183,2.5385578e-05,2.5480301e-06,1.7033766e-08,0.09248026,0.005836951
0.70002955,5.7848004e-10,0.20167522,2.5289179e-05,2.5349748e-06,1.6907117e-08,0.09243625,0.005831221
0.70022905,5.739941e-10,0.20152332,2.5193798e-05,2.5220083e-06,1.678135e-08,0.09239436,0.0058255782
0.7003793,5.6933663e-10,0.20145172,2.5089927e-05,2.5088075e-06,1.6659381e-08,0.092322536,0.0058188485
0.7004956,5.6458394e-10,0.20143455,2.4980676e-05,2.4954759e-06,1.6540397e-08,0.092230976,0.005811415
0.7006381,5.599742e-10,0.20137496,2.4876459e-05,2.4823694e-06,1.6420655e-08,0.09215495,0.0058045452
0.70084035,5.55639e-10,0.201219,2.4783014e-05,2.4696835e-06,1.6298223e-08,0.092114374,0.0057989685
0.7010722,5.514563e-10,0.20101462,2.46951e-05,2.4572364e-06,1.617492e-08,0.09209191,0.00579404
0.7012712,5.471782e-10,0.20086324,2.460191e-05,2.4446647e-06,1.605449e-08,0.09205008,0.0057884287
0.7014119,5.427018e-10,0.20080665,2.4498904e-05,2.4318115e-06,1.593837e-08,0.091972984,0.005781543
0.70153296,5.381894e-10,0.20078133,2.4393059e-05,2.4189164e-06,1.5824249e-08,0.09188456,0.0057742475
0.7017027,5.3390015e-10,0.20067742,2.4295958e-05,2.4063716e-06,1.5708077e-08,0.0918251,0.0057680104
0.70194525,5.299214e-10,0.2004558,2.4211566e-05,2.3943016e-06,1.558858e-08,0.09180889,0.0057633487
0.70221204,5.260666e-10,0.20019445,2.4131772e-05,2.3824425e-06,1.5468629e-08,0.09180783,0.0057592
0.70243126,5.2205995e-10,0.20001008,2.4044095e-05,2.3703617e-06,1.5352224e-08,0.09177823,0.00575405
0.70258135,5.1782834e-10,0.19993752,2.3945147e-05,2.3579566e-06,1.5240598e-08,0.09170731,0.005747425
0.70272094,5.13589e-10,0.19988237,2.3844752e-05,2.3455545e-06,1.5130423e-08,0.09162993,0.0057405573
0.7029335,5.096579e-10,0.19970806,2.3757158e-05,2.3336336e-06,1.5016962e-08,0.09159701,0.0057352995
0.70324785,5.061225e-10,0.19937004,2.3686755e-05,2.322326e-06,1.4898662e-08,0.0916239,0.0057321982
0.70359516,5.0273474e-10,0.19897766,2.3622208e-05,2.3112648e-06,1.4779417e-08,0.09167133,0.005729821
0.70386744,4.9910015e-10,0.19870691,2.3545414e-05,2.2998438e-06,1.46652654e-08,0.091673926,0.0057258406
0.7040088,4.9502286e-10,0.1986483,2.3447104e-05,2.2877568e-06,1.4559087e-08,0.09159808,0.0057190545
0.70406353,4.906703e-10,0.19872996,2.3334796e-05,2.2752579e-06,1.4458406e-08,0.09147046,0.0057104114
0.70413506,4.864168e-10,0.19878438,2.3225864e-05,2.2629265e-06,1.4357476e-08,0.09135286,0.0057021556
0.70429564,4.825096e-10,0.19869472,2.3131965e-05,2.2511356e-06,1.42524454e-08,0.0912885,0.0056958077
0.7045313,4.7889753e-10,0.19848269,2.3050854e-05,2.2398176e-06,1.4144268e-08,0.09126956,0.0056910776
0.704771,4.7532234e-10,0.19826458,2.2970638e-05,2.2285733e-06,1.4036668e-08,0.091252774,0.005686427
0.70496225,4.7161103e-10,0.19812499,2.2882798e-05,2.217127e-06,1.3932436e-08,0.09120697,0.0056807487
0.70512015,4.678137e-10,0.1980391,2.2789909e-05,2.2055594e-06,1.3830618e-08,0.091141395,0.00567437
0.70530295,4.6413404e-10,0.19791257,2.2701555e-05,2.1941923e-06,1.3728351e-08,0.091091014,0.005668533
0.70554423,4.6067702e-10,0.19769152,2.2622813e-05,2.1831854e-06,1.3623785e-08,0.09107557,0.0056639514
0.7058136,4.5733892e-10,0.19742486,2.2548915e-05,2.1723777e-06,1.3518566e-08,0.09107677,0.005659954
0.70605046,4.539166e-10,0.19721118,2.2470002e-05,2.1614537e-06,1.3415767e-08,0.09105834,0.005655275
0.706228,4.5032908e-10,0.19709302,2.2382093e-05,2.1502888e-06,1.3316795e-08,0.091005094,0.0056493497
0.7063858,4.4670365e-10,0.19700718,2.2291224e-05,2.1390688e-06,1.3219493e-08,0.090939656,0.0056430027
0.7065892,4.43257e-10,0.19684698,2.2208087e-05,2.128148e-06,1.3120644e-08,0.09090181,0.0056376364
0.7068617,4.4005682e-10,0.19657494,2.2136095e-05,2.117629e-06,1.301909e-08,0.090905376,0.005633738
0.70715654,4.369511e-10,0.19626656,2.2067954e-05,2.1072788e-06,1.2917149e-08,0.0909224,0.005630324
0.70740265,4.3371398e-10,0.19603729,2.199234e-05,2.0967282e-06,1.2818421e-08,0.090910114,0.0056258817
0.70757896,4.3028187e-10,0.19592088,2.1906084e-05,2.0858852e-06,1.2723852e-08,0.09085615,0.005619958
0.7077419,4.268355e-10,0.19582608,2.1818025e-05,2.0750292e-06,1.2630585e-08,0.09079426,0.0056137545
0.7079744,4.236319e-10,0.1956185,2.1741265e-05,2.0645818e-06,1.2534664e-08,0.09077428,0.005609037
0.7083028,4.2074838e-10,0.1952554,2.1679654e-05,2.0546534e-06,1.2434845e-08,0.09081176,0.005606359
0.70866,4.1797474e-10,0.19484434,2.1622905e-05,2.0449197e-06,1.23344135e-08,0.09086761,0.0056043123
0.7089419,4.1498752e-10,0.19455644,2.155451e-05,2.0348584e-06,1.2238298e-08,0.090877496,0.0056006447
0.7090929,4.116298e-10,0.19448082,2.1466145e-05,2.0242155e-06,1.2149168e-08,0.09080856,0.005594225
0.7091566,4.080364e-10,0.19454706,2.1364602e-05,2.0132e-06,1.2064767e-08,0.09068698,0.0055859513
0.70923305,4.045126e-10,0.19459254,2.1265549e-05,2.0023072e-06,1.1980323e-08,0.09057316,0.005577972
0.70939296,4.0126527e-10,0.19450225,2.117972e-05,1.991871e-06,1.1892608e-08,0.09050981,0.005571765
0.7096233,3.9824907e-10,0.19429746,2.1104945e-05,1.981829e-06,1.1802314e-08,0.090489134,0.0055670445
0.709854,3.9525647e-10,0.19409244,2.103048e-05,1.9718352e-06,1.1712666e-08,0.0904682,0.0055623366
0.7100333,3.9214124e-10,0.19397019,2.0948628e-05,1.9616577e-06,1.16260495e-08,0.09041707,0.0055565517
0.71017784,3.8894765e-10,0.19390488,2.0861693e-05,1.951359e-06,1.1541622e-08,0.09034441,0.0055500404
0.7103429,3.8584125e-10,0.19380574,2.0778312e-05,1.9412166e-06,1.1456868e-08,0.09028469,0.0055439807
0.7105614,3.8290818e-10,0.19362015,2.0703219e-05,1.9313713e-06,1.1370319e-08,0.09025679,0.0055390424
0.71080416,3.8006684e-10,0.19339485,2.0632067e-05,1.9216893e-06,1.1283386e-08,0.090243764,0.005534618
0.71101135,3.771471e-10,0.19322713,2.0555975e-05,1.9118977e-06,1.119867e-08,0.09020953,0.005529457
0.7111581,3.7408454e-10,0.19315775,2.047108e-05,1.901871e-06,1.1117207e-08,0.09013874,0.005523029
0.7112824,3.7098413e-10,0.1931248,2.0383206e-05,1.8918009e-06,1.1037335e-08,0.090054385,0.005516129
0.71144783,3.6802267e-10,0.19302464,2.0301857e-05,1.8819685e-06,1.0956266e-08,0.08999527,0.0055101137
0.71167773,3.6525719e-10,0.19282009,2.0230285e-05,1.8724778e-06,1.0872961e-08,0.089974575,0.005505443
0.7119269,3.6256512e-10,0.19258404,2.0161777e-05,1.8631209e-06,1.0789531e-08,0.08996586,0.005501192
0.71212566,3.5975828e-10,0.19242994,2.0086118e-05,1.8535839e-06,1.070884e-08,0.0899266,0.005495884
0.7122531,3.5678765e-10,0.19239117,2.0000438e-05,1.8437843e-06,1.06317435e-08,0.08984475,0.005489099
0.7123649,3.5379868e-10,0.19237788,1.9912826e-05,1.8339613e-06,1.0555817e-08,0.089753345,0.005481987
0.71254265,3.5100778e-10,0.1922573,1.9835225e-05,1.8244864e-06,1.0477762e-08,0.08970209,0.0054762787
0.71281236,3.4847183e-10,0.19198821,1.9770972e-05,1.8154536e-06,1.03964295e-08,0.08970545,0.005472459
0.7131091,3.4602404e-10,0.19167462,1.9710886e-05,1.8065873e-06,1.0314623e-08,0.08972555,0.0054692184
0.71332884,3.43401e-10,0.1914859,1.9640052e-05,1.7974295e-06,1.0236571e-08,0.0896995,0.005464394
0.7134186,3.4047073e-10,0.1915079,1.9550931e-05,1.787767e-06,1.016441e-08,0.0895952,0.005456866
0.7134199,3.3734399e-10,0.19167325,1.9449724e-05,1.7777732e-06,1.0096278e-08,0.089438155,0.005447506
0.7134327,3.3427563e-10,0.19181986,1.935061e-05,1.767884e-06,1.00280975e-08,0.089287855,0.005438416
0.7135267,3.3143213e-10,0.1918348,1.9263336e-05,1.7583892e-06,9.957198e-09,0.089186504,0.005431
0.71368825,3.2877934e-10,0.19173966,1.9186084e-05,1.7492424e-06,9.884171e-09,0.089126036,0.005425007
0.71384954,3.2614386e-10,0.19164552,1.9108915e-05,1.7401277e-06,9.81162e-09,0.08906511,0.005419001
0.71395963,3.2341013e-10,0.19163394,1.9025045e-05,1.7308522e-06,9.741597e-09,0.088973776,0.005411958
0.71403426,3.2061423e-10,0.19167975,1.893663e-05,1.7214812e-06,9.673456e-09,0.08886117,0.0054041934
0.7141288,3.1789016e-10,0.1916926,1.885149e-05,1.7122416e-06,9.605032e-09,0.088761255,0.0053968537
0.7142764,3.1531125e-10,0.19162007,1.8773851e-05,1.7032688e-06,9.535056e-09,0.08869248,0.0053906073
0.714448,3.128097e-10,0.1915086,1.8699835e-05,1.6944405e-06,9.464715e-09,0.08863819,0.0053848573
0.7145852,3.1024971e-10,0.19145289,1.8621431e-05,1.6855188e-06,9.3961425e-09,0.08856318,0.005378413
0.7146612,3.0757227e-10,0.19149497,1.8535193e-05,1.676398e-06,9.3303285e-09,0.08845278,0.005370727
0.7147156,3.0486977e-10,0.19157203,1.844649e-05,1.6672445e-06,9.265773e-09,0.08832956,0.005362624
0.7148121,3.0228373e-10,0.19158137,1.8363738e-05,1.6583035e-06,9.200118e-09,0.08823115,0.00535538
0.71497416,2.9986433e-10,0.19148496,1.8290082e-05,1.64967e-06,9.132577e-09,0.08817149,0.0053494703
0.715156,2.9750882e-10,0.19135647,1.821938e-05,1.6411615e-06,9.064797e-09,0.08812367,0.0053439946
0.71528876,2.9506483e-10,0.19130705,1.8142493e-05,1.632505e-06,8.9992875e-09,0.08804694,0.005337501
0.715352,2.9249086e-10,0.19136931,1.805677e-05,1.6236188e-06,8.936673e-09,0.08792944,0.0053296234
0.71540076,2.8990915e-10,0.19145435,1.7969629e-05,1.6147297e-06,8.875023e-09,0.08780391,0.0053214687
0.7155172,2.874942e-10,0.19143037,1.7891733e-05,1.6061501e-06,8.8114245e-09,0.08771814,0.0053146966
0.715728,2.8529465e-10,0.19125552,1.7826227e-05,1.5979743e-06,8.745028e-09,0.0876873,0.0053098067
0.7159676,2.8317465e-10,0.19103359,1.7764809e-05,1.5899543e-06,8.67814e-09,0.08767392,0.005305529
0.7161329,2.809147e-10,0.19093142,1.7694016e-05,1.5816879e-06,8.614286e-09,0.08761659,0.0052997447
0.7161692,2.7841116e-10,0.1910362,1.7607059e-05,1.5729814e-06,8.555283e-09,0.087484136,0.0052913874
0.71611804,2.7575264e-10,0.19128022,1.750954e-05,1.5639991e-06,8.499553e-09,0.08730141,0.0052812975
0.71608096,2.7314834e-10,0.1915014,1.7414246e-05,1.5551119e-06,8.443708e-09,0.0871271,0.005271519
0.7161281,2.7073516e-10,0.19158778,1.7330101e-05,1.5465945e-06,8.385457e-09,0.0870018,0.005263419
0.7162463,2.684841e-10,0.19155984,1.725523e-05,1.5383832e-06,8.325289e-09,0.08691826,0.005256762
0.7163666,2.6625455e-10,0.1915291,1.7180895e-05,1.5302215e-06,8.26545e-09,0.08683549,0.005250149
0.716438,2.6395097e-10,0.19157559,1.7100903e-05,1.5219267e-06,8.207642e-09,0.08672514,0.0052425843
0.71647596,2.616022e-10,0.19167563,1.7017177e-05,1.5135556e-06,8.151288e-09,0.08659547,0.0052343593
0.71653724,2.5931943e-10,0.19173785,1.6936723e-05,1.505314e-06,8.094595e-09,0.08647986,0.0052266107
0.71665454,2.5716296e-10,0.19171089,1.6863527e-05,1.4973227e-06,8.036504e-09,0.086396165,0.0052200034
0.7167998,2.5507324e-10,0.1916397,1.6793883e-05,1.4894647e-06,7.978014e-09,0.08632838,0.005213899
0.7169124,2.529422e-10,0.19162036,1.6720653e-05,1.4815379e-06,7.920887e-09,0.08624195,0.0052072043
0.71696645,2.5072236e-10,0.19169313,1.6640797e-05,1.4734474e-06,7.866003e-09,0.086122945,0.005199354
0.7170008,2.484872e-10,0.19179748,1.6559003e-05,1.4653326e-06,7.8120586e-09,0.08599259,0.005191153
0.71708095,2.4635352e-10,0.19182889,1.6483016e-05,1.4574224e-06,7.757131e-09,0.085888356,0.0051838397
0.71723014,2.4436042e-10,0.19175047,1.64155e-05,1.4497926e-06,7.70051e-09,0.08582365,0.0051778867
0.7174027,2.4242555e-10,0.19163488,1.6351007e-05,1.4422827e-06,7.643617e-09,0.08577224,0.0051723947
0.71752864,2.404225e-10,0.19159384,1.6281221e-05,1.4346472e-06,7.58849e-09,0.08569379,0.0051659965
0.71758556,2.383176e-10,0.1916615,1.6203834e-05,1.4268237e-06,7.535766e-09,0.08557706,0.0051582824
0.71763045,2.362127e-10,0.19174753,1.6125501e-05,1.4190041e-06,7.4837825e-09,0.08545405,0.0051503447
0.7177469,2.3424626e-10,0.19172052,1.6055714e-05,1.4114677e-06,7.430092e-09,0.0853713,0.0051438147
0.7179617,2.3246186e-10,0.19153836,1.5997417e-05,1.4042923e-06,7.3739708e-09,0.085343406,0.005139165
0.7182087,2.3074491e-10,0.19130498,1.5943024e-05,1.3972638e-06,7.317372e-09,0.08533393,0.0051351436
0.71838135,2.2891826e-10,0.19118854,1.5880443e-05,1.3900282e-06,7.2632806e-09,0.085283086,0.005129701
0.7184254,2.2689395e-10,0.19127578,1.580355e-05,1.382406e-06,7.2131825e-09,0.08515982,0.0051217983
0.7183832,2.2474694e-10,0.1914987,1.5717354e-05,1.3745424e-06,7.165807e-09,0.08498878,0.0051122475
0.71835667,2.2264672e-10,0.19169673,1.563342e-05,1.3667772e-06,7.1182873e-09,0.08482662,0.005103033
0.71841747,2.2070536e-10,0.19175647,1.5559628e-05,1.359336e-06,7.06872e-09,0.0847137,0.005095494
0.71855277,2.1889789e-10,0.19169906,1.5494346e-05,1.3521725e-06,7.0174666e-09,0.08464194,0.005089377
0.71869123,2.1711119e-10,0.19163626,1.5429716e-05,1.3450588e-06,6.9665096e-09,0.0845724,0.0050833407
0.7187816,2.1526468e-10,0.1916493,1.5360152e-05,1.3378307e-06,6.917175e-09,0.08447601,0.0050763874
0.7188391,2.1338259e-10,0.19171347,1.52873e-05,1.3305361e-06,6.869068e-09,0.08436189,0.005068838
0.7189211,2.1155563e-10,0.19173871,1.5217548e-05,1.3233629e-06,6.8206556e-09,0.08426179,0.0050617545
0.71906173,2.0983147e-10,0.19167244,1.51543045e-05,1.3164071e-06,6.7710566e-09,0.0841936,0.0050557824
0.7192306,2.0816444e-10,0.19156156,1.509442e-05,1.3095755e-06,6.7210952e-09,0.084141076,0.005050357
0.7193673,2.0646362e-10,0.1915008,1.5031333e-05,1.3026814e-06,6.672324e-09,0.084071204,0.0050443322
0.71944547,2.0469011e-10,0.19153193,1.4962325e-05,1.2956477e-06,6.6253887e-09,0.08396911,0.005037212
0.71950465,2.0290288e-10,0.19159308,1.4891507e-05,1.288586e-06,6.5792376e-09,0.08385629,0.0050297487
0.7196098,2.0119935e-10,0.19158153,1.4825987e-05,1.2817069e-06,6.5322796e-09,0.08376935,0.0050231637
0.7197849,1.9961022e-10,0.19146045,1.4768047e-05,1.2750759e-06,6.4839254e-09,0.08372072,0.005017883
0.7199835,1.9806691e-10,0.19130243,1.4712776e-05,1.2685474e-06,6.4353154e-09,0.083685026,0.0050130533
0.720134,1.9646766e-10,0.19121967,1.465275e-05,1.2619113e-06,6.388276e-09,0.08362297,0.0050073275
0.7202155,1.9478462e-10,0.19124503,1.4585794e-05,1.2551031e-06,6.3432464e-09,0.08352327,0.0050003207
0.7202844,1.9309898e-10,0.1912897,1.45178965e-05,1.2482969e-06,6.298832e-09,0.083417036,0.0049931025
0.7204248,1.9152581e-10,0.19122255,1.4457632e-05,1.2417362e-06,6.2530123e-09,0.083349824,0.004987215
0.7206632,1.9010003e-10,0.19100226,1.4407614e-05,1.2354957e-06,6.2051853e-09,0.08333583,0.0049831592
0.720933,1.8872802e-10,0.19073215,1.4361007e-05,1.2293774e-06,6.1570047e-09,0.08333948,0.004979687
0.7211277,1.8726344e-10,0.19058017,1.4306888e-05,1.2230734e-06,6.110938e-09,0.083301745,0.0049748146
0.72119087,1.8563538e-10,0.19063348,1.423974e-05,1.216424e-06,6.0682632e-09,0.083192654,0.004967537
0.7211667,1.8390585e-10,0.1908229,1.4164066e-05,1.2095594e-06,6.0279053e-09,0.08303633,0.0049586426
0.721157,1.8221212e-10,0.19098921,1.4090343e-05,1.2027784e-06,5.9875007e-09,0.08288849,0.0049500293
0.72123414,1.8064558e-10,0.19102038,1.4025537e-05,1.1962763e-06,5.945362e-09,0.08278723,0.004943029
0.7213841,1.7918748e-10,0.19093752,1.3968326e-05,1.190018e-06,5.9018856e-09,0.082725786,0.004937399
0.721536,1.7774297e-10,0.19085145,1.3911476e-05,1.1837933e-06,5.858687e-09,0.082665704,0.004931784
0.72163826,1.7624689e-10,0.19084299,1.3849983e-05,1.1774641e-06,5.8168914e-09,0.082578495,0.004925279
0.7217056,1.7472061e-10,0.19088848,1.378541e-05,1.1710762e-06,5.776171e-09,0.08247282,0.0049181464
0.72179604,1.7323619e-10,0.19089766,1.3723385e-05,1.1647835e-06,5.73522e-09,0.0823799,0.0049114455
0.7219434,1.7183431e-10,0.19081876,1.3667132e-05,1.15868e-06,5.693313e-09,0.08231727,0.004905793
0.7221173,1.7047602e-10,0.19069806,1.3613675e-05,1.1526828e-06,5.6511658e-09,0.08226929,0.0049006217
0.7222574,1.6908801e-10,0.19063012,1.3557153e-05,1.1466235e-06,5.610041e-09,0.08220296,0.0048948415
0.7223366,1.6763764e-10,0.19065659,1.3495092e-05,1.1404313e-06,5.570509e-09,0.08210425,0.004887968
0.72239393,1.6617503e-10,0.19071653,1.3431296e-05,1.1342188e-06,5.531701e-09,0.081994295,0.004880723
0.7224964,1.6477728e-10,0.19070649,1.3372001e-05,1.1281568e-06,5.4922276e-09,0.0819083,0.0048742886
0.7226674,1.6347192e-10,0.19059034,1.331944e-05,1.1223086e-06,5.4516076e-09,0.0818588,0.0048690992
0.72286,1.6220122e-10,0.19044043,1.3269075e-05,1.1165473e-06,5.4108416e-09,0.08182086,0.0048643025
0.72300225,1.6088346e-10,0.19036841,1.3214235e-05,1.1106832e-06,5.3714193e-09,0.081756346,0.0048586153
0.72307336,1.5949497e-10,0.19040674,1.3153019e-05,1.1046674e-06,5.333723e-09,0.08165397,0.00485165
0.7231296,1.5810166e-10,0.19046786,1.3090731e-05,1.0986437e-06,5.2965756e-09,0.081543975,0.0048444327
0.72325593,1.5679968e-10,0.19042003,1.30351955e-05,1.0928338e-06,5.258281e-09,0.08147139,0.0048384867
0.7234792,1.5561562e-10,0.19022222,1.2988758e-05,1.0873041e-06,5.2183546e-09,0.08145011,0.004834274
0.72373235,1.5447395e-10,0.18997835,1.29452255e-05,1.0818757e-06,5.178124e-09,0.081444584,0.004830614
0.7239078,1.5325548e-10,0.18985432,1.2894783e-05,1.0762797e-06,5.13973e-09,0.08139825,0.004825555
0.7239505,1.5190163e-10,0.18993624,1.2832438e-05,1.0703753e-06,5.104188e-09,0.081281215,0.004818123
0.7239028,1.5046316e-10,0.19015734,1.2762346e-05,1.0642801e-06,5.070648e-09,0.08111693,0.0048091155
0.72386813,1.4905237e-10,0.19035786,1.26937975e-05,1.0582528e-06,5.037073e-09,0.08096002,0.0048003485
0.7239186,1.4774543e-10,0.19042619,1.2633257e-05,1.0524709e-06,5.0020756e-09,0.08084847,0.004793108
0.724042,1.4652503e-10,0.19038236,1.2579382e-05,1.0468976e-06,4.9659743e-09,0.080774836,0.004787168
0.7241659,1.4531537e-10,0.19033776,1.25257575e-05,1.0413528e-06,4.9300994e-09,0.08070153,0.00478125
0.7242375,1.4406297e-10,0.19037329,1.246788e-05,1.0357139e-06,4.8954556e-09,0.08060128,0.0047744247
0.7242733,1.4278434e-10,0.19046389,1.2407113e-05,1.0300174e-06,4.8617053e-09,0.080482416,0.004766963
0.7243314,1.4153977e-10,0.19051993,1.2348587e-05,1.0244072e-06,4.8277924e-09,0.08037541,0.004759913
0.7244453,1.4036235e-10,0.19048959,1.2295188e-05,1.0189624e-06,4.793105e-09,0.080297865,0.004753865
0.72458553,1.3922e-10,0.19041947,1.2244218e-05,1.0136056e-06,4.7581863e-09,0.080233455,0.0047482694
0.7246899,1.3805215e-10,0.19040367,1.2190459e-05,1.0081963e-06,4.7241624e-09,0.08015109,0.004742061
0.7247328,1.3683395e-10,0.1904827,1.2131649e-05,1.0026656e-06,4.691451e-09,0.08003652,0.0047347858
0.72475266,1.3560562e-10,0.19059622,1.2071253e-05,9.971167e-07,4.659386e-09,0.07991076,0.0047271345
0.7248171,1.3442994e-10,0.1906417,1.2014897e-05,9.917009e-07,4.6267488e-09,0.07980797,0.0047202543
0.72495,1.333299e-10,0.19058177,1.1964556e-05,9.864735e-07,4.593162e-09,0.079740815,0.0047145844
0.7251045,1.3225844e-10,0.1904889,1.1916164e-05,9.813207e-07,4.559441e-09,0.07968441,0.004709291
0.72520804,1.3114858e-10,0.19047405,1.1863786e-05,9.760805e-07,4.526858e-09,0.07960205,0.004703123
0.72523844,1.2998039e-10,0.19057061,1.1805614e-05,9.707028e-07,4.495709e-09,0.07948261,0.004695701
0.7252541,1.2880988e-10,0.19068943,1.1746516e-05,9.653195e-07,4.465025e-09,0.07935567,0.0046880366
0.72534025,1.2771349e-10,0.19070044,1.1693486e-05,9.601254e-07,4.4333737e-09,0.07926503,0.004681599
0.7255248,1.2671414e-10,0.19056141,1.1648639e-05,9.551778e-07,4.4003445e-09,0.07922435,0.0046768584
0.72573924,1.257501e-10,0.1903762,1.16064775e-05,9.5032476e-07,4.3670747e-09,0.079199344,0.0046726363
0.7258759,1.247236e-10,0.1903103,1.1558071e-05,9.4532027e-07,4.335295e-09,0.07913418,0.004667084
0.72587603,1.2358767e-10,0.19045204,1.1499064e-05,9.400477e-07,4.30595e-09,0.07900027,0.004659214
0.72578496,1.2238224e-10,0.19073232,1.1433055e-05,9.3460255e-07,4.278249e-09,0.078820564,0.0046497965
0.7257079,1.2120063e-10,0.19099134,1.1368501e-05,9.292182e-07,4.2504746e-09,0.078647874,0.004640647
0.725717,1.2010491e-10,0.19111784,1.1311196e-05,9.2405315e-07,4.2215387e-09,0.07851988,0.0046329843
0.7258001,1.1908027e-10,0.19113241,1.1259902e-05,9.1907435e-07,4.191652e-09,0.07842873,0.004626569
0.7258837,1.1806559e-10,0.19114552,1.12089865e-05,9.141283e-07,4.1619717e-09,0.07833849,0.004620186
0.7259163,1.1701606e-10,0.1912367,1.11541995e-05,9.09093e-07,4.133259e-09,0.07822196,0.0046129418
0.72591084,1.1594698e-10,0.19138432,1.1096926e-05,9.0401113e-07,4.105336e-09,0.07808777,0.0046050963
0.72592884,1.1490565e-10,0.19149642,1.1041705e-05,8.990057e-07,4.0772203e-09,0.07796518,0.0045976406
0.72600454,1.1391986e-10,0.19152103,1.09911325e-05,8.941478e-07,4.0484602e-09,0.077871345,0.004591166
0.72610766,1.1296467e-10,0.19150433,1.0942864e-05,8.8937236e-07,4.0194954e-09,0.0777911,0.0045851627
0.7261747,1.11988634e-10,0.19154163,1.0892105e-05,8.8454914e-07,3.9912544e-09,0.07769342,0.0045785545
0.7261791,1.10972946e-10,0.19167352,1.0836893e-05,8.796232e-07,3.9641184e-09,0.07756477,0.004570928
0.7261603,1.09948675e-10,0.19183974,1.0780323e-05,8.746792e-07,3.9374903e-09,0.07742534,0.004562937
0.7261885,1.089696e-10,0.19193529,1.0727431e-05,8.6985585e-07,3.9103702e-09,0.07730892,0.0045557315
0.7262868,1.0805211e-10,0.19192487,1.0679965e-05,8.651996e-07,3.882449e-09,0.0772272,0.0045496873
0.7264075,1.07159545e-10,0.19188035,1.0634424e-05,8.606177e-07,3.8544195e-09,0.07715659,0.0045440276
0.72647643,1.06235964e-10,0.19191372,1.0585285e-05,8.55955e-07,3.827312e-09,0.07706087,0.0045375274
0.72647107,1.052658e-10,0.19205843,1.0531005e-05,8.511688e-07,3.8013837e-09,0.0769292,0.0045298175
0.7264518,1.04293955e-10,0.1922244,1.0475974e-05,8.4638185e-07,3.775847e-09,0.076790534,0.004521887
0.72650486,1.0338395e-10,0.19228087,1.0426474e-05,8.417658e-07,3.749482e-09,0.07668786,0.0045151697
0.7266593,1.02553466e-10,0.19218545,1.0384357e-05,8.3737e-07,3.7219459e-09,0.07663393,0.0045100925
0.7268449,1.01752655e-10,0.19204275,1.0344679e-05,8.3305906e-07,3.6941923e-09,0.076595485,0.0045055607
0.7269512,1.0090202e-10,0.19201936,1.0299509e-05,8.2861663e-07,3.6677144e-09,0.07651859,0.0044997265
0.72691894,9.996182e-11,0.19220358,1.0244821e-05,8.239316e-07,3.6432055e-09,0.07637471,0.004491647
0.7267922,9.896689e-11,0.19252796,1.0183989e-05,8.1910093e-07,3.6201155e-09,0.07618675,0.0044820756
0.7266797,9.799107e-11,0.19283074,1.012449e-05,8.143215e-07,3.59694e-09,0.07600591,0.0044727437
0.7266576,9.708582e-11,0.192998,1.0071496e-05,8.097387e-07,3.572777e-09,0.07586869,0.0044648815
0.7267113,9.6240065e-11,0.19305174,1.0024039e-05,8.053254e-07,3.5478191e-09,0.07576792,0.0044582714
0.7267664,9.5401874e-11,0.1931034,9.976835e-06,8.009364e-07,3.522989e-09,0.075667836,0.0044516968
0.7267676,9.4536184e-11,0.19323479,9.926286e-06,7.9647333e-07,3.4990073e-09,0.07554265,0.0044442597
0.7267325,9.365475e-11,0.19342032,9.873512e-06,7.9196684e-07,3.4756382e-09,0.07540031,0.0044362596
0.72672075,9.279725e-11,0.19357036,9.822684e-06,7.8753305e-07,3.4521346e-09,0.075269625,0.0044286493
0.726769,9.198502e-11,0.19363141,9.775981e-06,7.8322756e-07,3.428066e-09,0.07516705,0.0044220006
0.72684515,9.119764e-11,0.19365068,9.731396e-06,7.78997e-07,3.4038092e-09,0.07507792,0.004415814
0.7268849,9.039491e-11,0.19372371,9.684655e-06,7.7472765e-07,3.3801733e-09,0.07497188,0.004409057
0.7268601,8.955916e-11,0.19389212,9.633946e-06,7.703655e-07,3.3574536e-09,0.0748361,0.0044012987
0.726812,8.871746e-11,0.19409463,9.582035e-06,7.65988e-07,3.3351548e-09,0.07468987,0.004393193
0.7268117,8.791224e-11,0.19422592,9.533474e-06,7.617174e-07,3.3124388e-09,0.07456625,0.0043858504
0.7268844,8.715801e-11,0.19424924,9.489798e-06,7.575974e-07,3.289047e-09,0.07447644,0.004379654
0.72698104,8.642362e-11,0.19423755,9.447775e-06,7.535387e-07,3.2655227e-09,0.07439732,0.004373843
0.7270239,8.566521e-11,0.19430432,9.402668e-06,7.4941624e-07,3.2428114e-09,0.074294396,0.0043672114
0.72699076,8.486932e-11,0.19448343,9.3529725e-06,7.451817e-07,3.2210823e-09,0.074156374,0.0043594115
0.72694194,8.407193e-11,0.1946847,9.3026365e-06,7.40948e-07,3.199674e-09,0.07401189,0.004351383
0.7269694,8.3324785e-11,0.19477397,9.257224e-06,7.3686414e-07,3.1775533e-09,0.07390213,0.004344546
0.72710097,8.2643364e-11,0.19470955,9.218466e-06,7.3297895e-07,3.154467e-09,0.07384022,0.0043393294
0.72726613,8.198617e-11,0.19459607,9.181916e-06,7.291696e-07,3.1311733e-09,0.073793314,0.0043346356
0.7273483,8.128801e-11,0.19460414,9.140446e-06,7.252419e-07,3.1089415e-09,0.07370894,0.004328662
0.72728723,8.0518e-11,0.19482249,9.090539e-06,7.2110106e-07,3.0883918e-09,0.07355999,0.0043205186
0.7271293,7.9703e-11,0.1951822,9.035105e-06,7.168241e-07,3.0689793e-09,0.0733679,0.0043109134
0.72698617,7.8904466e-11,0.19551934,8.980903e-06,7.1259655e-07,3.0495355e-09,0.07318328,0.0043015564
0.72693634,7.8163316e-11,0.19571993,8.932549e-06,7.085456e-07,3.0292227e-09,0.07304057,0.0042936467
0.7269651,7.74706e-11,0.19580467,8.889171e-06,7.04645e-07,3.0082632e-09,0.072933756,0.004286929
0.72699547,7.678446e-11,0.19588701,8.8460565e-06,7.007687e-07,2.9874092e-09,0.072827674,0.0042802547
0.726971,7.607705e-11,0.19604924,8.799985e-06,6.9682585e-07,2.9672687e-09,0.07269755,0.0042727836
0.7269078,7.5356034e-11,0.19626746,8.751911e-06,6.9284334e-07,2.947624e-09,0.07255063,0.0042647244
0.72687006,7.4654866e-11,0.19644827,8.705598e-06,6.8892535e-07,2.9278597e-09,0.07241529,0.004257067
0.7268939,7.39909e-11,0.19653885,8.663041e-06,6.851255e-07,2.9076204e-09,0.0723075,0.004250355
0.7269477,7.334747e-11,0.19658603,8.62237e-06,6.8139093e-07,2.8872327e-09,0.07221285,0.0042440956
0.72696334,7.2691804e-11,0.19668822,8.57981e-06,6.776217e-07,2.8673512e-09,0.07210192,0.0042372914
0.72691303,7.200951e-11,0.19688591,8.533733e-06,6.7376976e-07,2.8482394e-09,0.0719624,0.004229495
0.7268388,7.1322837e-11,0.19711795,8.48662e-06,6.69905e-07,2.8294584e-09,0.071812704,0.004221381
0.72681427,7.066613e-11,0.19727735,8.442516e-06,6.6613774e-07,2.8103393e-09,0.07168523,0.0042140284
0.72686625,7.005104e-11,0.19732615,8.402828e-06,6.6250556e-07,2.7906424e-09,0.07159078,0.00420779
0.72694296,6.94532e-11,0.1973387,8.364679e-06,6.589301e-07,2.7708558e-09,0.07150737,0.0042019463
0.72696507,6.883494e-11,0.19743036,8.323729e-06,6.5529224e-07,2.7517002e-09,0.07140028,0.0041953027
0.72690797,6.8186776e-11,0.19763553,8.278775e-06,6.5155933e-07,2.7333857e-09,0.07125998,0.0041875145
0.7268362,6.75382e-11,0.19786192,8.233277e-06,6.478259e-07,2.7153249e-09,0.07111354,0.004179533
0.72684324,6.693087e-11,0.19797416,8.192222e-06,6.4422983e-07,2.6966773e-09,0.07100106,0.004172715
0.72695947,6.637693e-11,0.197929,8.157145e-06,6.4081104e-07,2.6772071e-09,0.07093535,0.0041674883
0.7271104,6.584316e-11,0.19783361,8.1240705e-06,6.374609e-07,2.657568e-09,0.07088451,0.004162776
0.72717667,6.527655e-11,0.19786033,8.086678e-06,6.340073e-07,2.6388076e-09,0.07079753,0.0041568354
0.7270949,6.465156e-11,0.19809964,8.041742e-06,6.3035986e-07,2.6214355e-09,0.070648015,0.004148782
0.72691303,6.3990535e-11,0.19848177,7.991953e-06,6.2659444e-07,2.6050313e-09,0.07045735,0.0041393004
0.72674686,6.334319e-11,0.19884077,7.943301e-06,6.228727e-07,2.5885731e-09,0.07027369,0.0041300803
0.7266789,6.274281e-11,0.19905856,7.899914e-06,6.193087e-07,2.5713893e-09,0.07013172,0.004122283
0.7266935,6.2182336e-11,0.1991577,7.8609855e-06,6.158815e-07,2.5536548e-09,0.07002466,0.004115686
0.7267104,6.1627765e-11,0.19925341,7.8223775e-06,6.124774e-07,2.5360167e-09,0.06991872,0.0041091237
0.72667056,6.105544e-11,0.19942965,7.781147e-06,6.090145e-07,2.5189526e-09,0.06978965,0.0041017667
0.7265924,6.047312e-11,0.19966063,7.738198e-06,6.055167e-07,2.5023053e-09,0.06964472,0.004093889
0.7265409,5.990734e-11,0.19985278,7.696869e-06,6.020782e-07,2.485556e-09,0.06951166,0.004086415
0.726555,5.937205e-11,0.19995148,7.65892e-06,5.987448e-07,2.4683975e-09,0.0694054,0.004079868
0.7265997,5.885366e-11,0.20000595,7.622716e-06,5.95473e-07,2.4511149e-09,0.0693123,0.004073768
0.7266072,5.832546e-11,0.20011362,7.5848625e-06,5.9216904e-07,2.4342373e-09,0.0692038,0.00406716
0.7265464,5.7776076e-11,0.20031807,7.5438957e-06,5.887922e-07,2.418005e-09,0.0690678,0.0040595895
0.7264619,5.7223663e-11,0.2005556,7.502083e-06,5.8540536e-07,2.4020494e-09,0.06892267,0.0040517338
0.72642994,5.669566e-11,0.20071821,7.462964e-06,5.821045e-07,2.3857987e-09,0.068799175,0.0040446143
0.72647774,5.620163e-11,0.20076731,7.4278378e-06,5.789284e-07,2.3690685e-09,0.06870836,0.0040385993
0.72655255,5.572195e-11,0.20077822,7.3941314e-06,5.7580195e-07,2.3522468e-09,0.06862824,0.0040329937
0.7265715,5.522631e-11,0.2008681,7.3579913e-06,5.726233e-07,2.3359574e-09,0.06852581,0.0040265997
0.72650975,5.4706566e-11,0.20107181,7.31829e-06,5.6935824e-07,2.320373e-09,0.06839144,0.00401913
0.72643244,5.4186204e-11,0.20129694,7.2781195e-06,5.6609196e-07,2.3049835e-09,0.06825125,0.0040114596
0.7264385,5.3699996e-11,0.20140426,7.241969e-06,5.629505e-07,2.2891076e-09,0.06814451,0.0040049413
0.7265589,5.3257197e-11,0.20135015,7.2111893e-06,5.5996685e-07,2.2725237e-09,0.068083234,0.003999992
0.72671574,5.283117e-11,0.20124415,7.182242e-06,5.5704925e-07,2.2558204e-09,0.068036914,0.003995555
0.72678524,5.2378477e-11,0.20126145,7.149434e-06,5.5403535e-07,2.2398248e-09,0.06795569,0.003989928
0.72670203,5.187875e-11,0.20149353,7.109963e-06,5.508516e-07,2.225024e-09,0.067814514,0.0039822375
0.72651637,5.1349515e-11,0.20186979,7.0661404e-06,5.4755816e-07,2.2109914e-09,0.06763312,0.0039731767
0.7263472,5.0831672e-11,0.20222166,7.023377e-06,5.4430825e-07,2.1969297e-09,0.06745915,0.003964369
0.7262803,5.035206e-11,0.20242994,6.9853513e-06,5.4119914e-07,2.1822693e-09,0.0673254,0.0039569517
0.72629994,4.9904997e-11,0.20251594,6.9513026e-06,5.382115e-07,2.1671305e-09,0.06722595,0.0039507337
0.72632235,4.9462753e-11,0.20259802,6.917557e-06,5.352454e-07,2.1520798e-09,0.06712776,0.00394454
0.72628665,4.9006105e-11,0.20276114,6.8814693e-06,5.3222425e-07,2.137501e-09,0.067007184,0.0039375904
0.7262109,4.8541365e-11,0.20297998,6.8438935e-06,5.291757e-07,2.1232847e-09,0.066871576,0.0039301235
0.72616345,4.808988e-11,0.20315883,6.8077356e-06,5.261772e-07,2.1089794e-09,0.06674737,0.0039230483
0.726184,4.766342e-11,0.20324238,6.774639e-06,5.232756e-07,2.0943354e-09,0.066649385,0.0039168843
0.72623783,4.7250644e-11,0.20327957,6.743085e-06,5.204268e-07,2.079579e-09,0.06656422,0.0039111758
0.72625196,4.6829783e-11,0.20337154,6.7100573e-06,5.175494e-07,2.065176e-09,0.066464275,0.0039049585
0.72619617,4.6391824e-11,0.20356122,6.674269e-06,5.146079e-07,2.0513091e-09,0.066337615,0.0038978073
0.7261156,4.595078e-11,0.2037849,6.6376606e-06,5.11654e-07,2.0376756e-09,0.06620197,0.0038903693
0.72608984,4.5529962e-11,0.20393185,6.6035195e-06,5.0877964e-07,2.0237991e-09,0.06608756,0.0038836608
0.72614646,4.513696e-11,0.20396389,6.5729196e-06,5.060146e-07,2.0095168e-09,0.06600447,0.003878053
0.7262307,4.475469e-11,0.20395757,6.5435534e-06,5.0329373e-07,1.9951676e-09,0.06593191,0.0038727885
0.7262569,4.4359585e-11,0.20403169,6.5120025e-06,5.0052466e-07,1.9812687e-09,0.065837555,0.0038667927
0.72620004,4.3944667e-11,0.20422128,6.4772607e-06,4.976783e-07,1.967955e-09,0.06571203,0.0038597186
0.7261264,4.3529298e-11,0.20443341,6.4420947e-06,4.948305e-07,1.9548194e-09,0.065580875,0.0038524542
0.7261384,4.3141372e-11,0.20452611,6.4105047e-06,4.9209365e-07,1.9412825e-09,0.06548219,0.003846314
0.72626823,4.278864e-11,0.20445599,6.3836696e-06,4.8949795e-07,1.9271664e-09,0.06542719,0.0038416947
0.72643614,4.2448954e-11,0.20433287,6.3584207e-06,4.8695546e-07,1.9129247e-09,0.06538661,0.0038375584
0.72651315,4.2087823e-11,0.20433582,6.3297557e-06,4.843309e-07,1.8993078e-09,0.06531193,0.0038322725
0.72643113,4.1688014e-11,0.20455842,6.2950844e-06,4.815508e-07,1.88667e-09,0.065178715,0.0038249579
0.72624284,4.126416e-11,0.20492767,6.256518e-06,4.786745e-07,1.8747075e-09,0.065006465,0.0038163029
0.72607154,4.0849303e-11,0.20527264,6.2188788e-06,4.758338e-07,1.8627184e-09,0.06484131,0.003807887
0.72600484,4.0465124e-11,0.20547295,6.1854107e-06,4.7311866e-07,1.8502255e-09,0.064714834,0.0038008182
0.7260267,4.010719e-11,0.20555066,6.155485e-06,4.7051142e-07,1.8373429e-09,0.06462125,0.0037948897
0.72605115,3.9752944e-11,0.20562463,6.1257842e-06,4.6792024e-07,1.8245393e-09,0.0645287,0.0037890016
0.72601455,3.9386938e-11,0.2057824,6.0939883e-06,4.6528288e-07,1.8121423e-09,0.064414136,0.0037823592
0.7259362,3.901395e-11,0.20599736,6.060806e-06,4.626161e-07,1.8000419e-09,0.064284794,0.0037752031
0.7258866,3.8651554e-11,0.20617254,6.028865e-06,4.5999423e-07,1.7878785e-09,0.06416602,0.0037684184
0.725906,3.8309314e-11,0.2062526,5.9996423e-06,4.5745827e-07,1.7754376e-09,0.06407246,0.0037625153
0.72595906,3.7977874e-11,0.20628636,5.9717436e-06,4.5496853e-07,1.7629129e-09,0.0639912,0.0037570386
0.7259704,3.763953e-11,0.20637715,5.942493e-06,4.5245048e-07,1.7506832e-09,0.063895024,0.0037510558
0.7259078,3.728717e-11,0.20656887,5.91076e-06,4.4987473e-07,1.7389049e-09,0.06377281,0.0037441673
0.7258201,3.6932186e-11,0.206795,5.8782816e-06,4.4728756e-07,1.7273307e-09,0.06364157,0.00373698
0.7257877,3.65932e-11,0.20694497,5.8479372e-06,4.4476863e-07,1.7155584e-09,0.06353064,0.0037304896
0.7258391,3.6276596e-11,0.20697975,5.820758e-06,4.423487e-07,1.7034555e-09,0.06344982,0.0037250475
0.725919,3.5968877e-11,0.20697589,5.794641e-06,4.3996636e-07,1.691301e-09,0.06337897,0.0037199655
0.72593784,3.5650295e-11,0.2070551,5.7665593e-06,4.3754036e-07,1.6795244e-09,0.06328675,0.0037141277
0.7258697,3.5315546e-11,0.20725277,5.7356074e-06,4.3504457e-07,1.6682473e-09,0.063164115,0.003707256
0.72578454,3.498005e-11,0.20747346,5.7042193e-06,4.3254457e-07,1.6571143e-09,0.06303563,0.0037001737
0.7257871,3.466687e-11,0.20757434,5.6760327e-06,4.3014458e-07,1.6456487e-09,0.06293827,0.0036941874
0.72590965,3.43821e-11,0.2075112,5.6520603e-06,4.278694e-07,1.63371e-09,0.062883414,0.0036896646
0.72607136,3.4107956e-11,0.20739478,5.6295066e-06,4.2564304e-07,1.621679e-09,0.06284211,0.0036856316
0.72613823,3.3816217e-11,0.20740756,5.6038575e-06,4.233406e-07,1.6101651e-09,0.06276769,0.0036804473
0.7260413,3.349276e-11,0.20764329,5.5728406e-06,4.2089866e-07,1.5994703e-09,0.062636085,0.0036732906
0.7258345,3.31498e-11,0.20802805,5.53833e-06,4.1836992e-07,1.5893332e-09,0.06246662,0.0036648184
0.7256443,3.2814036e-11,0.20838948,5.5046253e-06,4.1587228e-07,1.579188e-09,0.062303796,0.0036565715
0.7255618,3.250323e-11,0.2086042,5.474652e-06,4.134867e-07,1.5686195e-09,0.062178444,0.003649634
0.7255702,3.2213527e-11,0.20869534,5.4478196e-06,4.1119694e-07,1.5577283e-09,0.06208472,0.003643808
0.72558063,3.1926923e-11,0.20878315,5.421202e-06,4.0892294e-07,1.546908e-09,0.061992366,0.0036380147
0.7255289,3.163062e-11,0.20895532,5.392688e-06,4.066038e-07,1.536424e-09,0.061878473,0.0036314863
0.72543323,3.1328783e-11,0.20918652,5.3629656e-06,4.0426175e-07,1.5261982e-09,0.061749943,0.0036244532
0.72536725,3.1035473e-11,0.20937729,5.3343374e-06,4.019577e-07,1.5159115e-09,0.061631896,0.0036177905
0.72537273,3.0758493e-11,0.20947133,5.308111e-06,3.9972974e-07,1.5053888e-09,0.06153819,0.0036119898
0.7254128,3.0490326e-11,0.20951845,5.2830965e-06,3.97543e-07,1.4948051e-09,0.061456513,0.0036065958
0.7254097,3.0216822e-11,0.20962328,5.2568994e-06,3.9533413e-07,1.4844735e-09,0.06136068,0.0036007122
0.7253311,2.993163e-11,0.20982997,5.228458e-06,3.930696e-07,1.4745044e-09,0.06123934,0.00359395
0.7252266,2.964468e-11,0.21007143,5.1993934e-06,3.9079734e-07,1.4647119e-09,0.061109554,0.0035869062
0.72517926,2.9370575e-11,0.21023548,5.172245e-06,3.8858673e-07,1.454755e-09,0.060999304,0.0035805341
0.7252193,2.9114787e-11,0.2102812,5.14792e-06,3.864631e-07,1.4445218e-09,0.06091879,0.0035751956
0.7252886,2.8866302e-11,0.21028782,5.1245665e-06,3.8437324e-07,1.4342433e-09,0.06084782,0.003570208
0.72529584,2.860913e-11,0.21037781,5.0994704e-06,3.8224516e-07,1.4242746e-09,0.060756367,0.0035645128
0.72521424,2.8338944e-11,0.21058695,5.0718354e-06,3.8005476e-07,1.4147199e-09,0.060635593,0.0035577938
0.7251154,2.8068388e-11,0.21081866,5.043864e-06,3.778636e-07,1.4052978e-09,0.06050967,0.0035508878
0.7251078,2.7815852e-11,0.21092784,5.0187264e-06,3.7575816e-07,1.3955842e-09,0.06041401,0.0035450559
0.7252254,2.7586544e-11,0.21086913,4.9973823e-06,3.7376674e-07,1.3854714e-09,0.06035956,0.0035406617
0.72538304,2.7366017e-11,0.21075612,4.9773344e-06,3.7181917e-07,1.3752796e-09,0.06031881,0.0035367403
0.7254449,2.7131346e-11,0.2107719,4.954552e-06,3.6980396e-07,1.3655215e-09,0.060246166,0.0035317312
0.7253376,2.6871035e-11,0.21101363,4.927015e-06,3.676652e-07,1.3564503e-09,0.060118634,0.003524786
0.7251183,2.6595105e-11,0.21140556,4.8963802e-06,3.654485e-07,1.3478375e-09,0.059954364,0.0035165779
0.7249176,2.6325045e-11,0.21177158,4.8665106e-06,3.6326068e-07,1.3392039e-09,0.059797034,0.0035086113
0.72482866,2.6075564e-11,0.21198784,4.8399916e-06,3.6117441e-07,1.3302318e-09,0.059676394,0.0035019317
0.7248346,2.5843263e-11,0.21207716,4.816291e-06,3.5917375e-07,1.3209812e-09,0.0595868,0.003496329
0.7248443,2.5613648e-11,0.2121611,4.7928215e-06,3.5718742e-07,1.3117866e-09,0.059498727,0.0034907898
0.7247902,2.5376295e-11,0.21233006,4.767683e-06,3.5516157e-07,1.302867e-09,0.059390042,0.0034845462
0.7246929,2.5134651e-11,0.21255639,4.7414983e-06,3.5311564e-07,1.2941579e-09,0.05926778,0.003477829
0.7246273,2.4899915e-11,0.21274017,4.7163207e-06,3.5110492e-07,1.2854015e-09,0.059156034,0.0034714653
0.72463524,2.4678624e-11,0.21282549,4.693328e-06,3.4916275e-07,1.2764539e-09,0.05906832,0.0034659558
0.72468096,2.4464776e-11,0.21286064,4.671434e-06,3.4725866e-07,1.2674438e-09,0.058992464,0.0034608685
0.7246841,2.4246499e-11,0.21295232,4.648505e-06,3.4533244e-07,1.2586323e-09,0.05890323,0.0034553213
0.7246102,2.4019094e-11,0.21314597,4.6236228e-06,3.433601e-07,1.2501375e-09,0.05878992,0.0034489215
0.72451,2.3790142e-11,0.21337438,4.5981974e-06,3.413805e-07,1.2417785e-09,0.05866844,0.0034422523
0.7244712,2.3572023e-11,0.2135211,4.5745255e-06,3.3945724e-07,1.2332831e-09,0.058566548,0.0034362627
0.72452325,2.3368725e-11,0.21354681,4.5533866e-06,3.3761094e-07,1.224551e-09,0.058493696,0.003431301
0.7246062,2.3171486e-11,0.21353175,4.5331526e-06,3.3579803e-07,1.2157843e-09,0.058430556,0.003426679
0.7246271,2.2967237e-11,0.2135988,4.5113607e-06,3.3394772e-07,1.207274e-09,0.05834782,0.003421375
0.7245566,2.2752413e-11,0.21378651,4.4873454e-06,3.320439e-07,1.1991064e-09,0.05823692,0.0034150835
0.72447026,2.2537555e-11,0.21399496,4.4630397e-06,3.30139e-07,1.1910406e-09,0.05812129,0.0034086378
0.7244787,2.2337365e-11,0.21407792,4.4413014e-06,3.2831232e-07,1.1827396e-09,0.05803531,0.0034032399
0.72461677,2.2156088e-11,0.21398927,4.4229687e-06,3.2658755e-07,1.1741016e-09,0.057989877,0.003399258
0.7247979,2.1982038e-11,0.21384382,4.4058097e-06,3.249026e-07,1.1654049e-09,0.05795779,0.0033957458
0.7248801,2.1796434e-11,0.21382892,4.3862224e-06,3.2315663e-07,1.157058e-09,0.057895083,0.0033911741
0.7247905,2.1590183e-11,0.2140408,4.362396e-06,3.2130094e-07,1.1492854e-09,0.05777925,0.0033847343
0.7245857,2.1371266e-11,0.21440417,4.3358414e-06,3.193765e-07,1.1418997e-09,0.057628304,0.0033770741
0.7244014,2.1157149e-11,0.21474022,4.3099644e-06,3.1747803e-07,1.1344982e-09,0.05748407,0.0033696452
0.72433233,2.0959613e-11,0.2149238,4.28709e-06,3.15669e-07,1.1268079e-09,0.057375684,0.0033634792
0.7243627,2.0776202e-11,0.21497667,4.266753e-06,3.1393733e-07,1.118888e-09,0.05729765,0.0033583893
0.72439635,2.0594965e-11,0.21502478,4.2466127e-06,3.1221833e-07,1.1110118e-09,0.057220995,0.0033533508
0.72436553,2.0407339e-11,0.2151574,4.225003e-06,3.1046517e-07,1.1033728e-09,0.057124916,0.0033476213
0.72429055,2.0216256e-11,0.2153478,4.2024567e-06,3.086927e-07,1.0959078e-09,0.05701557,0.003341438
0.72424865,2.0030817e-11,0.21549474,4.1808075e-06,3.069514e-07,1.0883995e-09,0.056916445,0.0033356235
0.7242838,1.9856198e-11,0.21554016,4.161114e-06,3.0527133e-07,1.0807321e-09,0.05684088,0.0033306314
0.7243574,1.9687562e-11,0.21553533,4.1424114e-06,3.036255e-07,1.0730158e-09,0.056776736,0.0033260465
0.72438693,1.9515336e-11,0.2155879,4.1227718e-06,3.0195983e-07,1.0654728e-09,0.056699775,0.0033210188
0.7243384,1.9335636e-11,0.21574253,4.101406e-06,3.0025348e-07,1.0581896e-09,0.056599494,0.0033151605
0.7242639,1.9154636e-11,0.21593152,4.0795185e-06,2.9853865e-07,1.0510208e-09,0.05649113,0.0033090506
0.7242502,1.8982281e-11,0.21603987,4.059211e-06,2.968744e-07,1.0437473e-09,0.056401942,0.0033035958
0.72433174,1.8821956e-11,0.21602403,4.041142e-06,2.952785e-07,1.036269e-09,0.056340743,0.0032991369
0.724444,1.8666515e-11,0.21596748,4.0238992e-06,2.9371176e-07,1.0287682e-09,0.05628918,0.0032950111
0.7244928,1.8505301e-11,0.21599418,4.005253e-06,2.9211216e-07,1.0214835e-09,0.056218483,0.0032902276
0.7244483,1.833539e-11,0.21614265,3.9845945e-06,2.904639e-07,1.0144874e-09,0.0561203,0.0032844753
0.7243869,1.8165329e-11,0.21631281,3.9636775e-06,2.8881462e-07,1.0075789e-09,0.056017425,0.0032785626
0.7244231,1.8007136e-11,0.2163556,3.945031e-06,2.8723449e-07,1.0004747e-09,0.05594345,0.003273676
0.7245911,1.7864262e-11,0.2162261,3.9294264e-06,2.8574357e-07,9.930953e-10,0.055908523,0.0032701562
0.72480243,1.7727061e-11,0.21603972,3.9148454e-06,2.8428772e-07,9.856581e-10,0.055886526,0.0032670978
0.72491276,1.7580416e-11,0.21598546,3.8980793e-06,2.8277742e-07,9.785284e-10,0.055834644,0.0032629895
0.72484756,1.7416903e-11,0.21616013,3.877526e-06,2.81169e-07,9.718729e-10,0.05573107,0.0032570784
0.7246638,1.7243007e-11,0.21648881,3.8545127e-06,2.794992e-07,9.655503e-10,0.055593356,0.0032499637
0.7245015,1.7072854e-11,0.21678944,3.8320823e-06,2.7785148e-07,9.592112e-10,0.05546193,0.0032430785
0.724456,1.6916196e-11,0.21693715,3.8123371e-06,2.7628383e-07,9.526385e-10,0.05536531,0.0032374177
0.72451085,1.6770783e-11,0.21695459,3.7948364e-06,2.747838e-07,9.458736e-10,0.055297755,0.0032327787
0.72456986,1.6627097e-11,0.21696627,3.7774953e-06,2.7329398e-07,9.391496e-10,0.055231657,0.0032281927
0.7245626,1.6478102e-11,0.21706425,3.7588136e-06,2.7177285e-07,9.326213e-10,0.055146262,0.003222943
0.7245094,1.6326234e-11,0.21722123,3.7393e-06,2.7023535e-07,9.2624747e-10,0.05504806,0.003217239
0.7244894,1.6178848e-11,0.21733521,3.7205643e-06,2.6872502e-07,9.198382e-10,0.054959565,0.0032118803
0.724548,1.6040162e-11,0.21734698,3.7035572e-06,2.6726786e-07,9.1329877e-10,0.054893713,0.0032073206
0.7246445,1.5906257e-11,0.21730942,3.687425e-06,2.658404e-07,9.0672025e-10,0.05483899,0.0032031606
0.7246972,1.5769299e-11,0.21732892,3.6704341e-06,2.6439477e-07,9.002839e-10,0.054771446,0.0031985492
0.724669,1.5626228e-11,0.21745294,3.651888e-06,2.6291283e-07,8.9407154e-10,0.05468109,0.0031931417
0.7246133,1.548201e-11,0.21761215,3.6328784e-06,2.6142357e-07,8.879631e-10,0.054583184,0.0031874715
0.7246213,1.5344713e-11,0.21768908,3.6152398e-06,2.5997747e-07,8.817536e-10,0.054503344,0.0031824354
0.7247239,1.5217176e-11,0.2176431,3.5996227e-06,2.5859237e-07,8.7538954e-10,0.054450788,0.0031783665
0.724859,1.5093508e-11,0.21755518,3.5847152e-06,2.5723256e-07,8.690026e-10,0.054407366,0.0031746284
0.7249275,1.496507e-11,0.21755311,3.5685407e-06,2.5584367e-07,8.628019e-10,0.05434535,0.0031702234
0.72490215,1.4829584e-11,0.21767274,3.550574e-06,2.544109e-07,8.5684004e-10,0.054256454,0.0031648956
0.7248593,1.4693788e-11,0.21781456,3.5323465e-06,2.529762e-07,8.50954e-10,0.054162957,0.0031594026
0.72491443,1.4567651e-11,0.2178295,3.5161522e-06,2.5160352e-07,8.449084e-10,0.05409741,0.0031548871
0.7251045,1.44538825e-11,0.21767019,3.5026742e-06,2.5030943e-07,8.3862667e-10,0.054069813,0.0031517232
0.7253384,1.43447155e-11,0.21745421,3.4901009e-06,2.4904537e-07,8.3230534e-10,0.054054666,0.003148987
0.7254694,1.4227865e-11,0.21737094,3.475584e-06,2.4773408e-07,8.262406e-10,0.054010652,0.0031452437
0.7254219,1.4097195e-11,0.21751846,3.4576499e-06,2.4633474e-07,8.205736e-10,0.053916235,0.003139735
0.7252543,1.3958037e-11,0.21782045,3.437514e-06,2.4488105e-07,8.151852e-10,0.05378854,0.0031330653
0.72510785,1.3821945e-11,0.21809487,3.4179013e-06,2.434472e-07,8.097863e-10,0.053666964,0.0031266115
0.725081,1.3696754e-11,0.21821475,3.4006798e-06,2.4208313e-07,8.041907e-10,0.053579245,0.0031213462
0.7251569,1.3580755e-11,0.2182024,3.385464e-06,2.4077872e-07,7.9843304e-10,0.05351994,0.0031170975
0.72523594,1.3466054e-11,0.21818562,3.370414e-06,2.3948468e-07,7.9271406e-10,0.053461958,0.0031128784
0.725248,1.3347141e-11,0.21825501,3.3541676e-06,2.381633e-07,7.871615e-10,0.05338545,0.0031080225
0.7252142,1.32257694e-11,0.2183833,3.3371427e-06,2.3682544e-07,7.817357e-10,0.053296257,0.0031027242
0.72521496,1.3108e-11,0.21846704,3.320825e-06,2.355117e-07,7.762776e-10,0.053216625,0.003097758
0.72529495,1.2997383e-11,0.21844885,3.306073e-06,2.3424606e-07,7.707123e-10,0.053159114,0.0030935912
0.7254138,1.2890628e-11,0.2183803,3.2921064e-06,2.3300679e-07,7.6512e-10,0.053112607,0.0030897912
0.725489,1.2781418e-11,0.21836813,3.2773698e-06,2.3175083e-07,7.5964157e-10,0.053053766,0.0030855755
0.7254818,1.26671295e-11,0.21846159,3.2612277e-06,2.3046249e-07,7.5435236e-10,0.052972578,0.0030805713
0.7254486,1.2551975e-11,0.21858808,3.2446924e-06,2.2916831e-07,7.4914897e-10,0.052884452,0.0030753317
0.7254789,1.2442516e-11,0.21863286,3.2293954e-06,2.2791244e-07,7.438678e-10,0.05281395,0.0030707081
0.72560686,1.2340918e-11,0.21855257,3.215894e-06,2.2671037e-07,7.3845136e-10,0.05277002,0.003067029
0.7257677,1.2242457e-11,0.21843013,3.2030366e-06,2.2553043e-07,7.3301104e-10,0.052734997,0.0030636608
0.7258621,1.2140172e-11,0.21839273,3.1890659e-06,2.2432499e-07,7.27733e-10,0.05268206,0.0030596692
0.7258613,1.203209e-11,0.2184773,3.1734714e-06,2.2308036e-07,7.2265177e-10,0.052603167,0.0030547748
0.725844,1.1923833e-11,0.21858273,3.1576676e-06,2.2183545e-07,7.1763756e-10,0.052520126,0.0030497306
0.7259262,1.1823403e-11,0.21856058,3.143689e-06,2.2064435e-07,7.124881e-10,0.05246412,0.0030456476
0.72614545,1.1733055e-11,0.218363,3.1321422e-06,2.1952327e-07,7.071448e-10,0.05244532,0.0030428548
0.7264096,1.1646472e-11,0.2181077,3.1214174e-06,2.1842885e-07,7.017632e-10,0.05243876,0.0030405005
0.72657025,1.15536105e-11,0.2179852,3.1089453e-06,2.1729193e-07,6.965955e-10,0.052404087,0.0030371689
0.7265506,1.1449514e-11,0.21809345,3.0934232e-06,2.1607822e-07,6.9176653e-10,0.052320648,0.003032132
0.72641075,1.1338485e-11,0.2183551,3.0759322e-06,2.1481648e-07,6.871691e-10,0.0522049,0.0030259725
0.72629255,1.1229941e-11,0.21858893,3.0589079e-06,2.1357192e-07,6.8256417e-10,0.052095376,0.0030200288
0.7262962,1.1130242e-11,0.21866678,3.044029e-06,2.1238925e-07,6.777934e-10,0.052018635,0.003015238
0.7264025,1.1038039e-11,0.21861309,3.030966e-06,2.1125992e-07,6.728879e-10,0.05196982,0.0030114274
0.726514,1.0946928e-11,0.21855302,3.0180236e-06,2.1013825e-07,6.6801253e-10,0.05192223,0.0030076616
0.72655797,1.0852291e-11,0.21857896,3.0040208e-06,2.0899198e-07,6.6327654e-10,0.05185661,0.0030032687
0.7265554,1.0755648e-11,0.2186641,2.9893263e-06,2.0783268e-07,6.5865e-10,0.05177887,0.002998456
0.7265882,1.0661971e-11,0.21870421,2.9752714e-06,2.0669499e-07,6.539978e-10,0.051710512,0.002993974
0.7267012,1.05741076e-11,0.21864165,2.9626156e-06,2.055992e-07,6.4925687e-10,0.05166379,0.0029902502
0.7268542,1.0489265e-11,0.21852823,2.9506425e-06,2.0452472e-07,6.4448624e-10,0.0516276,0.002986906
0.72696185,1.040249e-11,0.21847242,2.938002e-06,2.0343793e-07,6.39823e-10,0.05157953,0.0029831366
0.7269886,1.0311567e-11,0.21851984,2.9240946e-06,2.0232166e-07,6.3531536e-10,0.05150983,0.0029786238
0.7269871,1.0219813e-11,0.21860297,2.9098123e-06,2.011995e-07,6.308788e-10,0.05143298,0.0029738608
0.72705114,1.0132667e-11,0.21860285,2.896634e-06,2.001111e-07,6.2637556e-10,0.05137331,0.002969708
0.7272123,1.00519e-11,0.2184785,2.885078e-06,1.9907002e-07,6.2176214e-10,0.051339727,0.0029664559
0.7274066,9.973658e-12,0.21831232,2.8740772e-06,1.9804749e-07,6.17132e-10,0.051314533,0.0029635155
0.7275332,9.892273e-12,0.21823166,2.8620739e-06,1.9700322e-07,6.1263805e-10,0.051272094,0.002959962
0.7275649,9.806062e-12,0.21827257,2.8486018e-06,1.9592393e-07,6.08311e-10,0.051204056,0.0029555282
0.72757876,9.719678e-12,0.21833545,2.8349323e-06,1.9484378e-07,6.040424e-10,0.05113181,0.0029509417
0.72769254,9.63957e-12,0.21827154,2.822875e-06,1.9381021e-07,5.9965954e-10,0.05108563,0.0029472783
0.72794384,9.5677485e-12,0.2180325,2.813007e-06,1.9283861e-07,5.951167e-10,0.05107584,0.0029448818
0.7282388,9.4988045e-12,0.21773781,2.803855e-06,1.9188921e-07,5.905411e-10,0.05107761,0.0029428808
0.72842926,9.424725e-12,0.21757597,2.793124e-06,1.9090284e-07,5.861502e-10,0.051051833,0.0029399334
0.72843814,9.341387e-12,0.2176454,2.7796323e-06,1.8984781e-07,5.820408e-10,0.050978187,0.0029353283
0.7283253,9.252332e-12,0.21786919,2.764354e-06,1.8875066e-07,5.7813154e-10,0.050873015,0.0029296163
0.7282333,9.165226e-12,0.21806614,2.7494793e-06,1.8766804e-07,5.7421895e-10,0.050773557,0.0029241063
0.728263,9.08531e-12,0.21810856,2.736517e-06,1.8663941e-07,5.7016714e-10,0.05070583,0.0029197212
0.72839504,9.011393e-12,0.2180208,2.725157e-06,1.8565648e-07,5.6600324e-10,0.050664987,0.002916257
0.7285306,8.938275e-12,0.21792851,2.713909e-06,1.8468067e-07,5.6186805e-10,0.050625123,0.0029128399
0.7285978,8.86223e-12,0.21792307,2.7016656e-06,1.8368276e-07,5.578512e-10,0.050567478,0.0029087986
0.7286169,8.7844575e-12,0.21797824,2.688792e-06,1.8267244e-07,5.53929e-10,0.050497595,0.0029043385
0.7286703,8.709041e-12,0.21799026,2.6764626e-06,1.8168002e-07,5.4998683e-10,0.05043651,0.002900192
0.72880304,8.638243e-12,0.2179013,2.6653672e-06,1.807237e-07,5.459707e-10,0.05039605,0.002896764
0.7289739,8.5698905e-12,0.21776398,2.6548819e-06,1.797873e-07,5.419358e-10,0.05036563,0.0028936854
0.7290986,8.499837e-12,0.21768513,2.6437606e-06,1.7883795e-07,5.379889e-10,0.050323322,0.0028901948
0.7291405,8.426313e-12,0.21771136,2.6314735e-06,1.7786186e-07,5.3417515e-10,0.050259355,0.0028859605
0.72915393,8.352062e-12,0.21777348,2.6188388e-06,1.7688131e-07,5.304243e-10,0.050188314,0.0028814788
0.7292301,8.281485e-12,0.21775594,2.6071777e-06,1.7592937e-07,5.2662064e-10,0.050133567,0.0028775723
0.7294032,8.2160416e-12,0.21761557,2.5969464e-06,1.7501834e-07,5.2272625e-10,0.050103903,0.002874529
0.729607,8.152608e-12,0.21743634,2.5872014e-06,1.7412329e-07,5.1882104e-10,0.050082088,0.0028717683
0.72974294,8.086475e-12,0.21734312,2.5765237e-06,1.73208e-07,5.1502685e-10,0.050042816,0.0028684053
0.7297809,8.016407e-12,0.21737371,2.5645104e-06,1.7226186e-07,5.113828e-10,0.049978573,0.0028641797
0.7298008,7.946051e-12,0.21742712,2.5522882e-06,1.7131404e-07,5.07783e-10,0.049909513,0.0028597855
0.7299189,7.880829e-12,0.21735613,2.5415077e-06,1.7040735e-07,5.0409366e-10,0.04986604,0.0028562807
0.7301729,7.822191e-12,0.2171133,2.5326638e-06,1.695535e-07,5.0026655e-10,0.04985711,0.0028539794
0.7304692,7.7659485e-12,0.2168167,2.5244567e-06,1.687195e-07,4.9641774e-10,0.049859326,0.002852054
0.7306598,7.705393e-12,0.21665393,2.5148051e-06,1.678523e-07,4.9272253e-10,0.049834415,0.0028491996
0.7306677,7.637277e-12,0.21672238,2.502657e-06,1.6692488e-07,4.892722e-10,0.049762525,0.0028447318
0.73055214,7.564386e-12,0.21694659,2.4888789e-06,1.6595935e-07,4.859844e-10,0.0496594,0.0028391825
0.7304564,7.4930505e-12,0.21714583,2.4754395e-06,1.6500606e-07,4.826968e-10,0.04956137,0.00283382
0.73048073,7.427517e-12,0.21719283,2.463713e-06,1.641001e-07,4.7929366e-10,0.04949435,0.0028295245
0.73060673,7.366868e-12,0.21711141,2.4534147e-06,1.6323366e-07,4.7580007e-10,0.049453076,0.0028261223
0.7307353,7.306838e-12,0.21702686,2.4431915e-06,1.6237328e-07,4.7232906e-10,0.049412534,0.0028227526
0.73079395,7.244365e-12,0.21703038,2.432082e-06,1.6149335e-07,4.689619e-10,0.04935436,0.0028187688
0.7308045,7.1804333e-12,0.2170946,2.420372e-06,1.6060164e-07,4.6566984e-10,0.04928395,0.002814371
0.7308473,7.118424e-12,0.21711788,2.40916e-06,1.597268e-07,4.623675e-10,0.04922201,0.0028102698
0.7309694,7.060127e-12,0.2170411,2.399036e-06,1.5888196e-07,4.5900006e-10,0.049180076,0.0028068605
0.73112935,7.003845e-12,0.21691662,2.3894538e-06,1.580546e-07,4.556181e-10,0.04914765,0.0028037743
0.7312417,6.946101e-12,0.2168523,2.3792895e-06,1.5721592e-07,4.523101e-10,0.049103215,0.0028002886
0.73127055,6.885538e-12,0.21689291,2.3680784e-06,1.5635429e-07,4.4911533e-10,0.04903781,0.0027960788
0.73126996,6.8243948e-12,0.21697055,2.356544e-06,1.5548756e-07,4.4597534e-10,0.04896534,0.0027916336
0.73133254,6.7662113e-12,0.21696843,2.3458767e-06,1.5464634e-07,4.4278997e-10,0.04890876,0.0027877328
0.7314914,6.7122362e-12,0.21684508,2.336501e-06,1.5384138e-07,4.3953013e-10,0.048876323,0.002784655
0.73168105,6.6598727e-12,0.21668299,2.3275559e-06,1.5304984e-07,4.3625853e-10,0.048851542,0.0027818675
0.7318026,6.605325e-12,0.21660654,2.3177722e-06,1.5224032e-07,4.3308163e-10,0.04880992,0.002778482
0.73182577,6.5475316e-12,0.21665391,2.3067776e-06,1.5140421e-07,4.300275e-10,0.04874351,0.002774262
0.73183036,6.489572e-12,0.2167245,2.2956128e-06,1.5056685e-07,4.270159e-10,0.04867274,0.0027698977
0.73193383,6.4357686e-12,0.2166706,2.2857434e-06,1.497652e-07,4.239257e-10,0.048626773,0.0027663726
0.73217326,6.387384e-12,0.21644568,2.2776119e-06,1.4901023e-07,4.2071935e-10,0.048614576,0.0027640203
0.7324561,6.34096e-12,0.21616596,2.270059e-06,1.4827283e-07,4.1749662e-10,0.048613414,0.0027620401
0.73263305,6.2910215e-12,0.2160197,2.2612116e-06,1.475062e-07,4.1440068e-10,0.048585687,0.002759162
0.73262644,6.23494e-12,0.21610409,2.2501276e-06,1.4668701e-07,4.1150863e-10,0.04851233,0.0027547188
0.73249775,6.1749954e-12,0.21634202,2.2375812e-06,1.4583446e-07,4.08755e-10,0.048408654,0.0027492368
0.73238826,6.1163353e-12,0.21655509,2.2253557e-06,1.4499287e-07,4.0600176e-10,0.048310276,0.0027439413
0.7324007,6.062477e-12,0.21661517,2.2146808e-06,1.4419334e-07,4.0314962e-10,0.04824206,0.0027396826
0.7325153,6.012568e-12,0.216547,2.205281e-06,1.434286e-07,4.0021836e-10,0.04819904,0.002736292
0.73263264,5.96323e-12,0.21647494,2.1959795e-06,1.4266939e-07,3.9730919e-10,0.04815709,0.0027329382
0.73268104,5.911935e-12,0.21648966,2.1858714e-06,1.418933e-07,3.9448478e-10,0.048097935,0.0027290036
0.7326819,5.85946e-12,0.21656382,2.1752455e-06,1.4110714e-07,3.9172227e-10,0.048027314,0.0027246717
0.73271626,5.8085815e-12,0.21659589,2.1650674e-06,1.4033523e-07,3.8894943e-10,0.04796493,0.002720628
0.73283035,5.7608024e-12,0.21652776,2.155895e-06,1.3959165e-07,3.8612333e-10,0.047922265,0.0027172694
0.7329837,5.7146714e-12,0.21641059,2.1472124e-06,1.3886262e-07,3.832827e-10,0.047889207,0.0027142297
0.7330899,5.6673884e-12,0.21635221,2.138013e-06,1.3812391e-07,3.8050313e-10,0.04784472,0.002710811
0.7331136,5.6178586e-12,0.21639736,2.127895e-06,1.3736593e-07,3.7782005e-10,0.04778003,0.0027066984
0.7331093,5.5678487e-12,0.21647763,2.1174915e-06,1.366031e-07,3.751788e-10,0.04770847,0.0027023584
0.73316896,5.5203134e-12,0.21647748,2.1078836e-06,1.3586363e-07,3.7250109e-10,0.04765276,0.0026985658
0.7333263,5.476231e-12,0.2163551,2.0994376e-06,1.351552e-07,3.6975634e-10,0.0476208,0.002695586
0.7335151,5.4335204e-12,0.21619295,2.0914001e-06,1.3445992e-07,3.670055e-10,0.047596868,0.0026928738
0.73363656,5.389035e-12,0.21611537,2.0826158e-06,1.3374905e-07,3.6433068e-10,0.04755622,0.002689603
0.7336602,5.3419274e-12,0.21615985,2.0727618e-06,1.330147e-07,3.617609e-10,0.047492057,0.0026855296
0.73366714,5.294728e-12,0.21622561,2.0627579e-06,1.3227981e-07,3.5922368e-10,0.04742375,0.0026813159
0.73377335,5.250938e-12,0.21616681,2.0539221e-06,1.3157599e-07,3.566185e-10,0.047379736,0.0026779396
0.73401695,5.211596e-12,0.21593626,2.0466737e-06,1.309141e-07,3.539196e-10,0.047369014,0.002675701
0.73430485,5.173867e-12,0.21565002,2.0399475e-06,1.3026765e-07,3.5120126e-10,0.047369182,0.0026738278
0.734488,5.1333174e-12,0.21549512,2.0320651e-06,1.2959548e-07,3.4859102e-10,0.047343615,0.0026710816
0.7344875,5.087763e-12,0.21556956,2.022185e-06,1.2887759e-07,3.4615188e-10,0.04727399,0.002666842
0.73436445,5.0390616e-12,0.21579735,2.010989e-06,1.2813032e-07,3.4382858e-10,0.04717461,0.0026615947
0.73426276,4.9914374e-12,0.21599786,2.0000923e-06,1.2739304e-07,3.4150402e-10,0.04708078,0.0026565364
0.734283,4.9477163e-12,0.21604604,1.990591e-06,1.2669284e-07,3.3909756e-10,0.04701645,0.0026524805
0.7344069,4.907298e-12,0.21596485,1.982263e-06,1.2602368e-07,3.3662584e-10,0.046977032,0.0026492772
0.7345338,4.867295e-12,0.21587965,1.9740023e-06,1.2535878e-07,3.3416714e-10,0.046938367,0.0026461137
0.7345919,4.825711e-12,0.21588023,1.9650372e-06,1.2467954e-07,3.3178268e-10,0.046883408,0.0026423854
0.7346033,4.7832016e-12,0.21593939,1.955606e-06,1.2399182e-07,3.2945083e-10,0.04681709,0.0026382813
0.7346483,4.741989e-12,0.21595612,1.946582e-06,1.2331661e-07,3.2710912e-10,0.046759136,0.0026344603
0.7347733,4.703285e-12,0.21587302,1.9384538e-06,1.2266568e-07,3.247228e-10,0.046720356,0.0026312964
0.7349381,4.6659504e-12,0.21574049,1.9307736e-06,1.2202828e-07,3.223234e-10,0.04669099,0.0026284552
0.73505616,4.627664e-12,0.21566613,1.9226309e-06,1.213822e-07,3.1997682e-10,0.046650387,0.002625231
0.735091,4.587535e-12,0.21569547,1.9136594e-06,1.207186e-07,3.1771022e-10,0.046590265,0.0026213485
0.73509747,4.547007e-12,0.21575972,1.9044294e-06,1.2005158e-07,3.1548053e-10,0.04652354,0.0026172453
0.73516846,4.508496e-12,0.21574393,1.8959075e-06,1.1940388e-07,3.1321754e-10,0.046471916,0.002613664
0.7353367,4.4728136e-12,0.21560672,1.8884405e-06,1.1878464e-07,3.109016e-10,0.046443716,0.0026108688
0.73553735,4.4382007e-12,0.21542938,1.8813291e-06,1.1817631e-07,3.085775e-10,0.046422947,0.0026083342
0.7356696,4.4021696e-12,0.21533705,1.8735489e-06,1.17554315e-07,3.0632055e-10,0.04638613,0.0026052615
0.735704,4.363977e-12,0.21536641,1.8647999e-06,1.16911465e-07,3.0415045e-10,0.046326254,0.002601402
0.73572105,4.325684e-12,0.21541741,1.8559048e-06,1.1626782e-07,3.0200817e-10,0.04626212,0.0025974105
0.7358372,4.2901615e-12,0.21534503,1.8480692e-06,1.15651915e-07,2.9981048e-10,0.046221703,0.0025942195
0.73609054,4.2582647e-12,0.21510181,1.8416454e-06,1.1507255e-07,2.975326e-10,0.04621361,0.0025921247
0.73638767,4.2276707e-12,0.21480416,1.8356892e-06,1.1450638e-07,2.9524005e-10,0.046215888,0.0025903855
0.73657876,4.194755e-12,0.21463832,1.8286897e-06,1.1391767e-07,2.9303976e-10,0.046193264,0.0025878015
0.7365862,4.1577262e-12,0.21470088,1.8198771e-06,1.1328829e-07,2.909825e-10,0.046127148,0.0025837529
0.7364707,4.118112e-12,0.2149165,1.8098845e-06,1.1263314e-07,2.8902317e-10,0.046032205,0.0025787337
0.73637533,4.079384e-12,0.21510641,1.8001555e-06,1.1198699e-07,2.8706354e-10,0.045942444,0.0025738939
0.7364012,4.043814e-12,0.21514577,1.7916719e-06,1.1137298e-07,2.8503633e-10,0.04588124,0.002570012
0.73653054,4.0109066e-12,0.21505658,1.7842294e-06,1.10785685e-07,2.82952e-10,0.04584403,0.0025669616
0.7366628,3.978329e-12,0.21496354,1.7768534e-06,1.1020258e-07,2.8088187e-10,0.045807786,0.0025639343
0.7367254,3.944468e-12,0.21495701,1.7688313e-06,1.0960672e-07,2.788734e-10,0.045755357,0.00256036
0.7367398,3.9098195e-12,0.21501021,1.7603842e-06,1.09002805e-07,2.7690977e-10,0.04569169,0.0025564206
0.73678815,3.8762158e-12,0.21502124,1.7522988e-06,1.084101e-07,2.7493802e-10,0.04563603,0.0025527463
0.73691624,3.8446507e-12,0.21493335,1.7450133e-06,1.0783846e-07,2.7292862e-10,0.04559887,0.0025497058
0.7370834,3.8142068e-12,0.21479686,1.7381318e-06,1.07278886e-07,2.7091052e-10,0.045570992,0.00254697
0.73720366,3.7829622e-12,0.21471862,1.7308257e-06,1.0671106e-07,2.6893535e-10,0.045532033,0.0025438727
0.7372401,3.750209e-12,0.2147442,1.7227677e-06,1.0612818e-07,2.670283e-10,0.04547383,0.0025401243
0.73724824,3.7171217e-12,0.21480472,1.714477e-06,1.0554192e-07,2.6515187e-10,0.045409024,0.002536162
0.7373203,3.685686e-12,0.21478598,1.7068313e-06,1.0497332e-07,2.632497e-10,0.04535925,0.0025327045
0.73749006,3.656541e-12,0.2146462,1.7001192e-06,1.0442897e-07,2.613001e-10,0.04533198,0.002530009
0.73769134,3.6282943e-12,0.21446718,1.6937337e-06,1.03894365e-07,2.593463e-10,0.045312103,0.0025275615
0.73782444,3.598854e-12,0.21437275,1.6867383e-06,1.03347496e-07,2.5744715e-10,0.045276497,0.0025245892
0.7378597,3.567669e-12,0.21439914,1.6788811e-06,1.0278284e-07,2.556216e-10,0.04521851,0.0025208641
0.73787755,3.5364006e-12,0.21444727,1.6708934e-06,1.0221718e-07,2.5381994e-10,0.04515638,0.0025170057
0.7379962,3.507417e-12,0.21437053,1.6638596e-06,1.0167621e-07,2.5197025e-10,0.04511758,0.0025139353
0.7382519,3.4813875e-12,0.21412437,1.6581005e-06,1.0116727e-07,2.5005312e-10,0.045110058,0.0025119241
0.73855215,3.4564513e-12,0.21382265,1.6527729e-06,1.0067019e-07,2.4812383e-10,0.045113195,0.002510263
0.73874706,3.4296207e-12,0.21365136,1.6465093e-06,1.0015336e-07,2.4627103e-10,0.045092084,0.0025077832
0.7387587,3.3994491e-12,0.21370688,1.6386214e-06,9.960104e-08,2.4453928e-10,0.04502878,0.0025039036
0.73864853,3.3671952e-12,0.21391296,1.6296816e-06,9.902649e-08,2.42889e-10,0.044937693,0.0024990884
0.7385601,3.335657e-12,0.21409205,1.6209898e-06,9.845962e-08,2.4123667e-10,0.044851717,0.00249445
0.73859435,3.3067477e-12,0.21411932,1.6134288e-06,9.792163e-08,2.3952665e-10,0.044793952,0.0024907668
0.73873305,3.280022e-12,0.21401721,1.6068166e-06,9.74072e-08,2.3776986e-10,0.044760127,0.0024878809
0.73887646,3.2536079e-12,0.21390958,1.6002707e-06,9.6896834e-08,2.3602292e-10,0.04472721,0.0024850285
0.73895186,3.2261552e-12,0.21388574,1.5931672e-06,9.6375494e-08,2.3432717e-10,0.04467908,0.002481675
0.7389816,3.1981145e-12,0.2139182,1.5856931e-06,9.584756e-08,2.3266822e-10,0.044620518,0.0024779683
0.7390466,3.1709399e-12,0.21390723,1.5785641e-06,9.532978e-08,2.310021e-10,0.044570066,0.00247454
0.73919386,3.1454683e-12,0.21379443,1.5721712e-06,9.483088e-08,2.2930259e-10,0.044538297,0.0024717364
0.73938173,3.120944e-12,0.21363148,1.5661564e-06,9.434283e-08,2.2759376e-10,0.04451594,0.0024692486
0.7395259,3.0958194e-12,0.21352261,1.5597817e-06,9.3848335e-08,2.2592138e-10,0.044483412,0.002466425
0.73958844,3.0694802e-12,0.2135142,1.5527509e-06,9.334114e-08,2.243045e-10,0.044432726,0.0024629964
0.73962575,3.0429249e-12,0.21353717,1.5455338e-06,9.28313e-08,2.2271246e-10,0.044376146,0.00245938
0.7397299,3.0177469e-12,0.21347722,1.5389088e-06,9.2337075e-08,2.2109599e-10,0.04433493,0.002456271
0.73993415,2.994484e-12,0.21329418,1.5331584e-06,9.186474e-08,2.1944017e-10,0.04431616,0.0024539207
0.7401734,2.971994e-12,0.21306771,1.5277159e-06,9.140159e-08,2.1777713e-10,0.044305384,0.0024518338
0.7403477,2.948581e-12,0.21292143,1.5217581e-06,9.0928445e-08,2.1616046e-10,0.044280015,0.002449264
0.74042803,2.9237884e-12,0.21289073,1.5150432e-06,9.044014e-08,2.1460467e-10,0.04423354,0.0024459863
0.74049366,2.89898e-12,0.21287833,1.5082402e-06,8.995164e-08,2.1306765e-10,0.044183742,0.0024426107
0.74066275,2.8760566e-12,0.21273836,1.5023136e-06,8.948494e-08,2.1148848e-10,0.04415728,0.0024400111
0.74097294,2.8556105e-12,0.21242453,1.4975686e-06,8.9047035e-08,2.0985007e-10,0.04416245,0.00243847
0.7413303,2.836085e-12,0.21205223,1.4932284e-06,8.861986e-08,2.0820065e-10,0.044178605,0.002437287
0.7415868,2.8150793e-12,0.2118044,1.4880777e-06,8.8176236e-08,2.0661485e-10,0.04417192,0.0024353438
0.7416639,2.791364e-12,0.21177754,1.4814916e-06,8.7702304e-08,2.0512841e-10,0.044124864,0.0024320688
0.74162406,2.765993e-12,0.21189505,1.47398e-06,8.7209195e-08,2.037099e-10,0.044051375,0.0024279226
0.7416098,2.7412653e-12,0.21198091,1.4667133e-06,8.672366e-08,2.0228925e-10,0.043983784,0.0024239717
0.7417212,2.7186918e-12,0.2119117,1.4604874e-06,8.626303e-08,2.0081681e-10,0.043944564,0.0024209614
0.7419395,2.6979734e-12,0.21171081,1.4551508e-06,8.5824794e-08,1.9930507e-10,0.043929372,0.0024187507
0.7421659,2.6775342e-12,0.21149972,1.4498966e-06,8.538989e-08,1.9780047e-10,0.0439162,0.0024166063
0.74232936,2.6562689e-12,0.21136661,1.4441542e-06,8.4945675e-08,1.9633584e-10,0.04388854,0.0024139916
0.7424503,2.6345647e-12,0.21128537,1.4381095e-06,8.449683e-08,1.9490361e-10,0.04385176,0.0024110682
0.74261034,2.6136133e-12,0.21115623,1.4323922e-06,8.405688e-08,1.9346284e-10,0.043823477,0.002408438
0.7428548,2.5940684e-12,0.21092302,1.4273606e-06,8.363397e-08,1.9199305e-10,0.043814328,0.0024064316
0.74314237,2.5753197e-12,0.21063651,1.4226895e-06,8.322056e-08,1.9051417e-10,0.04381491,0.0024047554
0.74338937,2.556118e-12,0.2103999,1.4177195e-06,8.28026e-08,1.8906555e-10,0.04380634,0.0024027757
0.74355966,2.535946e-12,0.21025795,1.4121669e-06,8.237352e-08,1.876637e-10,0.04378064,0.0024002306
0.74370784,2.5156038e-12,0.21014325,1.4064627e-06,8.1942346e-08,1.8628053e-10,0.043749813,0.0023975228
0.74392456,2.496412e-12,0.20994405,1.4013116e-06,8.152544e-08,1.8487735e-10,0.043734528,0.00239533
0.7442418,2.4787926e-12,0.20962095,1.3969591e-06,8.112749e-08,1.8343914e-10,0.043741852,0.002393881
0.7445957,2.4618363e-12,0.20925233,1.3929076e-06,8.0738225e-08,1.8199678e-10,0.043757685,0.0023927002
0.7448885,2.4441232e-12,0.20895945,1.3883936e-06,8.033991e-08,1.8059083e-10,0.04375947,0.0023910706
0.7450901,2.4252692e-12,0.20877855,1.3832006e-06,7.99286e-08,1.792367e-10,0.043740954,0.0023887695
0.74528027,2.4064034e-12,0.20861207,1.377935e-06,7.95174e-08,1.7789743e-10,0.043719728,0.0023863856
0.7455722,2.3890952e-12,0.20831993,1.3734725e-06,7.912544e-08,1.7652359e-10,0.043721676,0.002384766
0.74600315,2.3738058e-12,0.20785613,1.3700816e-06,7.875789e-08,1.7509941e-10,0.043755043,0.002384161
0.7464813,2.3592755e-12,0.20733406,1.3670651e-06,7.840028e-08,1.7366619e-10,0.04379925,0.002383913
0.746861,2.3434913e-12,0.20693329,1.3633105e-06,7.802801e-08,1.7228664e-10,0.04382134,0.0023829325
0.7470667,2.3254818e-12,0.20674723,1.3582463e-06,7.7629046e-08,1.7099135e-10,0.043803945,0.0023806845
0.7471583,2.306084e-12,0.2067024,1.3523365e-06,7.72137e-08,1.6975464e-10,0.0437604,0.0023775818
0.74727416,2.2871791e-12,0.20662704,1.346645e-06,7.680482e-08,1.6851628e-10,0.043722715,0.0023746623
0.7475128,2.2700357e-12,0.2064003,1.3418977e-06,7.64175e-08,1.6723595e-10,0.043712847,0.002372663
0.74785507,2.2543731e-12,0.20604573,1.3379324e-06,7.604847e-08,1.6592121e-10,0.043726373,0.0023714167
0.74820393,2.2389232e-12,0.20568271,1.3340426e-06,7.5682735e-08,1.6461416e-10,0.043741744,0.0023702353
0.74849,2.2227558e-12,0.20539726,1.3296909e-06,7.530855e-08,1.6334321e-10,0.043742716,0.002368583
0.7487335,2.206176e-12,0.20516433,1.325044e-06,7.492966e-08,1.6209852e-10,0.043734092,0.0023666199
0.7490132,2.1901673e-12,0.2048868,1.3206746e-06,7.455826e-08,1.6084897e-10,0.043733653,0.0023649246
0.74937177,2.1752836e-12,0.20451139,1.3169125e-06,7.4200884e-08,1.5957682e-10,0.043751586,0.0023638152
0.74977076,2.1610127e-12,0.20408627,1.3134573e-06,7.385144e-08,1.5829785e-10,0.043778516,0.0023630005
0.75012726,2.1462996e-12,0.2037136,1.3097056e-06,7.349721e-08,1.5704507e-10,0.043795906,0.0023618785
0.75040615,2.1307504e-12,0.20343651,1.305397e-06,7.3133066e-08,1.5583392e-10,0.043795705,0.0023601905
0.75066054,2.1149822e-12,0.20318997,1.3009184e-06,7.276653e-08,1.5464116e-10,0.04378973,0.0023583136
0.75097716,2.1001135e-12,0.20286626,1.2969175e-06,7.241169e-08,1.534325e-10,0.04379826,0.0023569057
0.7513876,2.0865005e-12,0.20242637,1.2936193e-06,7.207251e-08,1.521965e-10,0.04382851,0.0023561951
0.7518291,2.073353e-12,0.20194799,1.2905534e-06,7.173951e-08,1.509568e-10,0.04386589,0.0023557055
0.7522062,2.0595227e-12,0.2015489,1.2870366e-06,7.139863e-08,1.497526e-10,0.04388875,0.0023547583
0.7524919,2.0446847e-12,0.20126331,1.2828632e-06,7.1045726e-08,1.485932e-10,0.04389039,0.0023531266
0.7527611,2.0297579e-12,0.20099787,1.2785861e-06,7.069219e-08,1.4744853e-10,0.043888282,0.002351376
0.7531242,2.0160525e-12,0.20061612,1.2750006e-06,7.0354e-08,1.4627673e-10,0.043908022,0.0023503134
0.75361484,2.0039584e-12,0.20007598,1.2723599e-06,7.003635e-08,1.4506409e-10,0.043957587,0.0023502135
0.75414497,1.9924056e-12,0.19948655,1.270017e-06,6.972588e-08,1.4384534e-10,0.044016708,0.0023504004
0.7545747,1.9797631e-12,0.19902143,1.2669628e-06,6.940235e-08,1.4267497e-10,0.044052605,0.0023498521
0.7548328,1.9652008e-12,0.19876966,1.2626682e-06,6.905538e-08,1.4157849e-10,0.044048198,0.0023480286
0.7549762,1.9494079e-12,0.19866034,1.2575539e-06,6.869341e-08,1.4053397e-10,0.044016756,0.0023453583
0.7551371,1.933956e-12,0.19852898,1.2525943e-06,6.833596e-08,1.3949078e-10,0.04398968,0.0023428262
0.755409,1.919897e-12,0.19825985,1.248453e-06,6.7996325e-08,1.3841364e-10,0.04398868,0.0023411121
0.7557744,1.906983e-12,0.1978747,1.2449885e-06,6.767139e-08,1.373094e-10,0.044009596,0.002340092
0.7561396,1.8941623e-12,0.19748947,1.2415412e-06,6.7348225e-08,1.3621416e-10,0.04403061,0.0023390714
0.7564377,1.88069e-12,0.19718748,1.2376298e-06,6.70172e-08,1.3515147e-10,0.044036023,0.0023375603
0.7566902,1.8667947e-12,0.19694223,1.2334009e-06,6.668122e-08,1.3411403e-10,0.04403056,0.0023357042
0.7569701,1.8533235e-12,0.19666272,1.229388e-06,6.635084e-08,1.3307438e-10,0.044031795,0.002334066
0.7573198,1.8407157e-12,0.19629644,1.2258878e-06,6.603208e-08,1.3201742e-10,0.044049505,0.0023329426
0.75770086,1.8285302e-12,0.19589108,1.2226179e-06,6.571881e-08,1.3095626e-10,0.044074718,0.002332057
0.7580352,1.8159357e-12,0.19554347,1.2190362e-06,6.540085e-08,1.2992112e-10,0.044089142,0.0023308212
0.75829047,1.8025621e-12,0.19529468,1.2148942e-06,6.5073294e-08,1.289215e-10,0.044084497,0.0023290024
0.75851554,1.7889729e-12,0.19508326,1.2105667e-06,6.474355e-08,1.2794057e-10,0.044072904,0.0023269695
0.75879455,1.7760565e-12,0.19480468,1.2066276e-06,6.442277e-08,1.2694756e-10,0.04407415,0.0023253248
0.75915676,1.7641191e-12,0.19442226,1.2032899e-06,6.4114744e-08,1.2593279e-10,0.044095337,0.0023243057
0.75954235,1.7525159e-12,0.19401076,1.200132e-06,6.3811235e-08,1.2491709e-10,0.04412219,0.00232347
0.7598618,1.7402962e-12,0.19368133,1.1965194e-06,6.350048e-08,1.2393325e-10,0.044133406,0.002322132
0.7600886,1.7271993e-12,0.19346772,1.1922731e-06,6.317881e-08,1.229886e-10,0.04412227,0.0023201217
0.76029384,1.7139853e-12,0.19328058,1.187892e-06,6.2855904e-08,1.220584e-10,0.04410631,0.0023179448
0.760584,1.7017374e-12,0.19298789,1.1841145e-06,6.254593e-08,1.2110601e-10,0.044110417,0.0023164046
0.7609911,1.6907777e-12,0.19254893,1.1811699e-06,6.225285e-08,1.2012083e-10,0.04414297,0.0023157336
0.7614318,1.6802381e-12,0.19206789,1.1784673e-06,6.196565e-08,1.191314e-10,0.044183638,0.002315312
0.76177216,1.6687476e-12,0.19171207,1.1750799e-06,6.1666555e-08,1.1818407e-10,0.044200394,0.0023141478
0.7619437,1.6556416e-12,0.19156697,1.1705322e-06,6.1347e-08,1.1730085e-10,0.044176273,0.0023117338
0.7620009,1.6415055e-12,0.19156492,1.165217e-06,6.1014354e-08,1.1646269e-10,0.04412445,0.0023084758
0.76207143,1.627624e-12,0.19154592,1.1600192e-06,6.068561e-08,1.1562659e-10,0.044076085,0.002305321
0.76224554,1.6148648e-12,0.19139774,1.1555469e-06,6.037133e-08,1.14761756e-10,0.044052534,0.0023029323
0.7625047,1.6030443e-12,0.19114299,1.1516781e-06,6.006973e-08,1.138748e-10,0.044049803,0.0023011805
0.7627621,1.5912824e-12,0.19089068,1.1478043e-06,5.976916e-08,1.1299572e-10,0.0440465,0.0022994133
0.7629524,1.5789734e-12,0.1907221,1.1434956e-06,5.9462e-08,1.1214477e-10,0.04402712,0.0022971537
0.7630966,1.5663185e-12,0.19061121,1.1388889e-06,5.9150484e-08,1.1131558e-10,0.043996423,0.0022945607
0.76326436,1.5539967e-12,0.19047065,1.1344645e-06,5.884365e-08,1.10484566e-10,0.0439717,0.0022921448
0.76349837,1.542382e-12,0.19024725,1.130498e-06,5.85465e-08,1.09638305e-10,0.043962907,0.0022902198
0.76376134,1.5311339e-12,0.18998763,1.1267417e-06,5.825439e-08,1.0878977e-10,0.043961234,0.0022885061
0.76397884,1.5195383e-12,0.1897851,1.1226932e-06,5.795817e-08,1.0796176e-10,0.043948434,0.0022864556
0.76411825,1.5073125e-12,0.18967983,1.1181376e-06,5.7653942e-08,1.0716403e-10,0.043916814,0.0022838358
0.7642277,1.4949296e-12,0.18961188,1.1134142e-06,5.7347954e-08,1.0638221e-10,0.0438782,0.002281003
0.76439,1.4831045e-12,0.18947823,1.1090466e-06,5.70495e-08,1.05589246e-10,0.04385198,0.0022785552
0.76463276,1.4721118e-12,0.18924382,1.1052329e-06,5.6762467e-08,1.0477744e-10,0.04384548,0.002276708
0.7648993,1.4614101e-12,0.1889795,1.1015903e-06,5.6479816e-08,1.0396457e-10,0.04384493,0.0022750332
0.76510227,1.4502257e-12,0.18879473,1.0975449e-06,5.6190995e-08,1.03177585e-10,0.043828968,0.0022728967
0.76521635,1.4383395e-12,0.18872099,1.0929307e-06,5.5893107e-08,1.0242291e-10,0.04379138,0.0022701093
0.765311,1.4263919e-12,0.18867144,1.0882137e-06,5.5594533e-08,1.0167973e-10,0.043749165,0.0022671898
0.7654895,1.4152599e-12,0.18851721,1.0840565e-06,5.530731e-08,1.009166e-10,0.04372727,0.0022648757
0.7657846,1.405222e-12,0.18821725,1.08067e-06,5.5035088e-08,1.0012459e-10,0.043733574,0.002263426
0.76611525,1.3955563e-12,0.18787268,1.0775267e-06,5.4768513e-08,9.932843e-11,0.04374866,0.0022622317
0.76635015,1.385155e-12,0.18764769,1.0737809e-06,5.4492148e-08,9.856648e-11,0.04374071,0.0022603513
0.7664232,1.3734583e-12,0.18762532,1.069003e-06,5.4198388e-08,9.7857084e-11,0.043693054,0.002257274
0.76638675,1.3609492e-12,0.18773934,1.0635528e-06,5.3893988e-08,9.718487e-11,0.04361935,0.0022534113
0.7663666,1.3486882e-12,0.18783309,1.0582314e-06,5.3592945e-08,9.651215e-11,0.043549538,0.0022496695
0.7664507,1.3374031e-12,0.18779638,1.0535994e-06,5.3305513e-08,9.581527e-11,0.04350512,0.0022467002
0.76662314,1.3269116e-12,0.18764956,1.0495366e-06,5.302927e-08,9.509736e-11,0.04348185,0.0022443635
0.76679635,1.3165214e-12,0.18750142,1.0454995e-06,5.275481e-08,9.438493e-11,0.04345902,0.0022420452
0.76690835,1.305722e-12,0.18742976,1.041097e-06,5.2474878e-08,9.369483e-11,0.04342145,0.0022392806
0.7669789,1.294677e-12,0.18741,1.0364513e-06,5.219182e-08,9.302161e-11,0.04337377,0.0022362235
0.76707774,1.2839541e-12,0.18735479,1.0320041e-06,5.191348e-08,9.234516e-11,0.04333299,0.0022333679
0.76724494,1.2738585e-12,0.18721415,1.0280008e-06,5.1644193e-08,9.16549e-11,0.043308824,0.002231023
0.76744616,1.2640958e-12,0.18703106,1.0242167e-06,5.1379846e-08,9.096045e-11,0.04329278,0.0022289155
0.76760674,1.2540999e-12,0.18689863,1.0202006e-06,5.1112384e-08,9.028232e-11,0.04326702,0.0022265178
0.7676955,1.24363e-12,0.1868559,1.0157584e-06,5.0838555e-08,8.962804e-11,0.04322391,0.0022236058
0.76775914,1.2330708e-12,0.18684413,1.0111953e-06,5.0563866e-08,8.898578e-11,0.043175023,0.0022205245
0.76787984,1.2230234e-12,0.18676145,1.0069868e-06,5.0296503e-08,8.8332765e-11,0.043139726,0.00221785
0.76808494,1.2136841e-12,0.18657345,1.0033089e-06,5.003949e-08,8.766242e-11,0.043124754,0.0022157866
0.7683188,1.2046309e-12,0.18634944,9.998159e-07,4.978688e-08,8.698944e-11,0.043116763,0.0022139347
0.7684946,1.1952199e-12,0.18619789,9.959873e-07,4.9529252e-08,8.633669e-11,0.043094724,0.002211666
0.768587,1.1852764e-12,0.18615033,9.916806e-07,4.926441e-08,8.5710244e-11,0.043052826,0.0022088056
0.7686653,1.175309e-12,0.18612012,9.873039e-07,4.8999524e-08,8.509215e-11,0.043007642,0.0022058394
0.76883143,1.1660565e-12,0.18598075,9.834655e-07,4.874508e-08,8.4455776e-11,0.042983286,0.0022035101
0.76911724,1.1577369e-12,0.18569165,9.803554e-07,4.850439e-08,8.379436e-11,0.04298797,0.0022020421
0.76944214,1.149752e-12,0.18535388,9.774864e-07,4.8268905e-08,8.312774e-11,0.04300205,0.0022008566
0.7696781,1.1411956e-12,0.18512714,9.741004e-07,4.8025342e-08,8.248867e-11,0.04299465,0.0021990302
0.76975703,1.1316084e-12,0.18509616,9.698084e-07,4.7767248e-08,8.189355e-11,0.04294963,0.0021960898
0.7697331,1.1213867e-12,0.18519351,9.64934e-07,4.7500105e-08,8.132783e-11,0.04287991,0.0021924088
0.7697287,1.1113959e-12,0.18526612,9.601991e-07,4.7236565e-08,8.076161e-11,0.042815268,0.0021888865
0.7698314,1.102217e-12,0.18520534,9.561036e-07,4.698496e-08,8.0172854e-11,0.042776037,0.0021861254
0.77002436,1.0937299e-12,0.1850321,9.5254927e-07,4.6743743e-08,7.956706e-11,0.04275853,0.002184015
0.77022284,1.0853408e-12,0.1848519,9.490368e-07,4.650427e-08,7.8964e-11,0.042742234,0.0021819347
0.7703637,1.0766315e-12,0.18474346,9.452086e-07,4.6260354e-08,7.837938e-11,0.042712357,0.002179454
0.77046627,1.0677434e-12,0.18468279,9.411776e-07,4.6013852e-08,7.780797e-11,0.04267317,0.0021767062
0.77059954,1.0591325e-12,0.18458371,9.3734053e-07,4.577197e-08,7.723378e-11,0.042641595,0.00217418
0.77080375,1.0510525e-12,0.18439615,9.3391935e-07,4.5538062e-08,7.6647494e-11,0.042626932,0.00217216
0.77104294,1.0432545e-12,0.18416509,9.307091e-07,4.5308614e-08,7.6056925e-11,0.042620644,0.002170382
0.7712444,1.0352759e-12,0.18398094,9.2729715e-07,4.507683e-08,7.5479574e-11,0.0426053,0.002168344
0.77137667,1.0269215e-12,0.18388303,9.2351183e-07,4.4839634e-08,7.492261e-11,0.042573594,0.0021658235
0.7714863,1.0184916e-12,0.18381307,9.1962016e-07,4.4601695e-08,7.437523e-11,0.042536557,0.002163145
0.7716531,1.0104836e-12,0.18367213,9.160529e-07,4.437009e-08,7.381802e-11,0.04251291,0.0021608672
0.77190423,1.0030667e-12,0.18342623,9.129719e-07,4.4147697e-08,7.3246444e-11,0.042509444,0.0021591876
0.772184,9.958818e-13,0.18314427,9.100615e-07,4.392914e-08,7.267311e-11,0.042513072,0.0021577107
0.7724067,9.884015e-13,0.18293348,9.06851e-07,4.3706507e-08,7.211653e-11,0.042503096,0.0021558446
0.772548,9.804833e-13,0.18282391,9.0320344e-07,4.347744e-08,7.158219e-11,0.04247369,0.0021533994
0.772676,9.725429e-13,0.1827313,8.994906e-07,4.3248075e-08,7.1054516e-11,0.042440925,0.002150866
0.7728891,9.651781e-13,0.18253243,8.962633e-07,4.3027942e-08,7.05124e-11,0.04242873,0.0021489274
0.77321875,9.58569e-13,0.18218794,8.9368416e-07,4.2819465e-08,6.99488e-11,0.042444557,0.0021478164
0.77358687,9.522304e-13,0.18179572,8.913248e-07,4.2615408e-08,6.9381494e-11,0.042469624,0.002146974
0.77386546,9.454127e-13,0.181515,8.8848645e-07,4.240442e-08,6.88376e-11,0.04247317,0.0021455104
0.7739895,9.377388e-13,0.1814269,8.848201e-07,4.2180577e-08,6.8331084e-11,0.04243979,0.0021429607
0.7740107,9.295285e-13,0.18146718,8.806108e-07,4.1948734e-08,6.784984e-11,0.04238154,0.0021396896
0.7740492,9.214931e-13,0.18148571,8.765196e-07,4.1719737e-08,6.736859e-11,0.042327702,0.0021365467
0.77419114,9.14106e-13,0.18137537,8.729919e-07,4.1500932e-08,6.686895e-11,0.0422985,0.002134123
0.774419,9.072767e-13,0.18115783,8.6994476e-07,4.1291017e-08,6.635532e-11,0.04229005,0.0021323133
0.77464926,9.005079e-13,0.18093713,8.669182e-07,4.10822e-08,6.584469e-11,0.042282134,0.0021305212
0.77482057,8.9346255e-13,0.18078995,8.6359023e-07,4.0869377e-08,6.535035e-11,0.042260237,0.0021283154
0.77495116,8.862514e-13,0.18069357,8.600674e-07,4.0654434e-08,6.486806e-11,0.04222856,0.0021258378
0.7751091,8.7924356e-13,0.1805631,8.566944e-07,4.0442668e-08,6.438337e-11,0.042203467,0.0021235456
0.77533334,8.72657e-13,0.18034975,8.5368606e-07,4.0237744e-08,6.388935e-11,0.042194303,0.0021217242
0.7755877,8.662821e-13,0.1800988,8.508509e-07,4.0036397e-08,6.339289e-11,0.042192567,0.0021201093
0.77580225,8.597375e-13,0.17989764,8.478127e-07,3.98328e-08,6.290796e-11,0.042181063,0.0021182196
0.77594554,8.5286444e-13,0.17978524,8.444169e-07,3.9624098e-08,6.244101e-11,0.042152498,0.0021158354
0.77606344,8.4590895e-13,0.17970455,8.409005e-07,3.9414374e-08,6.198223e-11,0.042117834,0.0021132801
0.7762324,8.39283e-13,0.17956,8.376655e-07,3.9209986e-08,6.151703e-11,0.042095598,0.002111081
0.77648044,8.3311786e-13,0.17931701,8.348495e-07,3.901323e-08,6.1039875e-11,0.042092264,0.0021094307
0.776752,8.27127e-13,0.1790444,8.3216804e-07,3.8819522e-08,6.056177e-11,0.04209486,0.0021079518
0.7769645,8.2087256e-13,0.17884555,8.2919235e-07,3.8621916e-08,6.009866e-11,0.04208313,0.0021060638
0.7770934,8.1423594e-13,0.1787509,8.2579817e-07,3.841833e-08,5.9654975e-11,0.042051237,0.0021035916
0.7772042,8.0756484e-13,0.17867874,8.2232737e-07,3.8214484e-08,5.9217915e-11,0.042015184,0.0021010065
0.77739584,8.0134944e-13,0.17850594,8.19278e-07,3.801814e-08,5.87691e-11,0.041998457,0.0020989745
0.7776965,7.957364e-13,0.17819679,8.167998e-07,3.783178e-08,5.830306e-11,0.04200813,0.002097707
0.778031,7.9033416e-13,0.17784554,8.1449804e-07,3.7648974e-08,5.7834387e-11,0.042025995,0.0020966795
0.7782739,7.8451677e-13,0.17760828,8.117447e-07,3.7459778e-08,5.7386245e-11,0.04202196,0.0020950153
0.77836215,7.779715e-13,0.17756441,8.082191e-07,3.7259152e-08,5.6969804e-11,0.04198038,0.0020922807
0.7783462,7.7097736e-13,0.17765054,8.041854e-07,3.705131e-08,5.6575564e-11,0.04191367,0.0020888236
0.77834314,7.641113e-13,0.17772016,8.002415e-07,3.6845808e-08,5.6181775e-11,0.0418504,0.0020854753
0.7784369,7.577676e-13,0.17766905,7.967958e-07,3.6648935e-08,5.5773188e-11,0.04181052,0.0020827877
0.77861226,7.518665e-13,0.17751613,7.937652e-07,3.6459436e-08,5.5352885e-11,0.0417902,0.002080666
0.77878696,7.4600206e-13,0.1773642,7.9074016e-07,3.6270748e-08,5.493592e-11,0.04176949,0.0020785453
0.7788996,7.399042e-13,0.17728925,7.874325e-07,3.607851e-08,5.4533034e-11,0.04173431,0.002076006
0.7789704,7.336544e-13,0.17726664,7.8392765e-07,3.5883925e-08,5.4140515e-11,0.04168894,0.0020731743
0.7790648,7.275696e-13,0.17721456,7.8055643e-07,3.5692356e-08,5.3746608e-11,0.04164936,0.0020705129
0.77922124,7.2181573e-13,0.17708509,7.774982e-07,3.5506464e-08,5.3344957e-11,0.041624647,0.002068277
0.7794053,7.1623653e-13,0.17692111,7.7458645e-07,3.532346e-08,5.294132e-11,0.04160657,0.0020662379
0.7795475,7.10505e-13,0.17680952,7.7148223e-07,3.5138306e-08,5.254773e-11,0.0415783,0.0020639077
0.77961785,7.045098e-13,0.17678718,7.680486e-07,3.4948837e-08,5.216977e-11,0.04153311,0.002061097
0.77966046,6.984351e-13,0.17679922,7.6449936e-07,3.475829e-08,5.1798704e-11,0.04148142,0.0020580955
0.77975243,6.92627e-13,0.17675011,7.611978e-07,3.457242e-08,5.1422165e-11,0.04144124,0.002055435
0.77991986,6.872023e-13,0.17660673,7.582707e-07,3.4393167e-08,5.103568e-11,0.041419353,0.002053295
0.78011006,6.8191405e-13,0.17643498,7.554605e-07,3.421636e-08,5.0648544e-11,0.041402914,0.0020513076
0.7802407,6.7641867e-13,0.17633718,7.5238574e-07,3.4036372e-08,5.027412e-11,0.041372426,0.0020489276
0.780288,6.706068e-13,0.17634332,7.489277e-07,3.3851066e-08,4.991589e-11,0.041321855,0.0020459734
0.7803172,6.6476604e-13,0.17637213,7.4540145e-07,3.3665536e-08,4.9563038e-11,0.041267045,0.002042905
0.78042406,6.5931077e-13,0.17630377,7.42258e-07,3.348672e-08,4.9200394e-11,0.041231077,0.00204037
0.7806412,6.543482e-13,0.17609856,7.396313e-07,3.3316482e-08,4.8822717e-11,0.041220922,0.0020385808
0.78089046,6.4956124e-13,0.17585298,7.371657e-07,3.3149608e-08,4.8443083e-11,0.04121883,0.0020370064
0.7810497,6.444387e-13,0.17571951,7.3429453e-07,3.2977e-08,4.8079936e-11,0.041195165,0.0020348304
0.7810562,6.3873895e-13,0.17577629,7.3073437e-07,3.2794684e-08,4.7743674e-11,0.041135125,0.0020316325
0.780959,6.3267127e-13,0.1759617,7.2672196e-07,3.260618e-08,4.74259e-11,0.04105077,0.00202773
0.78087604,6.2672046e-13,0.17612919,7.2279715e-07,3.2419848e-08,4.7107953e-11,0.04097003,0.0020239397
0.78089046,6.212075e-13,0.17617562,7.193302e-07,3.2241186e-08,4.6777176e-11,0.040912338,0.0020208082
0.78098637,6.1606346e-13,0.17612064,7.1624555e-07,3.2069053e-08,4.64363e-11,0.04087399,0.002018229
0.7810833,6.109627e-13,0.17606458,7.1317635e-07,3.189788e-08,4.609788e-11,0.040835813,0.0020156498
0.7811208,6.0567897e-13,0.17608209,7.0985914e-07,3.1723573e-08,4.5770665e-11,0.040783715,0.0020126856
0.78111774,6.002862e-13,0.17614993,7.063792e-07,3.154768e-08,4.5451816e-11,0.04072215,0.0020094549
0.78114015,5.950402e-13,0.17618574,7.030284e-07,3.1374384e-08,4.5131582e-11,0.040667005,0.0020064043
0.78122675,5.9007313e-13,0.17614226,6.9997117e-07,3.120627e-08,4.4804042e-11,0.04062654,0.0020037757
0.78134346,5.852671e-13,0.1760611,6.970631e-07,3.1041136e-08,4.447474e-11,0.040593456,0.0020013554
0.7814209,5.803504e-13,0.17602883,6.93992e-07,3.0874148e-08,4.4153042e-11,0.04055093,0.001998677
0.7814288,5.7522514e-13,0.1760825,6.906384e-07,3.070363e-08,4.384408e-11,0.040492523,0.0019955414
0.78141177,5.700563e-13,0.17616701,6.871944e-07,3.0532437e-08,4.354045e-11,0.040428244,0.0019922503
0.78144693,5.651171e-13,0.1761867,6.839889e-07,3.03655e-08,4.323183e-11,0.04037639,0.0019893069
0.781561,5.605018e-13,0.1761086,6.8113457e-07,3.0204657e-08,4.2914266e-11,0.04034271,0.0019868866
0.78170073,5.560145e-13,0.17599887,6.783991e-07,3.0046166e-08,4.2595472e-11,0.040315077,0.0019846356
0.78178453,5.5136586e-13,0.17595848,6.7543624e-07,2.9884948e-08,4.2286827e-11,0.040274397,0.001982016
0.7817867,5.4647904e-13,0.17601855,6.721513e-07,2.9719558e-08,4.1991244e-11,0.040215135,0.0019788796
0.78177446,5.4158007e-13,0.17609672,6.688177e-07,2.9554093e-08,4.169983e-11,0.040152498,0.0019756353
0.7818444,5.370098e-13,0.17607318,6.658437e-07,2.9394707e-08,4.1399547e-11,0.040108863,0.0019729494
0.7820264,5.3285517e-13,0.17591056,6.6334655e-07,2.924322e-08,4.108631e-11,0.040091276,0.0019709957
0.7822458,5.2885685e-13,0.17570202,6.6101194e-07,2.9094734e-08,4.0770623e-11,0.04008218,0.0019692811
0.7823782,5.2459783e-13,0.17560108,6.583278e-07,2.8941736e-08,4.0468757e-11,0.040053044,0.0019670015
0.78235936,5.1987776e-13,0.17568697,6.5503855e-07,2.8780192e-08,4.0188717e-11,0.039989255,0.0019637472
0.78224015,5.148728e-13,0.1758969,6.51359e-07,2.8613476e-08,3.9923616e-11,0.03990248,0.001959845
0.7821383,5.09974e-13,0.17608495,6.4777066e-07,2.844879e-08,3.9657888e-11,0.039820045,0.0019560638
0.7821378,5.0544367e-13,0.17614783,6.446076e-07,2.8291092e-08,3.9381005e-11,0.03976075,0.0019529469
0.78222287,5.0122433e-13,0.176105,6.41802e-07,2.813944e-08,3.9095338e-11,0.039721105,0.001950384
0.7823114,4.970519e-13,0.17605776,6.390234e-07,2.7988829e-08,3.8811322e-11,0.039682433,0.0019478479
0.78234404,4.927409e-13,0.17607954,6.360344e-07,2.7835707e-08,3.8536323e-11,0.03963088,0.001944959
0.7823379,4.883498e-13,0.17614888,6.329108e-07,2.7681105e-08,3.826779e-11,0.039570745,0.0019418237
0.7823614,4.8408456e-13,0.1761817,6.2991415e-07,2.7529136e-08,3.7997647e-11,0.03951736,0.0019388853
0.782452,4.8006255e-13,0.1761319,6.271948e-07,2.7381915e-08,3.7721493e-11,0.039479222,0.0019363776
0.78257596,4.761732e-13,0.17604056,6.2461623e-07,2.7237371e-08,3.7443083e-11,0.039448664,0.0019340838
0.782662,4.722024e-13,0.17599611,6.219042e-07,2.709145e-08,3.7171235e-11,0.03940968,0.0019315514
0.78268105,4.680657e-13,0.17603414,6.1894434e-07,2.6942413e-08,3.6909538e-11,0.03935558,0.0019285945
0.7826777,4.639033e-13,0.17609955,6.159151e-07,2.6793073e-08,3.6652268e-11,0.03929657,0.0019255044
0.7827287,4.5993434e-13,0.17609808,6.131058e-07,2.664742e-08,3.639022e-11,0.039249875,0.0019227697
0.7828615,4.562332e-13,0.17599599,6.1061934e-07,2.6507303e-08,3.6120596e-11,0.039221395,0.0019205476
0.78302187,4.5263996e-13,0.17585972,6.082468e-07,2.6369456e-08,3.584979e-11,0.039199285,0.0019185107
0.78312767,4.489195e-13,0.1757909,6.056766e-07,2.6229197e-08,3.558721e-11,0.039164785,0.0019161167
0.7831533,4.4501002e-13,0.17582014,6.0282196e-07,2.6085369e-08,3.5335884e-11,0.03911269,0.001913233
0.7831652,4.410949e-13,0.17586625,5.999297e-07,2.5941578e-08,3.508772e-11,0.039057635,0.0019102694
0.78326154,4.37444e-13,0.17580889,5.973611e-07,2.5803134e-08,3.48319e-11,0.039021183,0.0019078295
0.7834718,4.3413558e-13,0.17561124,5.9522495e-07,2.5671607e-08,3.456504e-11,0.039010335,0.0019061128
0.78372,4.3095687e-13,0.17536692,5.932353e-07,2.5542764e-08,3.4295993e-11,0.03900785,0.0019046456
0.7838811,4.2756627e-13,0.1752296,5.9093577e-07,2.5410001e-08,3.4038886e-11,0.038986113,0.0019026207
0.78389204,4.238008e-13,0.175277,5.8809303e-07,2.5269804e-08,3.379998e-11,0.038930774,0.001899662
0.78380156,4.1980351e-13,0.17544857,5.849015e-07,2.512507e-08,3.3573654e-11,0.03885322,0.0018960808
0.7837298,4.1588957e-13,0.17559722,5.817922e-07,2.4982144e-08,3.3346832e-11,0.038779736,0.0018926122
0.7837597,4.122771e-13,0.175621,5.7906277e-07,2.4845242e-08,3.3110625e-11,0.03872892,0.0018897923
0.7838748,4.0891425e-13,0.17553994,5.76654e-07,2.4713662e-08,3.286706e-11,0.03869717,0.0018874994
0.78399366,4.0558927e-13,0.17545444,5.742661e-07,2.4582988e-08,3.2624875e-11,0.03866618,0.0018852334
0.78405595,4.021488e-13,0.17543824,5.716887e-07,2.445003e-08,3.239042e-11,0.03862263,0.0018826253
0.7840787,3.9863826e-13,0.17547011,5.689851e-07,2.4315776e-08,3.2161798e-11,0.038570818,0.0018797736
0.78413075,3.9523045e-13,0.17546652,5.6639385e-07,2.4183715e-08,3.193165e-11,0.03852511,0.0018771063
0.7842489,3.9201343e-13,0.17538169,5.6404633e-07,2.4055776e-08,3.1696513e-11,0.03849411,0.0018748466
0.78439885,3.8890356e-13,0.17525756,5.618234e-07,2.3930168e-08,3.1459942e-11,0.03847031,0.0018727917
0.7845111,3.8572552e-13,0.17517985,5.594725e-07,2.3803205e-08,3.1228638e-11,0.038437966,0.0018705069
0.7845541,3.8240838e-13,0.1751868,5.568985e-07,2.367361e-08,3.1006232e-11,0.038390722,0.001867802
0.7845734,3.7906128e-13,0.17522284,5.5425073e-07,2.3543427e-08,3.0787654e-11,0.038338248,0.0018649473
0.7846456,3.7587067e-13,0.17519403,5.5179805e-07,2.3416561e-08,3.0565328e-11,0.038297415,0.001862429
0.7847982,3.7289293e-13,0.17506674,5.4962896e-07,2.3294414e-08,3.0336834e-11,0.038274188,0.0018604023
0.7849765,3.70001e-13,0.17490773,5.475588e-07,2.3174145e-08,3.0107535e-11,0.03825668,0.0018585371
0.78509784,3.6699916e-13,0.17481852,5.453029e-07,2.3051724e-08,2.9885375e-11,0.03822678,0.0018563265
0.7851382,3.6383627e-13,0.17482851,5.4278183e-07,2.292601e-08,2.967272e-11,0.03817912,0.0018536204
0.785163,3.6066527e-13,0.17485754,5.4022104e-07,2.2800183e-08,2.9462956e-11,0.038128145,0.0018508246
0.78526926,3.5770565e-13,0.17478667,5.379445e-07,2.2678998e-08,2.9247e-11,0.03809496,0.0018485303
0.785488,3.550208e-13,0.17457828,5.3605123e-07,2.2563842e-08,2.9022111e-11,0.038086314,0.0018469199
0.7857421,3.5243648e-13,0.17432624,5.3428386e-07,2.245096e-08,2.8795634e-11,0.038085524,0.0018455336
0.7859076,3.4967474e-13,0.1741828,5.322277e-07,2.2334422e-08,2.8579144e-11,0.038065434,0.0018436046
0.78592026,3.4660065e-13,0.1742265,5.2967914e-07,2.221137e-08,2.8378242e-11,0.038011994,0.0018407536
0.7858303,3.433319e-13,0.17439571,5.268036e-07,2.2084093e-08,2.818808e-11,0.03793627,0.0018372794
0.7857561,3.4012926e-13,0.17454529,5.239992e-07,2.1958357e-08,2.7997785e-11,0.03786416,0.0018339166
0.78578097,3.371662e-13,0.17457362,5.2152797e-07,2.1837925e-08,2.7799811e-11,0.037813757,0.0018311555
0.78588986,3.3440302e-13,0.17449926,5.1933785e-07,2.1721885e-08,2.7595872e-11,0.03778147,0.0018288979
0.78599936,3.3166658e-13,0.17442407,5.1716074e-07,2.1606601e-08,2.7393135e-11,0.03774938,0.0018266528
0.7860504,3.2883082e-13,0.17442025,5.1480714e-07,2.1489305e-08,2.719723e-11,0.037704695,0.0018240549
0.7860606,3.2593646e-13,0.17446645,5.1233366e-07,2.1370719e-08,2.7006269e-11,0.037651286,0.0018212241
0.78609645,3.231188e-13,0.1744809,5.0995277e-07,2.125401e-08,2.68142e-11,0.03760352,0.0018185427
0.7861967,3.204556e-13,0.1744168,5.0778624e-07,2.1140758e-08,2.661816e-11,0.03756971,0.0018162541
0.7863273,3.1787637e-13,0.1743157,5.057247e-07,2.1029523e-08,2.6420999e-11,0.03754235,0.0018141539
0.7864173,3.1523541e-13,0.17426403,5.035451e-07,2.0917033e-08,2.6228542e-11,0.03750628,0.0018118084
0.7864377,3.124797e-13,0.17429747,5.0115506e-07,2.0802036e-08,2.6043476e-11,0.037455242,0.0018090507
0.78643155,3.0969742e-13,0.17436294,4.9869817e-07,2.0686535e-08,2.5861905e-11,0.03739884,0.0018061438
0.78647625,3.0703998e-13,0.17436619,4.964114e-07,2.057403e-08,2.567738e-11,0.037353415,0.0018035459
0.78659964,3.0455312e-13,0.17427368,4.9437205e-07,2.0465393e-08,2.5487678e-11,0.03732473,0.00180141
0.7867479,3.0213394e-13,0.174151,4.9241726e-07,2.0358396e-08,2.5297282e-11,0.037301227,0.0017994277
0.7868371,2.9962466e-13,0.17410001,4.9029495e-07,2.0249553e-08,2.5113321e-11,0.03726535,0.0017971022
0.78684425,2.969794e-13,0.17414908,4.8792754e-07,2.0137655e-08,2.4937085e-11,0.03721185,0.0017942842
0.7868335,2.9432728e-13,0.17421979,4.85522e-07,2.0025615e-08,2.476346e-11,0.03715482,0.0017913806
0.78690314,2.918471e-13,0.17419219,4.833699e-07,1.9917751e-08,2.4584784e-11,0.03711515,0.0017889431
0.78708506,2.8959043e-13,0.17402852,4.815591e-07,1.9815031e-08,2.4398638e-11,0.03709881,0.0017871679
0.7873005,2.8741273e-13,0.17382336,4.7985736e-07,1.9714284e-08,2.4211052e-11,0.037089933,0.0017856013
0.78742677,2.850896e-13,0.17372724,4.77895e-07,1.9610255e-08,2.4031898e-11,0.03706193,0.0017835073
0.78739876,2.825132e-13,0.17381866,4.7548772e-07,1.9500572e-08,2.3866055e-11,0.03700153,0.0017805124
0.78726643,2.797767e-13,0.17403692,4.7278903e-07,1.9387159e-08,2.3709248e-11,0.036919218,0.0017769184
0.78714925,2.770932e-13,0.17423652,4.7014882e-07,1.9275031e-08,2.3552216e-11,0.036840327,0.0017734132
0.78713083,2.7460602e-13,0.17431588,4.6780943e-07,1.916753e-08,2.3388897e-11,0.03678231,0.0017704945
0.7871956,2.722836e-13,0.174294,4.6572188e-07,1.906406e-08,2.3220391e-11,0.03674183,0.0017680655
0.78726125,2.6998117e-13,0.17427096,4.6364627e-07,1.8961098e-08,2.305304e-11,0.036701605,0.0017656421
0.78726774,2.6759945e-13,0.17431992,4.614093e-07,1.885634e-08,2.2891286e-11,0.036649026,0.001762879
0.78723234,2.6516848e-13,0.17441952,4.59065e-07,1.8750484e-08,2.2733664e-11,0.036587734,0.0017598759
0.78722245,2.628042e-13,0.17448787,4.5680883e-07,1.864636e-08,2.2575362e-11,0.03653208,0.0017570357
0.7872775,2.605655e-13,0.1744776,4.5474258e-07,1.8545261e-08,2.2413469e-11,0.036489855,0.0017545623
0.7873632,2.583943e-13,0.17442986,4.5277108e-07,1.8445887e-08,2.2250504e-11,0.036454204,0.0017522707
0.7874082,2.5617814e-13,0.17443168,4.5069547e-07,1.8345466e-08,2.2091627e-11,0.036409903,0.0017497573
0.78738153,2.5386588e-13,0.17452013,4.484319e-07,1.8242888e-08,2.1938793e-11,0.036351044,0.0017468338
0.7873299,2.515348e-13,0.17463887,4.461099e-07,1.8139895e-08,2.17889e-11,0.03628701,0.001743764
0.78732944,2.4930597e-13,0.17469542,4.4394133e-07,1.8039376e-08,2.1636403e-11,0.0362337,0.0017410005
0.78740835,2.4721948e-13,0.17465578,4.4199894e-07,1.7942488e-08,2.1479476e-11,0.036196716,0.0017386978
0.7875122,2.4518804e-13,0.1745859,4.4013228e-07,1.784706e-08,2.1322085e-11,0.036164943,0.0017365289
0.7875578,2.430853e-13,0.17458633,4.3811656e-07,1.7749949e-08,2.1169812e-11,0.03612133,0.001734033
0.7875194,2.4087478e-13,0.17468841,4.3588688e-07,1.765027e-08,2.1024165e-11,0.036060646,0.0017310703
0.7874645,2.386593e-13,0.17481038,4.3362348e-07,1.7550482e-08,2.0880636e-11,0.035996597,0.0017280211
0.78749174,2.3658674e-13,0.17483293,4.3159005e-07,1.7454344e-08,2.0732653e-11,0.035949364,0.0017254394
0.7876318,2.3469602e-13,0.174719,4.2986377e-07,1.7362808e-08,2.0578346e-11,0.035925288,0.0017234922
0.7878069,2.3287207e-13,0.17456247,4.282377e-07,1.727308e-08,2.04229e-11,0.0359083,0.0017217494
0.7878927,2.3093257e-13,0.17451422,4.2638078e-07,1.7180522e-08,2.0274369e-11,0.035873123,0.0017195008
0.78782284,2.287876e-13,0.17465392,4.2412796e-07,1.7082904e-08,2.0136844e-11,0.03580644,0.0017163863
0.7876477,2.2651473e-13,0.17492044,4.2161747e-07,1.6982112e-08,2.0006963e-11,0.035718784,0.0017126941
0.787489,2.2428663e-13,0.17516711,4.1916093e-07,1.6882362e-08,1.9876777e-11,0.035634324,0.0017090957
0.7874302,2.2221964e-13,0.17529275,4.1697794e-07,1.6786863e-08,1.9741249e-11,0.035570517,0.0017060647
0.7874566,2.2028877e-13,0.17531565,4.150217e-07,1.6694889e-08,1.9601319e-11,0.035523772,0.0017035124
0.78748494,2.1837688e-13,0.17533602,4.1307888e-07,1.6603398e-08,1.9462284e-11,0.035477586,0.0017009754
0.7874533,2.1640114e-13,0.17542866,4.1099463e-07,1.6510393e-08,1.9327848e-11,0.03541947,0.0016981112
0.7873799,2.1438815e-13,0.17557147,4.0881812e-07,1.6416475e-08,1.919695e-11,0.03535313,0.0016950197
0.7873337,2.1242914e-13,0.17568144,4.0671995e-07,1.632403e-08,1.9065157e-11,0.035292313,0.0016920859
0.78735334,2.105751e-13,0.17571194,4.0479676e-07,1.623433e-08,1.8930437e-11,0.035244785,0.0016895182
0.78740484,2.0877718e-13,0.17570417,4.0295862e-07,1.6146204e-08,1.879467e-11,0.035203457,0.0016871297
0.78741515,2.069427e-13,0.17574568,4.0102896e-07,1.6057138e-08,1.8662386e-11,0.035154197,0.0016845191
0.7873544,2.0503389e-13,0.17587279,3.9893678e-07,1.5966268e-08,1.8535161e-11,0.035090927,0.0016815244
0.787268,2.0311046e-13,0.1760305,3.9679333e-07,1.587497e-08,1.8410239e-11,0.035022788,0.0016783928
0.7872339,2.0127103e-13,0.17612499,3.9478883e-07,1.5785998e-08,1.8283116e-11,0.034965105,0.0016755549
0.7872817,1.9954818e-13,0.1761214,3.929879e-07,1.5700145e-08,1.8152254e-11,0.034923304,0.0016731665
0.7873549,1.9787287e-13,0.17608687,3.912578e-07,1.5615678e-08,1.8020982e-11,0.034886934,0.0016709213
0.78736925,1.961386e-13,0.17612317,3.8939365e-07,1.5529677e-08,1.7893827e-11,0.034838796,0.0016683564
0.78729916,1.9431935e-13,0.17626072,3.873424e-07,1.544149e-08,1.777224e-11,0.034774456,0.0016653403
0.7872122,1.9249739e-13,0.17641817,3.852624e-07,1.5353214e-08,1.7652414e-11,0.03470704,0.0016622489
0.78720963,1.9079084e-13,0.17647447,3.833886e-07,1.5268125e-08,1.7528786e-11,0.034655925,0.0016596029
0.7873219,1.8923381e-13,0.1763928,3.8179e-07,1.51872e-08,1.7399868e-11,0.034627333,0.0016575847
0.7874712,1.8773268e-13,0.17626695,3.802844e-07,1.5107904e-08,1.7269875e-11,0.034605734,0.0016557665
0.7875284,1.8613786e-13,0.17625102,3.7857328e-07,1.502609e-08,1.7145814e-11,0.03456669,0.0016534599
0.7874284,1.8437693e-13,0.17642404,3.7650943e-07,1.493974e-08,1.7030807e-11,0.034496833,0.0016503136
0.78722095,1.8251301e-13,0.17672507,3.7421722e-07,1.48506425e-08,1.6922198e-11,0.03440693,0.0016466038
0.7870304,1.8068663e-13,0.17700578,3.7197634e-07,1.4762532e-08,1.6813361e-11,0.034320418,0.0016429939
0.78694266,1.78992e-13,0.17716318,3.6997923e-07,1.46781485e-08,1.669995e-11,0.034253914,0.0016399393
0.7869415,1.7740785e-13,0.17721684,3.681843e-07,1.4596856e-08,1.6582803e-11,0.034203853,0.0016373429
0.78694224,1.7584016e-13,0.17726822,3.6640347e-07,1.4516131e-08,1.6466516e-11,0.03415437,0.0016347658
0.786882,1.7422031e-13,0.1773923,3.644987e-07,1.443399e-08,1.635399e-11,0.03409341,0.0016318659
0.78677994,1.72572e-13,0.17756629,3.6251026e-07,1.4351006e-08,1.6244278e-11,0.03402458,0.0016287586
0.7867051,1.7096799e-13,0.17770746,3.605939e-07,1.426937e-08,1.6133985e-11,0.03396121,0.0016257995
0.7866983,1.694488e-13,0.17776744,3.5883437e-07,1.4190212e-08,1.6021151e-11,0.03391066,0.0016231973
0.78672343,1.6797685e-13,0.17778908,3.5715144e-07,1.411239e-08,1.5907445e-11,0.03386627,0.0016207712
0.7867076,1.6647502e-13,0.17785977,3.5538866e-07,1.40338345e-08,1.5796586e-11,0.033814177,0.00161813
0.7866185,1.6491401e-13,0.17801745,3.5347966e-07,1.39535645e-08,1.5689977e-11,0.03374856,0.0016151186
0.7865033,1.6334166e-13,0.1782059,3.5152934e-07,1.3873083e-08,1.5585354e-11,0.03367832,0.0016119771
0.78644294,1.6183722e-13,0.17832942,3.497005e-07,1.37945e-08,1.5478695e-11,0.033618204,0.0016091234
0.7864652,1.6042957e-13,0.17835402,3.4805677e-07,1.3718849e-08,1.5369048e-11,0.033573724,0.0016067047
0.78651416,1.5905929e-13,0.17834677,3.4647482e-07,1.3644337e-08,1.525889e-11,0.033534244,0.0016044229
0.7865033,1.576427e-13,0.17841081,3.4477617e-07,1.3568525e-08,1.5152242e-11,0.033483703,0.00160184
0.78640616,1.5615666e-13,0.1785772,3.4290952e-07,1.3490675e-08,1.5050315e-11,0.033417463,0.0015988173
0.78629225,1.5466922e-13,0.17876346,3.4101967e-07,1.34128575e-08,1.4949722e-11,0.033348124,0.001595716
0.7862644,1.5327729e-13,0.17884734,3.393152e-07,1.3337867e-08,1.4846046e-11,0.03329486,0.0015930647
0.7863551,1.5200603e-13,0.1787902,3.3785662e-07,1.3266582e-08,1.4737777e-11,0.03326331,0.0015910111
0.7864832,1.5078036e-13,0.17868857,3.3648e-07,1.3196712e-08,1.4628706e-11,0.033238698,0.001589158
0.78651816,1.4948015e-13,0.17869754,3.34923e-07,1.3124624e-08,1.4524428e-11,0.03319706,0.0015868349
0.78639174,1.4804548e-13,0.17889814,3.3305378e-07,1.3048564e-08,1.4427892e-11,0.033126112,0.0015836962
0.786157,1.4652834e-13,0.17922704,3.3098172e-07,1.2970042e-08,1.4336585e-11,0.033035595,0.0015800145
0.7859388,1.4504195e-13,0.17953597,3.2895608e-07,1.2892409e-08,1.4245065e-11,0.032948468,0.0015764284
0.7858264,1.436631e-13,0.17971909,3.2714996e-07,1.28181155e-08,1.4149802e-11,0.03288076,0.0015733901
0.7858034,1.423741e-13,0.1797963,3.2552455e-07,1.2746576e-08,1.4051305e-11,0.03282926,0.0015707974
0.7857826,1.4109948e-13,0.17987059,3.239131e-07,1.2675519e-08,1.3953453e-11,0.032778244,0.0015682263
0.78570104,1.3978334e-13,0.18001701,3.2219157e-07,1.2603209e-08,1.3858726e-11,0.032716256,0.0015653495
0.7855761,1.3844435e-13,0.18021442,3.2039972e-07,1.2530239e-08,1.3766454e-11,0.032646883,0.0015622665
0.7854802,1.371426e-13,0.18037742,3.1867282e-07,1.2458484e-08,1.367358e-11,0.032582812,0.0015593305
0.78545415,1.3591054e-13,0.18045747,3.1708527e-07,1.2388856e-08,1.3578501e-11,0.03253134,0.0015567513
0.78546226,1.3471724e-13,0.18049718,3.1556962e-07,1.2320552e-08,1.3482791e-11,0.032485913,0.0015543477
0.7854284,1.3350004e-13,0.18058634,3.1398335e-07,1.2251525e-08,1.3389339e-11,0.032433223,0.0015517325
0.7853206,1.3223596e-13,0.18076278,3.1227077e-07,1.2181063e-08,1.3299442e-11,0.032367595,0.0015487684
0.7851869,1.3096256e-13,0.18096934,3.105185e-07,1.2110286e-08,1.3211075e-11,0.03229767,0.0015456742
0.7851101,1.2974645e-13,0.18110909,3.0888032e-07,1.2041366e-08,1.3121166e-11,0.03223765,0.0015428694
0.78511894,1.2860764e-13,0.1811474,3.0740566e-07,1.1974965e-08,1.30285175e-11,0.03219285,0.0015404893
0.78515595,1.2750113e-13,0.18115233,3.0598923e-07,1.1909655e-08,1.29355806e-11,0.03215316,0.0015382512
0.7851325,1.263578e-13,0.18122865,3.0447055e-07,1.1843199e-08,1.2845481e-11,0.032102842,0.0015357165
0.7850217,1.2515897e-13,0.1814078,3.0280495e-07,1.17749535e-08,1.275926e-11,0.032037422,0.0015327705
0.7848949,1.2395999e-13,0.18160558,3.0112045e-07,1.1706747e-08,1.2674203e-11,0.0319695,0.0015297476
0.78485686,1.2283838e-13,0.18169847,2.9960205e-07,1.1641097e-08,1.2586481e-11,0.03191714,0.0015271605
0.7849414,1.2181563e-13,0.18164735,2.9830395e-07,1.1578727e-08,1.2494928e-11,0.03188583,0.0015251709
0.7850655,1.2083005e-13,0.18154944,2.9708028e-07,1.1517624e-08,1.2402586e-11,0.031861443,0.0015233736
0.78509486,1.1978451e-13,0.18156299,2.956984e-07,1.1454608e-08,1.23142755e-11,0.03182073,0.0015211195
0.7849597,1.1863214e-13,0.18176992,2.9404026e-07,1.1388073e-08,1.2232476e-11,0.03175202,0.0015180892
0.78471434,1.1741209e-13,0.1821064,2.9220345e-07,1.131932e-08,1.21549845e-11,0.031664487,0.0015145257
0.78448755,1.1621928e-13,0.18242064,2.9041152e-07,1.12514815e-08,1.2077392e-11,0.031580523,0.0015110717
0.7843697,1.1511252e-13,0.18260661,2.8881306e-07,1.11865e-08,1.1996423e-11,0.03151531,0.0015081391
0.7843446,1.1408067e-13,0.18268353,2.8738063e-07,1.1124078e-08,1.1912883e-11,0.03146595,0.0015056592
0.7843231,1.1305946e-13,0.18275623,2.8596017e-07,1.1062076e-08,1.1829799e-11,0.031417236,0.0015031904
0.78423953,1.12006047e-13,0.18290168,2.8444308e-07,1.0998983e-08,1.17493446e-11,0.031358123,0.0015004381
0.78411317,1.1093438e-13,0.18309717,2.828641e-07,1.0935257e-08,1.1670803e-11,0.031291984,0.0014974897
0.7840167,1.09893506e-13,0.18325716,2.8134514e-07,1.0872645e-08,1.15918585e-11,0.031231135,0.0014946898
0.7839937,1.08908535e-13,0.18333116,2.7995156e-07,1.0811942e-08,1.15110135e-11,0.03118257,0.001492236
0.7840059,1.0795597e-13,0.18336372,2.7862308e-07,1.0752449e-08,1.1429673e-11,0.031140173,0.0014899548
0.78397614,1.06985404e-13,0.18344545,2.7723425e-07,1.0692364e-08,1.1350207e-11,0.03109074,0.0014874798
0.78387123,1.0597557e-13,0.183615,2.757315e-07,1.0630909e-08,1.12736105e-11,0.031028884,0.0014846597
0.7837407,1.0495945e-13,0.18381445,2.7419654e-07,1.05692575e-08,1.1198338e-11,0.030962888,0.0014817244
0.7836687,1.0398977e-13,0.18394521,2.7276278e-07,1.050927e-08,1.1121748e-11,0.030906765,0.0014790705
0.7836855,1.030832e-13,0.18397196,2.71476e-07,1.04515046e-08,1.1042951e-11,0.030865455,0.0014768266
0.7837322,1.0220226e-13,0.1839638,2.7024137e-07,1.0394691e-08,1.09637716e-11,0.030829046,0.0014747309
0.7837166,1.0129182e-13,0.18402822,2.6891664e-07,1.0336891e-08,1.0887057e-11,0.030782547,0.0014723471
0.7836127,1.00337016e-13,0.1841959,2.674616e-07,1.027753e-08,1.0813537e-11,0.030721545,0.0014695625
0.7834921,9.938132e-14,0.184383,2.659897e-07,1.0218153e-08,1.0741001e-11,0.03065808,0.0014667056
0.7834632,9.848869e-14,0.18446273,2.6466614e-07,1.0161067e-08,1.0666232e-11,0.030609623,0.0014642813
0.7835602,9.76762e-14,0.18439534,2.63539e-07,1.0106886e-08,1.0588293e-11,0.03058184,0.0014624257
0.78369814,9.689358e-14,0.18428029,2.624779e-07,1.0053825e-08,1.0509649e-11,0.030560574,0.0014607635
0.78373855,9.606294e-14,0.1842789,2.6127663e-07,9.999093e-09,1.0434448e-11,0.0305237,0.0014586629
0.7836119,9.514504e-14,0.18447259,2.5982962e-07,9.941212e-09,1.0364672e-11,0.030459566,0.0014558056
0.78337157,9.417248e-14,0.1847984,2.5822283e-07,9.8813455e-09,1.02985025e-11,0.030377366,0.0014524349
0.7831502,9.322116e-14,0.1851019,2.566556e-07,9.822245e-09,1.0232281e-11,0.03029854,0.0014491602
0.78304094,9.233969e-14,0.18527457,2.5526e-07,9.765698e-09,1.016323e-11,0.03023783,0.0014463936
0.7830266,9.151829e-14,0.18533655,2.5401152e-07,9.711429e-09,1.0092034e-11,0.03019258,0.0014440715
0.78301513,9.0705926e-14,0.185395,2.5277419e-07,9.6575175e-09,1.0021242e-11,0.030147742,0.0014417628
0.7829398,8.9866686e-14,0.18552785,2.5145042e-07,9.602625e-09,9.952736e-12,0.03009291,0.0014391659
0.78282076,8.901208e-14,0.18571135,2.5006997e-07,9.547185e-09,9.885841e-12,0.03003117,0.0014363776
0.7827325,8.818284e-14,0.18585907,2.487434e-07,9.492691e-09,9.818565e-12,0.029974485,0.0014337414
0.7827779,8.742143e-14,0.18585354,2.475471e-07,9.439725e-09,9.7478145e-12,0.02993663,0.0014317046
0.7828823,8.669429e-14,0.18578032,2.4641596e-07,9.387688e-09,9.675959e-12,0.02990723,0.0014299338
0.7829849,8.596628e-14,0.18571095,2.452413e-07,9.334886e-09,9.604409e-12,0.02987577,0.0014281532
0.78308284,8.523444e-14,0.18564972,2.4399165e-07,9.280749e-09,9.533187e-12,0.029840894,0.001426367
0.78318006,8.450471e-14,0.18559045,2.4271804e-07,9.226284e-09,9.462339e-12,0.029804634,0.0014245762
0.7832795,8.3789156e-14,0.18552624,2.4151504e-07,9.173476e-09,9.392258e-12,0.029771343,0.0014227976
0.7833842,8.309241e-14,0.18545249,2.4041276e-07,9.122911e-09,9.322973e-12,0.029742092,0.0014210364
0.7834896,8.240498e-14,0.18537664,2.393465e-07,9.073273e-09,9.254331e-12,0.029714279,0.0014192839
0.7835921,8.171453e-14,0.1853065,2.3821772e-07,9.022494e-09,9.18595e-12,0.029683612,0.0014175195
0.78369033,8.10186e-14,0.18524492,2.3700076e-07,8.970103e-09,9.117798e-12,0.029648742,0.001415745
0.78378695,8.032552e-14,0.18518579,2.3577107e-07,8.917623e-09,9.050064e-12,0.029613113,0.0014139669
0.7838885,7.965087e-14,0.18511727,2.3464276e-07,8.867401e-09,8.983129e-12,0.02958175,0.0014122081
0.78399646,7.8998196e-14,0.18503667,2.3365071e-07,8.820139e-09,8.917135e-12,0.029556185,0.0014104723
0.78410643,7.83563e-14,0.184952,2.3270408e-07,8.7740055e-09,8.851768e-12,0.029532606,0.0014087443
0.78421134,7.7706816e-14,0.18487693,2.31661e-07,8.726043e-09,8.786555e-12,0.029504547,0.0014070079
0.78430736,7.704068e-14,0.18481864,2.3044807e-07,8.6747525e-09,8.721242e-12,0.029468562,0.0014052343
0.7843975,7.6366424e-14,0.18477151,2.2912717e-07,8.621428e-09,8.656066e-12,0.029427376,0.0014034491
0.7844885,7.570032e-14,0.18472245,2.2783234e-07,8.568769e-09,8.591421e-12,0.029387178,0.001401673
0.7845851,7.5053584e-14,0.18466277,2.2665563e-07,8.518734e-09,8.527628e-12,0.02935206,0.0013999084
0.78468686,7.442406e-14,0.1845934,2.2558041e-07,8.470935e-09,8.4645745e-12,0.029321365,0.0013981686
0.7847885,7.3800104e-14,0.18452401,2.245118e-07,8.423453e-09,8.402002e-12,0.029290784,0.0013964307
0.78488684,7.317366e-14,0.1844611,2.2338506e-07,8.374939e-09,8.3397135e-12,0.02925724,0.0013946837
0.7849824,7.254703e-14,0.18440263,2.2221953e-07,8.325801e-09,8.277732e-12,0.029221814,0.0013929285
0.78507954,7.192933e-14,0.18434122,2.2109089e-07,8.277553e-09,8.21632e-12,0.02918783,0.0013911852
0.78518087,7.132544e-14,0.18427238,2.2003796e-07,8.23104e-09,8.155548e-12,0.02915704,0.00138945
0.7852835,7.073105e-14,0.18420053,2.1902467e-07,8.18549e-09,8.095392e-12,0.029128084,0.0013877292
0.7853845,7.01365e-14,0.18413235,2.179742e-07,8.139319e-09,8.035511e-12,0.02909704,0.001385999
0.7854808,6.95378e-14,0.18407224,2.1685385e-07,8.091896e-09,7.975826e-12,0.029062526,0.0013842608
0.7855757,6.894132e-14,0.18401477,2.1571418e-07,8.044243e-09,7.916526e-12,0.02902684,0.0013825175
0.78567374,6.8356216e-14,0.18395142,2.1463518e-07,7.997969e-09,7.857802e-12,0.028993774,0.0013807853
0.78577644,6.7786434e-14,0.18387933,2.1364635e-07,7.953694e-09,7.799814e-12,0.028964926,0.0013790745
0.7858808,6.722489e-14,0.18380435,2.126895e-07,7.910238e-09,7.742357e-12,0.028937377,0.0013773668
0.78598124,6.666053e-14,0.18373598,2.1167712e-07,7.86578e-09,7.685096e-12,0.028906954,0.0013756531
0.78607714,6.6090945e-14,0.18367624,2.1058518e-07,7.819885e-09,7.628039e-12,0.028872512,0.0013739218
0.78617203,6.5524395e-14,0.18361837,2.0948305e-07,7.773906e-09,7.571308e-12,0.028837223,0.0013721887
0.7862718,6.497252e-14,0.18355133,2.0847082e-07,7.729929e-09,7.515277e-12,0.028806193,0.0013704763
0.7863782,6.4439e-14,0.18347184,2.0757946e-07,7.68852e-09,7.460021e-12,0.028780846,0.0013687911
0.78648704,6.3914186e-14,0.18338826,2.0672898e-07,7.648087e-09,7.405293e-12,0.028757362,0.001367113
0.7865903,6.338316e-14,0.18331456,2.0579219e-07,7.60607e-09,7.3506895e-12,0.0287295,0.0013654173
0.7866841,6.2839016e-14,0.18325794,2.0470645e-07,7.561181e-09,7.296012e-12,0.028693989,0.0013636996
0.7867718,6.2287286e-14,0.18321265,2.035231e-07,7.514461e-09,7.2413945e-12,0.028653404,0.001361961
0.7868608,6.174263e-14,0.18316509,2.023639e-07,7.468398e-09,7.1872664e-12,0.028613662,0.0013602237
0.78695536,6.1213784e-14,0.18310693,2.01311e-07,7.4246103e-09,7.133824e-12,0.028579056,0.0013585126
0.78705525,6.069949e-14,0.18303902,2.0034783e-07,7.382791e-09,7.0810562e-12,0.02854874,0.0013568159
0.7871549,6.0189626e-14,0.18297109,1.993915e-07,7.3412463e-09,7.0286776e-12,0.028518556,0.0013551273
0.7872519,5.967779e-14,0.18290885,1.9838417e-07,7.29881e-09,6.976542e-12,0.028485617,0.0013534279
0.7873455,5.916577e-14,0.18285176,1.9734325e-07,7.2558284e-09,6.924632e-12,0.028450696,0.0013517197
0.78744125,5.866132e-14,0.18279134,1.9633475e-07,7.213682e-09,6.8732047e-12,0.028417163,0.0013500211
0.7875409,5.8168124e-14,0.18272349,1.9539569e-07,7.1730475e-09,6.8223495e-12,0.028387036,0.0013483372
0.7876423,5.768282e-14,0.1826524,1.9449196e-07,7.1332558e-09,6.7719628e-12,0.028358461,0.0013466621
0.7877417,5.71975e-14,0.1825849,1.9355613e-07,7.0929635e-09,6.721867e-12,0.02832817,0.001344983
0.7878365,5.6708785e-14,0.18252555,1.9255916e-07,7.0515926e-09,6.6719508e-12,0.028294478,0.0013432867
0.7879299,5.6222005e-14,0.18246886,1.9154565e-07,7.0100103e-09,6.6222917e-12,0.028259512,0.0013415933
0.7880265,5.5744946e-14,0.182406,1.9058766e-07,6.9696853e-09,6.5732042e-12,0.02822742,0.0013399088
0.78812796,5.527997e-14,0.18233433,1.8970962e-07,6.9310873e-09,6.5246333e-12,0.02819922,0.0013382467
0.78823125,5.482172e-14,0.18225963,1.8886091e-07,6.8932198e-09,6.4765337e-12,0.02817238,0.0013365865
0.78833073,5.4361917e-14,0.18219122,1.8796435e-07,6.854519e-09,6.428661e-12,0.028142903,0.0013349201
0.7884255,5.389753e-14,0.18213165,1.869976e-07,6.814565e-09,6.3808845e-12,0.028109428,0.001333242
0.7885192,5.343602e-14,0.18207376,1.8602317e-07,6.774575e-09,6.333442e-12,0.028075257,0.001331563
0.78861755,5.2986248e-14,0.18200704,1.8512938e-07,6.736325e-09,6.2865568e-12,0.028045282,0.001329899
0.78872377,5.2551808e-14,0.1819269,1.8434383e-07,6.7003887e-09,6.2403667e-12,0.028020931,0.0013282564
0.7888324,5.212477e-14,0.18184234,1.8359599e-07,6.6653003e-09,6.194606e-12,0.027998453,0.0013266322
0.78893495,5.1692225e-14,0.18176816,1.8277214e-07,6.628839e-09,6.1489334e-12,0.027971718,0.0013249832
0.7890279,5.1249152e-14,0.18171108,1.8181628e-07,6.58987e-09,6.1031982e-12,0.02793753,0.0013233139
0.7891146,5.0800076e-14,0.18166518,1.8077424e-07,6.5493166e-09,6.0575225e-12,0.027898476,0.0013216235
0.78920233,5.0356536e-14,0.18161714,1.7975523e-07,6.509344e-09,6.0122207e-12,0.027860338,0.001319937
0.78929657,4.9926226e-14,0.18155776,1.7883109e-07,6.4714087e-09,5.9675567e-12,0.027827203,0.0013182759
0.7893961,4.9507856e-14,0.18148874,1.7798756e-07,6.4351733e-09,5.923434e-12,0.027798327,0.0013166327
0.78949577,4.9093376e-14,0.18141942,1.771514e-07,6.3992154e-09,5.879649e-12,0.027769666,0.0013149919
0.7895917,4.8677035e-14,0.18135634,1.7626975e-07,6.362493e-09,5.8360382e-12,0.027738284,0.0013133413
0.78968555,4.8260868e-14,0.18129748,1.753594e-07,6.3253136e-09,5.792636e-12,0.027705042,0.0013116847
0.789781,4.785082e-14,0.18123554,1.7447907e-07,6.2888557e-09,5.749666e-12,0.027673291,0.0013100393
0.7898802,4.745018e-14,0.18116637,1.736603e-07,6.2537358e-09,5.707162e-12,0.027644824,0.0013084015
0.7899822,4.7056024e-14,0.18109284,1.72874e-07,6.2193894e-09,5.6650682e-12,0.027618008,0.0013067801
0.7900813,4.666177e-14,0.18102404,1.7205942e-07,6.1845857e-09,5.6231885e-12,0.027589278,0.001305153
0.79017615,4.6264743e-14,0.18096276,1.711903e-07,6.148828e-09,5.5814186e-12,0.027557377,0.0013035084
0.79026943,4.5869165e-14,0.18090405,1.7030717e-07,6.1129035e-09,5.5399266e-12,0.02752446,0.0013018651
0.790366,4.5481834e-14,0.18083937,1.694744e-07,6.0781185e-09,5.498891e-12,0.02749419,0.0013002331
0.7904678,4.5104454e-14,0.18076558,1.687128e-07,6.0448397e-09,5.4583313e-12,0.027467798,0.0012986202
0.7905718,4.4732616e-14,0.18068819,1.6797797e-07,6.0122067e-09,5.4181685e-12,0.027442845,0.0012970117
0.79067177,4.4359224e-14,0.1806175,1.672005e-07,5.9788294e-09,5.37815e-12,0.02741521,0.0012953962
0.7907667,4.3982125e-14,0.18055566,1.6636085e-07,5.944365e-09,5.3382108e-12,0.027383694,0.0012937689
0.7908606,4.360726e-14,0.18049547,1.6551364e-07,5.9098646e-09,5.2985606e-12,0.027351607,0.0012921388
0.79095995,4.324248e-14,0.18042572,1.647393e-07,5.8769047e-09,5.2594014e-12,0.027323598,0.0012905264
0.79106647,4.289006e-14,0.18034334,1.6406172e-07,5.845955e-09,5.2208077e-12,0.027301073,0.0012889456
0.79117507,4.254322e-14,0.18025704,1.6341679e-07,5.8157594e-09,5.1825905e-12,0.027280377,0.0012873625
0.79127884,4.2192564e-14,0.18017961,1.6270495e-07,5.7843503e-09,5.1444253e-12,0.027255557,0.0012857724
0.7913725,4.1832772e-14,0.18011966,1.6187447e-07,5.7507323e-09,5.106193e-12,0.027223479,0.0012841495
0.7914593,4.14681e-14,0.1800714,1.6096821e-07,5.7157563e-09,5.0680263e-12,0.027186587,0.0012825107
0.79154724,4.110776e-14,0.18002118,1.6008069e-07,5.68125e-09,5.030153e-12,0.027150556,0.0012808783
0.79164183,4.075851e-14,0.17995927,1.5927881e-07,5.6485288e-09,4.992814e-12,0.027119536,0.0012792709
0.791742,4.041891e-14,0.17988749,1.5854843e-07,5.6173217e-09,4.955947e-12,0.027092645,0.0012776752
0.79184246,4.0082463e-14,0.17981528,1.5782418e-07,5.586331e-09,4.919373e-12,0.027065992,0.001276086
0.79193866,3.9744504e-14,0.17975003,1.5705952e-07,5.5546656e-09,4.8829504e-12,0.027036646,0.0012744864
0.7920327,3.940658e-14,0.17968875,1.562685e-07,5.5225957e-09,4.8466908e-12,0.02700543,0.001272885
0.7921287,3.907349e-14,0.17962416,1.5550333e-07,5.4911227e-09,4.810767e-12,0.026975622,0.0012712867
0.79222894,3.8748298e-14,0.17955218,1.5479381e-07,5.460847e-09,4.775263e-12,0.026949078,0.0012697047
0.7923311,3.842803e-14,0.17947654,1.5411199e-07,5.4312177e-09,4.740078e-12,0.02692409,0.0012681299
0.79243094,3.8107833e-14,0.17940503,1.5340494e-07,5.4011875e-09,4.7050835e-12,0.026897375,0.0012665509
0.7925266,3.778534e-14,0.17934099,1.5264922e-07,5.370322e-09,4.6701722e-12,0.026867319,0.00126496
0.79262006,3.7463976e-14,0.17928006,1.5188041e-07,5.339312e-09,4.635516e-12,0.0268364,0.0012633658
0.79271704,3.714912e-14,0.17921309,1.5115495e-07,5.3092437e-09,4.6012066e-12,0.026807886,0.0012617852
0.79281956,3.6842437e-14,0.17913665,1.5049352e-07,5.28051e-09,4.567314e-12,0.026783342,0.0012602214
0.7929243,3.654048e-14,0.17905681,1.4985599e-07,5.252346e-09,4.533736e-12,0.026760073,0.0012586653
0.7930243,3.6237045e-14,0.17898428,1.4917943e-07,5.2235247e-09,4.5003e-12,0.02673419,0.0012571013
0.79311985,3.5930446e-14,0.17892,1.484466e-07,5.193713e-09,4.4668986e-12,0.026704485,0.0012555238
0.7932138,3.5625623e-14,0.17885792,1.4770708e-07,5.163873e-09,4.4337607e-12,0.026674174,0.0012539459
0.7933132,3.5329084e-14,0.17878638,1.4703211e-07,5.135396e-09,4.401059e-12,0.026647946,0.0012523843
0.7934207,3.504252e-14,0.17870148,1.4644283e-07,5.1086277e-09,4.3687757e-12,0.026626887,0.0012508444
0.7935303,3.4760562e-14,0.17861253,1.4588258e-07,5.082546e-09,4.3368403e-12,0.026607743,0.0012493124
0.793634,3.4475352e-14,0.17853367,1.4526191e-07,5.0553735e-09,4.3049344e-12,0.02658441,0.0012477692
0.7937277,3.4182533e-14,0.17847203,1.4453474e-07,5.02626e-09,4.2729557e-12,0.026553974,0.0012461992
0.79381436,3.38857e-14,0.1784219,1.4373974e-07,4.995954e-09,4.2410563e-12,0.026519008,0.0012446102
0.7939026,3.3592524e-14,0.17836942,1.4296153e-07,4.9660676e-09,4.2094024e-12,0.026484827,0.0012430265
0.7939971,3.330838e-14,0.17830577,1.4225904e-07,4.9377182e-09,4.178202e-12,0.026455415,0.0012414631
0.79409707,3.3032096e-14,0.17823285,1.4162067e-07,4.9106967e-09,4.1473873e-12,0.02643002,0.0012399226
0.7941981,3.2758206e-14,0.17815849,1.4098681e-07,4.883839e-09,4.11679e-12,0.026404839,0.001238382
0.7942946,3.248312e-14,0.17809145,1.4031647e-07,4.8564064e-09,4.086332e-12,0.026376963,0.0012368317
0.79438895,3.2207923e-14,0.17802821,1.3962229e-07,4.828598e-09,4.0560034e-12,0.026347434,0.0012352756
0.79448503,3.1936706e-14,0.17796198,1.3895118e-07,4.8013167e-09,4.0259705e-12,0.026319154,0.0012337256
0.7945854,3.167199e-14,0.17788824,1.3832944e-07,4.7750626e-09,3.996273e-12,0.02629405,0.0012321934
0.7946877,3.1411346e-14,0.17781107,1.3773284e-07,4.7493978e-09,3.9668715e-12,0.026270438,0.0012306649
0.79478776,3.11505e-14,0.17773783,1.3711283e-07,4.723362e-09,3.9376007e-12,0.026245175,0.0012291325
0.794883,3.0887978e-14,0.17767252,1.364496e-07,4.696598e-09,3.90844e-12,0.026216721,0.0012275905
0.7949769,3.062633e-14,0.17760965,1.3577433e-07,4.669703e-09,3.8794293e-12,0.026187232,0.0012260495
0.7950742,3.0369814e-14,0.1775408,1.3513817e-07,4.643636e-09,3.850746e-12,0.026160307,0.0012245133
0.79517686,3.0120237e-14,0.17746297,1.3455885e-07,4.618732e-09,3.8224025e-12,0.026137074,0.0012229971
0.7952813,2.987432e-14,0.17738187,1.3400098e-07,4.5943227e-09,3.7943407e-12,0.026115214,0.0012214908
0.795382,2.9627105e-14,0.1773071,1.3340765e-07,4.5693236e-09,3.766375e-12,0.026090767,0.0012199706
0.79547745,2.937754e-14,0.1772413,1.3276467e-07,4.543485e-09,3.7384826e-12,0.026062684,0.0012184397
0.79557145,2.9129243e-14,0.17717756,1.3211555e-07,4.517613e-09,3.710769e-12,0.026033966,0.0012169089
0.79567194,2.8887686e-14,0.17710347,1.3152389e-07,4.492901e-09,3.683382e-12,0.02600906,0.0012153931
0.7957792,2.8654555e-14,0.17701726,1.3100954e-07,4.4697437e-09,3.6564167e-12,0.025989432,0.0012139049
0.79588944,2.8425145e-14,0.17692648,1.3052097e-07,4.447137e-09,3.6297042e-12,0.025971571,0.0012124238
0.7959934,2.8192833e-14,0.17684583,1.2997852e-07,4.423606e-09,3.6030274e-12,0.025949685,0.0012109261
0.7960875,2.7954498e-14,0.17678192,1.2934109e-07,4.398374e-09,3.5763248e-12,0.025921067,0.0012094022
0.7961742,2.7712582e-14,0.17673005,1.2864214e-07,4.37207e-09,3.549625e-12,0.025887674,0.001207863
0.7962627,2.7474024e-14,0.1766757,1.2795944e-07,4.3461816e-09,3.5231588e-12,0.025855215,0.001206329
0.7963575,2.7242673e-14,0.17660998,1.273443e-07,4.3216257e-09,3.4970716e-12,0.025827486,0.0012048153
0.79645866,2.7017608e-14,0.17653422,1.2678555e-07,4.2982022e-09,3.4712975e-12,0.025803635,0.001203317
0.7965596,2.679485e-14,0.17645845,1.2623259e-07,4.2749777e-09,3.445745e-12,0.025780017,0.001201824
0.79665697,2.6570927e-14,0.17638884,1.2564651e-07,4.251211e-09,3.4202743e-12,0.02575385,0.0012003198
0.79675174,2.6346975e-14,0.17632335,1.2503948e-07,4.227135e-09,3.3949221e-12,0.025725983,0.0011988123
0.7968481,2.6126364e-14,0.17625491,1.2445342e-07,4.2035326e-09,3.3698229e-12,0.025699547,0.0011973114
0.79694885,2.5910899e-14,0.1761792,1.239111e-07,4.1808184e-09,3.3450037e-12,0.025676044,0.0011958256
0.7970523,2.5698819e-14,0.17609909,1.2339164e-07,4.1586143e-09,3.3204104e-12,0.025654115,0.0011943489
0.79715294,2.5486683e-14,0.1760236,1.2285157e-07,4.1361026e-09,3.2959356e-12,0.025630428,0.0011928654
0.79724896,2.5273015e-14,0.1759557,1.2227257e-07,4.1129438e-09,3.2715603e-12,0.025603807,0.0011913673
0.79734313,2.5060174e-14,0.17589056,1.2168334e-07,4.0896784e-09,3.2473262e-12,0.025576225,0.0011898751
0.7974415,2.4851579e-14,0.17581901,1.2112902e-07,4.0671404e-09,3.2233506e-12,0.025551049,0.00118839
0.7975449,2.4648544e-14,0.17573854,1.2062584e-07,4.045624e-09,3.1996695e-12,0.025529567,0.0011869231
0.7976505,2.444849e-14,0.17565456,1.2014122e-07,4.0245243e-09,3.1761952e-12,0.025509363,0.0011854602
0.79775226,2.4247538e-14,0.17557698,1.1962602e-07,4.002942e-09,3.1528302e-12,0.025486741,0.0011839906
0.7978482,2.4044489e-14,0.17550871,1.1906559e-07,3.9805883e-09,3.1295003e-12,0.025460435,0.001182508
0.7979438,2.3842485e-14,0.17544152,1.1849983e-07,3.958207e-09,3.10633e-12,0.025433607,0.0011810255
0.7980445,2.3646033e-14,0.17536531,1.17985664e-07,3.936871e-09,3.0834569e-12,0.025410512,0.0011795593
0.7981528,2.3456253e-14,0.17527641,1.17540516e-07,3.9168664e-09,3.0609094e-12,0.025392616,0.001178116
0.79826397,2.3269853e-14,0.17518282,1.1711901e-07,3.8973784e-09,3.0386017e-12,0.025376422,0.0011766804
0.7983685,2.3080958e-14,0.1750997,1.1664864e-07,3.877054e-09,3.0163049e-12,0.025356347,0.0011752314
0.7984638,2.2886913e-14,0.1750328,1.16092764e-07,3.855231e-09,2.9939716e-12,0.025329528,0.0011737535
0.7985517,2.2690263e-14,0.17497776,1.1548228e-07,3.832486e-09,2.971662e-12,0.025298176,0.0011722634
0.7986407,2.2496062e-14,0.1749207,1.1488514e-07,3.81007e-09,2.9495512e-12,0.02526772,0.001170779
0.7987366,2.2307841e-14,0.17485212,1.14348744e-07,3.7888284e-09,2.9277477e-12,0.02524185,0.0011693115
0.7988387,2.212483e-14,0.17477362,1.13863415e-07,3.7685908e-09,2.9062052e-12,0.025219738,0.0011678616
0.7989411,2.194345e-14,0.17469452,1.1338213e-07,3.748505e-09,2.8848278e-12,0.025197895,0.0011664145
0.79903895,2.1761195e-14,0.17462248,1.12871234e-07,3.7279437e-09,2.8635364e-12,0.025173526,0.0011649604
0.7991343,2.157886e-14,0.17455454,1.1234127e-07,3.7071008e-09,2.8423505e-12,0.025147472,0.0011635016
0.7992314,2.1399244e-14,0.17448372,1.1182962e-07,3.6866785e-09,2.8213592e-12,0.025122741,0.0011620483
0.7993335,2.1223764e-14,0.17440486,1.11356776e-07,3.667014e-09,2.8005994e-12,0.025100876,0.0011606085
0.7994374,2.1051135e-14,0.17432259,1.10904374e-07,3.6477965e-09,2.7800568e-12,0.02508064,0.0011591756
0.79953897,2.0878336e-14,0.17424451,1.1043242e-07,3.6282948e-09,2.759599e-12,0.02505865,0.0011577386
0.79963565,2.0704341e-14,0.17417437,1.09925715e-07,3.6082288e-09,2.739207e-12,0.025033636,0.0011562956
0.79973054,2.0530732e-14,0.17410684,1.0940868e-07,3.5880394e-09,2.7189388e-12,0.025007661,0.001154842
0.79982954,2.0360739e-14,0.17403294,1.0892269e-07,3.5684993e-09,2.698886e-12,0.024984032,0.0011534004
0.7999335,2.0195363e-14,0.17395034,1.0848296e-07,3.5498449e-09,2.6790944e-12,0.024964081,0.0011519827
0.8000397,2.0032187e-14,0.17386447,1.0805861e-07,3.5315273e-09,2.6594556e-12,0.024945166,0.0011505644
0.8001415,1.9868286e-14,0.1737853,1.0760617e-07,3.5127758e-09,2.6399109e-12,0.024923963,0.0011491398
0.80023813,1.970263e-14,0.17371498,1.0711253e-07,3.493361e-09,2.6204078e-12,0.024899105,0.001147703
0.8003333,1.953791e-14,0.17364652,1.06613726e-07,3.4739014e-09,2.6010344e-12,0.024873726,0.0011462648
0.80043447,1.9377519e-14,0.1735688,1.06160364e-07,3.4553342e-09,2.5818872e-12,0.024851806,0.0011448419
0.80054307,1.9222657e-14,0.17347832,1.057687e-07,3.437934e-09,2.5630416e-12,0.024835108,0.0011434428
0.8006542,1.9070291e-14,0.1733838,1.05397305e-07,3.4209582e-09,2.5443512e-12,0.024819873,0.0011420533
0.8007595,1.8916038e-14,0.17329898,1.0498158e-07,3.403256e-09,2.525702e-12,0.024800848,0.0011406442
0.80085415,1.8757594e-14,0.1732314,1.0448876e-07,3.3842313e-09,2.507022e-12,0.024775174,0.0011392129
0.8009419,1.8596766e-14,0.1731752,1.0394539e-07,3.364373e-09,2.4883541e-12,0.024745062,0.0011377666
0.8010313,1.8437922e-14,0.1731166,1.03413335e-07,3.3447782e-09,2.4698305e-12,0.024715677,0.0011363244
0.80112654,1.8284018e-14,0.1730477,1.0293579e-07,3.3262286e-09,2.4515702e-12,0.0246907,0.0011349014
0.8012281,1.8134308e-14,0.17296883,1.0250369e-07,3.3085532e-09,2.4335473e-12,0.024669537,0.001133497
0.80132955,1.7985926e-14,0.1728898,1.0207424e-07,3.2909773e-09,2.4156614e-12,0.02464846,0.0011320912
0.80142725,1.7836698e-14,0.17281707,1.0161754e-07,3.2729857e-09,2.397836e-12,0.02462489,0.0011306774
0.8015218,1.7687359e-14,0.1727493,1.0114269e-07,3.2547258e-09,2.3800968e-12,0.024599627,0.001129258
0.8016186,1.7540323e-14,0.1726779,1.0068417e-07,3.2368241e-09,2.362522e-12,0.024575537,0.0011278486
0.8017198,1.7396595e-14,0.17259943,1.00260216e-07,3.219597e-09,2.3451484e-12,0.02455432,0.0011264485
0.8018228,1.72551e-14,0.1725176,9.985332e-08,3.2027314e-09,2.3279297e-12,0.024534535,0.0011250569
0.8019234,1.7113469e-14,0.17243989,9.942898e-08,3.1856104e-09,2.3107998e-12,0.024512986,0.0011236625
0.8020189,1.6970785e-14,0.17237031,9.89724e-08,3.167987e-09,2.2937242e-12,0.024488516,0.0011222562
0.8021131,1.6828525e-14,0.17230296,9.8506206e-08,3.1502512e-09,2.2767495e-12,0.024462985,0.001120846
0.8022107,1.6689056e-14,0.17222995,9.806777e-08,3.133064e-09,2.259953e-12,0.02443982,0.0011194476
0.80231327,1.6553277e-14,0.17214851,9.7669435e-08,3.1166438e-09,2.2433628e-12,0.024420017,0.0011180645
0.8024182,1.6419403e-14,0.17206366,9.7285415e-08,3.1005318e-09,2.2269179e-12,0.024401372,0.0011166864
0.80251867,1.6284903e-14,0.17198563,9.687567e-08,3.084033e-09,2.2105434e-12,0.024380282,0.0011153009
0.8026141,1.6148878e-14,0.1719162,9.6428145e-08,3.066912e-09,2.1941958e-12,0.024355687,0.0011139038
0.80270797,1.6013683e-14,0.17184894,9.59758e-08,3.0497758e-09,2.177965e-12,0.024330491,0.0011125095
0.8028074,1.5881973e-14,0.17177257,9.5563976e-08,3.0334097e-09,2.1619267e-12,0.024308851,0.001111124
0.8029143,1.5754769e-14,0.1716839,9.520743e-08,3.0180636e-09,2.1461249e-12,0.024291992,0.0011097612
0.803024,1.5629586e-14,0.1715908,9.486875e-08,3.0030796e-09,2.1304618e-12,0.024276666,0.001108405
0.8031273,1.5502853e-14,0.17150798,9.449023e-08,2.9874572e-09,2.1148402e-12,0.02425764,0.0011070367
0.8032206,1.5372674e-14,0.17144158,9.404172e-08,2.9706717e-09,2.0991787e-12,0.024232112,0.0011056486
0.8033065,1.5240569e-14,0.171387,9.354761e-08,2.9531535e-09,2.0835304e-12,0.024202114,0.0011042389
0.80339384,1.5110031e-14,0.17133029,9.306399e-08,2.9358667e-09,2.068018e-12,0.024172934,0.0011028318
0.80348814,1.4983566e-14,0.17126234,9.2628966e-08,2.9194913e-09,2.0527174e-12,0.024148026,0.0011014497
0.8035875,1.486058e-14,0.17118554,9.2235e-08,2.9038794e-09,2.0376127e-12,0.024126794,0.001100082
0.8036875,1.4738587e-14,0.1711081,9.184304e-08,2.8883587e-09,2.022617e-12,0.024105646,0.0010987158
0.80378324,1.4616011e-14,0.17103727,9.1426614e-08,2.8724674e-09,2.0076748e-12,0.02408207,0.0010973371
0.8038765,1.4493333e-14,0.17097068,9.0994526e-08,2.8563658e-09,1.9928146e-12,0.024056835,0.0010959583
0.8039712,1.437242e-14,0.1709013,9.057648e-08,2.8405542e-09,1.9780859e-12,0.02403279,0.0010945837
0.8040703,1.4254336e-14,0.17082493,9.018983e-08,2.8253362e-09,1.9635188e-12,0.024011513,0.0010932242
0.80417186,1.4138127e-14,0.17074454,8.981905e-08,2.8104494e-09,1.949094e-12,0.02399161,0.0010918722
0.8042706,1.4021721e-14,0.17066863,8.94321e-08,2.7953435e-09,1.9347356e-12,0.023970062,0.001090515
0.80436444,1.3904541e-14,0.17060068,8.9016716e-08,2.7797926e-09,1.9204306e-12,0.023945667,0.001089147
0.8044571,1.378764e-14,0.17053477,8.859266e-08,2.7641502e-09,1.9061998e-12,0.023920214,0.0010877724
0.804553,1.3673103e-14,0.17046353,8.819366e-08,2.7489788e-09,1.892125e-12,0.023897069,0.0010864112
0.804654,1.3561597e-14,0.17038351,8.78317e-08,2.734508e-09,1.8782306e-12,0.023877334,0.0010850658
0.8047574,1.3451734e-14,0.17030013,8.748234e-08,2.720298e-09,1.8644509e-12,0.023858685,0.0010837258
0.8048561,1.3341281e-14,0.17022376,8.711009e-08,2.7057483e-09,1.8507262e-12,0.023837684,0.0010823795
0.80494976,1.3229684e-14,0.17015575,8.670446e-08,2.6906846e-09,1.8370349e-12,0.023813302,0.0010810219
0.80504245,1.3118629e-14,0.1700895,8.629437e-08,2.6755895e-09,1.8234286e-12,0.023788309,0.0010796601
0.8051405,1.3010553e-14,0.17001437,8.5921364e-08,2.6611853e-09,1.8099976e-12,0.023766758,0.0010783138
0.8052465,1.2906202e-14,0.16992651,8.559831e-08,2.6476723e-09,1.7967583e-12,0.02375006,0.0010769906
0.8053544,1.2803574e-14,0.1698349,8.52918e-08,2.634496e-09,1.7836474e-12,0.023734903,0.0010756727
0.8054566,1.2699635e-14,0.16975296,8.494948e-08,2.620756e-09,1.7705589e-12,0.023716053,0.0010743457
0.8055486,1.2592827e-14,0.16968739,8.45447e-08,2.605996e-09,1.7574435e-12,0.023690913,0.0010729892
0.80563325,1.24845635e-14,0.16963354,8.40997e-08,2.5906135e-09,1.7443427e-12,0.02366154,0.0010716226
0.8057196,1.2377635e-14,0.16957715,8.366424e-08,2.5754403e-09,1.7313498e-12,0.023632862,0.0010702596
0.80581284,1.22740216e-14,0.16950977,8.3272866e-08,2.561071e-09,1.7185405e-12,0.023608498,0.0010689159
0.8059114,1.2173166e-14,0.1694332,8.2918014e-08,2.5473579e-09,1.7058827e-12,0.023587663,0.0010675837
0.80601,1.2073299e-14,0.16935667,8.25661e-08,2.5337517e-09,1.6933313e-12,0.023566984,0.0010662556
0.80610526,1.1972834e-14,0.16928577,8.21923e-08,2.5198186e-09,1.6808172e-12,0.023543956,0.0010649193
0.8061974,1.1872455e-14,0.16921957,8.180473e-08,2.5056988e-09,1.668376e-12,0.023519311,0.0010635798
0.80629146,1.1773485e-14,0.16915041,8.142989e-08,2.4918496e-09,1.6560469e-12,0.023495868,0.0010622448
0.8063898,1.1676851e-14,0.16907395,8.108412e-08,2.4785343e-09,1.6438552e-12,0.02347526,0.0010609234
0.80649036,1.15816585e-14,0.16899395,8.075219e-08,2.4654991e-09,1.6317763e-12,0.023455964,0.0010596076
0.80658853,1.1486397e-14,0.168918,8.04065e-08,2.4522728e-09,1.6197566e-12,0.023435071,0.0010582884
0.80668235,1.1390532e-14,0.16884923,8.0035456e-08,2.4386713e-09,1.60778e-12,0.023411416,0.0010569615
0.80677396,1.1294877e-14,0.16878355,7.965663e-08,2.4249815e-09,1.5958694e-12,0.023386804,0.0010556277
0.8068693,1.1201209e-14,0.16871192,7.930068e-08,2.4117293e-09,1.5840905e-12,0.023364399,0.0010543083
0.80696994,1.1110085e-14,0.16863161,7.897832e-08,2.3990818e-09,1.572463e-12,0.023345416,0.0010530031
0.8070724,1.1020148e-14,0.16854835,7.866689e-08,2.3866613e-09,1.5609302e-12,0.023327481,0.0010517001
0.8071714,1.0929807e-14,0.16847081,7.833529e-08,2.373946e-09,1.5494397e-12,0.023307303,0.0010503941
0.8072649,1.0838583e-14,0.16840215,7.7973915e-08,2.360778e-09,1.5379824e-12,0.023283763,0.0010490762
0.80735695,1.0747772e-14,0.1683356,7.7608874e-08,2.3475935e-09,1.5265982e-12,0.02325965,0.0010477524
0.80745494,1.0659448e-14,0.16825956,7.727706e-08,2.335012e-09,1.5153586e-12,0.02323906,0.0010464495
0.8075598,1.0574076e-14,0.16817184,7.69899e-08,2.3232134e-09,1.5042774e-12,0.023223067,0.001045161
0.80766803,1.04902125e-14,0.1680794,7.6718166e-08,2.3117133e-09,1.4933035e-12,0.023208577,0.0010438845
0.8077692,1.0405236e-14,0.16799757,7.641391e-08,2.2997144e-09,1.4823487e-12,0.02319053,0.001042594
0.8078613,1.0317939e-14,0.16793104,7.6053716e-08,2.2868363e-09,1.4713737e-12,0.023166273,0.001041279
0.807946,1.0229387e-14,0.1678761,7.565686e-08,2.2733848e-09,1.4604079e-12,0.0231379,0.0010399526
0.8080323,1.0141962e-14,0.16781878,7.526894e-08,2.2601376e-09,1.4495348e-12,0.023110287,0.0010386298
0.80812466,1.00572025e-14,0.16775109,7.4920166e-08,2.247576e-09,1.4388113e-12,0.023086846,0.0010373226
0.80822295,9.974822e-15,0.16767408,7.460499e-08,2.2356164e-09,1.4282292e-12,0.023066899,0.0010360328
0.80832136,9.89308e-15,0.1675968,7.4291435e-08,2.2237165e-09,1.4177144e-12,0.023047013,0.0010347439
0.8084162,9.810991e-15,0.16752553,7.395898e-08,2.2115454e-09,1.4072492e-12,0.023024866,0.0010334506
0.80850774,9.728838e-15,0.16745888,7.361324e-08,2.1992095e-09,1.3968344e-12,0.023001116,0.0010321452
0.8086018,9.647881e-15,0.1673888,7.3279274e-08,2.1871036e-09,1.3865113e-12,0.022978531,0.0010308536
0.8087,9.568815e-15,0.16731177,7.297085e-08,2.1754611e-09,1.3763086e-12,0.022958606,0.0010295699
0.80880016,9.4909635e-15,0.1672315,7.267498e-08,2.1640638e-09,1.3661971e-12,0.02294,0.0010282926
0.8088978,9.413069e-15,0.1671552,7.23667e-08,2.1525013e-09,1.3561425e-12,0.022919938,0.0010270112
0.80899054,9.3346165e-15,0.16708656,7.2034965e-08,2.1405957e-09,1.3461207e-12,0.022897068,0.0010257198
0.8090822,9.2563125e-15,0.16702008,7.1696455e-08,2.128623e-09,1.3361481e-12,0.02287323,0.0010244288
0.80917674,9.1796425e-15,0.1669485,7.1378295e-08,2.1170201e-09,1.3262868e-12,0.022851527,0.0010231474
0.80927694,9.1050265e-15,0.16686793,7.1089836e-08,2.1059445e-09,1.316548e-12,0.02283316,0.00102188
0.80937886,9.031414e-15,0.16678457,7.081161e-08,2.0950712e-09,1.3069008e-12,0.022815855,0.0010206153
0.80947673,8.957498e-15,0.16670774,7.0514744e-08,2.0839417e-09,1.2972829e-12,0.022796167,0.0010193458
0.80956936,8.88274e-15,0.16663907,7.019108e-08,2.072403e-09,1.2876884e-12,0.022773374,0.0010180624
0.8096613,8.80843e-15,0.16657187,6.9863646e-08,2.060848e-09,1.2781587e-12,0.022749932,0.0010167827
0.80975825,8.7360285e-15,0.16649637,6.95659e-08,2.0498154e-09,1.2687461e-12,0.022729797,0.001015516
0.8098626,8.666152e-15,0.16640876,6.930851e-08,2.0394793e-09,1.2594672e-12,0.022714283,0.0010142638
0.80996937,8.597418e-15,0.1663174,6.906453e-08,2.0293907e-09,1.250279e-12,0.022700211,0.0010130244
0.8100701,8.527767e-15,0.16623549,6.879136e-08,2.018863e-09,1.2411057e-12,0.022682605,0.0010117714
0.81016135,8.456258e-15,0.16616909,6.846778e-08,2.0075666e-09,1.2319152e-12,0.022658978,0.0010104948
0.8102454,8.3837695e-15,0.16611406,6.8111326e-08,1.9957784e-09,1.2227348e-12,0.022631308,0.001009206
0.81033075,8.312106e-15,0.16605698,6.776253e-08,1.984142e-09,1.2136342e-12,0.02260429,0.0010079219
0.8104223,8.242628e-15,0.16598974,6.744883e-08,1.9731232e-09,1.2046519e-12,0.022581331,0.0010066525
0.8105198,8.1751e-15,0.16591285,6.716525e-08,1.9626214e-09,1.195786e-12,0.022561813,0.0010053981
0.81061697,8.1081534e-15,0.1658364,6.6883864e-08,1.9521933e-09,1.1869915e-12,0.022542426,0.0010041454
0.8107109,8.0408634e-15,0.16576532,6.658458e-08,1.9415127e-09,1.178221e-12,0.0225208,0.0010028849
0.81080234,7.97356e-15,0.16569835,6.627392e-08,1.9306825e-09,1.1694984e-12,0.0224976,0.0010016236
0.8108949,7.907252e-15,0.1656291,6.597424e-08,1.9200759e-09,1.1608618e-12,0.022475611,0.0010003651
0.8109921,7.842468e-15,0.16555247,6.569721e-08,1.909863e-09,1.1523198e-12,0.022456259,0.0009991168
0.8110917,7.778743e-15,0.16547224,6.543201e-08,1.899873e-09,1.1438549e-12,0.022438165,0.00099788
0.81118846,7.71489e-15,0.16539621,6.515536e-08,1.8897341e-09,1.1354352e-12,0.022418573,0.0009966318
0.8112806,7.650641e-15,0.16532762,6.48581e-08,1.8793085e-09,1.1270367e-12,0.02239631,0.0009953815
0.81137186,7.586545e-15,0.16526078,6.455498e-08,1.8688138e-09,1.1186904e-12,0.022373188,0.0009941272
0.8114658,7.523812e-15,0.16518898,6.427053e-08,1.8586637e-09,1.1104457e-12,0.022352275,0.0009928808
0.8115656,7.462733e-15,0.16510817,6.401294e-08,1.8489666e-09,1.1022907e-12,0.022334523,0.0009916516
0.811667,7.4025335e-15,0.16502461,6.376502e-08,1.8394675e-09,1.0942103e-12,0.022317853,0.0009904257
0.81176484,7.342029e-15,0.16494693,6.35007e-08,1.8297368e-09,1.0861615e-12,0.02229901,0.0009891932
0.8118572,7.280916e-15,0.16487762,6.321269e-08,1.81966e-09,1.0781317e-12,0.022277081,0.0009879494
0.81194854,7.220164e-15,0.16481002,6.292182e-08,1.8095777e-09,1.070162e-12,0.022254677,0.0009867061
0.8120458,7.161036e-15,0.16473311,6.265796e-08,1.7999591e-09,1.0622813e-12,0.022235513,0.0009854767
0.8121498,7.103942e-15,0.1646449,6.2431205e-08,1.7909566e-09,1.0545196e-12,0.022220913,0.0009842667
0.8122567,7.047838e-15,0.16455227,6.2217225e-08,1.7821923e-09,1.0468382e-12,0.022207906,0.0009830607
0.81235826,6.991012e-15,0.16446851,6.197721e-08,1.7730395e-09,1.0391604e-12,0.022191374,0.0009818475
0.8124495,6.9326775e-15,0.16440074,6.1692376e-08,1.7632221e-09,1.0314785e-12,0.022169072,0.0009806083
0.8125342,6.873542e-15,0.1643434,6.137861e-08,1.7529833e-09,1.0238004e-12,0.022142923,0.0009793614
0.81262046,6.815132e-15,0.16428375,6.1072484e-08,1.742897e-09,1.0161929e-12,0.022117581,0.0009781161
0.8127134,6.7585364e-15,0.1642134,6.0798655e-08,1.7333524e-09,1.0086828e-12,0.022096222,0.0009768881
0.812812,6.703583e-15,0.16413389,6.055257e-08,1.7242764e-09,1.0012735e-12,0.022078363,0.00097567425
0.8129107,6.6491277e-15,0.16405414,6.030932e-08,1.7152745e-09,9.939205e-13,0.022060756,0.0009744634
0.8130059,6.5944077e-15,0.16397981,6.005065e-08,1.7060617e-09,9.865967e-13,0.022040963,0.00097324705
0.81309867,6.5397178e-15,0.16390939,5.97824e-08,1.6967344e-09,9.793108e-13,0.022019839,0.0009720233
0.81319326,6.485819e-15,0.16383594,5.952447e-08,1.6876037e-09,9.72092e-13,0.021999942,0.0009708082
0.8132929,6.433263e-15,0.16375479,5.928791e-08,1.6788301e-09,9.649563e-13,0.02198271,0.0009696049
0.8133945,6.3815365e-15,0.16367015,5.9062902e-08,1.670272e-09,9.578918e-13,0.021966888,0.00096840353
0.8134939,6.3297984e-15,0.1635892,5.8828498e-08,1.6615943e-09,9.508581e-13,0.021949697,0.0009672043
0.8135885,6.2777013e-15,0.1635154,5.8575903e-08,1.6526716e-09,9.438508e-13,0.02193005,0.0009659934
0.8136826,6.225815e-15,0.16344295,5.831901e-08,1.6437078e-09,9.368874e-13,0.021909632,0.0009647849
0.8137794,6.1750366e-15,0.16336562,5.8079504e-08,1.6350477e-09,9.299979e-13,0.021891393,0.00096358365
0.81388247,6.125632e-15,0.16327867,5.7865034e-08,1.6268024e-09,9.231944e-13,0.021876445,0.0009623951
0.81398726,6.0769587e-15,0.16318884,5.766006e-08,1.6187317e-09,9.164547e-13,0.021862721,0.0009612132
0.8140886,6.028095e-15,0.16310446,5.7441095e-08,1.610476e-09,9.097397e-13,0.021846913,0.0009600242
0.8141847,5.978788e-15,0.16302821,5.7201543e-08,1.6019345e-09,9.030491e-13,0.02182825,0.0009588281
0.81427985,5.929741e-15,0.16295338,5.695976e-08,1.5933875e-09,8.963997e-13,0.02180918,0.0009576323
0.81438094,5.882014e-15,0.16286904,5.674312e-08,1.5852548e-09,8.898296e-13,0.021793464,0.0009564464
0.8144895,5.836016e-15,0.1627729,5.656082e-08,1.5776831e-09,8.833628e-13,0.021782279,0.00095527846
0.8146005,5.7908585e-15,0.16267261,5.639035e-08,1.570311e-09,8.7695243e-13,0.021772683,0.0009541212
0.8147063,5.7450937e-15,0.16258083,5.61973e-08,1.5626239e-09,8.705563e-13,0.021759817,0.0009529543
0.8148027,5.698124e-15,0.1625041,5.5964016e-08,1.5543483e-09,8.64154e-13,0.021741418,0.0009517636
0.81489235,5.6505e-15,0.16243769,5.5704984e-08,1.5457116e-09,8.577591e-13,0.021719296,0.00095056515
0.8149842,5.603503e-15,0.16236834,5.5453118e-08,1.5372148e-09,8.5141703e-13,0.021698015,0.0009493663
0.8150822,5.557999e-15,0.16228877,5.5231244e-08,1.5292053e-09,8.4516514e-13,0.021680828,0.00094818685
0.8151858,5.513785e-15,0.16220015,5.5034555e-08,1.5216017e-09,8.389889e-13,0.021666963,0.0009470209
0.8152898,5.470051e-15,0.16211073,5.4840896e-08,1.5140715e-09,8.328647e-13,0.021653512,0.0009458577
0.8153907,5.4260837e-15,0.16202663,5.4633542e-08,1.5063629e-09,8.267646e-13,0.021638026,0.0009446878
0.8154891,5.3821257e-15,0.16194607,5.441757e-08,1.4985518e-09,8.2069583e-13,0.021621205,0.0009435133
0.8155895,5.3388415e-15,0.1618624,5.421115e-08,1.4909126e-09,8.1468426e-13,0.021605663,0.0009423475
0.8156943,5.296621e-15,0.16177176,5.4024465e-08,1.483592e-09,8.087413e-13,0.021592762,0.0009411918
0.8158015,5.2550907e-15,0.16167705,5.3848126e-08,1.4764583e-09,8.0285474e-13,0.021581292,0.0009400407
0.81590617,5.2135517e-15,0.16158631,5.366319e-08,1.4692225e-09,7.9699935e-13,0.021568526,0.0009388873
0.81600684,5.1717037e-15,0.16150211,5.346189e-08,1.4617669e-09,7.911632e-13,0.02155334,0.00093772565
0.8161062,5.1299877e-15,0.16141984,5.3256194e-08,1.454269e-09,7.8535946e-13,0.021537365,0.0009365635
0.81620914,5.089193e-15,0.16133183,5.306629e-08,1.4470338e-09,7.7962403e-13,0.021523634,0.0009354095
0.8163176,5.0494895e-15,0.16123514,5.2898905e-08,1.4401604e-09,7.7395496e-13,0.02151297,0.0009342691
0.81642735,5.0103515e-15,0.161136,5.273988e-08,1.4334366e-09,7.683342e-13,0.021503473,0.00093313376
0.8165339,4.9710615e-15,0.16104196,5.2567888e-08,1.4265454e-09,7.627424e-13,0.02149209,0.00093198987
0.81663543,4.9313902e-15,0.16095603,5.2376347e-08,1.4193888e-09,7.571651e-13,0.021477716,0.00093084306
0.81673604,4.891881e-15,0.16087118,5.218256e-08,1.4122208e-09,7.5162473e-13,0.021463037,0.00092969113
0.8168423,4.8534624e-15,0.1607777,5.201117e-08,1.4054122e-09,7.4614723e-13,0.021451402,0.00092855387
0.8169552,4.8164127e-15,0.160673,5.1870348e-08,1.3990801e-09,7.4075094e-13,0.021444222,0.0009274324
0.8170705,4.779988e-15,0.16056453,5.174011e-08,1.3929293e-09,7.354084e-13,0.021438576,0.00092631776
0.8171801,4.7430647e-15,0.16046499,5.1588096e-08,1.3864759e-09,7.300701e-13,0.021429617,0.00092519145
0.8172808,4.7051363e-15,0.16037996,5.1398793e-08,1.3794977e-09,7.2472806e-13,0.021415118,0.00092404836
0.81737584,4.666624e-15,0.1603044,5.1184728e-08,1.372184e-09,7.1939264e-13,0.021396862,0.00092289236
0.81747186,4.628591e-15,0.16022693,5.0976485e-08,1.3649784e-09,7.141043e-13,0.021379344,0.0009217403
0.8175738,4.591777e-15,0.16013996,5.0794927e-08,1.3581856e-09,7.088841e-13,0.021365663,0.0009206064
0.8176811,4.5559463e-15,0.16004433,5.0635308e-08,1.351742e-09,7.037269e-13,0.021355165,0.00091947976
0.8177879,4.520444e-15,0.15994881,5.0477396e-08,1.3453464e-09,6.986121e-13,0.021344922,0.0009183589
0.8178917,4.4847405e-15,0.15985854,5.03057e-08,1.3387719e-09,6.9351474e-13,0.021332469,0.0009172295
0.81799316,4.4490173e-15,0.15977198,5.012554e-08,1.3320985e-09,6.884447e-13,0.021318723,0.00091609877
0.8180962,4.4137887e-15,0.1596829,4.9952416e-08,1.3255519e-09,6.834182e-13,0.0213059,0.0009149699
0.8182029,4.3793768e-15,0.15958755,4.979644e-08,1.3192748e-09,6.7844704e-13,0.021295596,0.000913853
0.8183115,4.345491e-15,0.15948929,4.9648637e-08,1.3131407e-09,6.7352e-13,0.021286441,0.0009127417
0.8184175,4.3115417e-15,0.15939498,4.949187e-08,1.3068938e-09,6.6861886e-13,0.021275904,0.0009116246
0.81851953,4.2773317e-15,0.1593071,4.93188e-08,1.3004421e-09,6.6373757e-13,0.021262795,0.00091049966
0.81861997,4.2431895e-15,0.15922199,4.9140144e-08,1.2939309e-09,6.588793e-13,0.0212487,0.00090937514
0.818724,4.209692e-15,0.15913126,4.897468e-08,1.2876249e-09,6.540707e-13,0.021236569,0.0009082577
0.8188314,4.1770977e-15,0.15903394,4.8828962e-08,1.2816335e-09,6.4932337e-13,0.021227447,0.0009071492
0.81894034,4.144937e-15,0.1589344,4.8689717e-08,1.2757527e-09,6.4461663e-13,0.021219242,0.0009060465
0.8190462,4.1126008e-15,0.15884009,4.8536705e-08,1.2696955e-09,6.399221e-13,0.02120875,0.0009049385
0.81914747,4.079871e-15,0.1587534,4.836443e-08,1.2633876e-09,6.3524354e-13,0.02119532,0.00090382044
0.81924736,4.0472865e-15,0.15866862,4.818874e-08,1.2570538e-09,6.3059573e-13,0.02118121,0.0009027036
0.8193518,4.0155367e-15,0.15857643,4.8032724e-08,1.251021e-09,6.260022e-13,0.021170098,0.0009015959
0.8194624,3.9848254e-15,0.15847403,4.790297e-08,1.2453805e-09,6.2146566e-13,0.021163004,0.00090050255
0.8195741,3.9546105e-15,0.15836932,4.7781736e-08,1.2398829e-09,6.1697706e-13,0.02115721,0.0008994121
0.81968105,3.9239733e-15,0.15827265,4.763945e-08,1.2341057e-09,6.124915e-13,0.021147966,0.00089831726
0.8197793,3.8924772e-15,0.15819035,4.7461306e-08,1.2278457e-09,6.080065e-13,0.021133142,0.0008972026
0.8198719,3.8604717e-15,0.15811758,4.7259164e-08,1.2212692e-09,6.035227e-13,0.021114355,0.00089607807
0.81996554,3.828836e-15,0.15804337,4.7061356e-08,1.2147755e-09,5.9907613e-13,0.021096157,0.0008949565
0.8200639,3.7981186e-15,0.15796076,4.6886452e-08,1.2086278e-09,5.9468614e-13,0.021081468,0.0008938458
0.82016677,3.7682006e-15,0.15787078,4.673082e-08,1.202772e-09,5.9034835e-13,0.021069743,0.00089274516
0.82026917,3.738544e-15,0.15778108,4.6575575e-08,1.1969441e-09,5.860431e-13,0.02105807,0.00089164876
0.82036865,3.708655e-15,0.1576967,4.640662e-08,1.1909427e-09,5.8175155e-13,0.021044059,0.00089054235
0.8204658,3.678742e-15,0.15761627,4.6228436e-08,1.1848368e-09,5.774843e-13,0.021028515,0.00088943576
0.8205636,3.6492263e-15,0.15753424,4.6056332e-08,1.1788374e-09,5.732521e-13,0.02101376,0.0008883316
0.820665,3.6203497e-15,0.1574463,4.5898727e-08,1.1730568e-09,5.6906536e-13,0.02100137,0.00088723656
0.8207676,3.591844e-15,0.1573564,4.5747566e-08,1.1673886e-09,5.649121e-13,0.020989917,0.000886144
0.8208682,3.5633228e-15,0.15726976,4.558741e-08,1.1616166e-09,5.607825e-13,0.020976922,0.00088505115
0.8209642,3.5345501e-15,0.15719053,4.5411525e-08,1.1556505e-09,5.566672e-13,0.020961257,0.00088395056
0.82105935,3.5058185e-15,0.15711328,4.522972e-08,1.1496174e-09,5.52573e-13,0.0209445,0.0008828448
0.82115674,3.477635e-15,0.15703185,4.5059586e-08,1.1437694e-09,5.485241e-13,0.02092961,0.0008817474
0.8212579,3.450141e-15,0.15694399,4.4906574e-08,1.138182e-09,5.4451566e-13,0.020917403,0.0008806618
0.82135993,3.422999e-15,0.1568544,4.475899e-08,1.132686e-09,5.405453e-13,0.020906081,0.0008795768
0.8214587,3.395694e-15,0.15677035,4.4598444e-08,1.1270311e-09,5.3658944e-13,0.02089245,0.0008784887
0.8215537,3.3680908e-15,0.15669312,4.441988e-08,1.1211472e-09,5.3264186e-13,0.020875726,0.00087739085
0.8216471,3.34059e-15,0.15661816,4.4237556e-08,1.1152365e-09,5.287212e-13,0.020858336,0.0008762919
0.8217442,3.313771e-15,0.15653676,4.407307e-08,1.1095903e-09,5.2484585e-13,0.020843782,0.0008752052
0.8218473,3.2878187e-15,0.15644535,4.3932385e-08,1.1042904e-09,5.2102154e-13,0.02083314,0.00087412837
0.821952,3.2622623e-15,0.15635118,4.379934e-08,1.0991144e-09,5.17232e-13,0.020823713,0.00087305706
0.8220514,3.2363655e-15,0.15626557,4.3646843e-08,1.0936886e-09,5.13452e-13,0.020810945,0.00087197724
0.822143,3.209774e-15,0.1561936,4.3461625e-08,1.0878372e-09,5.0966376e-13,0.020792533,0.0008708846
0.8222298,3.1827873e-15,0.15613012,4.325449e-08,1.0817094e-09,5.0588505e-13,0.02077031,0.0008697792
0.82231635,3.1560992e-15,0.1560663,4.3051294e-08,1.0756588e-09,5.02138e-13,0.02074864,0.0008686795
0.822408,3.130191e-15,0.15599382,4.28695e-08,1.0699182e-09,4.9843604e-13,0.020730458,0.0008675878
0.82250375,3.1049378e-15,0.15591455,4.2705302e-08,1.0644347e-09,4.94777e-13,0.020715145,0.0008665091
0.82259977,3.0798887e-15,0.15583478,4.254175e-08,1.0589817e-09,4.911469e-13,0.020699866,0.0008654297
0.82269216,3.0547254e-15,0.1557609,4.2366107e-08,1.053381e-09,4.875301e-13,0.020682458,0.00086434523
0.8227829,3.0295071e-15,0.15569031,4.218241e-08,1.0476942e-09,4.839325e-13,0.020663483,0.00086325675
0.82287425,3.0046603e-15,0.15561807,4.2004757e-08,1.0421102e-09,4.8036553e-13,0.02064541,0.0008621756
0.8229692,2.9803254e-15,0.15554003,4.1840632e-08,1.0367246e-09,4.768369e-13,0.020629626,0.00086109916
0.82306564,2.956362e-15,0.15545934,4.1683272e-08,1.0314514e-09,4.733386e-13,0.020614892,0.00086002715
0.8231598,2.932371e-15,0.15538226,4.1518227e-08,1.0260924e-09,4.698612e-13,0.020598818,0.0008589533
0.8232503,2.9082063e-15,0.15531164,4.1339064e-08,1.0205642e-09,4.663929e-13,0.02058007,0.0008578743
0.8233396,2.8841046e-15,0.15524302,4.11559e-08,1.0150022e-09,4.629477e-13,0.020560486,0.0008567899
0.8234311,2.8604612e-15,0.15517043,4.0983586e-08,1.0096042e-09,4.595363e-13,0.020542739,0.0008557169
0.82352656,2.837415e-15,0.15509091,4.0827917e-08,1.0044485e-09,4.5616527e-13,0.020527828,0.00085464894
0.82362366,2.8146782e-15,0.15500894,4.067765e-08,9.99382e-10,4.528207e-13,0.020513788,0.0008535877
0.82371783,2.7918365e-15,0.15493193,4.051659e-08,9.941916e-10,4.4949312e-13,0.020497693,0.00085252186
0.82380766,2.7687745e-15,0.1548621,4.0340016e-08,9.88808e-10,4.4617394e-13,0.020478725,0.00085144717
0.8238965,2.745827e-15,0.15479375,4.0161027e-08,9.834166e-10,4.4287707e-13,0.020459227,0.0008503749
0.8239895,2.7234672e-15,0.15471855,3.9998973e-08,9.782665e-10,4.3961932e-13,0.020442616,0.00084931136
0.8240877,2.7018528e-15,0.15463386,3.985979e-08,9.734393e-10,4.3640495e-13,0.020430103,0.0008482611
0.8241882,2.6805501e-15,0.15454581,3.972779e-08,9.687215e-10,4.3321697e-13,0.020418724,0.0008472115
0.8242844,2.6590266e-15,0.15446497,3.957949e-08,9.638067e-10,4.3003928e-13,0.020404346,0.00084615854
0.82437235,2.6369453e-15,0.15439782,3.9402405e-08,9.58534e-10,4.268628e-13,0.020384682,0.0008450908
0.824456,2.6145745e-15,0.15433869,3.9206455e-08,9.530253e-10,4.2368892e-13,0.020361314,0.000844015
0.82454,2.5924837e-15,0.15427832,3.901514e-08,9.47601e-10,4.2054367e-13,0.020338742,0.00084294175
0.824629,2.5710364e-15,0.15420936,3.884389e-08,9.42456e-10,4.174386e-13,0.020319726,0.00084187667
0.8247224,2.5501596e-15,0.15413302,3.8689674e-08,9.37553e-10,4.14369e-13,0.02030372,0.0008408258
0.8248159,2.5294814e-15,0.15405644,3.8536882e-08,9.326881e-10,4.1132348e-13,0.020287868,0.000839775
0.82490635,2.5087125e-15,0.1539849,3.8374086e-08,9.2770697e-10,4.0829034e-13,0.020270053,0.0008387178
0.82499516,2.4879386e-15,0.15391618,3.8204902e-08,9.2266444e-10,4.0527485e-13,0.020250943,0.0008376621
0.8250855,2.467473e-15,0.15384497,3.8041982e-08,9.1771757e-10,4.0228546e-13,0.020232871,0.0008366069
0.8251792,2.447475e-15,0.15376797,3.7892264e-08,9.1296093e-10,3.9932966e-13,0.020217152,0.00083556207
0.8252738,2.4277807e-15,0.15368898,3.7749437e-08,9.083114e-10,3.96399e-13,0.020202642,0.0008345237
0.8253672,2.4080854e-15,0.15361243,3.7600284e-08,9.0359464e-10,3.934833e-13,0.020186882,0.00083347753
0.8254571,2.3882568e-15,0.15354158,3.7439488e-08,8.98746e-10,3.9058288e-13,0.020168817,0.0008324284
0.82554615,2.368517e-15,0.15347251,3.7275427e-08,8.9387125e-10,3.876968e-13,0.020149978,0.00083137886
0.82563716,2.3491519e-15,0.15339942,3.7122163e-08,8.891506e-10,3.84841e-13,0.020133028,0.00083033694
0.82573307,2.3303058e-15,0.15331866,3.6984485e-08,8.846524e-10,3.8201945e-13,0.020119013,0.00082930486
0.8258297,2.3117185e-15,0.15323602,3.6852335e-08,8.8024144e-10,3.7922185e-13,0.020105964,0.00082827586
0.8259236,2.2930533e-15,0.15315805,3.6711015e-08,8.7572605e-10,3.7643768e-13,0.020091096,0.0008272396
0.82601386,2.274225e-15,0.15308644,3.655599e-08,8.7105045e-10,3.7366087e-13,0.020073429,0.00082619814
0.8261033,2.2554975e-15,0.15301602,3.6399562e-08,8.6637264e-10,3.7090497e-13,0.020055434,0.00082516
0.82619685,2.237268e-15,0.15293865,3.625872e-08,8.619131e-10,3.6818029e-13,0.020040326,0.0008241284
0.82629615,2.2196414e-15,0.15285146,3.613886e-08,8.57741e-10,3.654914e-13,0.020029241,0.0008231092
0.826397,2.2022924e-15,0.15276138,3.6026268e-08,8.536753e-10,3.6282771e-13,0.020019483,0.0008220941
0.8264938,2.1847517e-15,0.15267836,3.589885e-08,8.4943513e-10,3.6017066e-13,0.020006768,0.00082107366
0.82658345,2.1667778e-15,0.15260756,3.5745657e-08,8.4487667e-10,3.575129e-13,0.019988893,0.0008200405
0.8266679,2.1485694e-15,0.15254545,3.5575788e-08,8.40126e-10,3.548617e-13,0.019967556,0.000819
0.82675356,2.1305983e-15,0.1524814,3.541022e-08,8.354445e-10,3.522347e-13,0.019946994,0.00081796426
0.8268439,2.1131443e-15,0.15240924,3.526284e-08,8.31011e-10,3.496385e-13,0.019929893,0.00081693416
0.82693857,2.0961639e-15,0.15232961,3.5131126e-08,8.267944e-10,3.470738e-13,0.019915834,0.000815915
0.8270332,2.0793278e-15,0.15224987,3.5000635e-08,8.2260715e-10,3.4452852e-13,0.019901937,0.0008148983
0.82712513,2.0624312e-15,0.15217492,3.486094e-08,8.1831814e-10,3.41993e-13,0.019886047,0.00081387814
0.8272153,2.045535e-15,0.15210284,3.4715505e-08,8.1397067e-10,3.394728e-13,0.019868974,0.00081285567
0.8273069,2.0288739e-15,0.15202832,3.457568e-08,8.097124e-10,3.3697565e-13,0.019852895,0.00081183546
0.8274013,2.0125926e-15,0.15194882,3.4447638e-08,8.056159e-10,3.3450242e-13,0.019839032,0.00081082503
0.82749736,1.996553e-15,0.15186636,3.4325506e-08,8.016091e-10,3.3205434e-13,0.01982643,0.0008098175
0.8275917,1.9805087e-15,0.15178695,3.419754e-08,7.975414e-10,3.296166e-13,0.019812416,0.00080880645
0.8276828,1.9643607e-15,0.15171319,3.4058804e-08,7.933565e-10,3.2719045e-13,0.019796219,0.0008077923
0.8277724,1.9482664e-15,0.15164167,3.3916685e-08,7.8914253e-10,3.247797e-13,0.019779189,0.00080677494
0.8278648,1.93248e-15,0.15156548,3.3783913e-08,7.850598e-10,3.2239028e-13,0.01976388,0.00080576545
0.8279606,1.9171003e-15,0.15148316,3.366502e-08,7.811668e-10,3.2003073e-13,0.019751448,0.0008047631
0.828058,1.9019189e-15,0.15139829,3.3550705e-08,7.7734513e-10,3.1768967e-13,0.019739855,0.00080376584
0.82815254,1.8866784e-15,0.15131827,3.3427607e-08,7.734257e-10,3.1535983e-13,0.019726375,0.0008027659
0.8282432,1.8712872e-15,0.1512448,3.329185e-08,7.6936246e-10,3.130384e-13,0.01971018,0.00080175773
0.8283332,1.8559703e-15,0.15117255,3.3153896e-08,7.652879e-10,3.1073148e-13,0.019693417,0.0008007494
0.82842654,1.8410532e-15,0.15109418,3.3029938e-08,7.6140355e-10,3.0845224e-13,0.019679472,0.00079974934
0.82852554,1.8266098e-15,0.15100634,3.292431e-08,7.5775786e-10,3.0619994e-13,0.01966929,0.0007987614
0.82862556,1.8123788e-15,0.1509163,3.2824754e-08,7.542011e-10,3.0396852e-13,0.01966028,0.0007977752
0.8287219,1.7979898e-15,0.15083297,3.2711313e-08,7.5048584e-10,3.0174452e-13,0.01964832,0.0007967855
0.8288106,1.783243e-15,0.1507624,3.257385e-08,7.4648726e-10,2.9952036e-13,0.019631187,0.0007957825
0.8288953,1.7682778e-15,0.15069945,3.242029e-08,7.4230244e-10,2.9729807e-13,0.019610494,0.0007947694
0.8289801,1.7534988e-15,0.15063556,3.227017e-08,7.3817497e-10,2.9509682e-13,0.01959046,0.00079376326
0.82906944,1.7391379e-15,0.15056403,3.2136235e-08,7.342621e-10,2.9292245e-13,0.019573765,0.0007927654
0.8291626,1.7251526e-15,0.15048577,3.2015706e-08,7.30528e-10,2.9077313e-13,0.019559786,0.0007917755
0.8292557,1.7112667e-15,0.15040754,3.1895688e-08,7.268156e-10,2.886385e-13,0.019545907,0.0007907834
0.82934594,1.6973247e-15,0.15033428,3.1766795e-08,7.2300366e-10,2.8651308e-13,0.01952996,0.00078979344
0.8294344,1.6833772e-15,0.15026416,3.163202e-08,7.191362e-10,2.8439943e-13,0.019512624,0.0007887986
0.8295237,1.6696033e-15,0.15019237,3.1501635e-08,7.15335e-10,2.823038e-13,0.019496141,0.00078780693
0.82961637,1.6561318e-15,0.15011491,3.138149e-08,7.116722e-10,2.802301e-13,0.019481832,0.00078682083
0.82970977,1.6428458e-15,0.15003592,3.1266122e-08,7.0808154e-10,2.7817402e-13,0.01946846,0.00078583654
0.82980156,1.6295636e-15,0.14995982,3.1144943e-08,7.044337e-10,2.761293e-13,0.019453706,0.00078485504
0.8298896,1.6161719e-15,0.14988993,3.101326e-08,7.006691e-10,2.7409105e-13,0.019436501,0.00078386447
0.82997715,1.6028221e-15,0.14982142,3.0878113e-08,6.968764e-10,2.720677e-13,0.019418523,0.0007828763
0.83006626,1.5897128e-15,0.14974965,3.0750943e-08,6.931953e-10,2.7006286e-13,0.01940215,0.00078189216
0.8301588,1.576928e-15,0.14967197,3.0635757e-08,6.8967076e-10,2.6807902e-13,0.019388312,0.00078091474
0.8302522,1.5643009e-15,0.14959247,3.052447e-08,6.8620665e-10,2.6611406e-13,0.019375317,0.00077994
0.83034325,1.551611e-15,0.14951746,3.040462e-08,6.826513e-10,2.6415675e-13,0.019360302,0.00077895995
0.8304304,1.5388053e-15,0.14944917,3.0272744e-08,6.789648e-10,2.6220557e-13,0.019342493,0.0007779774
0.830517,1.5260518e-15,0.14938197,3.0138782e-08,6.752643e-10,2.6026766e-13,0.019324062,0.0007769915
0.83060634,1.5136171e-15,0.14930929,3.0016892e-08,6.717232e-10,2.5835183e-13,0.019308306,0.00077601755
0.8307006,1.5015672e-15,0.14922816,2.9911472e-08,6.6839323e-10,2.5645938e-13,0.019296158,0.00077505014
0.83079666,1.4896961e-15,0.14914411,2.9811154e-08,6.6513706e-10,2.5458287e-13,0.019285088,0.0007740882
0.83088833,1.47768e-15,0.14906742,2.9697981e-08,6.617368e-10,2.527139e-13,0.019271037,0.00077311887
0.83097327,1.4653743e-15,0.14900278,2.9562717e-08,6.5808486e-10,2.508437e-13,0.01925177,0.0007721405
0.8310536,1.4528969e-15,0.14894615,2.9412925e-08,6.542697e-10,2.489774e-13,0.019229079,0.0007711517
0.8311345,1.4405542e-15,0.14888835,2.9265749e-08,6.5050065e-10,2.4712562e-13,0.019206885,0.0007701654
0.83121955,1.4285633e-15,0.14882337,2.913318e-08,6.4691824e-10,2.4529632e-13,0.01918787,0.0007691909
0.83130795,1.4168726e-15,0.14875221,2.9012778e-08,6.4349553e-10,2.4348947e-13,0.019171618,0.00076822244
0.83139616,1.4052716e-15,0.1486812,2.8892593e-08,6.4008715e-10,2.41694e-13,0.019155301,0.0007672533
0.83148205,1.3936235e-15,0.14861462,2.8764541e-08,6.3659666e-10,2.3990835e-13,0.019136995,0.0007662835
0.8315658,1.3819683e-15,0.1485515,2.8631083e-08,6.3305233e-10,2.3813075e-13,0.01911734,0.0007653097
0.8316508,1.3704596e-15,0.14848638,2.850144e-08,6.295671e-10,2.363671e-13,0.01909841,0.00076433754
0.83173835,1.3592066e-15,0.14841664,2.8381237e-08,6.2620686e-10,2.3462355e-13,0.01908165,0.0007633755
0.8318272,1.3481097e-15,0.14834447,2.826552e-08,6.229119e-10,2.3289538e-13,0.019065846,0.0007624138
0.8319141,1.3370134e-15,0.14827566,2.8144626e-08,6.195666e-10,2.311759e-13,0.019048698,0.0007614532
0.83199775,1.3258364e-15,0.14821252,2.8014469e-08,6.1612404e-10,2.294647e-13,0.019029204,0.00076048455
0.83208066,1.3146916e-15,0.14815098,2.7881269e-08,6.126556e-10,2.2776247e-13,0.019008862,0.0007595166
0.8321656,1.3037529e-15,0.1480856,2.7755386e-08,6.0928607e-10,2.2607689e-13,0.018990198,0.00075855426
0.8322535,1.2930876e-15,0.14801481,2.7640713e-08,6.060632e-10,2.2441058e-13,0.018974101,0.0007575984
0.8323428,1.2825603e-15,0.14794177,2.7529762e-08,6.028929e-10,2.2275819e-13,0.018958736,0.0007566467
0.83242905,1.2719881e-15,0.14787361,2.7411366e-08,5.996489e-10,2.2111334e-13,0.01894156,0.00075569015
0.83251196,1.2613246e-15,0.14781162,2.7282487e-08,5.962914e-10,2.1947476e-13,0.018921638,0.0007547297
0.8325943,1.2507067e-15,0.14775069,2.715197e-08,5.9292626e-10,2.1784691e-13,0.018901251,0.00075376674
0.8326798,1.2403533e-15,0.14768387,2.7032645e-08,5.897039e-10,2.1623607e-13,0.018883482,0.0007528136
0.8327704,1.2303277e-15,0.14760841,2.6928594e-08,5.866726e-10,2.1464665e-13,0.018869277,0.0007518694
0.83286226,1.2204595e-15,0.1475304,2.6829536e-08,5.8371125e-10,2.1307167e-13,0.018856302,0.00075092935
0.8329504,1.2104803e-15,0.14745922,2.6719205e-08,5.8062816e-10,2.1150083e-13,0.018840412,0.0007499832
0.83303165,1.2002614e-15,0.14739965,2.6589467e-08,5.773287e-10,2.0993026e-13,0.018819623,0.00074902666
0.8331082,1.1899176e-15,0.1473481,2.6447095e-08,5.7389354e-10,2.0836498e-13,0.01879554,0.0007480628
0.8331855,1.1797002e-15,0.14729546,2.6307617e-08,5.7050337e-10,2.0681196e-13,0.018772006,0.0007471016
0.8332674,1.1697598e-15,0.14723481,2.618155e-08,5.6728017e-10,2.0527594e-13,0.018751645,0.0007461478
0.83335274,1.1600893e-15,0.14716789,2.6066829e-08,5.6420235e-10,2.0375918e-13,0.018734064,0.00074520375
0.833438,1.1504988e-15,0.14710115,2.5953055e-08,5.611465e-10,2.0225435e-13,0.018716639,0.0007442622
0.83352125,1.1408759e-15,0.147038,2.5832424e-08,5.580197e-10,2.0075597e-13,0.018697402,0.00074331433
0.83360237,1.1312443e-15,0.14697842,2.5707381e-08,5.548527e-10,1.9926437e-13,0.018676767,0.0007423662
0.8336842,1.1217592e-15,0.14691716,2.558643e-08,5.517453e-10,1.9778778e-13,0.018657167,0.0007414212
0.83376974,1.1124773e-15,0.14685015,2.5474273e-08,5.4875077e-10,1.9632524e-13,0.018639639,0.0007404836
0.83385664,1.1033371e-15,0.1467806,2.5366619e-08,5.458182e-10,1.9487683e-13,0.01862323,0.0007395494
0.83394116,1.094198e-15,0.14671472,2.5254819e-08,5.42849e-10,1.9343632e-13,0.018605553,0.00073861174
0.8340228,1.0850066e-15,0.14665368,2.5135034e-08,5.397963e-10,1.9200214e-13,0.01858579,0.00073766964
0.8341038,1.0758465e-15,0.14659423,2.5012934e-08,5.3672755e-10,1.9057554e-13,0.018565185,0.00073672924
0.83418685,1.066868e-15,0.14653096,2.4898085e-08,5.3375493e-10,1.8916434e-13,0.018546449,0.00073579175
0.83427364,1.0581145e-15,0.14646126,2.479357e-08,5.3091254e-10,1.8776906e-13,0.018530238,0.00073486473
0.8343616,1.0494783e-15,0.14638956,2.4692634e-08,5.281192e-10,1.8638578e-13,0.018514954,0.0007339382
0.83444643,1.0408134e-15,0.14632265,2.4585734e-08,5.2526755e-10,1.850095e-13,0.018497877,0.00073301
0.83452827,1.0320745e-15,0.14626138,2.4469498e-08,5.2231874e-10,1.8363677e-13,0.018478286,0.0007320752
0.8346093,1.0233848e-15,0.14620125,2.4352259e-08,5.1936816e-10,1.8227408e-13,0.018458294,0.0007311415
0.83469445,1.0149201e-15,0.14613433,2.424559e-08,5.165501e-10,1.8092719e-13,0.01844096,0.0007302161
0.8347841,1.006719e-15,0.14605932,2.4152738e-08,5.139e-10,1.7959671e-13,0.01842726,0.00072929857
0.83487535,9.986586e-16,0.14598143,2.406474e-08,5.113152e-10,1.7827974e-13,0.018414797,0.0007283874
0.83496296,9.90511e-16,0.14591002,2.396699e-08,5.0862764e-10,1.7696559e-13,0.01839956,0.00072746933
0.8350439,9.821709e-16,0.14584988,2.3851968e-08,5.057534e-10,1.7565235e-13,0.018379647,0.0007265435
0.83512014,9.737284e-16,0.1457977,2.372596e-08,5.0276405e-10,1.743429e-13,0.018356556,0.00072560675
0.83519757,9.653893e-16,0.14574364,2.3602722e-08,4.99813e-10,1.7304311e-13,0.018334078,0.00072467444
0.8352792,9.572908e-16,0.14568214,2.3491843e-08,4.9701554e-10,1.7176011e-13,0.018314846,0.0007237509
0.83536434,9.49409e-16,0.14561448,2.3391395e-08,4.9434695e-10,1.7049219e-13,0.018298347,0.0007228359
0.83545053,9.415933e-16,0.14554565,2.3291717e-08,4.916943e-10,1.6923323e-13,0.018281952,0.0007219211
0.8355332,9.33756e-16,0.14548191,2.3186264e-08,4.889885e-10,1.6798027e-13,0.018263824,0.0007210055
0.8356146,9.259225e-16,0.14542076,2.3076982e-08,4.8624677e-10,1.6673442e-13,0.018244503,0.0007200858
0.83569705,9.182014e-16,0.14535761,2.2971442e-08,4.8355786e-10,1.6550055e-13,0.018226199,0.00071916956
0.8357827,9.106453e-16,0.14528906,2.2873845e-08,4.809683e-10,1.6427895e-13,0.018210016,0.0007182607
0.8358693,9.032044e-16,0.1452185,2.2780423e-08,4.784333e-10,1.6306779e-13,0.018194802,0.0007173552
0.8359546,8.957713e-16,0.14515038,2.2683283e-08,4.758673e-10,1.6186374e-13,0.018178482,0.0007164469
0.83603704,8.882915e-16,0.14508733,2.2579068e-08,4.7323123e-10,1.6066499e-13,0.018160034,0.0007155352
0.8361181,8.80839e-16,0.14502628,2.2472765e-08,4.705785e-10,1.5947333e-13,0.018140953,0.0007146239
0.836202,8.7353523e-16,0.14496078,2.2372927e-08,4.6800835e-10,1.5829376e-13,0.018123493,0.0007137183
0.83628887,8.6640756e-16,0.14488971,2.2282364e-08,4.655515e-10,1.5712767e-13,0.018108651,0.0007128178
0.8363771,8.5938523e-16,0.1448163,2.2195126e-08,4.6314277e-10,1.559722e-13,0.018094644,0.0007119215
0.8364629,8.5233294e-16,0.14474708,2.2102137e-08,4.606766e-10,1.5482095e-13,0.018078905,0.0007110212
0.8365451,8.452219e-16,0.14468415,2.2001045e-08,4.5812806e-10,1.5367402e-13,0.018060638,0.0007101176
0.83662665,8.381503e-16,0.1446221,2.1898813e-08,4.555759e-10,1.5253514e-13,0.018042034,0.00070921215
0.8367117,8.312556e-16,0.14455393,2.180588e-08,4.531366e-10,1.5140913e-13,0.018025963,0.00070831424
0.83680195,8.2458313e-16,0.14447717,2.1725405e-08,4.5084567e-10,1.5029749e-13,0.018013418,0.00070742896
0.83689386,8.1801566e-16,0.14439757,2.1649152e-08,4.4861165e-10,1.4919659e-13,0.01800207,0.0007065448
0.8369812,8.113786e-16,0.14432509,2.1563915e-08,4.4628234e-10,1.4809787e-13,0.017987953,0.0007056572
0.8370623,8.0458056e-16,0.14426365,2.1463087e-08,4.4378998e-10,1.4699998e-13,0.01796924,0.0007047564
0.8371388,7.9769497e-16,0.14420998,2.1352102e-08,4.411921e-10,1.4590468e-13,0.01794735,0.00070385047
0.83721614,7.908964e-16,0.14415483,2.1243498e-08,4.3863002e-10,1.448188e-13,0.017926069,0.0007029455
0.83729774,7.8429136e-16,0.1440923,2.1145832e-08,4.361981e-10,1.4374611e-13,0.01790784,0.00070205296
0.83738333,7.778549e-16,0.14402324,2.1057232e-08,4.3387444e-10,1.4268532e-13,0.01789224,0.0007011635
0.8374685,7.7147676e-16,0.14395438,2.0969308e-08,4.3156786e-10,1.4163227e-13,0.017876731,0.0007002775
0.8375517,7.650733e-16,0.14388949,2.0875891e-08,4.2920864e-10,1.4058452e-13,0.017859437,0.000699388
0.8376323,7.586715e-16,0.14382814,2.0778781e-08,4.2681625e-10,1.3954276e-13,0.017841017,0.00069849764
0.8377146,7.523533e-16,0.14376424,2.068485e-08,4.2446638e-10,1.3850954e-13,0.017823417,0.00069760793
0.8377996,7.461785e-16,0.14369592,2.0597966e-08,4.2220408e-10,1.3748701e-13,0.017807776,0.0006967276
0.837886,7.4009207e-16,0.14362495,2.0514493e-08,4.1998816e-10,1.3647436e-13,0.01779316,0.0006958478
0.83797044,7.340034e-16,0.14355727,2.0427416e-08,4.1773907e-10,1.3546677e-13,0.017777279,0.0006949666
0.8380521,7.27879e-16,0.14349446,2.0333815e-08,4.1542617e-10,1.3446309e-13,0.017759336,0.00069408346
0.8381327,7.2177176e-16,0.14343342,2.023826e-08,4.1309955e-10,1.3346592e-13,0.017740628,0.00069319626
0.83821476,7.1578255e-16,0.14336924,2.0148148e-08,4.108415e-10,1.3247891e-13,0.01772356,0.0006923166
0.8383009,7.099412e-16,0.14329879,2.0066187e-08,4.0868042e-10,1.3150208e-13,0.017708823,0.0006914426
0.83838826,7.041782e-16,0.14322615,1.9986988e-08,4.065584e-10,1.3053415e-13,0.017694952,0.00069057225
0.83847266,6.983848e-16,0.14315836,1.9902489e-08,4.0438428e-10,1.2957064e-13,0.01767929,0.00068969565
0.8385535,6.925463e-16,0.14309654,1.9810404e-08,4.0213569e-10,1.2861028e-13,0.017661126,0.00068881875
0.8386331,6.867347e-16,0.14303644,1.9717135e-08,3.9988224e-10,1.2765612e-13,0.017642517,0.00068793714
0.8387173,6.8106907e-16,0.14296924,1.9632047e-08,3.9772546e-10,1.267126e-13,0.017626343,0.0006870656
0.8388056,6.755797e-16,0.1428946,1.9557978e-08,3.9569703e-10,1.257815e-13,0.017613562,0.00068620377
0.8388954,6.701767e-16,0.14281751,1.9487494e-08,3.9371412e-10,1.248584e-13,0.01760181,0.00068534364
0.8389813,6.6471244e-16,0.14274676,1.9408768e-08,3.9164968e-10,1.2393866e-13,0.017587436,0.0006844774
0.83906066,6.591166e-16,0.1426873,1.9315836e-08,3.8943707e-10,1.2301865e-13,0.017568363,0.000683604
0.83913535,6.5344955e-16,0.14263564,1.9213674e-08,3.8713355e-10,1.2210105e-13,0.017546233,0.0006827234
0.8392103,6.478511e-16,0.14258324,1.9113552e-08,3.8485923e-10,1.2119125e-13,0.017524654,0.0006818441
0.8392898,6.4240456e-16,0.14252333,1.9022979e-08,3.8269518e-10,1.2029163e-13,0.017505951,0.00068097224
0.83937305,6.3710144e-16,0.14245702,1.8940577e-08,3.8062778e-10,1.194029e-13,0.017489834,0.00068010844
0.8394564,6.318422e-16,0.14239061,1.8858605e-08,3.785723e-10,1.1852027e-13,0.01747371,0.00067924673
0.8395367,6.2656197e-16,0.14232902,1.8771514e-08,3.7646986e-10,1.1764239e-13,0.017455813,0.0006783795
0.8396152,6.212795e-16,0.14227054,1.868108e-08,3.7433612e-10,1.1676853e-13,0.017436728,0.0006775115
0.839695,6.16073e-16,0.14220999,1.8593482e-08,3.7224274e-10,1.1590268e-13,0.017418424,0.0006766492
0.8397774,6.109703e-16,0.14214462,1.8511933e-08,3.7022152e-10,1.1504534e-13,0.017402068,0.00067578565
0.83986115,6.059455e-16,0.14207734,1.843355e-08,3.6824135e-10,1.1419584e-13,0.017386617,0.0006749326
0.83994335,6.0092197e-16,0.14201267,1.8351855e-08,3.6623202e-10,1.1335134e-13,0.017369939,0.00067407364
0.84002197,5.958625e-16,0.14195366,1.8264139e-08,3.6416467e-10,1.1250958e-13,0.017351164,0.0006732116
0.8400995,5.9082237e-16,0.14189637,1.8174669e-08,3.6208642e-10,1.1167371e-13,0.017331697,0.0006723501
0.8401793,5.8587554e-16,0.14183545,1.8090068e-08,3.60067e-10,1.1084542e-13,0.0173137,0.0006714905
0.8402627,5.8105026e-16,0.14176852,1.801274e-08,3.581335e-10,1.1002688e-13,0.017298155,0.0006706397
0.8403469,5.7628935e-16,0.14170012,1.7937914e-08,3.562324e-10,1.0921512e-13,0.017283265,0.0006697919
0.84042865,5.7150695e-16,0.14163582,1.785827e-08,3.5428702e-10,1.0840655e-13,0.017266626,0.0006689409
0.84050655,5.66686e-16,0.14157778,1.777181e-08,3.5227607e-10,1.07601414e-13,0.017247621,0.0006680823
0.840584,5.6188613e-16,0.14152062,1.768438e-08,3.5026093e-10,1.0680159e-13,0.017228115,0.0006672285
0.84066457,5.572097e-16,0.14145808,1.760426e-08,3.483317e-10,1.0601094e-13,0.017210996,0.0006663777
0.8407502,5.5267253e-16,0.14138697,1.7534001e-08,3.4651432e-10,1.05229986e-13,0.017197179,0.00066553673
0.8408371,5.482108e-16,0.14131369,1.7467015e-08,3.4473782e-10,1.0445614e-13,0.017184414,0.0006646978
0.84092075,5.4369785e-16,0.1412465,1.7392685e-08,3.4288866e-10,1.0368401e-13,0.017168973,0.00066385604
0.8409965,5.390771e-16,0.14119135,1.7305663e-08,3.4091288e-10,1.02913094e-13,0.017149113,0.0006630028
0.8410684,5.344015e-16,0.14114337,1.721046e-08,3.3885644e-10,1.0214392e-13,0.017126143,0.00066214317
0.84114075,5.297768e-16,0.14109427,1.7116935e-08,3.3682346e-10,1.0138018e-13,0.017103702,0.000661287
0.8412176,5.2528716e-16,0.14103775,1.703219e-08,3.3489136e-10,1.0062614e-13,0.017084202,0.0006604395
0.8412976,5.20909e-16,0.14097558,1.695482e-08,3.3304404e-10,9.9881136e-14,0.017067183,0.00065959716
0.84137803,5.1656955e-16,0.14091296,1.6877904e-08,3.3120828e-10,9.9141676e-14,0.017050186,0.00065875804
0.8414556,5.1221173e-16,0.14085501,1.6796438e-08,3.2933062e-10,9.8405117e-14,0.017031426,0.0006579118
0.8415314,5.078567e-16,0.14079988,1.671205e-08,3.2742795e-10,9.7672724e-14,0.017011596,0.00065706804
0.8416082,5.0356045e-16,0.14074306,1.6630231e-08,3.2555966e-10,9.694642e-14,0.016992457,0.0006562248
0.8416884,4.993578e-16,0.14068091,1.6554022e-08,3.2375705e-10,9.6228486e-14,0.016975306,0.00065538817
0.8417693,4.9521506e-16,0.14061716,1.648066e-08,3.2198982e-10,9.551631e-14,0.01695904,0.00065455446
0.84184885,4.910742e-16,0.14055577,1.6404345e-08,3.201994e-10,9.4808174e-14,0.016941614,0.0006537176
0.84192467,4.869044e-16,0.14050035,1.6322796e-08,3.1835742e-10,9.4102535e-14,0.0169221,0.000652879
0.8419998,4.827513e-16,0.14044617,1.6239692e-08,3.1650763e-10,9.340171e-14,0.016901948,0.0006520403
0.84207654,4.786783e-16,0.14038894,1.6161136e-08,3.147112e-10,9.2708054e-14,0.016883332,0.0006512023
0.8421574,4.747071e-16,0.14032516,1.6089178e-08,3.1299155e-10,9.202245e-14,0.016867058,0.00065037515
0.84223926,4.707821e-16,0.14025973,1.601936e-08,3.1129832e-10,9.134169e-14,0.016851395,0.00064954784
0.8423188,4.66849e-16,0.14019835,1.5945483e-08,3.0956968e-10,9.066465e-14,0.01683416,0.00064871926
0.84239405,4.6287926e-16,0.1401435,1.5865476e-08,3.077827e-10,8.998945e-14,0.016814534,0.0006478841
0.8424685,4.5893066e-16,0.14008987,1.5784774e-08,3.0599467e-10,8.931986e-14,0.01679456,0.0006470512
0.8425467,4.5508195e-16,0.1400302,1.5710606e-08,3.042811e-10,8.865701e-14,0.01677686,0.0006462235
0.8426303,4.513528e-16,0.13996185,1.5645327e-08,3.026656e-10,8.8002644e-14,0.016762419,0.0006454047
0.84271497,4.4768206e-16,0.13989143,1.5583076e-08,3.0108774e-10,8.735457e-14,0.016749017,0.00064458925
0.8427959,4.4396983e-16,0.13982725,1.5514281e-08,2.994477e-10,8.6707896e-14,0.016733063,0.0006437674
0.84286976,4.4017375e-16,0.13977456,1.5434324e-08,2.976965e-10,8.606201e-14,0.016712729,0.00064294087
0.8429388,4.363294e-16,0.13972963,1.5346961e-08,2.9587544e-10,8.5417343e-14,0.016689487,0.0006421037
0.8430086,4.325306e-16,0.13968351,1.5261328e-08,2.9407693e-10,8.477791e-14,0.016666675,0.0006412702
0.84308296,4.2883915e-16,0.13962977,1.5183552e-08,2.9236627e-10,8.414612e-14,0.01664678,0.0006404445
0.84316117,4.2524278e-16,0.1395699,1.5112352e-08,2.9073063e-10,8.352198e-14,0.0166293,0.0006396237
0.8432389,4.2167796e-16,0.13951036,1.5041646e-08,2.8910507e-10,8.290241e-14,0.016611906,0.00063880725
0.8433145,4.1810047e-16,0.13945465,1.4966982e-08,2.874446e-10,8.2285666e-14,0.016592875,0.00063798716
0.8433878,4.1452368e-16,0.13940239,1.4889693e-08,2.8576283e-10,8.167203e-14,0.016572649,0.00063716393
0.84346247,4.1099397e-16,0.13934788,1.4814775e-08,2.841098e-10,8.1064035e-14,0.016553264,0.00063634256
0.84354013,4.0754384e-16,0.13928857,1.4744929e-08,2.8251637e-10,8.046239e-14,0.016535714,0.0006355277
0.8436192,4.0414496e-16,0.13922684,1.4677618e-08,2.8095382e-10,7.98661e-14,0.016519105,0.00063471723
0.8436961,4.0074587e-16,0.13916865,1.460779e-08,2.7937197e-10,7.9273116e-14,0.016501306,0.00063390454
0.8437701,3.973255e-16,0.13911515,1.4533337e-08,2.777472e-10,7.868291e-14,0.016481645,0.0006330883
0.84384257,3.9391707e-16,0.13906385,1.44574726e-08,2.7611244e-10,7.809577e-14,0.016461242,0.0006322684
0.8439175,3.9057475e-16,0.13900869,1.4385722e-08,2.7452685e-10,7.751471e-14,0.01644232,0.00063145824
0.8439964,3.8731434e-16,0.13894719,1.431983e-08,2.730063e-10,7.694025e-14,0.016425725,0.00063065
0.844076,3.840976e-16,0.13888426,1.4256017e-08,2.7151253e-10,7.6370686e-14,0.016409783,0.0006298463
0.8441531,3.8087009e-16,0.13882557,1.4188522e-08,2.69987e-10,7.5803675e-14,0.016392278,0.0006290394
0.8442262,3.776146e-16,0.13877311,1.4115652e-08,2.6841088e-10,7.5238494e-14,0.016372478,0.0006282284
0.84429866,3.743767e-16,0.13872164,1.4042102e-08,2.6683208e-10,7.4677196e-14,0.01635224,0.0006274193
0.8443749,3.7121915e-16,0.13866407,1.3974511e-08,2.6532196e-10,7.4122674e-14,0.01633439,0.0006266121
0.84445643,3.6816216e-16,0.13859813,1.39148195e-08,2.63897e-10,7.357526e-14,0.016319633,0.0006258159
0.8445396,3.6515193e-16,0.13852958,1.3857809e-08,2.625042e-10,7.303217e-14,0.016305882,0.0006250236
0.8446184,3.621092e-16,0.13846773,1.379507e-08,2.6105815e-10,7.249105e-14,0.016289653,0.00062422385
0.8446899,3.5899697e-16,0.13841753,1.3722309e-08,2.595144e-10,7.195016e-14,0.016269173,0.00062341784
0.8447566,3.5584564e-16,0.13837487,1.3643113e-08,2.5791033e-10,7.141005e-14,0.016245866,0.0006226044
0.8448243,3.5273046e-16,0.13833082,1.3565424e-08,2.5632632e-10,7.087487e-14,0.016223062,0.0006217921
0.84489614,3.4970695e-16,0.13827978,1.3494782e-08,2.5482033e-10,7.034593e-14,0.016202994,0.0006209895
0.8449724,3.4675874e-16,0.138222,1.3430005e-08,2.5337815e-10,6.9823304e-14,0.016185367,0.00062019355
0.8450483,3.4383796e-16,0.13816443,1.3365689e-08,2.5194694e-10,6.93048e-14,0.016167754,0.0006193972
0.8451218,3.4090694e-16,0.13811097,1.3297911e-08,2.504853e-10,6.87885e-14,0.016148632,0.0006185989
0.84519297,3.379742e-16,0.13806084,1.3227817e-08,2.4900348e-10,6.827481e-14,0.016128337,0.00061779935
0.84526587,3.3508525e-16,0.13800837,1.3159853e-08,2.475493e-10,6.7765624e-14,0.016108776,0.0006170003
0.8453412,3.3225998e-16,0.13795143,1.3096444e-08,2.4614613e-10,6.7262215e-14,0.016091123,0.0006162114
0.8454183,3.2947554e-16,0.1378918,1.3035333e-08,2.4477195e-10,6.6763455e-14,0.016074385,0.00061541976
0.84549344,3.2669253e-16,0.13783543,1.2972001e-08,2.4337934e-10,6.626684e-14,0.016056476,0.0006146319
0.8455654,3.2388973e-16,0.13778406,1.2904598e-08,2.419508e-10,6.577268e-14,0.016036725,0.00061383424
0.8456357,3.211006e-16,0.13773496,1.2836e-08,2.405146e-10,6.5281195e-14,0.016016355,0.00061304076
0.8457088,3.1836204e-16,0.13768159,1.2771048e-08,2.3911964e-10,6.479484e-14,0.015997373,0.00061224913
0.84578544,3.156939e-16,0.1376224,1.2711376e-08,2.3778363e-10,6.431409e-14,0.015980676,0.00061146496
0.8458639,3.1306309e-16,0.13756089,1.2653576e-08,2.3647093e-10,6.383728e-14,0.01596461,0.00061068416
0.8459387,3.104221e-16,0.13750431,1.25926e-08,2.3513086e-10,6.336327e-14,0.015947122,0.00060990034
0.84601,3.0775754e-16,0.13745351,1.252687e-08,2.3374702e-10,6.28901e-14,0.015927369,0.00060911267
0.84608066,3.0510738e-16,0.13740389,1.2460522e-08,2.3236224e-10,6.242042e-14,0.015907187,0.0006083226
0.8461551,3.025253e-16,0.13734798,1.2399572e-08,2.3103564e-10,6.195618e-14,0.015889347,0.00060753885
0.846235,3.000265e-16,0.1372837,1.2345684e-08,2.2978552e-10,6.149812e-14,0.015874578,0.0006067668
0.8463166,2.9756368e-16,0.13721655,1.2294212e-08,2.2856406e-10,6.104383e-14,0.01586078,0.00060599425
0.84639394,2.950791e-16,0.13715623,1.2237733e-08,2.272963e-10,6.0591526e-14,0.015844662,0.00060522166
0.8464635,2.9253556e-16,0.13710774,1.2172436e-08,2.259443e-10,6.0138824e-14,0.015824368,0.00060443644
0.84652895,2.899583e-16,0.13706617,1.2101381e-08,2.245388e-10,5.968705e-14,0.015801283,0.0006036444
0.84659386,2.874145e-16,0.13702452,1.2031742e-08,2.2315258e-10,5.923896e-14,0.015778685,0.00060285674
0.8466646,2.8494286e-16,0.13697445,1.1968451e-08,2.2183443e-10,5.879666e-14,0.015758933,0.00060207624
0.84673893,2.8253567e-16,0.13691829,1.1910405e-08,2.2057377e-10,5.835936e-14,0.01574145,0.000601301
0.84681356,2.8015107e-16,0.13686182,1.1852847e-08,2.1932157e-10,5.792578e-14,0.015724111,0.00060053053
0.8468855,2.7775709e-16,0.13680963,1.17922e-08,2.1804297e-10,5.7493696e-14,0.01570517,0.0005997533
0.8469549,2.7536485e-16,0.13676083,1.172968e-08,2.1675006e-10,5.706444e-14,0.015685262,0.0005989742
0.8470264,2.7300542e-16,0.13670939,1.1669013e-08,2.1548018e-10,5.6638532e-14,0.015666105,0.0005982007
0.8471003,2.7069892e-16,0.13665354,1.1612457e-08,2.1425552e-10,5.6217465e-14,0.01564876,0.0005974316
0.84717655,2.6842802e-16,0.13659455,1.1557991e-08,2.1305627e-10,5.5800325e-14,0.015632285,0.00059666566
0.84725034,2.661571e-16,0.13653898,1.1501599e-08,2.1184132e-10,5.5384953e-14,0.015614768,0.000595897
0.8473208,2.638742e-16,0.13648862,1.1441703e-08,2.1059587e-10,5.4971832e-14,0.015595496,0.0005951268
0.84739006,2.615985e-16,0.13644005,1.1380736e-08,2.0934432e-10,5.4560977e-14,0.015575561,0.00059435354
0.84746236,2.5936713e-16,0.1363869,1.1323071e-08,2.0812872e-10,5.4154225e-14,0.015557099,0.00059358706
0.8475378,2.57193e-16,0.13632856,1.1270189e-08,2.0696633e-10,5.3752335e-14,0.015540808,0.00059282646
0.84761494,2.5504924e-16,0.13626765,1.12189875e-08,2.058242e-10,5.3353948e-14,0.01552526,0.0005920681
0.84768975,2.5289765e-16,0.13621068,1.1164985e-08,2.0465732e-10,5.2957252e-14,0.015508221,0.00059130776
0.84775966,2.507273e-16,0.13616073,1.1106793e-08,2.03454e-10,5.2562e-14,0.015489044,0.0005905399
0.84782934,2.4856894e-16,0.13611144,1.1048164e-08,2.022492e-10,5.2169386e-14,0.0154695455,0.00058977545
0.847903,2.4646785e-16,0.13605577,1.0994297e-08,2.0109737e-10,5.1781326e-14,0.015452222,0.0005890167
0.8479822,2.4443184e-16,0.13599154,1.094684e-08,2.0001212e-10,5.1398552e-14,0.015438006,0.00058826554
0.8480633,2.4243073e-16,0.1359243,1.0901522e-08,1.989518e-10,5.1019102e-14,0.015424781,0.00058751856
0.8481401,2.4040812e-16,0.1358639,1.0851744e-08,1.9785151e-10,5.0640752e-14,0.015409181,0.0005867677
0.8482091,2.3833652e-16,0.1358152,1.0794225e-08,1.966786e-10,5.0262637e-14,0.015389651,0.0005860048
0.84827274,2.3623894e-16,0.13577464,1.0731579e-08,1.954581e-10,4.9884935e-14,0.015367384,0.00058523635
0.84833723,2.3416896e-16,0.13573253,1.0670284e-08,1.9425572e-10,4.9510502e-14,0.015345663,0.00058447296
0.8484071,2.3215847e-16,0.13568261,1.0614567e-08,1.9311168e-10,4.9140684e-14,0.015326551,0.00058371475
0.8484813,2.3020153e-16,0.1356258,1.0563647e-08,1.9201968e-10,4.877565e-14,0.015309865,0.0005829644
0.8485552,2.2826098e-16,0.13556932,1.0513048e-08,1.9093416e-10,4.8413307e-14,0.015293203,0.0005822142
0.8486267,2.2631455e-16,0.13551676,1.0459789e-08,1.8982561e-10,4.805215e-14,0.015275061,0.0005814617
0.8486958,2.2436786e-16,0.13546757,1.0404825e-08,1.8870462e-10,4.7693183e-14,0.015255922,0.0005807091
0.84876615,2.2245012e-16,0.13541627,1.0351605e-08,1.8760446e-10,4.733769e-14,0.015237601,0.00057995634
0.8488402,2.2057578e-16,0.13535966,1.0302022e-08,1.8654428e-10,4.6985768e-14,0.015220963,0.0005792101
0.84891605,2.1872942e-16,0.13530025,1.0254264e-08,1.8550428e-10,4.6637095e-14,0.015205232,0.00057847
0.84898955,2.1688301e-16,0.13524424,1.0204811e-08,1.8445266e-10,4.6290266e-14,0.01518849,0.000577725
0.8490593,2.1502576e-16,0.13519369,1.015222e-08,1.8337368e-10,4.594493e-14,0.015170019,0.0005769785
0.84912825,2.1317531e-16,0.13514447,1.0098734e-08,1.82289e-10,4.5601526e-14,0.015150923,0.00057622633
0.8491997,2.1136156e-16,0.13509154,1.0048148e-08,1.8123686e-10,4.5261853e-14,0.0151332505,0.00057548366
0.8492753,2.0959302e-16,0.1350322,1.0001753e-08,1.8022912e-10,4.4925957e-14,0.015117706,0.0005747456
0.84935206,2.0785069e-16,0.13497102,9.9568975e-09,1.7924055e-10,4.459338e-14,0.015102918,0.0005740104
0.84942627,2.0610097e-16,0.13491383,9.9095105e-09,1.7822971e-10,4.426178e-14,0.015086559,0.0005732736
0.8494959,2.0433604e-16,0.13486327,9.858421e-09,1.7718642e-10,4.3931574e-14,0.015068239,0.0005725286
0.8495647,2.0258062e-16,0.13481401,9.8068735e-09,1.7614266e-10,4.3603454e-14,0.015049452,0.000571787
0.8496383,2.0087054e-16,0.13475783,9.759578e-09,1.7514347e-10,4.327927e-14,0.015032883,0.0005710518
0.8497171,1.9921638e-16,0.13469337,9.717926e-09,1.7420315e-10,4.295931e-14,0.0150192585,0.00057032367
0.849798,1.975884e-16,0.13462566,9.678174e-09,1.732842e-10,4.2642478e-14,0.015006686,0.00056960015
0.8498744,1.9594273e-16,0.13456498,9.634433e-09,1.7233003e-10,4.232654e-14,0.014991798,0.0005688709
0.84994286,1.9425638e-16,0.13451615,9.583688e-09,1.713109e-10,4.201015e-14,0.014972888,0.0005681317
0.8500056,1.9254945e-16,0.13447542,9.52851e-09,1.7025248e-10,4.1694736e-14,0.014951491,0.0005673879
0.85006934,1.9086428e-16,0.13443343,9.4744195e-09,1.6920787e-10,4.138173e-14,0.014930497,0.0005666453
0.8501382,1.8922676e-16,0.13438368,9.425277e-09,1.6821435e-10,4.1072733e-14,0.014912139,0.00056590914
0.8502118,1.8763222e-16,0.13432704,9.380268e-09,1.6726458e-10,4.076736e-14,0.014895975,0.0005651817
0.8502851,1.8605322e-16,0.13427046,9.3356505e-09,1.6632201e-10,4.046455e-14,0.014879923,0.00056445424
0.85035586,1.8446795e-16,0.134218,9.288558e-09,1.6535841e-10,4.0162874e-14,0.014862381,0.00056372466
0.85042423,1.8288241e-16,0.13416891,9.239968e-09,1.6438392e-10,3.986273e-14,0.014843831,0.00056299387
0.85049355,1.8132037e-16,0.13411805,9.192834e-09,1.6342659e-10,3.9565546e-14,0.014826039,0.00056226464
0.8505668,1.7979172e-16,0.1340617,9.148898e-09,1.6250315e-10,3.9271436e-14,0.0148099605,0.00056154164
0.85064167,1.7828717e-16,0.1340028,9.106594e-09,1.6159943e-10,3.8979887e-14,0.01479465,0.0005608206
0.8507144,1.7678263e-16,0.13394704,9.0627e-09,1.6068284e-10,3.869003e-14,0.014778399,0.0005600981
0.85078347,1.7526864e-16,0.13389674,9.016003e-09,1.5974275e-10,3.840143e-14,0.014760414,0.0005593708
0.850851,1.7375933e-16,0.13384852,8.9684535e-09,1.5879727e-10,3.8114263e-14,0.014741834,0.0005586438
0.8509216,1.7228072e-16,0.13379593,8.9235e-09,1.5787992e-10,3.7830243e-14,0.01472458,0.000557924
0.8509959,1.7083891e-16,0.13373746,8.882217e-09,1.5700151e-10,3.754958e-14,0.014709401,0.0005572059
0.85107213,1.6941666e-16,0.13367648,8.842256e-09,1.5613874e-10,3.727122e-14,0.01469486,0.0005564924
0.8511447,1.6798885e-16,0.13362046,8.800037e-09,1.5525693e-10,3.699428e-14,0.014678997,0.0005557763
0.8512135,1.6654948e-16,0.13357049,8.7544745e-09,1.543465e-10,3.6717967e-14,0.01466096,0.0005550553
0.8512808,1.6511647e-16,0.13352221,8.7085e-09,1.5343493e-10,3.6443725e-14,0.014642584,0.0005543327
0.8513525,1.6372099e-16,0.13346751,8.666267e-09,1.5256214e-10,3.6172545e-14,0.014626315,0.00055361877
0.85143054,1.6237071e-16,0.13340351,8.629024e-09,1.5174029e-10,3.590509e-14,0.014612932,0.0005529126
0.85151064,1.610418e-16,0.1333367,8.59342e-09,1.5093735e-10,3.5640036e-14,0.014600459,0.0005522102
0.8515856,1.5969841e-16,0.13327712,8.554323e-09,1.5010396e-10,3.537585e-14,0.014585754,0.00055150257
0.8516525,1.5832248e-16,0.1332295,8.508973e-09,1.4921311e-10,3.511141e-14,0.014567215,0.0005507853
0.85171384,1.5692682e-16,0.13318993,8.459613e-09,1.4828701e-10,3.484726e-14,0.014546121,0.0005500612
0.851776,1.5555014e-16,0.13314924,8.411203e-09,1.4737295e-10,3.458533e-14,0.014525417,0.00054933905
0.8518435,1.5421354e-16,0.13310048,8.367226e-09,1.4650428e-10,3.432702e-14,0.0145073375,0.0005486257
0.8519155,1.5291201e-16,0.13304524,8.326951e-09,1.456743e-10,3.4071795e-14,0.0144914165,0.00054791966
0.8519877,1.516215e-16,0.13298953,8.2869365e-09,1.4484933e-10,3.3818414e-14,0.014475559,0.00054721255
0.8520565,1.5032635e-16,0.13293876,8.2447515e-09,1.4400647e-10,3.3565947e-14,0.014458227,0.0005465031
0.8521235,1.4903173e-16,0.13289078,8.201232e-09,1.4315346e-10,3.3315103e-14,0.014439948,0.00054579263
0.8521918,1.4775525e-16,0.13284072,8.158997e-09,1.423155e-10,3.3066313e-14,0.014422373,0.00054508605
0.85226333,1.4650757e-16,0.13278589,8.119627e-09,1.4150835e-10,3.2820253e-14,0.014406455,0.00054438156
0.8523366,1.4527904e-16,0.1327283,8.081711e-09,1.4071733e-10,3.2576718e-14,0.0143913785,0.00054368045
0.8524077,1.4405e-16,0.13267395,8.042434e-09,1.3991625e-10,3.2334287e-14,0.014375321,0.0005429796
0.8524752,1.4281387e-16,0.13262486,8.000628e-09,1.3909365e-10,3.2092787e-14,0.014357568,0.0005422753
0.85254145,1.4158165e-16,0.13257775,7.958087e-09,1.3826698e-10,3.185268e-14,0.014339222,0.0005415681
0.85261,1.4037382e-16,0.13252684,7.917844e-09,1.3746501e-10,3.1615183e-14,0.014322239,0.0005408662
0.85268354,1.391973e-16,0.13246904,7.880904e-09,1.3669715e-10,3.1380294e-14,0.014307255,0.0005401721
0.8527583,1.3803609e-16,0.13240929,7.845149e-09,1.359431e-10,3.1147553e-14,0.014292962,0.0005394781
0.8528297,1.368715e-16,0.13235421,7.807412e-09,1.3517258e-10,3.091606e-14,0.0142772645,0.00053878233
0.8528969,1.3569588e-16,0.13230546,7.76675e-09,1.3437758e-10,3.0685032e-14,0.014259569,0.0005380816
0.852963,1.345271e-16,0.13225804,7.725744e-09,1.3358145e-10,3.0455625e-14,0.014241539,0.0005373832
0.8530336,1.3338792e-16,0.13220406,7.688074e-09,1.3281963e-10,3.022884e-14,0.014225559,0.0005366876
0.8531106,1.3228661e-16,0.13214087,7.65485e-09,1.3210219e-10,3.000518e-14,0.0142124025,0.00053600274
0.85318995,1.3120327e-16,0.13207453,7.623156e-09,1.3140203e-10,2.9783647e-14,0.014200175,0.0005353208
0.8532638,1.3010811e-16,0.13201569,7.588374e-09,1.306753e-10,2.9562883e-14,0.014185838,0.00053463347
0.8533298,1.2898548e-16,0.13196862,7.548036e-09,1.2989862e-10,2.934158e-14,0.014167696,0.00053393823
0.85338944,1.2784913e-16,0.13193016,7.504205e-09,1.2909186e-10,2.9121054e-14,0.014147177,0.0005332341
0.8534502,1.2672684e-16,0.13189024,7.4612645e-09,1.2829639e-10,2.890222e-14,0.01412707,0.0005325336
0.8535167,1.2563632e-16,0.13184203,7.4222437e-09,1.2753977e-10,2.8686048e-14,0.014109454,0.00053184014
0.8535879,1.2457585e-16,0.13178702,7.3865376e-09,1.2681683e-10,2.8472623e-14,0.014093942,0.0005311554
0.8536592,1.2352573e-16,0.13173167,7.3511583e-09,1.2609948e-10,2.8260902e-14,0.014078554,0.00053046946
0.8537273,1.2247138e-16,0.13168114,7.31387e-09,1.2536701e-10,2.8050057e-14,0.01406179,0.00052978174
0.85379356,1.2141653e-16,0.13163324,7.275423e-09,1.2462573e-10,2.7840301e-14,0.014044105,0.00052909093
0.85386086,1.203778e-16,0.13158362,7.238181e-09,1.2389864e-10,2.7632461e-14,0.014027154,0.00052840455
0.8539321,1.1936261e-16,0.13152835,7.203484e-09,1.2319754e-10,2.7426983e-14,0.0140118105,0.0005277221
0.8540051,1.1836343e-16,0.13147047,7.1701036e-09,1.2251138e-10,2.7223295e-14,0.013997315,0.0005270452
0.85407573,1.1736381e-16,0.13141592,7.1355646e-09,1.2181689e-10,2.7020891e-14,0.013981928,0.00052636367
0.85414267,1.1635792e-16,0.1313667,7.098791e-09,1.2110336e-10,2.6818954e-14,0.013964862,0.0005256798
0.8542083,1.153565e-16,0.13131942,7.061456e-09,1.2038763e-10,2.6618381e-14,0.013947274,0.00052499596
0.854277,1.143746e-16,0.13126764,7.0261508e-09,1.1969258e-10,2.6419911e-14,0.01393102,0.0005243166
0.8543501,1.1341806e-16,0.13120939,6.993832e-09,1.1902798e-10,2.6223854e-14,0.013916794,0.00052364066
0.8544246,1.1247573e-16,0.13114916,6.962617e-09,1.1837634e-10,2.6029594e-14,0.013903217,0.00052297185
0.8544962,1.1152977e-16,0.13109323,6.92964e-09,1.1771033e-10,2.583624e-14,0.013888319,0.00052229717
0.8545633,1.1057431e-16,0.13104366,6.8940875e-09,1.1702245e-10,2.5643306e-14,0.013871472,0.0005216176
0.8546293,1.0962438e-16,0.13099554,6.8582233e-09,1.1633399e-10,2.545149e-14,0.013854272,0.00052094
0.85470045,1.087007e-16,0.13094014,6.8254127e-09,1.1567634e-10,2.526232e-14,0.013839182,0.00052026793
0.8547775,1.078065e-16,0.13087603,6.7965242e-09,1.15057415e-10,2.5075541e-14,0.013826828,0.000519604
0.85485697,1.06927315e-16,0.1308087,6.7690547e-09,1.1445369e-10,2.4890692e-14,0.013815406,0.0005189429
0.8549312,1.0603844e-16,0.13074872,6.7388273e-09,1.13826365e-10,2.4706203e-14,0.013801883,0.0005182774
0.8549973,1.051279e-16,0.13070035,6.703708e-09,1.13156734e-10,2.4521633e-14,0.013784797,0.000517604
0.8550571,1.0420493e-16,0.13066077,6.6654926e-09,1.1246019e-10,2.4337239e-14,0.013765254,0.00051692245
0.85511816,1.03293755e-16,0.13061951,6.6280736e-09,1.11773195e-10,2.4154544e-14,0.013746192,0.0005162415
0.855185,1.0241038e-16,0.13056982,6.5941776e-09,1.1112123e-10,2.3974205e-14,0.013729629,0.0005155738
0.8552565,1.0155022e-16,0.1305135,6.563233e-09,1.1049857e-10,2.3796025e-14,0.013715099,0.0005149083
0.85532844,1.0069811e-16,0.13045654,6.5325616e-09,1.0988048e-10,2.3619316e-14,0.013700735,0.0005142452
0.8553968,9.9842824e-17,0.13040452,6.50022e-09,1.0924933e-10,2.344324e-14,0.013684996,0.00051357783
0.85546356,9.898744e-17,0.13035512,6.4668293e-09,1.0861045e-10,2.3268119e-14,0.013668378,0.0005129125
0.85553116,9.814547e-17,0.13030416,6.43455e-09,1.0798425e-10,2.3094684e-14,0.013652431,0.0005122477
0.8556031,9.732229e-17,0.13024715,6.4045285e-09,1.07380826e-10,2.2923137e-14,0.013638144,0.0005115867
0.855677,9.65114e-17,0.13018748,6.3756582e-09,1.06789785e-10,2.2753179e-14,0.013624618,0.00051093096
0.85574806,9.570109e-17,0.1301315,6.345759e-09,1.0619152e-10,2.2584016e-14,0.013610205,0.0005102724
0.85581565,9.488635e-17,0.13008049,6.3139267e-09,1.0557805e-10,2.2415678e-14,0.013594273,0.0005096107
0.85588175,9.4073345e-17,0.13003162,6.281501e-09,1.04960735e-10,2.224826e-14,0.013577753,0.000508948
0.8559511,9.3276565e-17,0.12997818,6.2508976e-09,1.0436195e-10,2.2082511e-14,0.013562518,0.00050828897
0.856025,9.250114e-17,0.12991814,6.222969e-09,1.037901e-10,2.1918827e-14,0.013549249,0.0005076369
0.8561,9.173753e-17,0.1298562,6.1960237e-09,1.032294e-10,2.1756926e-14,0.013536759,0.0005069874
0.85617256,9.096989e-17,0.12979835,6.1674603e-09,1.0265537e-10,2.1595246e-14,0.013522783,0.0005063362
0.85624015,9.019542e-17,0.1297472,6.136616e-09,1.0206291e-10,2.1434194e-14,0.013507004,0.00050567935
0.856307,8.942474e-17,0.1296971,6.1055014e-09,1.0146952e-10,2.1274249e-14,0.013490899,0.00050502096
0.8563782,8.867496e-17,0.1296406,6.0770553e-09,1.00903e-10,2.1116164e-14,0.013476807,0.000504371
0.8564561,8.794994e-17,0.12957476,6.0521357e-09,1.0037028e-10,2.0960377e-14,0.0134653775,0.0005037283
0.8565364,8.7237736e-17,0.12950574,6.028439e-09,9.9850565e-11,2.0806075e-14,0.0134548545,0.0005030911
0.85661143,8.6515925e-17,0.12944387,6.0022565e-09,9.93098e-11,2.0652074e-14,0.01344231,0.00050244684
0.85667765,8.577628e-17,0.12939437,5.971704e-09,9.8731974e-11,2.049783e-14,0.013426181,0.000501793
0.8567382,8.5027166e-17,0.12935294,5.938368e-09,9.8130455e-11,2.0343905e-14,0.013407691,0.0005011345
0.85679954,8.4287554e-17,0.12931027,5.9057648e-09,9.75379e-11,2.0191344e-14,0.01338974,0.00050047855
0.85686696,8.356964e-17,0.12925915,5.876227e-09,9.697477e-11,2.0040683e-14,0.0133741135,0.0004998272
0.8569389,8.287155e-17,0.12920137,5.849345e-09,9.643765e-11,1.9892008e-14,0.0133604985,0.00049918395
0.85701144,8.217998e-17,0.12914294,5.8226792e-09,9.590412e-11,1.974449e-14,0.013347035,0.00049854204
0.8570803,8.148511e-17,0.12908965,5.7944956e-09,9.5358936e-11,1.9597454e-14,0.013332217,0.00049789663
0.85714704,8.0790386e-17,0.12903927,5.7653784e-09,9.480722e-11,1.9451285e-14,0.013316506,0.0004972509
0.8572154,8.01057e-17,0.12898645,5.737184e-09,9.4265526e-11,1.9306312e-14,0.013301486,0.0004966067
0.85728776,7.943749e-17,0.12892821,5.7110277e-09,9.374435e-11,1.9163096e-14,0.013288041,0.00049596844
0.8573617,7.87786e-17,0.12886766,5.685901e-09,9.323404e-11,1.9021228e-14,0.01327538,0.0004953312
0.85743344,7.812051e-17,0.12881,5.6598553e-09,9.2717264e-11,1.888015e-14,0.013261874,0.00049469544
0.8575015,7.7457537e-17,0.12875772,5.631982e-09,9.218572e-11,1.8739355e-14,0.013246734,0.0004940548
0.8575679,7.679682e-17,0.12870753,5.603615e-09,9.16518e-11,1.859954e-14,0.013231106,0.00049341243
0.8576375,7.614958e-17,0.12865305,5.5768794e-09,9.113418e-11,1.8461048e-14,0.013216693,0.0004927753
0.8577115,7.55194e-17,0.12859213,5.552523e-09,9.0639635e-11,1.8324484e-14,0.013204239,0.00049214426
0.85778755,7.4897485e-17,0.1285285,5.52894e-09,9.0154016e-11,1.818901e-14,0.013192395,0.0004915134
0.8578597,7.427382e-17,0.1284702,5.5040044e-09,8.9657594e-11,1.8054143e-14,0.013179294,0.0004908836
0.85792774,7.3644327e-17,0.12841767,5.476992e-09,8.91446e-11,1.7919648e-14,0.013164322,0.00049024797
0.85799444,7.3017555e-17,0.12836692,5.449719e-09,8.863085e-11,1.7785986e-14,0.013149021,0.0004896109
0.85806614,7.2407586e-17,0.12830922,5.4247966e-09,8.8140086e-11,1.7653966e-14,0.013135693,0.00048898073
0.8581445,7.181806e-17,0.12824216,5.4030584e-09,8.767913e-11,1.752383e-14,0.013124947,0.00048835966
0.85822505,7.1238396e-17,0.12817216,5.3823754e-09,8.7229286e-11,1.7394894e-14,0.013115104,0.00048774105
0.8583001,7.065191e-17,0.12810941,5.3594786e-09,8.67615e-11,1.7266402e-14,0.013103324,0.0004871157
0.85836667,7.005033e-17,0.12805888,5.3326876e-09,8.626065e-11,1.7137547e-14,0.013087979,0.0004864833
0.85842746,6.9440946e-17,0.12801631,5.303385e-09,8.573955e-11,1.7008954e-14,0.013070394,0.00048584686
0.85848916,6.8838765e-17,0.12797241,5.2747215e-09,8.522525e-11,1.6881536e-14,0.013053259,0.00048520943
0.8585566,6.8255027e-17,0.12792034,5.248841e-09,8.473773e-11,1.675573e-14,0.013038459,0.00048458006
0.8586287,6.768693e-17,0.1278618,5.225287e-09,8.427224e-11,1.6631489e-14,0.013025583,0.0004839577
0.8587016,6.712363e-17,0.1278022,5.2019136e-09,8.381019e-11,1.6508154e-14,0.013012819,0.00048333502
0.8587708,6.6559134e-17,0.12774767,5.1772493e-09,8.333823e-11,1.6385442e-14,0.01299881,0.0004827116
0.8588376,6.5993674e-17,0.12769634,5.151695e-09,8.285985e-11,1.6263227e-14,0.012983937,0.00048208592
0.85890645,6.543716e-17,0.12764229,5.1270033e-09,8.239101e-11,1.614233e-14,0.012969743,0.0004814611
0.85897905,6.4893054e-17,0.12758309,5.1040963e-09,8.193925e-11,1.6022646e-14,0.012957054,0.00048084307
0.8590532,6.435751e-17,0.12752149,5.0821347e-09,8.149771e-11,1.5904123e-14,0.01294513,0.00048022758
0.85912544,6.382186e-17,0.12746266,5.0593196e-09,8.105004e-11,1.578617e-14,0.012932347,0.0004796103
0.8591941,6.3282434e-17,0.12740892,5.0349347e-09,8.058973e-11,1.5668605e-14,0.012918035,0.0004789901
0.8592607,6.2745276e-17,0.12735768,5.0101003e-09,8.012786e-11,1.555185e-14,0.012903286,0.00047836825
0.8593305,6.2218825e-17,0.12730196,4.986711e-09,7.9679575e-11,1.5436259e-14,0.0128897475,0.00047775146
0.85940504,6.170656e-17,0.12723982,4.965455e-09,7.9252084e-11,1.5322196e-14,0.01287805,0.00047714016
0.8594816,6.1201214e-17,0.12717496,4.9449147e-09,7.8831865e-11,1.520898e-14,0.012866945,0.00047653142
0.8595543,6.069395e-17,0.12711503,4.9231415e-09,7.8402465e-11,1.5096334e-14,0.012854664,0.0004759202
0.8596228,6.018141e-17,0.1270614,4.8995235e-09,7.795865e-11,1.4983962e-14,0.012840556,0.00047530312
0.85969025,5.9671995e-17,0.12700886,4.875697e-09,7.751431e-11,1.487235e-14,0.012826155,0.0004746881
0.85976243,5.9176236e-17,0.12694977,4.853984e-09,7.708997e-11,1.476216e-14,0.01281371,0.00047407782
0.85984135,5.8696935e-17,0.1268814,4.83508e-09,7.669182e-11,1.4653545e-14,0.012803806,0.00047347523
0.85992265,5.822588e-17,0.1268098,4.8171627e-09,7.630349e-11,1.454582e-14,0.0127947,0.0004728769
0.85999846,5.7748986e-17,0.12674554,4.797286e-09,7.589928e-11,1.4438412e-14,0.012783705,0.00047227414
0.8600659,5.7260374e-17,0.12669311,4.7739204e-09,7.546652e-11,1.433092e-14,0.0127693415,0.00047166253
0.8601271,5.6764436e-17,0.1266491,4.7482964e-09,7.5015515e-11,1.4223526e-14,0.012752773,0.00047104337
0.8601894,5.627522e-17,0.12660356,4.7232214e-09,7.4570995e-11,1.41170365e-14,0.012736608,0.0004704285
0.8602576,5.580062e-17,0.12654987,4.7006594e-09,7.4149416e-11,1.40119765e-14,0.012722722,0.0004698197
0.86033076,5.533941e-17,0.12648919,4.6802136e-09,7.374808e-11,1.3908333e-14,0.012710852,0.00046921684
0.8604043,5.488162e-17,0.12642813,4.659912e-09,7.334881e-11,1.3805306e-14,0.012698948,0.00046861547
0.8604743,5.4422403e-17,0.12637174,4.6384403e-09,7.29411e-11,1.3702827e-14,0.012685891,0.00046801133
0.86054236,5.3962997e-17,0.12631835,4.6161857e-09,7.252789e-11,1.3600821e-14,0.012671949,0.0004674049
0.8606118,5.3510416e-17,0.12626266,4.5946935e-09,7.212306e-11,1.3499749e-14,0.01265867,0.00046680289
0.8606853,5.3068563e-17,0.12620158,4.5748143e-09,7.1733126e-11,1.3399848e-14,0.012646935,0.0004662034
0.8607601,5.2633443e-17,0.12613831,4.5557758e-09,7.1352084e-11,1.330086e-14,0.012635918,0.00046560806
0.86083364,5.2198237e-17,0.12607728,4.535962e-09,7.0965366e-11,1.3202358e-14,0.012624061,0.00046501038
0.86090267,5.1759834e-17,0.12602223,4.514729e-09,7.056814e-11,1.3104239e-14,0.012610741,0.00046441235
0.8609703,5.1323076e-17,0.12596893,4.4930997e-09,7.016874e-11,1.3006682e-14,0.012596923,0.0004638097
0.8610412,5.0895242e-17,0.12591119,4.4727595e-09,6.978184e-11,1.2910267e-14,0.012584344,0.00046321112
0.8611167,5.0478753e-17,0.12584709,4.454302e-09,6.9412545e-11,1.2814906e-14,0.012573534,0.00046262037
0.86119354,5.0067846e-17,0.12578104,4.436503e-09,6.904977e-11,1.272039e-14,0.012563304,0.00046203204
0.8612676,4.9655397e-17,0.12571906,4.4175725e-09,6.867873e-11,1.2626337e-14,0.01255193,0.00046144074
0.8613366,4.9238912e-17,0.12566379,4.396994e-09,6.8295196e-11,1.2532523e-14,0.012538745,0.000460845
0.86140496,4.8824395e-17,0.12560943,4.3761994e-09,6.7911045e-11,1.243935e-14,0.01252535,0.0004602469
0.861478,4.84212e-17,0.1255487,4.357288e-09,6.7544234e-11,1.2347243e-14,0.012513707,0.00045965775
0.8615575,4.8031596e-17,0.12547877,4.340908e-09,6.720003e-11,1.2256563e-14,0.012504602,0.00045907614
0.86163944,4.7648525e-17,0.12540576,4.325378e-09,6.686452e-11,1.2166562e-14,0.012496242,0.00045849694
0.8617161,4.726065e-17,0.12533991,4.3080597e-09,6.651493e-11,1.207694e-14,0.0124860965,0.0004579126
0.8617839,4.686222e-17,0.12528619,4.2875765e-09,6.6139615e-11,1.198703e-14,0.012472583,0.00045731952
0.86184615,4.6458692e-17,0.12524028,4.2650634e-09,6.57488e-11,1.1897328e-14,0.012456912,0.0004567219
0.86190873,4.606042e-17,0.12519349,4.243051e-09,6.536344e-11,1.1808415e-14,0.012441622,0.00045612492
0.86197776,4.5673912e-17,0.1251381,4.2232613e-09,6.499793e-11,1.1720634e-14,0.012428577,0.00045553563
0.86205137,4.52978e-17,0.12507637,4.2053343e-09,6.464949e-11,1.1633943e-14,0.01241734,0.00045495303
0.8621252,4.4925317e-17,0.12501422,4.1875485e-09,6.430354e-11,1.1547942e-14,0.012406199,0.00045437104
0.8621955,4.4550773e-17,0.12495682,4.168644e-09,6.3949415e-11,1.1462267e-14,0.012393859,0.0004537856
0.8622639,4.4176398e-17,0.12490217,4.1490322e-09,6.359043e-11,1.137705e-14,0.012380665,0.0004531984
0.86233354,4.3807403e-17,0.124845795,4.1300776e-09,6.3238255e-11,1.129259e-14,0.012368105,0.00045261427
0.86240727,4.344683e-17,0.12478375,4.1125543e-09,6.289949e-11,1.1209068e-14,0.012356949,0.00045203496
0.86248255,4.3091772e-17,0.124719426,4.095746e-09,6.256765e-11,1.11262885e-14,0.012346506,0.00045145853
0.8625556,4.273641e-17,0.1246583,4.0782404e-09,6.2231366e-11,1.1044009e-14,0.012335229,0.00045087782
0.86262447,4.2378915e-17,0.12460263,4.0594355e-09,6.188524e-11,1.0962053e-14,0.012322563,0.0004502965
0.86269236,4.2022122e-17,0.12454864,4.0402193e-09,6.1536984e-11,1.0880527e-14,0.012309297,0.00044971376
0.86276287,4.1672747e-17,0.12449077,4.022149e-09,6.119952e-11,1.0799785e-14,0.012297196,0.00044913543
0.8628384,4.1332352e-17,0.124426164,4.005741e-09,6.087702e-11,1.0720113e-14,0.012286854,0.0004485615
0.86291516,4.0996676e-17,0.12435978,3.989924e-09,6.056058e-11,1.0641084e-14,0.012277077,0.0004479914
0.86298865,4.065938e-17,0.124297805,3.973055e-09,6.0236365e-11,1.0562397e-14,0.01226608,0.00044741767
0.8630573,4.031879e-17,0.1242425,3.9546655e-09,5.990086e-11,1.0483912e-14,0.01225334,0.00044683853
0.8631253,3.9979955e-17,0.12418809,3.9360732e-09,5.95648e-11,1.0405964e-14,0.012240325,0.00044626134
0.86319786,3.9650075e-17,0.12412736,3.9191588e-09,5.924381e-11,1.0329043e-14,0.012229091,0.00044568887
0.8632768,3.9331154e-17,0.12405799,3.904474e-09,5.89422e-11,1.0253079e-14,0.012220194,0.00044512452
0.86335754,3.9017266e-17,0.12398574,3.8905283e-09,5.8648045e-11,1.0177851e-14,0.012212098,0.00044456183
0.8634336,3.8699767e-17,0.12392018,3.874956e-09,5.834148e-11,1.0102772e-14,0.012202147,0.00044399512
0.86350036,3.8373458e-17,0.12386725,3.8565267e-09,5.801242e-11,1.0027566e-14,0.012188925,0.000443419
0.8635616,3.8043118e-17,0.12382194,3.8362717e-09,5.7669442e-11,9.952552e-15,0.012173572,0.00044283955
0.86362404,3.7716547e-17,0.12377517,3.8164205e-09,5.7330765e-11,9.8781135e-15,0.012158579,0.00044226146
0.8636917,3.739999e-17,0.12372089,3.7985557e-09,5.7009966e-11,9.8047765e-15,0.012145774,0.00044168998
0.8637644,3.7091685e-17,0.12365982,3.782333e-09,5.6703413e-11,9.732152e-15,0.012134652,0.00044112242
0.86383706,3.67862e-17,0.12359865,3.7662375e-09,5.6399246e-11,9.660176e-15,0.0121237,0.00044055644
0.8639063,3.6479327e-17,0.12354221,3.74913e-09,5.6087617e-11,9.58851e-15,0.012111486,0.00043998877
0.8639733,3.617216e-17,0.12348876,3.7313566e-09,5.5771707e-11,9.5171716e-15,0.012098409,0.00043941947
0.86404175,3.586942e-17,0.12343343,3.714177e-09,5.54618e-11,9.44645e-15,0.012085944,0.00043885157
0.86411417,3.5573448e-17,0.12337257,3.698264e-09,5.516322e-11,9.376549e-15,0.012074882,0.00043828774
0.86418813,3.5282403e-17,0.12330962,3.683002e-09,5.4871177e-11,9.3073225e-15,0.01206452,0.00043772976
0.86426,3.4990848e-17,0.12324957,3.6670804e-09,5.4574602e-11,9.238409e-15,0.012053298,0.00043716707
0.8643275,3.469716e-17,0.12319526,3.6499694e-09,5.4269415e-11,9.169749e-15,0.0120406365,0.00043660015
0.8643937,3.4404576e-17,0.123142794,3.6325178e-09,5.3962567e-11,9.101482e-15,0.012027465,0.0004360348
0.864463,3.411757e-17,0.12308609,3.616079e-09,5.3664805e-11,9.033893e-15,0.012015393,0.00043547215
0.8645371,3.3838182e-17,0.123022944,3.6011292e-09,5.3380394e-11,8.9671634e-15,0.012005061,0.0004349158
0.86461234,3.3562536e-17,0.12295811,3.586704e-09,5.3101298e-11,8.901074e-15,0.011995244,0.0004343598
0.8646842,3.3285956e-17,0.12289763,3.5713419e-09,5.2815495e-11,8.835169e-15,0.011984236,0.0004338037
0.86475146,3.3006313e-17,0.122843675,3.5546093e-09,5.2519634e-11,8.769535e-15,0.011971572,0.00043324166
0.8648179,3.2727993e-17,0.1227908,3.5376744e-09,5.222319e-11,8.7042495e-15,0.011958571,0.0004326791
0.86488897,3.2457274e-17,0.1227317,3.52227e-09,5.1939984e-11,8.63976e-15,0.011947288,0.00043212518
0.8649664,3.2195534e-17,0.12266358,3.508872e-09,5.1674266e-11,8.5762035e-15,0.011938436,0.0004315759
0.8650462,3.193806e-17,0.12259255,3.4961554e-09,5.141466e-11,8.513235e-15,0.011930262,0.00043102916
0.8651206,3.1677616e-17,0.122528635,3.4819878e-09,5.114452e-11,8.4504505e-15,0.011920312,0.00043047892
0.8651863,3.140987e-17,0.12247673,3.4652439e-09,5.0854532e-11,8.387501e-15,0.011907173,0.00042991978
0.8652459,3.113859e-17,0.12243284,3.4468532e-09,5.0552233e-11,8.324675e-15,0.011891947,0.00042935525
0.86530674,3.087087e-17,0.1223874,3.4288534e-09,5.02541e-11,8.262396e-15,0.011877074,0.00042879433
0.86537325,3.0611026e-17,0.12233426,3.4126348e-09,4.99713e-11,8.2009484e-15,0.011864322,0.00042823885
0.8654446,3.0358283e-17,0.122274354,3.3979188e-09,4.9701743e-11,8.14022e-15,0.011853312,0.0004276886
0.86551577,3.0107624e-17,0.1222147,3.38331e-09,4.9433724e-11,8.0799405e-15,0.011842389,0.00042713905
0.8655841,2.9855972e-17,0.12215909,3.3678027e-09,4.915949e-11,8.019928e-15,0.011830295,0.00042658756
0.86565,2.9604195e-17,0.12210653,3.3517302e-09,4.8881788e-11,7.9602776e-15,0.011817418,0.0004260338
0.86571723,2.9356154e-17,0.12205211,3.3362044e-09,4.860935e-11,7.901144e-15,0.011805099,0.00042548377
0.86578846,2.911366e-17,0.12199245,3.3218173e-09,4.8346858e-11,7.842605e-15,0.011794176,0.00042493563
0.8658615,2.887488e-17,0.121930264,3.3079968e-09,4.8089914e-11,7.784634e-15,0.011783871,0.00042439188
0.8659323,2.8636123e-17,0.12187106,3.2936416e-09,4.7829563e-11,7.727015e-15,0.01177286,0.0004238464
0.8659988,2.8395737e-17,0.12181756,3.2782252e-09,4.7561767e-11,7.669548e-15,0.011760421,0.00042329865
0.8660643,2.8155938e-17,0.121765435,3.262511e-09,4.7292347e-11,7.612443e-15,0.01174749,0.0004227481
0.86613256,2.792113e-17,0.12170956,3.2477177e-09,4.7031417e-11,7.555958e-15,0.011735671,0.00042220321
0.8662057,2.7692449e-17,0.121647075,3.2342864e-09,4.6782096e-11,7.500108e-15,0.01172553,0.00042166281
0.86627996,2.7466827e-17,0.12158292,3.221314e-09,4.6537173e-11,7.444822e-15,0.01171595,0.00042112346
0.86635137,2.724036e-17,0.12152293,3.2075207e-09,4.628685e-11,7.38972e-15,0.011705223,0.0004205824
0.866418,2.7011588e-17,0.121469125,3.19252e-09,4.6027605e-11,7.334764e-15,0.011692868,0.00042003932
0.8664837,2.6783996e-17,0.12141672,3.17735e-09,4.5768105e-11,7.2801525e-15,0.011680167,0.00041949388
0.86655396,2.6562512e-17,0.12135779,3.1635476e-09,4.5520292e-11,7.226261e-15,0.011669212,0.00041895398
0.8666308,2.6348485e-17,0.121290214,3.1515894e-09,4.528773e-11,7.173096e-15,0.0116605805,0.0004184223
0.8667096,2.6137941e-17,0.12121971,3.140235e-09,4.5060917e-11,7.120447e-15,0.011652757,0.00041789227
0.8667839,2.5924888e-17,0.12115569,3.1275746e-09,4.4824578e-11,7.0679063e-15,0.011643114,0.0004173583
0.8668492,2.5706239e-17,0.12110358,3.1126282e-09,4.457116e-11,7.015304e-15,0.011630362,0.00041681677
0.86690843,2.5484495e-17,0.121059656,3.0962137e-09,4.4306947e-11,6.962753e-15,0.011615616,0.00041627017
0.8669688,2.5265661e-17,0.12101418,3.0801481e-09,4.404654e-11,6.9106843e-15,0.011601247,0.0004157255
0.8670351,2.5053367e-17,0.12096078,3.065695e-09,4.379957e-11,6.8592868e-15,0.0115889525,0.0004151865
0.8671059,2.4846873e-17,0.12090111,3.0526066e-09,4.356419e-11,6.80854e-15,0.0115783755,0.00041465278
0.8671772,2.4642094e-17,0.120840855,3.0395986e-09,4.3330263e-11,6.7581472e-15,0.011567849,0.00041412073
0.86724496,2.443648e-17,0.12078519,3.0258083e-09,4.309092e-11,6.707973e-15,0.011556182,0.00041358537
0.8673109,2.4230865e-17,0.1207323,3.0115057e-09,4.2848555e-11,6.6580546e-15,0.011543776,0.00041305032
0.86737764,2.4028196e-17,0.12067782,2.9976792e-09,4.2610606e-11,6.608615e-15,0.011531923,0.00041251583
0.8674486,2.3830155e-17,0.12061796,2.9848928e-09,4.23817e-11,6.5597e-15,0.011521456,0.00041198597
0.8675213,2.3635235e-17,0.12055561,2.9726372e-09,4.2157642e-11,6.511233e-15,0.0115116015,0.000411458
0.8675918,2.3440151e-17,0.12049633,2.9598712e-09,4.1930584e-11,6.4630346e-15,0.011501004,0.00041092947
0.86765856,2.324374e-17,0.12044195,2.946175e-09,4.1696934e-11,6.415019e-15,0.011489063,0.0004103971
0.86772364,2.3047876e-17,0.12038989,2.93219e-09,4.146182e-11,6.367274e-15,0.011476607,0.00040986444
0.86779183,2.2856096e-17,0.120333456,2.9190497e-09,4.123415e-11,6.3200516e-15,0.011465289,0.00040933647
0.86786467,2.266932e-17,0.12027093,2.9071037e-09,4.1016558e-11,6.2733572e-15,0.01145554,0.00040881257
0.867939,2.2485138e-17,0.12020635,2.8955873e-09,4.080291e-11,6.2270898e-15,0.011446332,0.00040829115
0.86800987,2.2299982e-17,0.12014625,2.883335e-09,4.0584477e-11,6.1810438e-15,0.011436039,0.0004077643
0.86807615,2.2113028e-17,0.12009253,2.8699692e-09,4.035815e-11,6.135096e-15,0.011424135,0.00040723797
0.8681414,2.1927195e-17,0.12003996,2.856477e-09,4.013174e-11,6.089482e-15,0.011411983,0.00040671023
0.8682118,2.1746204e-17,0.11998056,2.8441929e-09,3.9915203e-11,6.0443814e-15,0.011401431,0.00040618677
0.8682884,2.1571224e-17,0.11991279,2.8335492e-09,3.9712164e-11,5.9999325e-15,0.011393131,0.0004056711
0.8683669,2.1399167e-17,0.11984234,2.823441e-09,3.951401e-11,5.955914e-15,0.011385613,0.0004051568
0.8684402,2.1225036e-17,0.11977876,2.8121776e-09,3.930769e-11,5.9119804e-15,0.01137635,0.00040463824
0.8685054,2.1046343e-17,0.11972643,2.7988394e-09,3.9086272e-11,5.86798e-15,0.01136405,0.00040411443
0.8685644,2.0865027e-17,0.11968227,2.7841633e-09,3.8855228e-11,5.824044e-15,0.011349756,0.00040358398
0.86862457,2.0686009e-17,0.11963657,2.7698057e-09,3.8627435e-11,5.780488e-15,0.011335841,0.00040305534
0.8686903,2.0512413e-17,0.119583234,2.7568856e-09,3.8411482e-11,5.737513e-15,0.011323905,0.00040253342
0.86876094,2.0343495e-17,0.1195234,2.745172e-09,3.8205335e-11,5.6950425e-15,0.011313664,0.000402016
0.86883134,2.0176192e-17,0.119463675,2.7335543e-09,3.8000783e-11,5.6529492e-15,0.011303483,0.0004015003
0.86889863,2.000783e-17,0.11940823,2.7212024e-09,3.779129e-11,5.6109546e-15,0.011292149,0.0004009807
0.86896354,1.9839601e-17,0.1193559,2.7083826e-09,3.757904e-11,5.5692137e-15,0.011280099,0.00040046094
0.86903024,1.9673732e-17,0.11930122,2.6959988e-09,3.7370777e-11,5.527837e-15,0.011268566,0.00039994263
0.86910075,1.9511717e-17,0.1192415,2.6845433e-09,3.7170347e-11,5.486959e-15,0.011258407,0.00039942787
0.86917275,1.9352177e-17,0.11917954,2.6735492e-09,3.6974014e-11,5.446414e-15,0.01124879,0.00039891677
0.86924255,1.91925e-17,0.11912047,2.6621008e-09,3.6775052e-11,5.4061336e-15,0.011238508,0.00039840263
0.86930835,1.9031729e-17,0.11906691,2.6497993e-09,3.6570226e-11,5.365922e-15,0.011226815,0.00039788734
0.8693732,1.8871492e-17,0.11901471,2.6372449e-09,3.636435e-11,5.325983e-15,0.011214714,0.00039737133
0.8694407,1.8714445e-17,0.11895881,2.625434e-09,3.61645e-11,5.286458e-15,0.011203643,0.00039685867
0.86951226,1.8561486e-17,0.11889726,2.6147253e-09,3.597394e-11,5.247412e-15,0.011194173,0.00039634967
0.8695857,1.8410726e-17,0.11883317,2.604389e-09,3.578679e-11,5.2087643e-15,0.011185215,0.00039584408
0.8696564,1.8259183e-17,0.11877315,2.5933677e-09,3.559513e-11,5.170168e-15,0.011175152,0.00039533564
0.869722,1.8106295e-17,0.11871959,2.5813882e-09,3.5396932e-11,5.131788e-15,0.011163555,0.00039482326
0.86978686,1.7954126e-17,0.11866709,2.5692657e-09,3.5198466e-11,5.093631e-15,0.011151691,0.00039431083
0.8698564,1.780591e-17,0.11860835,2.5582434e-09,3.500878e-11,5.0559003e-15,0.011141379,0.00039380344
0.86993235,1.766282e-17,0.118541,2.5487013e-09,3.4830864e-11,5.018716e-15,0.011133343,0.0003933026
0.87001,1.7521985e-17,0.11847113,2.5396598e-09,3.465743e-11,4.9818903e-15,0.01112608,0.00039280465
0.87008274,1.737939e-17,0.11840795,2.5295452e-09,3.4476498e-11,4.9451376e-15,0.011117029,0.00039230153
0.8701474,1.7233256e-17,0.11835566,2.517613e-09,3.4282858e-11,4.908348e-15,0.011105149,0.00039179213
0.8702059,1.7084974e-17,0.11831159,2.5044766e-09,3.40807e-11,4.8716304e-15,0.011091257,0.00039127885
0.87026584,1.6938574e-17,0.11826561,2.4916367e-09,3.388147e-11,4.8351766e-15,0.01107774,0.00039076543
0.8703311,1.6796738e-17,0.11821245,2.480107e-09,3.3692667e-11,4.7992273e-15,0.011066184,0.00039026106
0.87040144,1.6658599e-17,0.118152454,2.4696718e-09,3.351266e-11,4.7637353e-15,0.011056372,0.00038975923
0.87047154,1.6521844e-17,0.118092574,2.4593407e-09,3.3334047e-11,4.7285233e-15,0.011046596,0.00038925844
0.870539,1.6384349e-17,0.11803654,2.4483684e-09,3.3151353e-11,4.69345e-15,0.011035742,0.00038875442
0.8706038,1.6247022e-17,0.11798376,2.4369957e-09,3.296629e-11,4.658551e-15,0.011024213,0.00038825182
0.87067074,1.6111558e-17,0.11792826,2.4260196e-09,3.278484e-11,4.6239584e-15,0.011013208,0.0003877492
0.87074095,1.5979417e-17,0.117868274,2.4158946e-09,3.2610234e-11,4.58978e-15,0.011003523,0.0003872518
0.8708132,1.5849242e-17,0.11780545,2.4062303e-09,3.2439853e-11,4.555917e-15,0.010994544,0.00038675667
0.87088335,1.5719074e-17,0.117745526,2.39616e-09,3.2266835e-11,4.5222064e-15,0.01098478,0.00038625905
0.87094986,1.5588005e-17,0.11769053,2.385344e-09,3.2089095e-11,4.488641e-15,0.01097384,0.00038575914
0.87101483,1.5457529e-17,0.11763747,2.3743414e-09,3.191058e-11,4.455283e-15,0.010962483,0.00038525922
0.8710834,1.5329612e-17,0.11757966,2.3640216e-09,3.173766e-11,4.4222586e-15,0.010952175,0.00038476282
0.87115604,1.5205203e-17,0.117516264,2.3547142e-09,3.157281e-11,4.3896665e-15,0.010943419,0.00038427164
0.87123036,1.5082466e-17,0.11745054,2.34577e-09,3.1411162e-11,4.3573573e-15,0.010935297,0.00038378045
0.87130207,1.4959361e-17,0.11738854,2.3362554e-09,3.1245947e-11,4.3251726e-15,0.010926106,0.00038328918
0.8713688,1.4835082e-17,0.117332846,2.3258835e-09,3.1075024e-11,4.293103e-15,0.010915445,0.0003827952
0.8714352,1.4711493e-17,0.1172779,2.3154194e-09,3.090408e-11,4.2612377e-15,0.010904613,0.00038229921
0.8715063,1.459124e-17,0.11721646,2.3059779e-09,3.074116e-11,4.2297607e-15,0.010895387,0.0003818097
0.8715839,1.4475111e-17,0.117146425,2.297889e-09,3.0588667e-11,4.1987233e-15,0.010888379,0.00038132604
0.8716633,1.436109e-17,0.11707367,2.290296e-09,3.044035e-11,4.1680022e-15,0.010882135,0.00038084557
0.8717383,1.4245612e-17,0.11700706,2.281768e-09,3.0285788e-11,4.1373583e-15,0.010874316,0.00038035947
0.871805,1.4127208e-17,0.11695142,2.2716158e-09,3.0120004e-11,4.106665e-15,0.010863683,0.00037986782
0.8718664,1.4007137e-17,0.116903014,2.2604125e-09,2.9947114e-11,4.0760204e-15,0.010851215,0.00037937195
0.8719287,1.3888738e-17,0.11685328,2.249503e-09,2.9776952e-11,4.0456386e-15,0.010839143,0.00037887803
0.8719968,1.37739535e-17,0.11679567,2.2397972e-09,2.9616143e-11,4.0156638e-15,0.010829047,0.0003783891
0.8720699,1.3662486e-17,0.11673152,2.23112e-09,2.946334e-11,3.986116e-15,0.010820695,0.00037790686
0.8721433,1.3551981e-17,0.11666677,2.2225453e-09,2.931167e-11,3.956726e-15,0.0108124465,0.00037742453
0.8722137,1.3441141e-17,0.116606124,2.2134343e-09,2.915679e-11,3.927495e-15,0.010803228,0.0003769402
0.87228227,1.33302646e-17,0.11654801,2.2039774e-09,2.9000063e-11,3.898397e-15,0.010793315,0.0003764541
0.8723525,1.3221185e-17,0.116487496,2.1949167e-09,2.8846654e-11,3.8696103e-15,0.010784039,0.00037597225
0.87242633,1.3114656e-17,0.11642216,2.186649e-09,2.8699487e-11,3.8411263e-15,0.010776089,0.00037549218
0.8725027,1.3009913e-17,0.116353445,2.1788007e-09,2.8555769e-11,3.8129057e-15,0.010768854,0.0003750163
0.87257683,1.29051376e-17,0.11628766,2.1706235e-09,2.8410309e-11,3.784854e-15,0.01076097,0.00037453687
0.8726472,1.2799686e-17,0.116226755,2.161791e-09,2.8260621e-11,3.756878e-15,0.010751909,0.00037405695
0.8727166,1.2694694e-17,0.116167285,2.152799e-09,2.8110398e-11,3.729119e-15,0.010742494,0.00037357636
0.87278914,1.2591905e-17,0.11610351,2.1444533e-09,2.7965236e-11,3.7016483e-15,0.0107342,0.00037309807
0.8728663,1.2491968e-17,0.11603362,2.1370357e-09,2.782734e-11,3.6744975e-15,0.010727452,0.00037262682
0.8729452,1.2393371e-17,0.11596137,2.1299607e-09,2.7692185e-11,3.6475953e-15,0.010721303,0.00037215455
0.8730209,1.2294519e-17,0.11589325,2.1223792e-09,2.7554119e-11,3.620822e-15,0.010714198,0.00037168156
0.87309283,1.2194637e-17,0.115830205,2.114021e-09,2.7410869e-11,3.5941056e-15,0.010705654,0.0003712067
0.8731642,1.20953716e-17,0.1157681,2.105598e-09,2.7267825e-11,3.567584e-15,0.010696935,0.00037073073
0.8732397,1.1998849e-17,0.11570019,2.0981026e-09,2.7131662e-11,3.5413831e-15,0.010689844,0.0003702603
0.8733217,1.1905774e-17,0.11562348,2.091858e-09,2.7004976e-11,3.5155618e-15,0.010684977,0.00036979592
0.8734063,1.18141765e-17,0.115543626,2.0860398e-09,2.6881731e-11,3.4899521e-15,0.010680795,0.00036933337
0.8734855,1.1721557e-17,0.11547049,2.079396e-09,2.6753065e-11,3.4644548e-15,0.010675164,0.00036886698
0.8735572,1.1626503e-17,0.11540763,2.0712578e-09,2.6614428e-11,3.4389176e-15,0.010666729,0.00036839576
0.8736238,1.1530041e-17,0.115351714,2.0621558e-09,2.646944e-11,3.4134183e-15,0.01065654,0.0003679193
0.8736914,1.1434872e-17,0.11529443,2.0533153e-09,2.6326873e-11,3.388138e-15,0.010646709,0.00036744509
0.8737646,1.134268e-17,0.11522967,2.0455673e-09,2.6192389e-11,3.3631945e-15,0.01063882,0.00036697628
0.8738421,1.12530494e-17,0.11515882,2.0387376e-09,2.6064881e-11,3.3385406e-15,0.010632603,0.0003665113
0.87392014,1.1164344e-17,0.11508731,2.0320012e-09,2.593841e-11,3.314107e-15,0.010626528,0.00036604816
0.8739954,1.1075206e-17,0.11501964,2.0247324e-09,2.5808723e-11,3.289741e-15,0.010619379,0.00036558253
0.87406856,1.09859975e-17,0.11495469,2.017142e-09,2.5677276e-11,3.265522e-15,0.010611622,0.00036511675
0.87414324,1.08981914e-17,0.114887685,2.0098943e-09,2.5548686e-11,3.2415362e-15,0.010604475,0.00036465292
0.8742215,1.081237e-17,0.114815705,2.0033417e-09,2.5425353e-11,3.2178007e-15,0.010598558,0.00036419134
0.87430114,1.07279345e-17,0.11474178,1.9971527e-09,2.530497e-11,3.1943055e-15,0.0105933,0.00036373196
0.8743795,1.0643496e-17,0.114669904,1.9906303e-09,2.5182625e-11,3.1709043e-15,0.01058736,0.00036327232
0.8744541,1.0558427e-17,0.11460293,1.983489e-09,2.5056651e-11,3.1476248e-15,0.010580208,0.0003628099
0.87452734,1.0473581e-17,0.114537574,1.9761512e-09,2.4929654e-11,3.1244403e-15,0.010572663,0.00036234772
0.8746035,1.0390482e-17,0.114468485,1.9693844e-09,2.4807071e-11,3.1015314e-15,0.010566143,0.00036188797
0.8746837,1.0309585e-17,0.11439385,1.9634212e-09,2.4690479e-11,3.0788864e-15,0.010561148,0.00036143328
0.8747656,1.0229805e-17,0.11431687,1.957745e-09,2.4576173e-11,3.0564364e-15,0.010556608,0.00036097915
0.874844,1.0149634e-17,0.1142444,1.9515638e-09,2.4458888e-11,3.034092e-15,0.010551083,0.00036052315
0.8749184,1.0068625e-17,0.11417744,1.944629e-09,2.4336854e-11,3.0118046e-15,0.010544114,0.0003600645
0.87499243,9.98803e-18,0.11411111,1.937592e-09,2.421463e-11,2.9896686e-15,0.010536893,0.00035960609
0.87507045,9.909485e-18,0.11403926,1.9313553e-09,2.4098189e-11,2.9677652e-15,0.010531152,0.00035915143
0.8751539,9.833719e-18,0.11395989,1.9262196e-09,2.3989777e-11,2.9461979e-15,0.010527557,0.0003587013
0.8752391,9.7590355e-18,0.1138782,1.9214312e-09,2.3883994e-11,2.924782e-15,0.010524496,0.00035825383
0.8753197,9.683465e-18,0.1138026,1.9158368e-09,2.37732e-11,2.9034623e-15,0.010519936,0.00035780348
0.8753928,9.605794e-18,0.11373734,1.908829e-09,2.365324e-11,2.8821082e-15,0.010512581,0.00035734774
0.87546074,9.52691e-18,0.11367904,1.9008786e-09,2.3527378e-11,2.8607852e-15,0.010503335,0.0003568876
0.87553,9.449012e-18,0.11361919,1.8931192e-09,2.34032e-11,2.8396352e-15,0.010494413,0.00035642958
0.875603,9.3734e-18,0.11355371,1.8863133e-09,2.3285908e-11,2.8187717e-15,0.010487314,0.0003559747
0.87568074,9.2997914e-18,0.11348204,1.8802913e-09,2.3174275e-11,2.7981407e-15,0.010481706,0.00035552436
0.87575847,9.226795e-18,0.11341042,1.8743027e-09,2.3063308e-11,2.77765e-15,0.01047613,0.00035507456
0.87583303,9.153362e-18,0.11334278,1.8677957e-09,2.2949248e-11,2.7572572e-15,0.010469492,0.00035462354
0.8759057,9.0799045e-18,0.113278046,1.8609236e-09,2.2833216e-11,2.7369667e-15,0.010462095,0.0003541705
0.87597936,9.007355e-18,0.11321175,1.8543055e-09,2.271923e-11,2.716849e-15,0.010455145,0.00035372027
0.87605596,8.936473e-18,0.11314135,1.848295e-09,2.260968e-11,2.696971e-15,0.010449389,0.00035327146
0.8761343,8.866605e-18,0.113068834,1.8425605e-09,2.250242e-11,2.677243e-15,0.010444087,0.00035282577
0.8762102,8.796555e-18,0.11299929,1.8364643e-09,2.2393087e-11,2.6576116e-15,0.010438071,0.000352379
0.87628275,8.726026e-18,0.11293453,1.8297492e-09,2.2280205e-11,2.6380543e-15,0.010430786,0.00035192873
0.87635404,8.655521e-18,0.11287157,1.8228091e-09,2.2166042e-11,2.6186163e-15,0.010422973,0.0003514782
0.87642735,8.586424e-18,0.11280546,1.8163394e-09,2.2055458e-11,2.5993677e-15,0.010416083,0.00035103105
0.8765043,8.51902e-18,0.1127346,1.8105702e-09,2.1949954e-11,2.5803497e-15,0.010410553,0.00035058727
0.8765825,8.452447e-18,0.11266189,1.8050145e-09,2.1846155e-11,2.5614746e-15,0.010405436,0.00035014324
0.8766574,8.385563e-18,0.11259365,1.798951e-09,2.1739445e-11,2.5426894e-15,0.010399252,0.00034969862
0.87672836,8.3179e-18,0.112530835,1.7921508e-09,2.1628333e-11,2.5239534e-15,0.010391528,0.0003492513
0.87679845,8.250493e-18,0.11246923,1.7852149e-09,2.1516658e-11,2.5053337e-15,0.010383472,0.0003488037
0.8768723,8.184791e-18,0.11240247,1.7789847e-09,2.140994e-11,2.486919e-15,0.010376792,0.00034836034
0.876951,8.121175e-18,0.112329066,1.7737165e-09,2.1310002e-11,2.4687663e-15,0.010372085,0.00034792078
0.87703085,8.058525e-18,0.11225363,1.768746e-09,2.1212343e-11,2.450768e-15,0.010367965,0.00034748294
0.8771068,7.995041e-18,0.11218404,1.7629912e-09,2.1109923e-11,2.4328065e-15,0.010362171,0.00034704254
0.8771748,7.929837e-18,0.11212493,1.7559126e-09,2.0999312e-11,2.4148446e-15,0.010353618,0.00034659597
0.8772385,7.863627e-18,0.11207224,1.7479398e-09,2.0883243e-11,2.3969025e-15,0.01034314,0.00034614693
0.8773024,7.79815e-18,0.11201885,1.7401101e-09,2.0768455e-11,2.3790945e-15,0.0103329,0.0003456981
0.8773708,7.734585e-18,0.11195955,1.7331304e-09,2.065968e-11,2.3615207e-15,0.010324348,0.000345254
0.87744284,7.672564e-18,0.11189508,1.7268578e-09,2.0555797e-11,2.3441313e-15,0.010317262,0.00034481296
0.8775147,7.61107e-18,0.11183074,1.720601e-09,2.045251e-11,2.326905e-15,0.010310159,0.00034437224
0.87758356,7.549236e-18,0.11177053,1.7138347e-09,2.0346176e-11,2.309727e-15,0.0103019355,0.0003439301
0.87765086,7.487262e-18,0.11171271,1.7067305e-09,2.0238124e-11,2.2926454e-15,0.010292973,0.00034348574
0.8777183,7.426138e-18,0.111654185,1.6998505e-09,2.0131875e-11,2.275699e-15,0.010284404,0.00034304496
0.87778944,7.3663585e-18,0.111591056,1.693506e-09,2.00294e-11,2.2589392e-15,0.010276921,0.00034260604
0.8778614,7.307374e-18,0.11152648,1.6874152e-09,1.9928911e-11,2.2423135e-15,0.010269926,0.00034216896
0.8779313,7.248348e-18,0.11146475,1.6809929e-09,1.9826798e-11,2.2257963e-15,0.0102622155,0.0003417297
0.8779981,7.1888125e-18,0.111407444,1.6739953e-09,1.9721304e-11,2.209317e-15,0.010253185,0.0003412903
0.87806314,7.129424e-18,0.11135228,1.6668069e-09,1.9614947e-11,2.1929639e-15,0.010243711,0.0003408483
0.8781308,7.071196e-18,0.11129365,1.6600408e-09,1.9511602e-11,2.1767466e-15,0.010235086,0.00034041048
0.8782021,7.014329e-18,0.11123022,1.6539209e-09,1.9412805e-11,2.1607076e-15,0.01022778,0.00033997447
0.8782738,6.95824e-18,0.11116581,1.6480127e-09,1.9315698e-11,2.1448204e-15,0.010220921,0.00033954097
0.87834305,6.9018176e-18,0.11110483,1.6416296e-09,1.921587e-11,2.1289875e-15,0.010212986,0.00033910564
0.87840825,6.844855e-18,0.11104952,1.6346118e-09,1.9112531e-11,2.1132212e-15,0.0102036,0.0003386667
0.87847245,6.7881725e-18,0.110995375,1.6274792e-09,1.9008715e-11,2.0975532e-15,0.01019392,0.00033822938
0.8785407,6.732864e-18,0.11093595,1.6210006e-09,1.890944e-11,2.0820587e-15,0.010185585,0.00033779323
0.8786136,6.6793155e-18,0.11086985,1.6154186e-09,1.8816169e-11,2.0667604e-15,0.010179235,0.00033736278
0.87868816,6.626661e-18,0.11080135,1.6101384e-09,1.8725107e-11,2.0516097e-15,0.010173499,0.00033693548
0.87875855,6.5733107e-18,0.11073891,1.6041578e-09,1.862999e-11,2.0364906e-15,0.010166108,0.0003365034
0.8788216,6.518595e-18,0.110686146,1.5969917e-09,1.8527777e-11,2.0213812e-15,0.010156119,0.00033606682
0.8788809,6.463149e-18,0.11063927,1.5890502e-09,1.8421056e-11,2.0062913e-15,0.010144261,0.0003356273
0.8789399,6.4083915e-18,0.11059216,1.5812777e-09,1.8315785e-11,1.991336e-15,0.010132729,0.0003351889
0.87900394,6.355153e-18,0.11053831,1.5742905e-09,1.8215733e-11,1.9765484e-15,0.010122929,0.00033475424
0.8790713,6.303365e-18,0.11047986,1.5679857e-09,1.8120373e-11,1.9619606e-15,0.010114605,0.00033432367
0.879139,6.2519556e-18,0.11042085,1.5617192e-09,1.8025522e-11,1.9474662e-15,0.01010628,0.0003338939
0.8792036,6.2003755e-18,0.1103659,1.5550299e-09,1.7928435e-11,1.9330357e-15,0.010096965,0.00033346226
0.8792666,6.1487395e-18,0.11031341,1.5480712e-09,1.7830003e-11,1.9186863e-15,0.010086977,0.00033302978
0.87933075,6.0978216e-18,0.11025918,1.5413397e-09,1.7733284e-11,1.9044458e-15,0.010077434,0.0003325986
0.879398,6.0480837e-18,0.11020075,1.5351316e-09,1.7640247e-11,1.8903753e-15,0.010069058,0.00033217086
0.87946665,5.999037e-18,0.11014032,1.5291961e-09,1.7549198e-11,1.8764406e-15,0.010061291,0.0003317439
0.8795334,5.9500115e-18,0.11008253,1.5229897e-09,1.745675e-11,1.862562e-15,0.01005278,0.00033131757
0.87959725,5.900647e-18,0.11002869,1.5163002e-09,1.7361652e-11,1.8487373e-15,0.010043112,0.00033088768
0.8796597,5.8514587e-18,0.10997681,1.5094707e-09,1.726609e-11,1.8350126e-15,0.010033104,0.00033045723
0.87972456,5.80325e-18,0.10992148,1.5030629e-09,1.7173426e-11,1.8214224e-15,0.010023964,0.0003300309
0.87979347,5.7562345e-18,0.10986061,1.4972832e-09,1.7084953e-11,1.8079757e-15,0.010016262,0.000329608
0.87986314,5.709909e-18,0.1097987,1.4917204e-09,1.699812e-11,1.7946572e-15,0.010009035,0.00032918493
0.87993014,5.663334e-18,0.10974028,1.4857685e-09,1.6909257e-11,1.7813905e-15,0.010000827,0.000328761
0.8799939,5.6164323e-18,0.10968639,1.4792789e-09,1.6817393e-11,1.7681886e-15,0.009991313,0.00032833611
0.8800567,5.5697433e-18,0.109633766,1.472715e-09,1.6725408e-11,1.7550623e-15,0.009981559,0.00032790969
0.88012385,5.524292e-18,0.109575436,1.4667833e-09,1.6637625e-11,1.742102e-15,0.0099732615,0.00032748768
0.8801953,5.480283e-18,0.10951079,1.4616878e-09,1.6555245e-11,1.7292852e-15,0.009966892,0.00032706943
0.88026863,5.4370094e-18,0.10944348,1.4568913e-09,1.6475002e-11,1.7165994e-15,0.009961213,0.00032665356
0.8803382,5.393252e-18,0.10938138,1.4515031e-09,1.6391421e-11,1.7039601e-15,0.00995409,0.00032623482
0.88040113,5.3484597e-18,0.10932871,1.4450708e-09,1.6301861e-11,1.6913111e-15,0.009944374,0.00032581209
0.8804599,5.303063e-18,0.10928181,1.4379635e-09,1.6208384e-11,1.6786964e-15,0.009932972,0.0003253856
0.88051903,5.258255e-18,0.10923402,1.4310255e-09,1.611634e-11,1.6661897e-15,0.009921946,0.00032496135
0.8805832,5.2147505e-18,0.10917959,1.4248354e-09,1.6029098e-11,1.6538357e-15,0.009912633,0.00032453996
0.8806506,5.1724336e-18,0.109120496,1.4192861e-09,1.5946128e-11,1.6416231e-15,0.00990483,0.0003241237
0.88071835,5.1304815e-18,0.10906085,1.4137861e-09,1.5863717e-11,1.6295078e-15,0.009897123,0.00032370706
0.88078356,5.0883895e-18,0.10900466,1.4079273e-09,1.5779456e-11,1.6174464e-15,0.009888457,0.00032328954
0.88084745,5.0463076e-18,0.108950414,1.4018393e-09,1.5694094e-11,1.6054655e-15,0.00987922,0.00032287018
0.88091224,5.004827e-18,0.108894855,1.3959869e-09,1.5610457e-11,1.5935811e-15,0.009870455,0.00032245344
0.88098043,4.9642943e-18,0.10883476,1.3906148e-09,1.5529994e-11,1.5818151e-15,0.0098628905,0.0003220389
0.8810495,4.9243944e-18,0.108773045,1.3855002e-09,1.5451434e-11,1.5701673e-15,0.009855879,0.00032162725
0.88111746,4.884474e-18,0.10871309,1.3801524e-09,1.537167e-11,1.5585796e-15,0.0098482575,0.00032121356
0.88118225,4.8443233e-18,0.10865755,1.3743799e-09,1.5289691e-11,1.5470304e-15,0.009839471,0.00032079878
0.8812459,4.8043134e-18,0.10860323,1.3684914e-09,1.5207266e-11,1.535565e-15,0.009830417,0.00032038274
0.88131183,4.7651195e-18,0.10854591,1.3629905e-09,1.512754e-11,1.524229e-15,0.00982226,0.0003199702
0.8813817,4.7268967e-18,0.108483315,1.3580536e-09,1.5051403e-11,1.5130008e-15,0.009815499,0.0003195602
0.8814526,4.689219e-18,0.10841912,1.353322e-09,1.497681e-11,1.5018744e-15,0.009809167,0.00031915205
0.88152087,4.651419e-18,0.108358465,1.3482532e-09,1.4900465e-11,1.4908081e-15,0.0098019885,0.00031874343
0.881586,4.6132566e-18,0.108302206,1.3426735e-09,1.4821347e-11,1.479773e-15,0.009793461,0.00031833153
0.8816504,4.5752985e-18,0.10824703,1.337029e-09,1.4742131e-11,1.4688127e-15,0.009784683,0.00031791953
0.88171804,4.53831e-18,0.10818712,1.3319568e-09,1.4666608e-11,1.4579779e-15,0.009777336,0.0003175105
0.8817913,4.5025426e-18,0.10811977,1.3276412e-09,1.4595823e-11,1.4472821e-15,0.009771893,0.0003171073
0.8818651,4.4673485e-18,0.10805109,1.3235878e-09,1.452683e-11,1.4366928e-15,0.009767101,0.00031670494
0.8819358,4.4317384e-18,0.107987024,1.318981e-09,1.4454859e-11,1.4261271e-15,0.009760845,0.00031630037
0.8819996,4.3952544e-18,0.10793245,1.3134228e-09,1.437751e-11,1.4155632e-15,0.009752079,0.0003158914
0.8820595,4.3582864e-18,0.10788349,1.3072362e-09,1.4296749e-11,1.4050284e-15,0.009741633,0.00031547813
0.8821201,4.3217805e-18,0.107833385,1.3011988e-09,1.4217127e-11,1.3945837e-15,0.009731474,0.00031506785
0.88218457,4.2863354e-18,0.107777834,1.2958201e-09,1.4141679e-11,1.3842598e-15,0.0097229825,0.00031466119
0.88225293,4.251816e-18,0.10771682,1.2910036e-09,1.4069807e-11,1.3740656e-15,0.009715978,0.00031425746
0.8823211,4.2175578e-18,0.10765613,1.2862097e-09,1.3998299e-11,1.3639253e-15,0.009708938,0.00031385417
0.8823872,4.1831822e-18,0.1075984,1.2810837e-09,1.3925101e-11,1.3538514e-15,0.009700993,0.00031344965
0.8824514,4.1487934e-18,0.10754313,1.2757244e-09,1.38508285e-11,1.3438286e-15,0.009692377,0.00031304418
0.88251644,4.1148794e-18,0.10748677,1.2705584e-09,1.3777964e-11,1.3338811e-15,0.009684203,0.00031264132
0.8825842,4.0817066e-18,0.107426465,1.2658109e-09,1.3707775e-11,1.3240468e-15,0.009677126,0.00031223983
0.8826533,4.049024e-18,0.1073642,1.2612776e-09,1.3639055e-11,1.3143069e-15,0.009670596,0.00031184003
0.8827207,4.0163192e-18,0.10730443,1.2565091e-09,1.3569257e-11,1.3046115e-15,0.0096633695,0.00031143945
0.88278514,3.983379e-18,0.10724872,1.2513295e-09,1.3497322e-11,1.2949485e-15,0.009654963,0.00031103697
0.88284874,3.9505546e-18,0.10719438,1.2460226e-09,1.3424889e-11,1.285356e-15,0.009646206,0.00031063458
0.88291407,3.918337e-18,0.107137315,1.2410459e-09,1.3354678e-11,1.2758661e-15,0.009638313,0.00031023417
0.88298273,3.8869006e-18,0.10707568,1.2365607e-09,1.3287517e-11,1.2664704e-15,0.009631675,0.0003098361
0.8830524,3.8559124e-18,0.10701266,1.2322365e-09,1.32215705e-11,1.2571502e-15,0.009625437,0.00030943973
0.8831196,3.8247516e-18,0.106953055,1.2275797e-09,1.3153904e-11,1.2478758e-15,0.00961824,0.00030904196
0.88318306,3.793306e-18,0.10689854,1.2224363e-09,1.3083634e-11,1.2386318e-15,0.009609653,0.00030864283
0.88324594,3.7619872e-18,0.10684489,1.2172139e-09,1.3013233e-11,1.2294552e-15,0.009600865,0.0003082424
0.88331234,3.7314684e-18,0.1067864,1.2124879e-09,1.2945932e-11,1.2203796e-15,0.009593331,0.00030784545
0.8833829,3.7018785e-18,0.10672193,1.2084241e-09,1.2882649e-11,1.2114089e-15,0.009587585,0.00030745266
0.8834549,3.6727535e-18,0.10665554,1.2045712e-09,1.2820822e-11,1.2025245e-15,0.009582425,0.00030706148
0.8835229,3.6432984e-18,0.1065945,1.2002033e-09,1.2756263e-11,1.1936727e-15,0.009575791,0.00030666718
0.8835849,3.613049e-18,0.10654212,1.19494e-09,1.2686838e-11,1.1848144e-15,0.009566631,0.0003062684
0.88364244,3.5824444e-18,0.10649592,1.1890926e-09,1.26142855e-11,1.1759758e-15,0.009555719,0.00030586828
0.88370055,3.55217e-18,0.106448896,1.1833583e-09,1.2542659e-11,1.167217e-15,0.00954508,0.00030546848
0.88376266,3.5227447e-18,0.1063962,1.178205e-09,1.2474563e-11,1.1585553e-15,0.009536007,0.00030507185
0.8838276,3.494054e-18,0.1063393,1.1735412e-09,1.2409528e-11,1.1499923e-15,0.009528307,0.00030467892
0.883893,3.4655857e-18,0.10628207,1.1688895e-09,1.23447684e-11,1.1414887e-15,0.009520537,0.00030428535
0.8839558,3.4370115e-18,0.10622841,1.1639134e-09,1.2278436e-11,1.1330361e-15,0.009511847,0.00030389166
0.88401663,3.4084056e-18,0.10617738,1.1587127e-09,1.22110586e-11,1.1246222e-15,0.009502437,0.00030349698
0.8840787,3.3801836e-18,0.1061248,1.1536732e-09,1.21448095e-11,1.1162806e-15,0.009493439,0.00030310347
0.88414294,3.3525363e-18,0.10606887,1.1489982e-09,1.2080862e-11,1.1080207e-15,0.009485423,0.00030271136
0.88420826,3.3252843e-18,0.10601148,1.1445028e-09,1.20181825e-11,1.0998359e-15,0.009477904,0.000302322
0.8842722,3.2980216e-18,0.105956174,1.1397885e-09,1.19544635e-11,1.0916971e-15,0.009469699,0.00030193012
0.88433284,3.270559e-18,0.10590535,1.1346952e-09,1.1888816e-11,1.0835817e-15,0.00946031,0.0003015379
0.88439256,3.2431858e-18,0.105855756,1.1294728e-09,1.1822728e-11,1.0755294e-15,0.009450525,0.000301145
0.884454,3.2163173e-18,0.10580356,1.124549e-09,1.1758531e-11,1.0675513e-15,0.009441542,0.00030075433
0.8845189,3.1900855e-18,0.10574686,1.1200569e-09,1.1696983e-11,1.0596609e-15,0.009433793,0.00030036704
0.88458425,3.16419e-18,0.10568933,1.1157087e-09,1.1636472e-11,1.0518291e-15,0.009426377,0.00029997926
0.88464737,3.1381857e-18,0.105635,1.1110548e-09,1.15744575e-11,1.0440367e-15,0.0094180275,0.000299591
0.8847072,3.111932e-18,0.10558525,1.1059644e-09,1.1510206e-11,1.0362745e-15,0.00940835,0.0002992018
0.88476586,3.0858e-18,0.10553697,1.1008014e-09,1.1445814e-11,1.0285687e-15,0.009398373,0.00029881045
0.884828,3.060331e-18,0.105483904,1.096087e-09,1.1384129e-11,1.0209396e-15,0.009389689,0.00029842358
0.8848946,3.0356207e-18,0.105424665,1.0919752e-09,1.132603e-11,1.0134111e-15,0.009382751,0.00029803906
0.884962,3.011296e-18,0.10536394,1.0880541e-09,1.1269228e-11,1.0059466e-15,0.009376371,0.00029765614
0.88502586,2.9866986e-18,0.10530826,1.0836733e-09,1.1210034e-11,9.985101e-16,0.009368557,0.00029727304
0.88508373,2.9615138e-18,0.10526102,1.078492e-09,1.1146653e-11,9.910766e-16,0.009358265,0.00029688448
0.88513774,2.935991e-18,0.10521947,1.0727843e-09,1.1080496e-11,9.836492e-16,0.009346279,0.0002964929
0.8851919,2.910766e-18,0.10517745,1.0671907e-09,1.10152365e-11,9.762888e-16,0.009334558,0.00029610298
0.8852502,2.8862559e-18,0.10512971,1.0621313e-09,1.0953151e-11,9.690173e-16,0.009324433,0.0002957161
0.8853116,2.8623553e-18,0.10507746,1.0575211e-09,1.0893779e-11,9.618329e-16,0.00931563,0.0002953319
0.8853726,2.8386725e-18,0.105025485,1.0529384e-09,1.08347645e-11,9.546939e-16,0.00930686,0.00029494887
0.88543206,2.8148807e-18,0.104976274,1.0480679e-09,1.07743476e-11,9.47592e-16,0.009297105,0.00029456444
0.885489,2.7910885e-18,0.104930066,1.043012e-09,1.07131725e-11,9.405329e-16,0.0092867855,0.0002941794
0.88554746,2.7676287e-18,0.104881875,1.0381129e-09,1.0653055e-11,9.335315e-16,0.009276803,0.0002937948
0.8856083,2.7446667e-18,0.10483038,1.0335571e-09,1.059502e-11,9.266026e-16,0.009267898,0.0002934129
0.88567024,2.7220438e-18,0.104777336,1.0291794e-09,1.0538178e-11,9.19733e-16,0.0092594735,0.00029303323
0.8857306,2.6994278e-18,0.10472623,1.0246192e-09,1.04805635e-11,9.129061e-16,0.009250439,0.0002926527
0.8857882,2.6766436e-18,0.10467922,1.0197277e-09,1.0421303e-11,9.06106e-16,0.009240301,0.00029226873
0.88584477,2.6539883e-18,0.104633614,1.0147462e-09,1.0361772e-11,8.993488e-16,0.009229793,0.00029188735
0.8859036,2.6317121e-18,0.10458479,1.0100419e-09,1.0303964e-11,8.926577e-16,0.009220131,0.0002915059
0.8859653,2.6100195e-18,0.10453185,1.0057501e-09,1.0248583e-11,8.8604294e-16,0.009211702,0.00029112914
0.88602805,2.5886175e-18,0.10447745,1.001602e-09,1.01942526e-11,8.7948167e-16,0.009203687,0.00029075216
0.88608855,2.5671102e-18,0.10442631,9.971907e-10,1.0138635e-11,8.7295353e-16,0.009194805,0.00029037322
0.88614583,2.5454519e-18,0.104379594,9.924128e-10,1.0081226e-11,8.664475e-16,0.009184655,0.00028999377
0.88620234,2.5239065e-18,0.1043338,9.875835e-10,1.00237145e-11,8.5998916e-16,0.00917428,0.0002896148
0.8862622,2.5028967e-18,0.10428335,9.83173e-10,9.968716e-12,8.536018e-16,0.009165192,0.00028923716
0.8863266,2.4825388e-18,0.104226604,9.793216e-10,9.916946e-12,8.4729203e-16,0.009157899,0.00028886454
0.88639253,2.4625289e-18,0.104167864,9.756618e-10,9.866401e-12,8.4104315e-16,0.009151185,0.00028849233
0.88645494,2.4422793e-18,0.104113825,9.716002e-10,9.813829e-12,8.348116e-16,0.009143114,0.0002881186
0.8865108,2.4215963e-18,0.104068756,9.668455e-10,9.757742e-12,8.2858843e-16,0.009132693,0.0002877416
0.88656306,2.4006297e-18,0.10402895,9.61637e-10,9.699365e-12,8.223771e-16,0.009120705,0.00028736118
0.8866162,2.3799382e-18,0.10398796,9.565412e-10,9.6417666e-12,8.16219e-16,0.009108969,0.0002869827
0.8866728,2.359857e-18,0.10394166,9.519465e-10,9.587092e-12,8.101383e-16,0.00909888,0.00028660876
0.8867327,2.3402753e-18,0.10389091,9.477712e-10,9.53489e-12,8.0412734e-16,0.009090144,0.00028623507
0.8867933,2.3208494e-18,0.10383936,9.436204e-10,9.482998e-12,7.981524e-16,0.009081442,0.0002858626
0.88685155,2.3013939e-18,0.10379113,9.392398e-10,9.430067e-12,7.922108e-16,0.009071867,0.00028549015
0.88690805,2.2819318e-18,0.10374499,9.346994e-10,9.37643e-12,7.8630873e-16,0.009061732,0.00028511568
0.88696593,2.2627586e-18,0.10369726,9.303174e-10,9.323859e-12,7.8045187e-16,0.009052053,0.00028474382
0.8870261,2.2439917e-18,0.10364615,9.262566e-10,9.273164e-12,7.7466425e-16,0.009043425,0.00028437367
0.88708776,2.2255288e-18,0.10359289,9.2236474e-10,9.223604e-12,7.6892386e-16,0.009035313,0.00028400423
0.88714784,2.2070792e-18,0.10354192,9.183264e-10,9.173434e-12,7.632159e-16,0.009026648,0.00028363612
0.8872051,2.1885081e-18,0.1034947,9.140031e-10,9.121873e-12,7.575363e-16,0.009016932,0.00028326546
0.8872618,2.170009e-18,0.10344842,9.095918e-10,9.070026e-12,7.5188415e-16,0.009006868,0.0002828948
0.8873203,2.1518682e-18,0.10339941,9.054523e-10,9.019833e-12,7.4629553e-16,0.008997717,0.00028252543
0.88738215,2.1342041e-18,0.10334589,9.016893e-10,8.971868e-12,7.407712e-16,0.008989802,0.00028215954
0.88744515,2.1167688e-18,0.10329077,8.98063e-10,8.924748e-12,7.352886e-16,0.008982272,0.00028179446
0.8875059,2.0992864e-18,0.10323874,8.9421015e-10,8.8766e-12,7.2983916e-16,0.008973948,0.0002814297
0.88756335,2.0816387e-18,0.10319128,8.900293e-10,8.826896e-12,7.244026e-16,0.008964401,0.0002810611
0.8876203,2.0641144e-18,0.10314437,8.8581e-10,8.777128e-12,7.1900603e-16,0.008954662,0.00028069344
0.8876806,2.0470423e-18,0.10309287,8.819722e-10,8.729573e-12,7.1367693e-16,0.008946222,0.00028033048
0.8877453,2.0304933e-18,0.10303522,8.786381e-10,8.684918e-12,7.084071e-16,0.008939498,0.00027996805
0.88781154,2.0142195e-18,0.10297541,8.7548147e-10,8.641331e-12,7.0319066e-16,0.008933422,0.0002796087
0.8878745,1.9977642e-18,0.102920264,8.7196217e-10,8.5959625e-12,6.9798887e-16,0.00892599,0.00027924636
0.88793117,1.980938e-18,0.10287365,8.6782326e-10,8.547494e-12,6.9279153e-16,0.008916249,0.00027888123
0.8879839,1.9639e-18,0.10283258,8.6327695e-10,8.4970095e-12,6.876036e-16,0.008905017,0.00027851344
0.8880371,1.9470692e-18,0.102790795,8.5883184e-10,8.4472455e-12,6.824601e-16,0.0088940505,0.0002781468
0.88809425,1.9307372e-18,0.10274321,8.548372e-10,8.400053e-12,6.773839e-16,0.008884678,0.0002777843
0.8881552,1.9148208e-18,0.1026909,8.5121055e-10,8.354961e-12,6.723612e-16,0.008876564,0.00027742374
0.8882163,1.8990357e-18,0.102638036,8.4761564e-10,8.3101755e-12,6.6737837e-16,0.008868535,0.0002770626
0.8882749,1.883203e-18,0.102588736,8.4380175e-10,8.26444e-12,6.6241804e-16,0.008859678,0.00027670217
0.88833183,1.867385e-18,0.102541514,8.398511e-10,8.218109e-12,6.5749064e-16,0.00885023,0.0002763407
0.88838977,1.8517865e-18,0.102493055,8.360333e-10,8.172657e-12,6.5260077e-16,0.008841189,0.00027598074
0.88845074,1.8365209e-18,0.102440484,8.324959e-10,8.128831e-12,6.477594e-16,0.008833174,0.00027562198
0.88851315,1.821495e-18,0.10238594,8.291092e-10,8.085948e-12,6.4296466e-16,0.008825635,0.00027526516
0.8885731,1.80647e-18,0.10233447,8.2558455e-10,8.0425016e-12,6.3820375e-16,0.008817608,0.00027490832
0.88863087,1.7913597e-18,0.1022861,8.217953e-10,7.997835e-12,6.334572e-16,0.008808464,0.00027454944
0.8886875,1.7762854e-18,0.10223936,8.179287e-10,7.952891e-12,6.2873546e-16,0.008798992,0.00027419088
0.88874656,1.7615037e-18,0.10218923,8.1429224e-10,7.909322e-12,6.2406497e-16,0.008790334,0.00027383282
0.8888084,1.7470907e-18,0.10213515,8.1098384e-10,7.867636e-12,6.1944774e-16,0.008782917,0.00027347865
0.8888714,1.7328903e-18,0.102079585,8.0779605e-10,7.826703e-12,6.1487e-16,0.008775854,0.00027312583
0.8889323,1.7186174e-18,0.10202701,8.0439805e-10,7.784836e-12,6.10313e-16,0.008767947,0.000272771
0.8889894,1.7042211e-18,0.10197928,8.0069634e-10,7.741535e-12,6.0577345e-16,0.008758865,0.00027241468
0.8890462,1.689906e-18,0.10193222,7.969489e-10,7.698149e-12,6.012628e-16,0.008749532,0.00027205795
0.88910615,1.6759473e-18,0.101880684,7.9353973e-10,7.6566704e-12,5.968015e-16,0.008741414,0.00027170498
0.8891709,1.6624235e-18,0.101822734,7.905759e-10,7.6176634e-12,5.923991e-16,0.008735016,0.00027135498
0.8892364,1.6491233e-18,0.10176334,7.877621e-10,7.579555e-12,5.880365e-16,0.0087291645,0.00027100666
0.8892985,1.6356678e-18,0.10170884,7.84617e-10,7.539884e-12,5.8369025e-16,0.008721994,0.00027065573
0.8893546,1.6219023e-18,0.101662494,7.8090256e-10,7.497422e-12,5.7934137e-16,0.0087125,0.00027030185
0.88940674,1.6079514e-18,0.10162173,7.768139e-10,7.453175e-12,5.750048e-16,0.0087015275,0.0002699447
0.8894593,1.5941697e-18,0.10158026,7.728075e-10,7.409476e-12,5.707053e-16,0.008690779,0.00026958965
0.8895162,1.580779e-18,0.10153311,7.691921e-10,7.367952e-12,5.664558e-16,0.008681542,0.00026923715
0.88957626,1.5677278e-18,0.10148129,7.6591045e-10,7.328308e-12,5.6225496e-16,0.008673547,0.00026888712
0.8896357,1.5547951e-18,0.101430215,7.6264806e-10,7.2889e-12,5.5808703e-16,0.008665577,0.00026853857
0.88969344,1.5418015e-18,0.10138167,7.5917944e-10,7.2485707e-12,5.5393625e-16,0.008656723,0.00026818746
0.88974917,1.5288079e-18,0.10133562,7.5557505e-10,7.207677e-12,5.498088e-16,0.008647306,0.0002678362
0.88980603,1.5160011e-18,0.101288185,7.520833e-10,7.167502e-12,5.4571696e-16,0.008638264,0.000267487
0.8898656,1.503455e-18,0.10123721,7.4884415e-10,7.1287694e-12,5.416675e-16,0.008630155,0.00026713932
0.8899257,1.4911106e-18,0.10118488,7.4573187e-10,7.0908457e-12,5.376567e-16,0.008622593,0.00026679278
0.8899851,1.4787533e-18,0.101134144,7.424817e-10,7.0523106e-12,5.33667e-16,0.008614365,0.00026644568
0.8900411,1.4663139e-18,0.10108766,7.389892e-10,7.0127007e-12,5.2969073e-16,0.00860512,0.0002660963
0.8900964,1.4539226e-18,0.10104227,7.354269e-10,6.9728828e-12,5.257397e-16,0.0085955,0.0002657484
0.8901536,1.4417545e-18,0.100994326,7.320592e-10,6.934164e-12,5.2182915e-16,0.008586654,0.0002654007
0.8902137,1.4298948e-18,0.100942224,7.2899026e-10,6.8971304e-12,5.1796324e-16,0.008578967,0.00026505644
0.8902747,1.4181879e-18,0.10088899,7.2602063e-10,6.8607333e-12,5.1413036e-16,0.008571655,0.00026471308
0.89033335,1.4064286e-18,0.10083879,7.2285444e-10,6.823443e-12,5.103148e-16,0.008563484,0.00026436895
0.89038885,1.3945807e-18,0.100793056,7.194153e-10,6.78492e-12,5.065122e-16,0.008554109,0.00026402264
0.8904434,1.3827838e-18,0.10074848,7.159304e-10,6.7462984e-12,5.0273745e-16,0.008544506,0.0002636767
0.8905015,1.3712699e-18,0.10069905,7.127383e-10,6.709293e-12,4.989985e-16,0.008536048,0.00026333178
0.8905633,1.3601221e-18,0.1006444,7.0995065e-10,6.674453e-12,4.953121e-16,0.008529268,0.00026299164
0.8906271,1.3491505e-18,0.100587316,7.072942e-10,6.6404425e-12,4.916597e-16,0.008522975,0.00026265281
0.890687,1.3380572e-18,0.10053529,7.043369e-10,6.6050134e-12,4.880171e-16,0.008515399,0.00026231198
0.8907412,1.3266923e-18,0.10049128,7.0086326e-10,6.5670754e-12,4.8437076e-16,0.008505577,0.00026196695
0.89079094,1.3151866e-18,0.10045319,6.9705614e-10,6.5276296e-12,4.8074e-16,0.008494224,0.00026162033
0.8908415,1.3038166e-18,0.100414164,6.9331924e-10,6.488648e-12,4.771333e-16,0.008483145,0.00026127358
0.8908954,1.2927717e-18,0.10037017,6.899365e-10,6.451573e-12,4.7357533e-16,0.008473519,0.00026093185
0.8909531,1.2820068e-18,0.10032116,6.868509e-10,6.4161332e-12,4.7005665e-16,0.00846507,0.00026059162
0.89101064,1.2713215e-18,0.10027245,6.8377637e-10,6.3808854e-12,4.66564e-16,0.00845666,0.00026025155
0.8910657,1.2606063e-18,0.10022692,6.805228e-10,6.3448457e-12,4.630854e-16,0.008447389,0.0002599112
0.8911194,1.2498843e-18,0.10018346,6.771443e-10,6.308302e-12,4.596268e-16,0.008437545,0.00025956865
0.89117396,1.239316e-18,0.100138776,6.738705e-10,6.2724296e-12,4.562014e-16,0.008428097,0.0002592283
0.8912309,1.2289669e-18,0.10009065,6.70819e-10,6.237777e-12,4.528045e-16,0.00841954,0.0002588901
0.8912888,1.2187801e-18,0.100041226,6.678878e-10,6.2038673e-12,4.4944706e-16,0.008411491,0.00025855383
0.8913453,1.2085834e-18,0.099993594,6.6483147e-10,6.1694486e-12,4.461002e-16,0.00840282,0.0002582149
0.89139897,1.1983266e-18,0.09995002,6.6156736e-10,6.1341023e-12,4.427735e-16,0.008393162,0.00025787653
0.8914516,1.1881102e-18,0.099907696,6.582356e-10,6.0985323e-12,4.3946436e-16,0.00838317,0.0002575371
0.8915064,1.1780734e-18,0.09986249,6.550796e-10,6.0639696e-12,4.3618936e-16,0.008373905,0.00025719948
0.89156425,1.168295e-18,0.09981308,6.5219474e-10,6.030889e-12,4.3295017e-16,0.008365779,0.00025686488
0.89162266,1.1586381e-18,0.09976281,6.493973e-10,5.9983815e-12,4.297402e-16,0.00835801,0.00025652943
0.8916789,1.1489531e-18,0.099715464,6.4643146e-10,5.9651134e-12,4.2654324e-16,0.008349416,0.00025619476
0.8917322,1.1391759e-18,0.099672265,6.432182e-10,5.9307424e-12,4.2335567e-16,0.0083396565,0.0002558577
0.8917844,1.1294544e-18,0.09963029,6.399712e-10,5.896315e-12,4.2019153e-16,0.008329691,0.0002555208
0.8918404,1.1199789e-18,0.09958354,6.3699235e-10,5.863353e-12,4.1706383e-16,0.008320861,0.00025518643
0.8919004,1.1107869e-18,0.09953109,6.3437017e-10,5.8322596e-12,4.1397393e-16,0.008313663,0.00025485505
0.8919612,1.1017471e-18,0.09947723,6.3186895e-10,5.80189e-12,4.1091516e-16,0.008306947,0.0002545256
0.89201945,1.0926108e-18,0.09942748,6.2910693e-10,5.77034e-12,4.0786222e-16,0.008298953,0.00025419457
0.8920709,1.0832528e-18,0.099386476,6.258829e-10,5.7366082e-12,4.048135e-16,0.008288832,0.00025385869
0.8921187,1.0737902e-18,0.09935059,6.223665e-10,5.7015616e-12,4.0177052e-16,0.00827723,0.0002535222
0.89216685,1.0644393e-18,0.099313974,6.1891614e-10,5.666936e-12,3.987537e-16,0.008265891,0.00025318528
0.8922192,1.0553478e-18,0.09927208,6.157837e-10,5.6340197e-12,3.9577342e-16,0.00825596,0.00025285166
0.8922743,1.0464888e-18,0.09922596,6.1291566e-10,5.6024976e-12,3.9282712e-16,0.008247239,0.00025252128
0.89232963,1.0377046e-18,0.0991796,6.1006805e-10,5.571195e-12,3.8990282e-16,0.008238537,0.00025219057
0.8923827,1.0288972e-18,0.09913642,6.0705846e-10,5.5392084e-12,3.8699194e-16,0.008229,0.00025185948
0.8924342,1.020081e-18,0.09909545,6.03944e-10,5.506829e-12,3.8409627e-16,0.008218877,0.00025152764
0.89248645,1.0113953e-18,0.09905315,6.00924e-10,5.4750085e-12,3.8122843e-16,0.008209223,0.0002511962
0.8925413,1.0028935e-18,0.09900739,5.981078e-10,5.4442913e-12,3.7838883e-16,0.008200446,0.0002508676
0.89259756,9.945178e-19,0.09895973,5.953944e-10,5.414199e-12,3.7557528e-16,0.008192099,0.0002505396
0.8926523,9.86139e-19,0.09891427,5.9257693e-10,5.3836983e-12,3.727735e-16,0.008183215,0.00025021064
0.8927039,9.777155e-19,0.09887293,5.8957617e-10,5.3524017e-12,3.699899e-16,0.00817337,0.00024988267
0.8927546,9.693259e-19,0.09883264,5.8651733e-10,5.3209472e-12,3.6722113e-16,0.008163192,0.00024955175
0.8928076,9.610841e-19,0.0987894,5.8361826e-10,5.2903463e-12,3.6447674e-16,0.008153718,0.0002492238
0.89286315,9.530532e-19,0.09874261,5.8096344e-10,5.2610707e-12,3.6176775e-16,0.0081454115,0.00024889753
0.8929203,9.451309e-19,0.09869368,5.783879e-10,5.2322855e-12,3.590795e-16,0.008137399,0.00024857352
0.8929749,9.371787e-19,0.09864823,5.75664e-10,5.2028685e-12,3.564048e-16,0.008128651,0.00024824662
0.89302593,9.291584e-19,0.0986074,5.7272453e-10,5.1724913e-12,3.537378e-16,0.008118719,0.0002479201
0.89307636,9.211852e-19,0.09856737,5.6975613e-10,5.142112e-12,3.5109185e-16,0.008108654,0.0002475934
0.89313036,9.134026e-19,0.09852277,5.670249e-10,5.1129643e-12,3.4847242e-16,0.008099644,0.00024726786
0.89318854,9.058696e-19,0.09847226,5.646195e-10,5.0855192e-12,3.4589128e-16,0.008092281,0.00024694554
0.8932482,8.98455e-19,0.09841987,5.623185e-10,5.0586735e-12,3.4332985e-16,0.00808537,0.00024662548
0.8933044,8.909617e-19,0.09837202,5.597866e-10,5.0307983e-12,3.4077695e-16,0.008077231,0.0002463032
0.89335424,8.832954e-19,0.098332755,5.5684773e-10,5.0010564e-12,3.3822383e-16,0.008066974,0.00024597894
0.8933999,8.755339e-19,0.09829897,5.536471e-10,4.9701398e-12,3.3567932e-16,0.008055363,0.00024565062
0.89344627,8.678646e-19,0.09826451,5.5050936e-10,4.9396355e-12,3.3315548e-16,0.008043942,0.00024532343
0.89349663,8.6041404e-19,0.09822451,5.47654e-10,4.910576e-12,3.3065967e-16,0.008033939,0.00024500012
0.8935503,8.5315744e-19,0.09817994,5.450399e-10,4.8828138e-12,3.2819504e-16,0.008025071,0.00024467905
0.893604,8.459556e-19,0.098135374,5.4243937e-10,4.85519e-12,3.257488e-16,0.008016259,0.00024435724
0.89365536,8.3873555e-19,0.09809387,5.396996e-10,4.82701e-12,3.2331375e-16,0.008006649,0.00024403594
0.89370507,8.315122e-19,0.0980547,5.368671e-10,4.798473e-12,3.2089147e-16,0.007996495,0.00024371273
0.89375585,8.2439927e-19,0.09801409,5.341204e-10,4.7704458e-12,3.1849376e-16,0.007986759,0.00024339162
0.8938093,8.174275e-19,0.09796976,5.315516e-10,4.7433567e-12,3.1611487e-16,0.007977827,0.00024307215
0.89386344,8.105679e-19,0.09792442,5.2907917e-10,4.716848e-12,3.1376242e-16,0.0079694055,0.00024275327
0.89391667,8.0370673e-19,0.09788048,5.265154e-10,4.689982e-12,3.1142e-16,0.007960439,0.0002424348
0.8939665,7.968155e-19,0.09784085,5.237902e-10,4.6624328e-12,3.0909156e-16,0.007950549,0.00024211535
0.89401555,7.8993443e-19,0.09780229,5.2101096e-10,4.634723e-12,3.067732e-16,0.007940293,0.00024179384
0.8940669,7.8318954e-19,0.0977609,5.183803e-10,4.6078137e-12,3.0448e-16,0.007930797,0.00024147493
0.89412075,7.7661103e-19,0.097715616,5.1596316e-10,4.582026e-12,3.0221289e-16,0.007922362,0.00024115878
0.89417636,7.701246e-19,0.09766859,5.1362e-10,4.556687e-12,2.9996436e-16,0.007914313,0.00024084348
0.89422953,7.6360863e-19,0.09762458,5.1114374e-10,4.530776e-12,2.9772607e-16,0.00790546,0.00024052724
0.8942789,7.570493e-19,0.09758537,5.084793e-10,4.5040907e-12,2.9549758e-16,0.007895521,0.00024020951
0.89432794,7.5051736e-19,0.09754681,5.057891e-10,4.4773473e-12,2.932812e-16,0.0078853965,0.00023989142
0.8943801,7.441494e-19,0.097503945,5.0331256e-10,4.451713e-12,2.9109245e-16,0.0078763785,0.00023957572
0.8944367,7.3799116e-19,0.097455084,5.011258e-10,4.4275807e-12,2.889325e-16,0.007868889,0.0002392639
0.8944955,7.3192203e-19,0.09740368,4.9903265e-10,4.403951e-12,2.8679035e-16,0.007861868,0.00023895215
0.89454985,7.257856e-19,0.09735778,4.967353e-10,4.3794573e-12,2.8465617e-16,0.0078537045,0.00023863874
0.8945982,7.1951184e-19,0.097319975,4.9407944e-10,4.3533094e-12,2.8252196e-16,0.007843493,0.00023832345
0.8946421,7.131691e-19,0.097288,4.9119553e-10,4.32619e-12,2.8039382e-16,0.007831888,0.0002380058
0.89468694,7.0689113e-19,0.09725475,4.883605e-10,4.2993764e-12,2.782809e-16,0.007820532,0.00023768768
0.8947357,7.007971e-19,0.097216375,4.8578397e-10,4.273896e-12,2.7619563e-16,0.0078105377,0.00023737329
0.894788,6.9486175e-19,0.0971733,4.834202e-10,4.2494996e-12,2.7413446e-16,0.007801681,0.00023706094
0.8948398,6.8898153e-19,0.09713056,4.810742e-10,4.225288e-12,2.720895e-16,0.0077928673,0.00023674933
0.8948898,6.8307396e-19,0.097090505,4.7860416e-10,4.2005652e-12,2.7005411e-16,0.007783305,0.00023643649
0.894938,6.7716944e-19,0.09705279,4.760525e-10,4.1755323e-12,2.6802833e-16,0.0077731987,0.00023612384
0.89498764,6.713502e-19,0.0970131,4.735748e-10,4.150933e-12,2.6602017e-16,0.0077634715,0.0002358113
0.8950394,6.656638e-19,0.09697051,4.7126825e-10,4.1272437e-12,2.6403573e-16,0.007754656,0.00023550153
0.8950928,6.6005694e-19,0.09692582,4.6904197e-10,4.1039945e-12,2.620666e-16,0.0077462415,0.00023519216
0.8951442,6.54451e-19,0.09688351,4.6673776e-10,4.0804703e-12,2.6010958e-16,0.007737339,0.00023488198
0.89519304,6.488189e-19,0.09684482,4.6429038e-10,4.0563646e-12,2.581625e-16,0.0077275326,0.00023457198
0.8952407,6.4320515e-19,0.0968076,4.617997e-10,4.0321123e-12,2.562248e-16,0.007717398,0.00023426121
0.8952905,6.3769975e-19,0.09676757,4.594418e-10,4.008572e-12,2.54308e-16,0.007708015,0.00023395117
0.89534396,6.32326e-19,0.09672278,4.5727303e-10,3.985999e-12,2.524114e-16,0.007699658,0.00023364362
0.8953983,6.270366e-19,0.09667664,4.5517493e-10,3.9638596e-12,2.50534e-16,0.0076917,0.00023333823
0.89545,6.2172787e-19,0.096634015,4.529632e-10,3.9412523e-12,2.4866412e-16,0.0076829805,0.0002330317
0.8954987,6.1636795e-19,0.09659541,4.5058024e-10,3.917917e-12,2.468008e-16,0.0076731974,0.00023272343
0.8955464,6.110442e-19,0.096558005,4.481819e-10,3.894588e-12,2.4494925e-16,0.007663258,0.00023241511
0.8955975,6.0585195e-19,0.09651592,4.4597329e-10,3.8722263e-12,2.4312186e-16,0.0076544266,0.0002321083
0.8956535,6.008263e-19,0.09646765,4.4402265e-10,3.8511663e-12,2.413149e-16,0.0076470757,0.00023180601
0.89571065,5.95884e-19,0.096417606,4.4216036e-10,3.8305912e-12,2.3952715e-16,0.0076401937,0.00023150399
0.8957649,5.908857e-19,0.096371785,4.401147e-10,3.809213e-12,2.377428e-16,0.00763218,0.00023120051
0.895812,5.8577276e-19,0.09633494,4.3775594e-10,3.7864638e-12,2.3595908e-16,0.0076221926,0.0002308938
0.8958555,5.805976e-19,0.09630306,4.3519302e-10,3.762817e-12,2.3417888e-16,0.007610905,0.00023058552
0.895899,5.7549013e-19,0.09627092,4.3268308e-10,3.739517e-12,2.3241562e-16,0.0075998437,0.00023027763
0.89594716,5.705285e-19,0.09623277,4.3039913e-10,3.717331e-12,2.3067304e-16,0.00759009,0.00022997263
0.89599884,5.6569383e-19,0.09619005,4.2830373e-10,3.6961085e-12,2.289514e-16,0.0075815055,0.00022966962
0.8960502,5.609042e-19,0.09614751,4.2623058e-10,3.675062e-12,2.2724335e-16,0.00757298,0.00022936758
0.8960995,5.561008e-19,0.09610779,4.240451e-10,3.6535696e-12,2.2554237e-16,0.007563703,0.00022906499
0.8961468,5.512952e-19,0.09607051,4.2179263e-10,3.6318342e-12,2.2385111e-16,0.00755393,0.00022876052
0.8961959,5.4656357e-19,0.096031174,4.1960824e-10,3.6104834e-12,2.2217465e-16,0.007544516,0.00022845845
0.8962472,5.419338e-19,0.09598868,4.1757237e-10,3.5899107e-12,2.2051547e-16,0.007536003,0.00022815821
0.8963001,5.3737706e-19,0.09594411,4.1561124e-10,3.5697471e-12,2.1887241e-16,0.0075278846,0.00022785833
0.89635104,5.3281676e-19,0.09590199,4.1358197e-10,3.5493373e-12,2.1723867e-16,0.007519315,0.0002275579
0.89639944,5.282332e-19,0.095863365,4.1142642e-10,3.5284152e-12,2.1561156e-16,0.0075098886,0.00022725698
0.8964465,5.236724e-19,0.09582635,4.0923623e-10,3.5073964e-12,2.1399386e-16,0.007500133,0.00022695574
0.8964962,5.1919196e-19,0.09578607,4.0716136e-10,3.4869922e-12,2.1239378e-16,0.007491091,0.00022665512
0.89654917,5.148323e-19,0.09574132,4.0526077e-10,3.4674735e-12,2.1081207e-16,0.007483122,0.00022635874
0.896603,5.105292e-19,0.09569549,4.034195e-10,3.4482775e-12,2.0924234e-16,0.0074754828,0.00022606232
0.89665496,5.0621473e-19,0.095652215,4.0147774e-10,3.4286968e-12,2.0768148e-16,0.007467116,0.00022576471
0.896703,5.018579e-19,0.095613845,3.9938663e-10,3.408484e-12,2.0612429e-16,0.0074577453,0.00022546592
0.8967505,4.975345e-19,0.095576145,3.9728115e-10,3.3882847e-12,2.0458021e-16,0.0074482104,0.00022516692
0.89680135,4.933179e-19,0.095534086,3.9534584e-10,3.368938e-12,2.0305389e-16,0.007439766,0.00022487066
0.8968572,4.892349e-19,0.09548538,3.936383e-10,3.350697e-12,2.0154696e-16,0.0074327616,0.00022457796
0.8969148,4.8521996e-19,0.0954347,3.9200843e-10,3.3328928e-12,2.0005241e-16,0.0074262237,0.00022428545
0.8969683,4.811569e-19,0.095389076,3.9021827e-10,3.3144089e-12,1.9856423e-16,0.0074185827,0.00022399104
0.8970154,4.7700425e-19,0.09535188,3.8814985e-10,3.2947093e-12,1.9707519e-16,0.0074090376,0.0002236943
0.89705837,4.7279876e-19,0.09532008,3.8589845e-10,3.2742374e-12,1.9558895e-16,0.007398174,0.00022339527
0.8971015,4.6864833e-19,0.09528776,3.8369385e-10,3.254042e-12,1.941162e-16,0.007387587,0.00022309665
0.8971493,4.646147e-19,0.0952496,3.8169093e-10,3.2348397e-12,1.9266139e-16,0.007378285,0.00022280171
0.8972008,4.606879e-19,0.095206656,3.7985567e-10,3.2164811e-12,1.9122412e-16,0.007370072,0.00022250807
0.8972522,4.567943e-19,0.095163636,3.7803577e-10,3.198245e-12,1.8979754e-16,0.007361903,0.00022221565
0.897301,4.528892e-19,0.095123984,3.7611872e-10,3.1796358e-12,1.8837747e-16,0.007352999,0.00022192215
0.89734817,4.489857e-19,0.09508654,3.7414075e-10,3.1608039e-12,1.8696554e-16,0.0073436443,0.00022162817
0.8973968,4.451386e-19,0.09504717,3.7222206e-10,3.142316e-12,1.8556521e-16,0.007334628,0.00022133414
0.8974483,4.4137644e-19,0.09500423,3.704345e-10,3.1244829e-12,1.8418087e-16,0.007326464,0.0002210437
0.897501,4.376701e-19,0.094959624,3.6871295e-10,3.1070157e-12,1.828085e-16,0.007318688,0.00022075309
0.89755154,4.3396893e-19,0.09491753,3.6693135e-10,3.089344e-12,1.8144453e-16,0.007310492,0.00022046361
0.8975997,4.3023887e-19,0.09487864,3.6503203e-10,3.0711792e-12,1.8008546e-16,0.007301409,0.00022017055
0.8976462,4.2652705e-19,0.094841845,3.6310377e-10,3.0529637e-12,1.7873484e-16,0.0072920374,0.00021987876
0.8976956,4.2288735e-19,0.0948014,3.6127787e-10,3.0352656e-12,1.7739903e-16,0.007283362,0.00021958868
0.8977481,4.1933934e-19,0.09475696,3.596022e-10,3.0183137e-12,1.7607715e-16,0.0072756642,0.00021930055
0.89780164,4.1583897e-19,0.09471102,3.579798e-10,3.0016662e-12,1.7476732e-16,0.007268303,0.00021901308
0.89785296,4.1232756e-19,0.09466803,3.5626602e-10,2.984659e-12,1.7346416e-16,0.0072602737,0.00021872543
0.8979005,4.0878315e-19,0.09462971,3.5441966e-10,2.9671072e-12,1.7216408e-16,0.007251219,0.00021843558
0.89794755,4.0526135e-19,0.09459226,3.525564e-10,2.9495388e-12,1.70873e-16,0.0072419858,0.00021814578
0.8979981,4.0182816e-19,0.09455024,3.5084552e-10,2.9327294e-12,1.6959807e-16,0.007233779,0.00021785825
0.8980533,3.985051e-19,0.094502136,3.4933456e-10,2.9168707e-12,1.6833996e-16,0.0072270315,0.00021757369
0.8981104,3.9523297e-19,0.09445156,3.4789188e-10,2.9013753e-12,1.6709152e-16,0.00722067,0.00021729099
0.8981632,3.9192906e-19,0.09440651,3.4630554e-10,2.8853038e-12,1.658484e-16,0.0072132554,0.00021700616
0.89820987,3.8854335e-19,0.094369456,3.4446904e-10,2.8681424e-12,1.6460398e-16,0.0072039706,0.00021671838
0.89825165,3.851202e-19,0.094338484,3.4247183e-10,2.850333e-12,1.6336364e-16,0.0071934112,0.00021642772
0.8982942,3.817333e-19,0.09430662,3.4051378e-10,2.8327343e-12,1.6213342e-16,0.0071831057,0.0002161387
0.89834136,3.784474e-19,0.09426876,3.3873146e-10,2.8159888e-12,1.6091633e-16,0.007173993,0.00021585237
0.8983917,3.752456e-19,0.09422667,3.3709913e-10,2.7999929e-12,1.5971567e-16,0.0071659717,0.00021556762
0.89844227,3.720737e-19,0.09418446,3.3547856e-10,2.7840887e-12,1.5852399e-16,0.007158,0.00021528492
0.89849,3.688881e-19,0.09414572,3.3377184e-10,2.767865e-12,1.5733772e-16,0.007149328,0.00021499906
0.898537,3.6570436e-19,0.09410819,3.3200695e-10,2.751429e-12,1.561572e-16,0.007140121,0.00021471443
0.8985843,3.625676e-19,0.09406997,3.3029693e-10,2.7352899e-12,1.5498797e-16,0.0071312888,0.00021443042
0.8986347,3.5949737e-19,0.0940279,3.287002e-10,2.7197318e-12,1.5383037e-16,0.007123288,0.00021414713
0.8986863,3.5647535e-19,0.09398425,3.271635e-10,2.7044877e-12,1.5268511e-16,0.007115677,0.00021386593
0.89873624,3.534525e-19,0.09394252,3.2556938e-10,2.6890267e-12,1.5154405e-16,0.007107575,0.00021358431
0.8987833,3.5041136e-19,0.09390471,3.2387323e-10,2.6731813e-12,1.5040818e-16,0.0070986324,0.00021330034
0.89882886,3.4738386e-19,0.09386864,3.2214978e-10,2.6572527e-12,1.4927997e-16,0.0070894537,0.00021301801
0.89887697,3.4441373e-19,0.093829446,3.2051645e-10,2.6417891e-12,1.4816238e-16,0.0070808865,0.00021273585
0.89892846,3.4151718e-19,0.0937857,3.1901612e-10,2.6269817e-12,1.4705872e-16,0.0070733004,0.00021245606
0.8989813,3.3865969e-19,0.09374051,3.1756137e-10,2.6124105e-12,1.4596352e-16,0.007066022,0.00021217758
0.8990313,3.357956e-19,0.09369871,3.1602915e-10,2.5975602e-12,1.4487547e-16,0.0070581255,0.00021189818
0.8990782,3.3290375e-19,0.093661085,3.1437725e-10,2.5822137e-12,1.4378845e-16,0.007049196,0.00021161721
0.8991236,3.3003002e-19,0.09362491,3.1271022e-10,2.5668558e-12,1.4271044e-16,0.007040113,0.00021133627
0.89917314,3.2722497e-19,0.09358382,3.111763e-10,2.5521462e-12,1.416433e-16,0.007032006,0.00021105725
0.8992275,3.245161e-19,0.093536474,3.0982522e-10,2.5383142e-12,1.4059243e-16,0.0070253457,0.00021078176
0.89928377,3.218463e-19,0.09348659,3.085307e-10,2.5247645e-12,1.3954963e-16,0.0070190676,0.00021050706
0.8993356,3.191494e-19,0.093442425,3.0711117e-10,2.5107143e-12,1.3851073e-16,0.0070117316,0.0002102305
0.89938086,3.1638707e-19,0.09340658,3.0546862e-10,2.4957193e-12,1.3747121e-16,0.007002595,0.00020995055
0.8994213,3.135919e-19,0.093376845,3.0368374e-10,2.4801476e-12,1.3643251e-16,0.006992198,0.00020966944
0.89946276,3.1083131e-19,0.093345806,3.0193445e-10,2.4647842e-12,1.3540491e-16,0.0069820723,0.00020938937
0.8995088,3.081483e-19,0.093309015,3.003433e-10,2.4501688e-12,1.3438882e-16,0.00697314,0.00020911092
0.89955854,3.0553746e-19,0.09326747,2.9888492e-10,2.4361886e-12,1.3338598e-16,0.0069652637,0.0002088349
0.89960784,3.0295092e-19,0.093226254,2.9743855e-10,2.4223195e-12,1.3239006e-16,0.006957414,0.00020856052
0.8996553,3.0035243e-19,0.09318761,2.9591335e-10,2.408139e-12,1.313973e-16,0.0069488417,0.00020828411
0.89970046,2.977573e-19,0.09315176,2.9434133e-10,2.3938065e-12,1.3041214e-16,0.0069398656,0.00020800612
0.8997468,2.951985e-19,0.09311429,2.928188e-10,2.3797442e-12,1.2943454e-16,0.006931234,0.00020773176
0.8997965,2.926985e-19,0.09307273,2.9139693e-10,2.366166e-12,1.2846865e-16,0.006923385,0.00020745717
0.89984745,2.9023446e-19,0.09302955,2.9002775e-10,2.3528705e-12,1.2751018e-16,0.00691593,0.00020718438
0.8998967,2.877709e-19,0.092988424,2.8861102e-10,2.3394084e-12,1.2655763e-16,0.0069080163,0.00020691098
0.8999425,2.8529555e-19,0.092951484,2.87107e-10,2.3256197e-12,1.2560981e-16,0.0068993415,0.00020663676
0.89998764,2.8282835e-19,0.09291573,2.855763e-10,2.3117521e-12,1.246666e-16,0.0068903696,0.00020636273
0.900035,2.8040885e-19,0.09287686,2.8412708e-10,2.2982883e-12,1.2373363e-16,0.006882037,0.00020608863
0.9000863,2.780494e-19,0.092833266,2.8279806e-10,2.2854008e-12,1.2281053e-16,0.0068746693,0.00020581791
0.90013796,2.757247e-19,0.09278885,2.8151298e-10,2.2727516e-12,1.2189712e-16,0.0068676258,0.00020554726
0.90018785,2.7339384e-19,0.09274702,2.801562e-10,2.2598319e-12,1.2098753e-16,0.006859948,0.00020527732
0.9002338,2.710422e-19,0.092709914,2.7869734e-10,2.246508e-12,1.2008051e-16,0.006851328,0.00020500491
0.90027875,2.687013e-19,0.09267397,2.7722516e-10,2.2331757e-12,1.1917926e-16,0.006842541,0.00020473204
0.9003278,2.6642446e-19,0.09263299,2.7587566e-10,2.2204194e-12,1.1828938e-16,0.0068347557,0.00020446202
0.9003822,2.6421788e-19,0.09258533,2.7468364e-10,2.2083975e-12,1.1741043e-16,0.006828301,0.00020419495
0.9004376,2.620499e-19,0.092536114,2.7354868e-10,2.1966695e-12,1.1654079e-16,0.0068223095,0.00020392919
0.9004897,2.5985902e-19,0.09249135,2.7230157e-10,2.1844956e-12,1.1567364e-16,0.006815297,0.00020366171
0.90053475,2.5761276e-19,0.09245532,2.7085856e-10,2.1715106e-12,1.1480548e-16,0.0068065315,0.00020339007
0.90057504,2.5534073e-19,0.09242525,2.6928973e-10,2.1580105e-12,1.1393888e-16,0.0067965356,0.00020311806
0.9006162,2.5309667e-19,0.09239414,2.6775476e-10,2.1447117e-12,1.1308022e-16,0.006786839,0.00020284628
0.9006619,2.5091857e-19,0.09235725,2.663604e-10,2.1320701e-12,1.122329e-16,0.0067783017,0.00020257587
0.9007116,2.4879832e-19,0.09231531,2.650852e-10,2.1199817e-12,1.1139453e-16,0.0067707743,0.00020230979
0.9007613,2.4669879e-19,0.09227332,2.6382163e-10,2.107994e-12,1.10564104e-16,0.0067633325,0.0002020433
0.9008082,2.4459103e-19,0.092234746,2.6249217e-10,2.0957559e-12,1.097366e-16,0.0067552207,0.00020177616
0.9008537,2.4248332e-19,0.092198156,2.6111868e-10,2.0833706e-12,1.0891347e-16,0.006746696,0.00020150768
0.9009007,2.4040609e-19,0.09215963,2.59788e-10,2.0712084e-12,1.0809711e-16,0.006738457,0.0002012405
0.90094995,2.3837815e-19,0.092118,2.585515e-10,2.0595073e-12,1.07291625e-16,0.0067310794,0.00020097551
0.90100145,2.3637966e-19,0.09207373,2.5736133e-10,2.0480373e-12,1.06492403e-16,0.0067240596,0.00020071138
0.90105087,2.3438395e-19,0.09203208,2.5613156e-10,2.036448e-12,1.0569769e-16,0.0067166095,0.0002004475
0.90109724,2.323742e-19,0.09199416,2.5482125e-10,2.0245353e-12,1.04905355e-16,0.00670837,0.00020018098
0.9011425,2.303743e-19,0.09195773,2.5349023e-10,2.0125817e-12,1.04119606e-16,0.006699916,0.00019991612
0.90119016,2.2841228e-19,0.09191814,2.5223232e-10,2.0009756e-12,1.0334083e-16,0.0066920705,0.00019965137
0.90124166,2.2649994e-19,0.09187379,2.5108124e-10,1.9898848e-12,1.02571044e-16,0.0066851615,0.00019938876
0.9012942,2.246184e-19,0.09182817,2.4997007e-10,1.9790049e-12,1.0180866e-16,0.0066785924,0.00019912807
0.9013441,2.2272637e-19,0.09178553,2.487952e-10,1.9678786e-12,1.0104973e-16,0.006671419,0.0001988664
0.9013909,2.2082e-19,0.09174724,2.4752916e-10,1.9564012e-12,1.0029305e-16,0.0066632894,0.00019860266
0.90143657,2.189247e-19,0.09171007,2.4625277e-10,1.9449217e-12,9.9541135e-17,0.0066550346,0.0001983392
0.90148616,2.1707641e-19,0.09166807,2.4508318e-10,1.933938e-12,9.8798684e-17,0.006647737,0.00019807715
0.9015408,2.1529089e-19,0.09161962,2.4405633e-10,1.923607e-12,9.8066814e-17,0.006641778,0.0001978192
0.9015971,2.1353431e-19,0.09156916,2.4307875e-10,1.9135247e-12,9.734054e-17,0.006636229,0.00019756268
0.90164983,2.1175812e-19,0.091523185,2.4200167e-10,1.903052e-12,9.661706e-17,0.006629715,0.0001973035
0.9016952,2.099389e-19,0.09148634,2.4075095e-10,1.8918703e-12,9.5893043e-17,0.006621474,0.00019704169
0.90173596,2.0809694e-19,0.09145515,2.3938768e-10,1.8802425e-12,9.517034e-17,0.006612074,0.00019677792
0.90177786,2.062777e-19,0.09142277,2.3805463e-10,1.8687885e-12,9.445392e-17,0.006602911,0.00019651513
0.9018242,2.0451123e-19,0.091384575,2.3684535e-10,1.8578951e-12,9.374621e-17,0.0065949163,0.00019625403
0.9018742,2.0279399e-19,0.0913419,2.3574345e-10,1.8475026e-12,9.30481e-17,0.006587921,0.00019599574
0.9019246,2.0109126e-19,0.09129867,2.3464944e-10,1.8371832e-12,9.235451e-17,0.0065809553,0.00019573828
0.90197223,1.9938244e-19,0.09125891,2.33497e-10,1.8266439e-12,9.1664417e-17,0.0065733804,0.0001954796
0.9020183,1.9767347e-19,0.09122111,2.3230506e-10,1.8159678e-12,9.097724e-17,0.0065653333,0.00019522036
0.9020656,1.9599062e-19,0.091181874,2.3115213e-10,1.8055049e-12,9.02974e-17,0.006557648,0.00019496212
0.9021159,1.9434497e-19,0.09113863,2.3007983e-10,1.7954161e-12,8.962431e-17,0.006550732,0.00019470524
0.9021676,1.9272524e-19,0.0910938,2.2905e-10,1.7855435e-12,8.895774e-17,0.006544183,0.00019444992
0.90221727,1.911076e-19,0.09105121,2.2798471e-10,1.7755586e-12,8.829524e-17,0.006537226,0.00019419468
0.90226436,1.8947699e-19,0.09101221,2.2684625e-10,1.7652977e-12,8.763409e-17,0.006529517,0.00019393793
0.90231025,1.8785432e-19,0.090974495,2.2568865e-10,1.7549866e-12,8.697777e-17,0.006521529,0.00019368071
0.9023586,1.8626166e-19,0.09093383,2.2459579e-10,1.7449869e-12,8.632825e-17,0.0065141697,0.00019342436
0.90241003,1.8471275e-19,0.09088898,2.2359727e-10,1.7354205e-12,8.568648e-17,0.0065077357,0.00019317139
0.90246356,1.8318412e-19,0.09084195,2.2263257e-10,1.7260358e-12,8.505001e-17,0.0065015955,0.00019291847
0.9025139,1.816495e-19,0.09079851,2.2161209e-10,1.7164406e-12,8.441668e-17,0.0064948504,0.00019266485
0.90256083,1.8010229e-19,0.0907596,2.2050917e-10,1.7065339e-12,8.378551e-17,0.006487214,0.00019240989
0.90260696,1.7856266e-19,0.09072149,2.193965e-10,1.6966246e-12,8.315836e-17,0.006479409,0.00019215548
0.90265685,1.7706193e-19,0.09067866,2.1837657e-10,1.6871339e-12,8.253781e-17,0.006472553,0.0001919022
0.90271205,1.7561368e-19,0.09062931,2.174862e-10,1.6782248e-12,8.1927376e-17,0.0064669764,0.00019165257
0.9027688,1.7418689e-19,0.090577886,2.1663789e-10,1.6695213e-12,8.1321595e-17,0.0064618406,0.00019140341
0.90282184,1.7274461e-19,0.09053131,2.1570104e-10,1.6604764e-12,8.071812e-17,0.0064557153,0.00019115288
0.9028675,1.712665e-19,0.0904936,2.1460639e-10,1.6508085e-12,8.011356e-17,0.0064479015,0.00019089875
0.9029089,1.6977042e-19,0.0904615,2.1341327e-10,1.6407574e-12,7.951014e-17,0.006439004,0.00019064407
0.9029509,1.6829138e-19,0.09042844,2.122443e-10,1.6308369e-12,7.891192e-17,0.0064302767,0.00019038965
0.90299743,1.6685789e-19,0.090389736,2.1118755e-10,1.6214237e-12,7.832156e-17,0.006422708,0.00019013762
0.90304774,1.6546126e-19,0.09034633,2.1022509e-10,1.6124374e-12,7.773893e-17,0.0064161043,0.00018988762
0.90309846,1.6407769e-19,0.09030239,2.0926873e-10,1.6035108e-12,7.716007e-17,0.0064095417,0.00018963822
0.9031467,1.6268907e-19,0.090261675,2.0825972e-10,1.5943828e-12,7.658355e-17,0.00640229,0.00018938864
0.90319276,1.6130074e-19,0.09022333,2.0721595e-10,1.5851551e-12,7.6010586e-17,0.00639472,0.00018913693
0.90324026,1.5993245e-19,0.09018351,2.0620607e-10,1.5760914e-12,7.5442604e-17,0.006387432,0.00018888748
0.9032909,1.5859569e-19,0.09013955,2.0526915e-10,1.5673659e-12,7.488055e-17,0.0063808793,0.00018863991
0.90334284,1.5727931e-19,0.09009403,2.0436912e-10,1.5588276e-12,7.4324494e-17,0.0063747196,0.00018839186
0.9033928,1.5596222e-19,0.09005099,2.0343495e-10,1.5501759e-12,7.3771e-17,0.006368139,0.00018814481
0.9034399,1.5463795e-19,0.09001138,2.0243761e-10,1.5412937e-12,7.321971e-17,0.0063608103,0.00018789587
0.9034859,1.5331715e-19,0.08997322,2.0142223e-10,1.5323642e-12,7.267163e-17,0.006353241,0.00018764685
0.90353453,1.5202432e-19,0.08993174,2.0046528e-10,1.5237089e-12,7.2129236e-17,0.0063462495,0.00018739924
0.9035869,1.5076371e-19,0.08988585,1.9959213e-10,1.5154323e-12,7.159364e-17,0.0063401866,0.00018715434
0.90364015,1.4952053e-19,0.08983853,1.9874873e-10,1.5073057e-12,7.1062365e-17,0.0063343896,0.00018690924
0.90369093,1.4827362e-19,0.08979432,1.9785554e-10,1.4990012e-12,7.0533764e-17,0.0063280314,0.00018666445
0.90373796,1.4701521e-19,0.08975481,1.968889e-10,1.4904236e-12,7.000666e-17,0.006320785,0.0001864178
0.90378445,1.4576294e-19,0.08971605,1.9591267e-10,1.4818377e-12,6.948267e-17,0.0063133747,0.00018617084
0.9038346,1.4454396e-19,0.08967252,1.9502203e-10,1.473633e-12,6.8965495e-17,0.006306919,0.00018592548
0.90389055,1.4336671e-19,0.08962207,1.9424483e-10,1.4659251e-12,6.845523e-17,0.006301687,0.00018568466
0.90394753,1.4220791e-19,0.08957004,1.9350566e-10,1.4583982e-12,6.795037e-17,0.0062969117,0.0001854433
0.9040005,1.4103525e-19,0.089523025,1.9268791e-10,1.4505824e-12,6.7446375e-17,0.0062911585,0.00018520109
0.904047,1.3983337e-19,0.08948436,1.9172923e-10,1.4422067e-12,6.694128e-17,0.0062837284,0.00018495608
0.90408826,1.3861554e-19,0.08945175,1.9068143e-10,1.4334992e-12,6.643782e-17,0.0062752776,0.00018470874
0.9041305,1.3741477e-19,0.08941805,1.8965839e-10,1.4249218e-12,6.593897e-17,0.0062670186,0.00018446265
0.9041775,1.36249e-19,0.08937837,1.8873357e-10,1.4167733e-12,6.54462e-17,0.006259883,0.00018421836
0.9042287,1.3511388e-19,0.08933366,1.8789299e-10,1.4089978e-12,6.495891e-17,0.0062536555,0.00018397631
0.90427965,1.339902e-19,0.08928921,1.8706002e-10,1.4012859e-12,6.44762e-17,0.0062474865,0.00018373542
0.9043282,1.3286134e-19,0.08924761,1.8617875e-10,1.3933974e-12,6.399497e-17,0.006240724,0.00018349313
0.9043747,1.3173364e-19,0.089208454,1.8526763e-10,1.3854205e-12,6.3516936e-17,0.0062335557,0.00018325039
0.90442276,1.306217e-19,0.08916751,1.8438662e-10,1.3775915e-12,6.304307e-17,0.006226715,0.00018300932
0.90447366,1.295349e-19,0.08912297,1.8356988e-10,1.3700514e-12,6.257412e-17,0.0062205843,0.0001827688
0.90452635,1.2846522e-19,0.08907624,1.8278708e-10,1.3626774e-12,6.2109736e-17,0.006214839,0.00018252949
0.90457726,1.2739635e-19,0.08903182,1.8197466e-10,1.3552087e-12,6.164773e-17,0.0062086727,0.00018229063
0.9046249,1.2632e-19,0.08899127,1.8110471e-10,1.3475293e-12,6.118754e-17,0.006201821,0.00018204954
0.9046718,1.252474e-19,0.08895168,1.8021885e-10,1.339813e-12,6.072981e-17,0.0061946823,0.0001818093
0.90472066,1.2419604e-19,0.088909574,1.793863e-10,1.332337e-12,6.027747e-17,0.0061881733,0.00018156978
0.9047736,1.2317282e-19,0.08886264,1.7862786e-10,1.3251942e-12,5.983037e-17,0.0061825365,0.0001813319
0.90482754,1.2216375e-19,0.08881414,1.7789761e-10,1.3181867e-12,5.938734e-17,0.0061771935,0.00018109591
0.904879,1.2115062e-19,0.08876889,1.7712187e-10,1.31102e-12,5.8945843e-17,0.0061712563,0.00018085836
0.904927,1.2012895e-19,0.08872798,1.7628025e-10,1.3036139e-12,5.85063e-17,0.0061644777,0.00018062025
0.90497386,1.1911208e-19,0.08868816,1.754317e-10,1.2962084e-12,5.806951e-17,0.0061575933,0.0001803812
0.905025,1.181224e-19,0.088643275,1.7465834e-10,1.2891264e-12,5.7637786e-17,0.0061515784,0.00018014436
0.9050811,1.1716529e-19,0.08859231,1.7398585e-10,1.2824765e-12,5.7211993e-17,0.006146793,0.0001799112
0.9051389,1.1622502e-19,0.08853911,1.7334838e-10,1.2759948e-12,5.6790535e-17,0.006142404,0.00017967801
0.905193,1.1527244e-19,0.08849045,1.7264006e-10,1.2692475e-12,5.636958e-17,0.006137073,0.00017944368
0.9052399,1.1429582e-19,0.08845074,1.718051e-10,1.2620204e-12,5.5948326e-17,0.0061301906,0.00017920637
0.90528196,1.1330743e-19,0.088416904,1.7089143e-10,1.2544999e-12,5.552843e-17,0.006122232,0.00017896705
0.9053253,1.1233071e-19,0.088381596,1.6999713e-10,1.2470831e-12,5.5111342e-17,0.0061144494,0.00017872898
0.90537286,1.113842e-19,0.08834089,1.6919283e-10,1.240054e-12,5.4700362e-17,0.0061077825,0.00017849341
0.90542465,1.1046134e-19,0.08829508,1.6846217e-10,1.2333385e-12,5.4293935e-17,0.0061020064,0.00017825935
0.90547657,1.0954865e-19,0.08824921,1.6773886e-10,1.2266806e-12,5.3890946e-17,0.0060962955,0.00017802662
0.9055254,1.0863154e-19,0.08820685,1.6697124e-10,1.2198683e-12,5.348975e-17,0.0060899765,0.00017779222
0.905573,1.0771454e-19,0.088166155,1.6617652e-10,1.2129695e-12,5.3090252e-17,0.006083261,0.00017755791
0.9056215,1.068103e-19,0.08812431,1.6540812e-10,1.2061983e-12,5.2694796e-17,0.0060768668,0.0001773234
0.90567327,1.0592694e-19,0.088078596,1.6469694e-10,1.1996866e-12,5.2303672e-17,0.006071166,0.00017709068
0.90572643,1.05057476e-19,0.08803086,1.6401598e-10,1.1933077e-12,5.191553e-17,0.0060658217,0.00017686056
0.9057777,1.0418856e-19,0.08798557,1.633079e-10,1.1868537e-12,5.1530354e-17,0.0060600876,0.00017662901
0.905826,1.033127e-19,0.08794395,1.6254685e-10,1.1802032e-12,5.1145914e-17,0.0060536177,0.00017639618
0.90587336,1.0243941e-19,0.0879036,1.6177096e-10,1.1735217e-12,5.0764104e-17,0.006046941,0.00017616249
0.90592283,1.0158497e-19,0.087860465,1.6104215e-10,1.1670499e-12,5.038641e-17,0.0060408153,0.000175931
0.905976,1.0075114e-19,0.08781283,1.6037904e-10,1.1608598e-12,5.001288e-17,0.0060355323,0.00017570105
0.90603036,9.993038e-20,0.08776361,1.5974082e-10,1.1547944e-12,4.9642933e-17,0.006030561,0.0001754728
0.90608233,9.910547e-20,0.08771751,1.5906103e-10,1.1485803e-12,4.9274467e-17,0.0060249683,0.00017524355
0.9061305,9.827307e-20,0.08767601,1.5832065e-10,1.1421551e-12,4.8907414e-17,0.0060185757,0.00017501268
0.90617776,9.74446e-20,0.08763544,1.575727e-10,1.1357147e-12,4.8542495e-17,0.0060120397,0.0001747813
0.9062292,9.66383e-20,0.08758994,1.5689218e-10,1.1295702e-12,4.81818e-17,0.00600634,0.00017455268
0.9062856,9.585747e-20,0.08753827,1.5630067e-10,1.1237887e-12,4.782587e-17,0.0060018064,0.00017432579
0.9063435,9.509074e-20,0.087484695,1.5574017e-10,1.1181539e-12,4.7473927e-17,0.0059976988,0.00017410051
0.90639746,9.431461e-20,0.08743601,1.5511471e-10,1.1122898e-12,4.7122375e-17,0.0059926524,0.00017387375
0.90644413,9.3518016e-20,0.08739617,1.5437594e-10,1.1059962e-12,4.677074e-17,0.0059860665,0.00017364424
0.90648663,9.271146e-20,0.0873616,1.5356412e-10,1.0994437e-12,4.6419745e-17,0.0059784055,0.00017341341
0.90652955,9.1914345e-20,0.08732634,1.5276944e-10,1.0929763e-12,4.607158e-17,0.0059709507,0.00017318198
0.9065775,9.114059e-20,0.08728508,1.5205337e-10,1.086837e-12,4.572785e-17,0.005964539,0.00017295379
0.9066288,9.0387816e-20,0.087239504,1.5140386e-10,1.0809834e-12,4.538858e-17,0.0059589804,0.00017272685
0.9066802,8.964127e-20,0.08719388,1.5075859e-10,1.0751637e-12,4.5051327e-17,0.0059534563,0.00017250094
0.90672886,8.889248e-20,0.087151505,1.5007437e-10,1.0692169e-12,4.471643e-17,0.005947397,0.0001722741
0.9067761,8.814241e-20,0.087110914,1.4936338e-10,1.0631798e-12,4.4382267e-17,0.0059408927,0.00017204696
0.9068244,8.740377e-20,0.08706913,1.4867582e-10,1.0572607e-12,4.4051666e-17,0.0059346687,0.00017182034
0.9068755,8.668118e-20,0.0870238,1.4803929e-10,1.0515584e-12,4.3724655e-17,0.0059291255,0.00017159469
0.9069281,8.596995e-20,0.08697659,1.4742794e-10,1.0459741e-12,4.3400476e-17,0.005923919,0.00017137128
0.90697885,8.525853e-20,0.08693169,1.4679222e-10,1.0403162e-12,4.3078286e-17,0.0059183263,0.00017114633
0.9070267,8.454176e-20,0.08689036,1.4610806e-10,1.0344923e-12,4.2757045e-17,0.0059120045,0.00017092029
0.90707326,8.3827375e-20,0.086850576,1.4540966e-10,1.0286268e-12,4.243765e-17,0.005905467,0.00017069482
0.9071223,8.3127496e-20,0.08680783,1.4475254e-10,1.0229458e-12,4.212189e-17,0.005899459,0.00017046995
0.9071746,8.24454e-20,0.08676094,1.4415527e-10,1.017519e-12,4.1809738e-17,0.0058942707,0.00017024795
0.9072283,8.177246e-20,0.08671239,1.4357739e-10,1.0121806e-12,4.1499962e-17,0.0058893324,0.00017002615
0.9072789,8.109699e-20,0.086667456,1.4296314e-10,1.0067225e-12,4.1192033e-17,0.005883845,0.00016980407
0.9073263,8.041424e-20,0.08662653,1.422935e-10,1.0010747e-12,4.0884993e-17,0.0058775456,0.00016957909
0.90737283,7.9735345e-20,0.08658679,1.4161604e-10,9.95412e-13,4.0579737e-17,0.0058710687,0.00016935503
0.90742314,7.9074266e-20,0.0865423,1.4099912e-10,9.900026e-13,4.0278005e-17,0.0058654165,0.00016913265
0.90747845,7.8435256e-20,0.0864918,1.4046252e-10,9.84921e-13,3.998072e-17,0.005860943,0.00016891294
0.9075355,7.780602e-20,0.08643901,1.3995226e-10,9.799571e-13,3.9686008e-17,0.0058568297,0.00016869414
0.9075884,7.71691e-20,0.08639131,1.3938366e-10,9.747869e-13,3.939208e-17,0.005851806,0.00016847439
0.9076341,7.651636e-20,0.08635241,1.3871304e-10,9.692461e-13,3.909779e-17,0.005845256,0.0001682518
0.9076754,7.58543e-20,0.08631887,1.3797627e-10,9.634785e-13,3.8804323e-17,0.0058376896,0.00016802647
0.9077174,7.520061e-20,0.08628444,1.3725453e-10,9.577807e-13,3.851294e-17,0.005830282,0.00016780301
0.9077641,7.4566015e-20,0.08624436,1.3660394e-10,9.523722e-13,3.8225402e-17,0.005823885,0.00016758134
0.9078144,7.3948926e-20,0.08619989,1.3601377e-10,9.472182e-13,3.7941756e-17,0.0058183675,0.00016736159
0.907865,7.333697e-20,0.08615505,1.35427e-10,9.420926e-13,3.765979e-17,0.0058128736,0.00016714251
0.9079127,7.2722346e-20,0.086113654,1.3480346e-10,9.368451e-13,3.7379088e-17,0.0058068014,0.00016692221
0.90795875,7.210725e-20,0.08607426,1.3415749e-10,9.315293e-13,3.7099993e-17,0.0058003324,0.00016670159
0.9080057,7.1501234e-20,0.08603366,1.3353284e-10,9.263151e-13,3.6823288e-17,0.0057941466,0.00016648127
0.90805596,7.0908694e-20,0.0859892,1.329529e-10,9.212881e-13,3.6549627e-17,0.0057886187,0.00016626311
0.90810716,7.032542e-20,0.08594338,1.3239707e-10,9.163716e-13,3.6278726e-17,0.0057834378,0.00016604493
0.90815717,6.9742066e-20,0.08589911,1.3181875e-10,9.113826e-13,3.600896e-17,0.0057778466,0.0001658273
0.9082036,6.915431e-20,0.08585911,1.3119815e-10,9.062565e-13,3.5740377e-17,0.005771588,0.00016560867
0.90824896,6.856881e-20,0.08582059,1.3056436e-10,9.010964e-13,3.5473217e-17,0.005765066,0.00016538936
0.90829694,6.799469e-20,0.08577889,1.2996773e-10,8.960912e-13,3.5209092e-17,0.0057591223,0.00016517141
0.90834814,6.7435395e-20,0.08573294,1.2942487e-10,8.9131073e-13,3.4947858e-17,0.0057539404,0.00016495514
0.90840137,6.688441e-20,0.08568491,1.2890106e-10,8.8661695e-13,3.4689037e-17,0.0057490445,0.00016474092
0.90845114,6.633034e-20,0.08564075,1.2834335e-10,8.818133e-13,3.4431347e-17,0.0057436,0.00016452401
0.90849733,6.577107e-20,0.085601084,1.2773785e-10,8.768466e-13,3.417465e-17,0.0057373717,0.00016430674
0.90854293,6.521498e-20,0.08556197,1.2712542e-10,8.718724e-13,3.3919335e-17,0.005730977,0.00016408887
0.9085923,6.467348e-20,0.08551847,1.2656738e-10,8.671185e-13,3.3667085e-17,0.0057254103,0.00016387414
0.9086467,6.415004e-20,0.085468724,1.2608221e-10,8.626519e-13,3.341843e-17,0.0057209604,0.00016366124
0.90870297,6.3634856e-20,0.08541666,1.2562144e-10,8.5829363e-13,3.3172057e-17,0.005716897,0.0001634488
0.90875477,6.311362e-20,0.08537005,1.2510876e-10,8.5375766e-13,3.2926335e-17,0.0057119476,0.00016323503
0.90880036,6.2579276e-20,0.08533104,1.2450466e-10,8.488981e-13,3.268009e-17,0.005705516,0.00016301981
0.90884084,6.203775e-20,0.08529822,1.2384184e-10,8.438379e-13,3.2434642e-17,0.0056980914,0.00016280163
0.90888226,6.150262e-20,0.0852642,1.2319298e-10,8.388438e-13,3.2191312e-17,0.0056908512,0.00016258453
0.90892804,6.0984026e-20,0.08522493,1.2260892e-10,8.3411235e-13,3.195106e-17,0.0056846184,0.00016236989
0.9089778,6.047906e-20,0.085180834,1.2207844e-10,8.2959155e-13,3.1713585e-17,0.005679218,0.00016215719
0.9090278,5.997829e-20,0.085136384,1.2155191e-10,8.2510187e-13,3.1478e-17,0.0056738458,0.00016194418
0.909075,5.947559e-20,0.08509535,1.2099359e-10,8.2051016e-13,3.1243363e-17,0.0056679314,0.00016173064
0.9091203,5.897294e-20,0.085056506,1.2041552e-10,8.158615e-13,3.1010167e-17,0.005661645,0.00016151644
0.90916705,5.847729e-20,0.08501612,1.1985594e-10,8.1129764e-13,3.0778878e-17,0.0056556165,0.00016130353
0.90921664,5.7993516e-20,0.08497203,1.193385e-10,8.0690646e-13,3.0550338e-17,0.005650291,0.00016109203
0.90926796,5.7517144e-20,0.08492596,1.1884209e-10,8.0260955e-13,3.0323793e-17,0.0056452556,0.00016088126
0.90931743,5.7040217e-20,0.08488199,1.1832493e-10,7.982456e-13,3.00984e-17,0.005639864,0.00016067029
0.90936375,5.656015e-20,0.08484196,1.1777121e-10,7.937677e-13,2.98739e-17,0.005633776,0.00016045765
0.90940905,5.608191e-20,0.08480323,1.172063e-10,7.8926297e-13,2.9650584e-17,0.0056274887,0.00016024575
0.9094567,5.561316e-20,0.08476158,1.1667486e-10,7.848966e-13,2.942991e-17,0.0056217383,0.00016003406
0.90950775,5.5156746e-20,0.08471568,1.1619261e-10,7.8072705e-13,2.9211668e-17,0.005616781,0.00015982571
0.9095601,5.4706236e-20,0.08466821,1.157262e-10,7.7662816e-13,2.8995294e-17,0.00561206,0.00015961724
0.9096099,5.42543e-20,0.084623925,1.15231e-10,7.724411e-13,2.8780118e-17,0.00560683,0.00015940767
0.9096559,5.3797652e-20,0.08458407,1.14691937e-10,7.681077e-13,2.8565548e-17,0.0056008236,0.00015919666
0.90970165,5.3343815e-20,0.08454478,1.1414771e-10,7.637679e-13,2.8352244e-17,0.005594667,0.00015898662
0.9097509,5.290168e-20,0.08450106,1.13652046e-10,7.59625e-13,2.8141608e-17,0.0055893217,0.00015877764
0.90980494,5.2474293e-20,0.08445146,1.1322172e-10,7.5573055e-13,2.793375e-17,0.0055850768,0.00015857129
0.9098607,5.205403e-20,0.08439979,1.12813474e-10,7.5193345e-13,2.7728006e-17,0.005581207,0.00015836563
0.9099126,5.1628452e-20,0.084352784,1.1235865e-10,7.4797823e-13,2.7522612e-17,0.0055764765,0.00015815928
0.909958,5.1192308e-20,0.0843138,1.1182162e-10,7.437405e-13,2.7316879e-17,0.0055702804,0.0001579498
0.90999836,5.0750083e-20,0.084280804,1.1123159e-10,7.393252e-13,2.7111804e-17,0.005563127,0.00015773898
0.91004,5.0313283e-20,0.08424632,1.1065475e-10,7.3497225e-13,2.6908417e-17,0.0055561652,0.00015752867
0.91008574,4.9889793e-20,0.08420678,1.10134936e-10,7.308419e-13,2.6707791e-17,0.005550174,0.00015732054
0.91013503,4.9477614e-20,0.084162846,1.0966422e-10,7.269012e-13,2.6509474e-17,0.005544988,0.00015711405
0.9101847,4.9069036e-20,0.08411857,1.0919619e-10,7.2298623e-13,2.6312438e-17,0.0055398145,0.00015690865
0.9102318,4.8658505e-20,0.08407738,1.087e-10,7.189833e-13,2.6116595e-17,0.00553415,0.00015670143
0.91027725,4.824819e-20,0.084038205,1.08184996e-10,7.149249e-13,2.592157e-17,0.005528081,0.00015649418
0.91032404,4.78436e-20,0.08399741,1.076876e-10,7.109473e-13,2.5728426e-17,0.005522305,0.0001562879
0.91037345,4.7448143e-20,0.08395335,1.0722675e-10,7.071099e-13,2.5537387e-17,0.0055171563,0.00015608247
0.91042435,4.7058906e-20,0.08390754,1.0678495e-10,7.033588e-13,2.5347999e-17,0.0055123055,0.00015587849
0.91047317,4.6669553e-20,0.08386403,1.0632443e-10,6.995539e-13,2.5159764e-17,0.0055071153,0.00015567396
0.9105195,4.6277288e-20,0.083823845,1.0583048e-10,6.9563767e-13,2.4972e-17,0.0055012377,0.00015546852
0.91056436,4.5886846e-20,0.08378523,1.0532702e-10,6.917066e-13,2.4785696e-17,0.00549518,0.00015526326
0.91061145,4.5503635e-20,0.08374394,1.0485219e-10,6.8788866e-13,2.460112e-17,0.0054896236,0.0001550582
0.91066265,4.513036e-20,0.08369771,1.04421194e-10,6.842436e-13,2.4418777e-17,0.0054848245,0.0001548556
0.91071427,4.4762562e-20,0.08365074,1.0400551e-10,6.8066494e-13,2.4238164e-17,0.0054802834,0.00015465317
0.9107635,4.4392738e-20,0.08360677,1.0356257e-10,6.7700115e-13,2.4058181e-17,0.005475209,0.00015445032
0.9108097,4.4019437e-20,0.08356669,1.03079864e-10,6.732085e-13,2.3878638e-17,0.00546936,0.00015424617
0.91085476,4.3648718e-20,0.08352772,1.0259301e-10,6.694132e-13,2.3700493e-17,0.0054633957,0.00015404241
0.91090363,4.3287085e-20,0.08348434,1.0214923e-10,6.657869e-13,2.3524403e-17,0.00545821,0.0001538403
0.91095746,4.2937524e-20,0.08343483,1.017636e-10,6.623784e-13,2.3350551e-17,0.0054540834,0.00015364045
0.91101265,4.259361e-20,0.08338364,1.01397946e-10,6.5905365e-13,2.3178552e-17,0.005450306,0.00015344094
0.9110638,4.2245823e-20,0.08333728,1.0099038e-10,6.5559385e-13,2.3007011e-17,0.0054457225,0.00015324086
0.9111086,4.1889076e-20,0.08329863,1.0050897e-10,6.518841e-13,2.2835191e-17,0.0054397043,0.00015303824
0.9111489,4.1527207e-20,0.083265536,9.997957e-11,6.480153e-13,2.2663673e-17,0.005432744,0.00015283337
0.9111895,4.117021e-20,0.08323201,9.946192e-11,6.4420653e-13,2.2493625e-17,0.0054259235,0.00015262999
0.91123503,4.0823664e-20,0.08319252,9.89958e-11,6.4058725e-13,2.2325909e-17,0.0054200916,0.00015242845
0.9112841,4.0486523e-20,0.083148696,9.857266e-11,6.371342e-13,2.2160036e-17,0.0054150205,0.00015222833
0.9113333,4.0151874e-20,0.08310467,9.8152465e-11,6.3370235e-13,2.1995318e-17,0.0054100063,0.0001520285
0.91137993,3.981653e-20,0.08306375,9.7707696e-11,6.3019577e-13,2.1831677e-17,0.005404481,0.0001518285
0.9114247,3.948074e-20,0.083025075,9.724581e-11,6.266452e-13,2.1668712e-17,0.005398591,0.00015162714
0.9114708,3.9149932e-20,0.08298486,9.6799374e-11,6.231583e-13,2.150716e-17,0.005392946,0.00015142743
0.9115199,3.8826472e-20,0.08294098,9.6386545e-11,6.1980163e-13,2.1347536e-17,0.005387942,0.00015122835
0.9115702,3.850808e-20,0.082895584,9.599043e-11,6.165167e-13,2.1189123e-17,0.0053832056,0.00015103
0.91161895,3.818961e-20,0.082852036,9.557883e-11,6.131874e-13,2.1031851e-17,0.005378187,0.00015083182
0.9116646,3.786903e-20,0.082812265,9.513672e-11,6.097647e-13,2.0874958e-17,0.0053725047,0.00015063294
0.9117093,3.7549806e-20,0.08277369,9.468645e-11,6.063279e-13,2.071937e-17,0.0053666234,0.00015043347
0.9117564,3.723678e-20,0.082732186,9.426283e-11,6.0299037e-13,2.0564997e-17,0.005361242,0.00015023563
0.9118067,3.693185e-20,0.08268667,9.3878655e-11,5.99806e-13,2.0412702e-17,0.005356632,0.00015003918
0.91185856,3.6631154e-20,0.08263942,9.350853e-11,5.966816e-13,2.026157e-17,0.005352254,0.00014984336
0.9119079,3.6329204e-20,0.08259504,9.311455e-11,5.9348354e-13,2.011112e-17,0.0053473804,0.00014964638
0.9119536,3.602465e-20,0.08255515,9.268615e-11,5.901786e-13,1.9961246e-17,0.0053417766,0.0001494488
0.91199875,3.5721943e-20,0.08251595,9.225421e-11,5.868727e-13,1.9812478e-17,0.0053360886,0.00014925194
0.9120476,3.5426792e-20,0.08247223,9.1861435e-11,5.8371466e-13,1.9665352e-17,0.0053311554,0.0001490558
0.9121014,3.514191e-20,0.08242252,9.152232e-11,5.807528e-13,1.9520314e-17,0.0053272718,0.00014886202
0.9121564,3.4861488e-20,0.08237122,9.120161e-11,5.7786626e-13,1.9376448e-17,0.005323743,0.00014866938
0.9122085,3.457792e-20,0.082323626,9.084361e-11,5.7485847e-13,1.9233139e-17,0.005319428,0.00014847526
0.912253,3.428748e-20,0.082284935,9.0420886e-11,5.7164457e-13,1.9089785e-17,0.0053137816,0.00014827916
0.9122943,3.3992874e-20,0.08225038,8.995535e-11,5.682872e-13,1.8946491e-17,0.0053071645,0.00014808124
0.91233546,3.3702337e-20,0.082215816,8.950141e-11,5.649862e-13,1.8804631e-17,0.0053007775,0.00014788426
0.9123818,3.342034e-20,0.08217516,8.9094974e-11,5.6185644e-13,1.8664581e-17,0.0052953423,0.00014768967
0.91243184,3.3146268e-20,0.082129985,8.8728115e-11,5.588753e-13,1.852614e-17,0.0052907,0.00014749632
0.9124818,3.2874694e-20,0.08208491,8.836562e-11,5.559205e-13,1.8388867e-17,0.0052861134,0.00014730339
0.9125296,3.260191e-20,0.08204234,8.798074e-11,5.5289985e-13,1.825201e-17,0.0052810283,0.0001471095
0.91257554,3.2329598e-20,0.082001954,8.758216e-11,5.498399e-13,1.8116134e-17,0.005275626,0.00014691585
0.91262263,3.2061307e-20,0.08196006,8.719896e-11,5.468477e-13,1.7981568e-17,0.005270533,0.0001467225
0.91267353,3.179902e-20,0.08191392,8.6846294e-11,5.4396635e-13,1.7848212e-17,0.0052660336,0.00014653029
0.9127251,3.1540946e-20,0.08186669,8.651012e-11,5.411533e-13,1.7716263e-17,0.0052618785,0.000146339
0.91277546,3.1283253e-20,0.08182102,8.6161335e-11,5.3830784e-13,1.7585132e-17,0.0052574333,0.00014614806
0.91282314,3.102379e-20,0.081778556,8.578604e-11,5.353818e-13,1.7454254e-17,0.0052523557,0.00014595596
0.9128697,3.0765264e-20,0.08173742,8.5403976e-11,5.324426e-13,1.7324328e-17,0.005247126,0.00014576309
0.9129187,3.0512118e-20,0.08169334,8.504752e-11,5.2960067e-13,1.719581e-17,0.0052424106,0.00014557225
0.91297114,3.0266015e-20,0.081644915,8.472809e-11,5.268954e-13,1.7068961e-17,0.0052385037,0.0001453829
0.9130253,3.002333e-20,0.08159464,8.442193e-11,5.2424514e-13,1.694308e-17,0.005234829,0.00014519434
0.913077,2.9779672e-20,0.0815473,8.409532e-11,5.215341e-13,1.681776e-17,0.0052306936,0.00014500441
0.9131253,2.9534048e-20,0.08150411,8.3738655e-11,5.1873116e-13,1.6692859e-17,0.0052258745,0.00014481445
0.9131729,2.9289868e-20,0.0814615,8.3379484e-11,5.159312e-13,1.6568937e-17,0.0052209864,0.0001446241
0.9132245,2.905216e-20,0.08141415,8.305705e-11,5.1326304e-13,1.6446445e-17,0.0052168667,0.00014443515
0.91328114,2.8822692e-20,0.08136074,8.2783835e-11,5.1077133e-13,1.6325572e-17,0.0052138027,0.00014424878
0.9133393,2.859716e-20,0.0813055,8.252802e-11,5.083449e-13,1.6205739e-17,0.0052110925,0.00014406328
0.91339415,2.8369177e-20,0.081254415,8.22396e-11,5.0582097e-13,1.6086539e-17,0.005207674,0.00014387669
0.9134422,2.8135285e-20,0.081211194,8.189282e-11,5.031101e-13,1.5967125e-17,0.0052029244,0.00014368804
0.9134867,2.7898534e-20,0.08117241,8.150863e-11,5.002829e-13,1.5847993e-17,0.0051973015,0.0001434977
0.9135318,2.7664842e-20,0.081133,8.113542e-11,4.975023e-13,1.572988e-17,0.0051919,0.00014330851
0.91358143,2.743838e-20,0.08108805,8.080531e-11,4.948756e-13,1.5613319e-17,0.0051874355,0.00014312085
0.9136348,2.721803e-20,0.08103852,8.051171e-11,4.9238115e-13,1.5498159e-17,0.005183777,0.00014293457
0.9136884,2.7000075e-20,0.08098865,8.022303e-11,4.8991063e-13,1.538385e-17,0.005180192,0.00014274896
0.91373956,2.678114e-20,0.08094176,7.9913985e-11,4.873805e-13,1.5270113e-17,0.0051761162,0.00014256281
0.9137892,2.6562414e-20,0.08089661,7.959309e-11,4.8482203e-13,1.5157074e-17,0.005171784,0.00014237654
0.9138407,2.6346935e-20,0.08084949,7.928559e-11,4.8231655e-13,1.5044961e-17,0.005167692,0.00014219106
0.91389495,2.6136675e-20,0.080798864,7.900679e-11,4.799143e-13,1.493412e-17,0.00516425,0.0001420061
0.9139502,2.5929702e-20,0.08074682,7.874301e-11,4.775718e-13,1.4824283e-17,0.005161125,0.00014182317
0.9140045,2.5722768e-20,0.08069612,7.846687e-11,4.7519584e-13,1.4715068e-17,0.0051577166,0.00014163858
0.914056,2.5514491e-20,0.08064882,7.8167306e-11,4.7275096e-13,1.460639e-17,0.005153725,0.0001414538
0.9141068,2.5306916e-20,0.08060247,7.786124e-11,4.7029405e-13,1.4498173e-17,0.005149555,0.00014126927
0.9141596,2.5103856e-20,0.080553405,7.7578145e-11,4.679223e-13,1.4391229e-17,0.0051459204,0.0001410857
0.91421586,2.4906135e-20,0.08050023,7.732808e-11,4.656664e-13,1.4285563e-17,0.0051430087,0.0001409037
0.9142734,2.4711229e-20,0.08044559,7.7089946e-11,4.6345826e-13,1.4180908e-17,0.00514038,0.00014072188
0.9143284,2.4515724e-20,0.08039382,7.683299e-11,4.61196e-13,1.4076606e-17,0.0051372885,0.00014054042
0.9143805,2.4317974e-20,0.08034559,7.65473e-11,4.5884797e-13,1.3972601e-17,0.005133496,0.00014035689
0.9144321,2.4121627e-20,0.08029804,7.6259145e-11,4.565029e-13,1.386946e-17,0.005129641,0.00014017393
0.91448706,2.3930419e-20,0.08024644,7.600336e-11,4.5426846e-13,1.37674485e-17,0.0051265107,0.00013999264
0.9145469,2.3745926e-20,0.08018895,7.579191e-11,4.5218712e-13,1.3666832e-17,0.005124417,0.0001398134
0.914608,2.3564325e-20,0.08012964,7.55957e-11,4.5016226e-13,1.3567177e-17,0.005122683,0.00013963459
0.91466564,2.3380459e-20,0.08007472,7.536809e-11,4.4804392e-13,1.3467787e-17,0.0051201973,0.00013945467
0.914717,2.3191936e-20,0.08002738,7.508649e-11,4.4575904e-13,1.3368218e-17,0.0051163402,0.00013927337
0.914765,2.3000552e-20,0.07998427,7.4768726e-11,4.4336494e-13,1.326898e-17,0.005111668,0.00013908993
0.9148133,2.2811709e-20,0.07994067,7.4459994e-11,4.41009e-13,1.3170534e-17,0.0051071476,0.00013890784
0.9148657,2.2628579e-20,0.07989213,7.4189516e-11,4.3878556e-13,1.3073376e-17,0.005103536,0.00013872728
0.9149214,2.2450422e-20,0.07983941,7.395132e-11,4.3667156e-13,1.2977329e-17,0.0051006936,0.00013854825
0.9149772,2.2273672e-20,0.07978651,7.3715006e-11,4.345728e-13,1.2881987e-17,0.0050978484,0.00013836892
0.9150308,2.2096069e-20,0.079736486,7.3459086e-11,4.324186e-13,1.2787072e-17,0.0050945207,0.00013818935
0.9150831,2.191851e-20,0.07968806,7.319085e-11,4.3023354e-13,1.26927416e-17,0.005090888,0.00013800971
0.9151359,2.1743472e-20,0.079638794,7.293364e-11,4.2809078e-13,1.2599209e-17,0.005087493,0.00013783024
0.91519153,2.1572363e-20,0.07958608,7.2700415e-11,4.2603142e-13,1.25066904e-17,0.005084674,0.00013765221
0.9152482,2.1403851e-20,0.07953213,7.247951e-11,4.2402133e-13,1.2414961e-17,0.0050821425,0.00013747497
0.9153036,2.1235169e-20,0.07947992,7.224567e-11,4.2197504e-13,1.2323745e-17,0.0050792666,0.00013729735
0.9153561,2.1065015e-20,0.07943091,7.198777e-11,4.1985968e-13,1.2232836e-17,0.005075781,0.0001371189
0.91540766,2.0895568e-20,0.07938335,7.172237e-11,4.1772973e-13,1.2142584e-17,0.005072089,0.00013694001
0.91546136,2.0729269e-20,0.07933299,7.147624e-11,4.1566788e-13,1.2053162e-17,0.005068847,0.00013676204
0.91551816,2.0567033e-20,0.07927899,7.125812e-11,4.137012e-13,1.1964717e-17,0.0050663,0.00013658583
0.9155752,2.040716e-20,0.07922446,7.104935e-11,4.1177223e-13,1.1877057e-17,0.0050639687,0.00013641028
0.91563004,2.0246473e-20,0.079172544,7.082169e-11,4.0979104e-13,1.1789831e-17,0.0050611435,0.00013623395
0.91568244,2.0083932e-20,0.07912401,7.0565366e-11,4.0772656e-13,1.1702812e-17,0.0050575635,0.00013605633
0.91573334,1.9922209e-20,0.07907689,7.030462e-11,4.0565554e-13,1.1616418e-17,0.0050538857,0.00013587886
0.9157878,1.9764429e-20,0.07902565,7.0071844e-11,4.0367826e-13,1.1530927e-17,0.005050871,0.00013570291
0.91584617,1.9611947e-20,0.07896951,6.9877694e-11,4.0183105e-13,1.1446635e-17,0.005048828,0.00013552907
0.9159055,1.9461699e-20,0.07891206,6.969534e-11,4.000248e-13,1.13629735e-17,0.005047071,0.0001353552
0.91596127,1.9309581e-20,0.078858934,6.948349e-11,3.9813622e-13,1.1279706e-17,0.005044544,0.00013518102
0.9160118,1.9153133e-20,0.07881261,6.9218534e-11,3.9608808e-13,1.1196303e-17,0.0050406624,0.00013500385
0.9160576,1.8994451e-20,0.07877161,6.891977e-11,3.9394323e-13,1.1113034e-17,0.005035869,0.00013482648
0.9161046,1.8837685e-20,0.078729466,6.862659e-11,3.9182248e-13,1.1030442e-17,0.005031202,0.00013464951
0.91615474,1.8685409e-20,0.07868341,6.8367215e-11,3.898148e-13,1.0948917e-17,0.0050273812,0.00013447338
0.91620797,1.8536974e-20,0.07863344,6.8135816e-11,3.8789935e-13,1.0868323e-17,0.005024256,0.00013429906
0.916261,1.8389572e-20,0.07858372,6.79048e-11,3.859933e-13,1.0788237e-17,0.0050211125,0.00013412457
0.91631216,1.8241428e-20,0.07853648,6.765377e-11,3.84032e-13,1.0708555e-17,0.005017448,0.00013394964
0.9163611,1.8093122e-20,0.0784917,6.738963e-11,3.8203753e-13,1.0629274e-17,0.005013392,0.00013377424
0.91641086,1.7946788e-20,0.07844598,6.713451e-11,3.8007843e-13,1.0550752e-17,0.0050095827,0.00013359981
0.91646326,1.7803526e-20,0.078397065,6.690008e-11,3.7818953e-13,1.04729586e-17,0.005006297,0.0001334264
0.9165163,1.7662227e-20,0.07834719,6.6675665e-11,3.7633834e-13,1.0395903e-17,0.0050032167,0.00013325278
0.916568,1.7520685e-20,0.07829909,6.6437335e-11,3.744506e-13,1.0319127e-17,0.004999783,0.00013307958
0.91661686,1.7378103e-20,0.078254595,6.61768e-11,3.7250232e-13,1.0242806e-17,0.004995726,0.0001329058
0.91666466,1.7235875e-20,0.07821115,6.5908154e-11,3.7053758e-13,1.0166883e-17,0.0049914387,0.0001327312
0.91671413,1.7096145e-20,0.07816572,6.5656e-11,3.6862882e-13,1.0091656e-17,0.004987564,0.00013255722
0.9167662,1.6959794e-20,0.07811717,6.542846e-11,3.6680235e-13,1.0017245e-17,0.0049843094,0.00013238548
0.91681904,1.6825186e-20,0.078067444,6.520909e-11,3.6500748e-13,9.9435415e-18,0.0049812794,0.00013221332
0.9168698,1.6689828e-20,0.07802048,6.497085e-11,3.6315962e-13,9.870057e-18,0.0049776845,0.00013204095
0.91691715,1.6553223e-20,0.07797765,6.470657e-11,3.612426e-13,9.796892e-18,0.0049734293,0.00013186793
0.9169641,1.6416978e-20,0.07793518,6.4437074e-11,3.5931428e-13,9.724118e-18,0.004968943,0.0001316946
0.9170135,1.6284194e-20,0.07788974,6.4193366e-11,3.574729e-13,9.652276e-18,0.004965175,0.0001315232
0.9170673,1.615546e-20,0.07783899,6.398418e-11,3.557396e-13,9.581232e-18,0.004962304,0.00013135216
0.91712195,1.6028796e-20,0.077787146,6.3785956e-11,3.5404752e-13,9.510864e-18,0.004959709,0.00013118259
0.91717327,1.590046e-20,0.07773944,6.355975e-11,3.522775e-13,9.440763e-18,0.004956355,0.0001310115
0.9172187,1.5768838e-20,0.07769882,6.328586e-11,3.5037175e-13,9.370547e-18,0.004951649,0.00013083883
0.9172605,1.5635381e-20,0.07766273,6.298084e-11,3.483779e-13,9.300601e-18,0.004946093,0.00013066574
0.91730267,1.5503413e-20,0.07762623,6.2681124e-11,3.464087e-13,9.231112e-18,0.0049406257,0.00013049241
0.9173482,1.537508e-20,0.07758546,6.2412346e-11,3.4453668e-13,9.162456e-18,0.004935977,0.00013032029
0.917397,1.5250134e-20,0.07754076,6.216949e-11,3.427499e-13,9.094656e-18,0.0049320236,0.00013014962
0.9174454,1.5126136e-20,0.07749658,6.192743e-11,3.4097153e-13,9.027352e-18,0.00492808,0.00012997935
0.91749185,1.5001457e-20,0.0774547,6.166771e-11,3.3914668e-13,8.960254e-18,0.004923604,0.00012980841
0.91753656,1.4876811e-20,0.07741505,6.1396666e-11,3.3729622e-13,8.893569e-18,0.004918784,0.00012963709
0.9175819,1.4753831e-20,0.077374436,6.113432e-11,3.3547722e-13,8.827556e-18,0.004914207,0.00012946656
0.91762996,1.4633473e-20,0.07733061,6.08915e-11,3.3372244e-13,8.762126e-18,0.004910131,0.00012929652
0.91767865,1.4514937e-20,0.07728591,6.0658825e-11,3.3200434e-13,8.6973186e-18,0.0049063144,0.00012912777
0.9177262,1.4396137e-20,0.077242605,6.041452e-11,3.3025752e-13,8.632847e-18,0.0049021584,0.00012895811
0.9177709,1.4276628e-20,0.07720285,6.015048e-11,3.284587e-13,8.568568e-18,0.0048974063,0.00012878864
0.91781473,1.4157451e-20,0.0771642,5.988021e-11,3.2664876e-13,8.504758e-18,0.0048924587,0.00012861803
0.9178604,1.4040476e-20,0.07712323,5.962573e-11,3.2489105e-13,8.441568e-18,0.0048879306,0.00012844888
0.917909,1.392653e-20,0.077078715,5.9395516e-11,3.2321032e-13,8.3791005e-18,0.004884066,0.00012828088
0.91795844,1.3813995e-20,0.07703304,5.9172896e-11,3.2155946e-13,8.317101e-18,0.0048804036,0.00012811284
0.91800547,1.3701184e-20,0.07699036,5.893556e-11,3.1987228e-13,8.255507e-18,0.0048762853,0.0001279454
0.91804975,1.3587078e-20,0.0769509,5.867481e-11,3.1812075e-13,8.194065e-18,0.004871477,0.0001277761
0.91809356,1.3473657e-20,0.076912306,5.841095e-11,3.1636662e-13,8.133013e-18,0.0048665414,0.00012760732
0.91814,1.3363208e-20,0.0768703,5.817175e-11,3.1469025e-13,8.072715e-18,0.004862301,0.0001274401
0.9181907,1.3256153e-20,0.07682302,5.79653e-11,3.1311615e-13,8.013147e-18,0.004858996,0.00012727371
0.9182425,1.3150875e-20,0.076774396,5.7769997e-11,3.1158008e-13,7.954118e-18,0.0048559853,0.00012710864
0.91829103,1.3044397e-20,0.07672971,5.7550555e-11,3.0997945e-13,7.895286e-18,0.004852256,0.00012694258
0.9183345,1.2935351e-20,0.07669142,5.728955e-11,3.0826416e-13,7.836457e-18,0.0048472914,0.00012677463
0.9183741,1.2824866e-20,0.07665788,5.7001324e-11,3.0647525e-13,7.777826e-18,0.0048414622,0.00012660513
0.9184146,1.2715772e-20,0.07662317,5.6719903e-11,3.0471329e-13,7.719612e-18,0.004835815,0.00012643744
0.91845846,1.2609864e-20,0.07658432,5.6467428e-11,3.0304004e-13,7.662095e-18,0.0048309895,0.00012627045
0.9185053,1.2506742e-20,0.07654163,5.624006e-11,3.014459e-13,7.60535e-18,0.0048268884,0.0001261049
0.9185525,1.2404466e-20,0.07649879,5.601428e-11,2.9986143e-13,7.548913e-18,0.004822811,0.0001259394
0.9185972,1.23017735e-20,0.07645867,5.5774142e-11,2.982424e-13,7.492818e-18,0.0048182835,0.00012577318
0.91864103,1.2199222e-20,0.07641997,5.552503e-11,2.9660294e-13,7.437019e-18,0.004813447,0.00012560704
0.91868556,1.209818e-20,0.0763801,5.5284863e-11,2.949952e-13,7.381754e-18,0.004808881,0.00012544145
0.91873264,1.1999336e-20,0.076337256,5.506396e-11,2.9344796e-13,7.327004e-18,0.0048048315,0.00012527703
0.918781,1.190195e-20,0.07629287,5.48527e-11,2.9193426e-13,7.272753e-18,0.0048010764,0.00012511302
0.9188275,1.1804701e-20,0.076250546,5.4632753e-11,2.9040122e-13,7.218861e-18,0.0047970307,0.00012494894
0.9188722,1.170684e-20,0.07621063,5.4395842e-11,2.888244e-13,7.165163e-18,0.004792454,0.0001247839
0.91891575,1.1609332e-20,0.07617189,5.4154212e-11,2.872405e-13,7.111802e-18,0.0047876835,0.0001246194
0.91896164,1.1513764e-20,0.07613059,5.3928084e-11,2.8570627e-13,7.058991e-18,0.0047833724,0.00012445507
0.91901,1.142058e-20,0.076085895,5.372466e-11,2.842423e-13,7.006805e-18,0.004779752,0.00012429248
0.9190594,1.1328813e-20,0.07604015,5.3529518e-11,2.828077e-13,6.955092e-18,0.004776359,0.00012412964
0.9191069,1.1236688e-20,0.07599667,5.3320737e-11,2.8134008e-13,6.9035878e-18,0.0047725127,0.00012396746
0.91915154,1.11437045e-20,0.0759566,5.3092544e-11,2.7982152e-13,6.8522343e-18,0.004768031,0.00012380359
0.91919583,1.1051274e-20,0.07591709,5.2861885e-11,2.78301e-13,6.801287e-18,0.0047634705,0.0001236406
0.9192428,1.0961276e-20,0.07587407,5.2654065e-11,2.7685127e-13,6.7508923e-18,0.0047595953,0.0001234784
0.91929394,1.0874215e-20,0.075826064,5.2476922e-11,2.754934e-13,6.701183e-18,0.0047566607,0.00012331792
0.91934633,1.0788559e-20,0.075776376,5.231002e-11,2.7417025e-13,6.6518986e-18,0.0047540385,0.00012315805
0.91939574,1.0701951e-20,0.07573061,5.2121807e-11,2.7279118e-13,6.602805e-18,0.0047507132,0.0001229974
0.91944,1.0613226e-20,0.07569092,5.1896053e-11,2.713109e-13,6.5536866e-18,0.004746196,0.00012283522
0.919481,1.05234725e-20,0.07565554,5.164656e-11,2.6976975e-13,6.5047126e-18,0.0047408524,0.00012267177
0.9195224,1.0434722e-20,0.07561942,5.1402802e-11,2.6824924e-13,6.456131e-18,0.00473567,0.00012250907
0.91956717,1.0348691e-20,0.07557919,5.118585e-11,2.6681058e-13,6.408205e-18,0.0047313324,0.00012234817
0.91961485,1.02648905e-20,0.07553519,5.0991468e-11,2.6543963e-13,6.360801e-18,0.004727717,0.00012218789
0.91966313,1.0181814e-20,0.07549069,5.0798827e-11,2.6407845e-13,6.3137273e-18,0.0047241068,0.00012202789
0.9197089,1.00984584e-20,0.07544911,5.0593165e-11,2.6268598e-13,6.2669126e-18,0.004720068,0.000121867764
0.9197539,1.001505e-20,0.0754087,5.0378975e-11,2.6127418e-13,6.2203457e-18,0.00471571,0.000121706704
0.91979957,9.932905e-21,0.07536722,5.01729e-11,2.5989145e-13,6.174199e-18,0.0047116145,0.00012154688
0.9198473,9.852585e-21,0.07532327,4.9983892e-11,2.5856056e-13,6.1285497e-18,0.004708037,0.00012138765
0.9198966,9.773414e-21,0.07527747,4.980366e-11,2.5725852e-13,6.083271e-18,0.0047047297,0.00012122929
0.91994435,9.694273e-21,0.075233504,4.961491e-11,2.5593769e-13,6.0382245e-18,0.0047011347,0.00012107036
0.91998965,9.614719e-21,0.075192526,4.9410528e-11,2.5457872e-13,5.9934728e-18,0.0046970104,0.00012091143
0.9200344,9.535304e-21,0.07515216,4.9201514e-11,2.5321143e-13,5.948913e-18,0.004692667,0.00012075195
0.9200804,9.457495e-21,0.07511021,4.900607e-11,2.5188684e-13,5.9048503e-18,0.0046887905,0.000120593766
0.92012966,9.381606e-21,0.07506432,4.8830388e-11,2.5062125e-13,5.861224e-18,0.0046855235,0.000120436314
0.9201794,9.3067585e-21,0.07501785,4.866148e-11,2.4937878e-13,5.818012e-18,0.0046825022,0.00012027927
0.92022747,9.2316095e-21,0.074973345,4.8480032e-11,2.4810747e-13,5.7749755e-18,0.0046789926,0.00012012138
0.92027265,9.155782e-21,0.07493249,4.8280227e-11,2.4678913e-13,5.732108e-18,0.004674869,0.00011996369
0.92031735,9.080329e-21,0.07489219,4.807737e-11,2.4546736e-13,5.6895563e-18,0.0046706353,0.00011980624
0.9203644,9.0067246e-21,0.07484889,4.7894574e-11,2.4420594e-13,5.647464e-18,0.004667036,0.00011964851
0.9204156,8.935528e-21,0.074800536,4.773845e-11,2.430216e-13,5.605879e-18,0.004664319,0.000119493234
0.9204678,8.8654124e-21,0.07475086,4.7590966e-11,2.4186542e-13,5.5646917e-18,0.0046618883,0.00011933819
0.9205173,8.7944114e-21,0.07470479,4.742335e-11,2.406585e-13,5.5236015e-18,0.0046587526,0.00011918253
0.92056113,8.721795e-21,0.07466539,4.722125e-11,2.3936202e-13,5.4825713e-18,0.0046544177,0.00011902566
0.92060167,8.648099e-21,0.07463016,4.699636e-11,2.3800767e-13,5.441618e-18,0.004649268,0.00011886731
0.920643,8.5752926e-21,0.074594095,4.6775788e-11,2.3667025e-13,5.4009765e-18,0.0046442254,0.00011870963
0.9206873,8.504556e-21,0.07455416,4.6578612e-11,2.3540032e-13,5.3608393e-18,0.004639973,0.000118553224
0.9207341,8.435616e-21,0.07451104,4.6401147e-11,2.3419014e-13,5.321177e-18,0.0046364046,0.00011839789
0.92078143,8.367239e-21,0.07446748,4.62243e-11,2.329845e-13,5.2818117e-18,0.004632833,0.000118242504
0.9208262,8.29857e-21,0.07442687,4.603482e-11,2.317495e-13,5.2426227e-18,0.0046287747,0.000118087315
0.9208702,8.229862e-21,0.07438757,4.5836723e-11,2.3049536e-13,5.203641e-18,0.0046243933,0.00011793135
0.92091465,8.162068e-21,0.074347325,4.5645078e-11,2.2926385e-13,5.164971e-18,0.004620208,0.0001177761
0.92096084,8.095713e-21,0.074304976,4.5468275e-11,2.2807678e-13,5.1267153e-18,0.004616537,0.0001176216
0.9210084,8.030339e-21,0.07426107,4.5298536e-11,2.269122e-13,5.0888288e-18,0.0046130926,0.000117467935
0.9210544,7.964871e-21,0.074218966,4.5120057e-11,2.2572908e-13,5.051117e-18,0.0046093166,0.000117313255
0.9210982,7.8989835e-21,0.07417968,4.492666e-11,2.2450917e-13,5.0135574e-18,0.004604979,0.00011715883
0.9211407,7.833271e-21,0.0741418,4.4728395e-11,2.2328191e-13,4.976252e-18,0.004600451,0.00011700366
0.9211851,7.768686e-21,0.07410183,4.4541294e-11,2.2208769e-13,4.9392716e-18,0.0045962958,0.00011684929
0.9212319,7.705798e-21,0.074058615,4.4371933e-11,2.2094592e-13,4.90271e-18,0.004592748,0.000116696414
0.92127925,7.643629e-21,0.074014835,4.4207957e-11,2.1982229e-13,4.8664582e-18,0.004589389,0.000116543706
0.9213248,7.581194e-21,0.07397319,4.4031907e-11,2.1867144e-13,4.8304105e-18,0.0045855604,0.00011639074
0.9213677,7.5181864e-21,0.07393502,4.383836e-11,2.1747784e-13,4.794469e-18,0.0045810617,0.00011623674
0.9214099,7.455384e-21,0.073897585,4.3641563e-11,2.1627867e-13,4.7587196e-18,0.004576437,0.00011608267
0.9214543,7.394196e-21,0.07385732,4.346257e-11,2.1513212e-13,4.723428e-18,0.004572431,0.00011592994
0.9215027,7.334913e-21,0.073812194,4.3307375e-11,2.1405261e-13,4.6885255e-18,0.004569288,0.00011577847
0.9215518,7.276471e-21,0.073766164,4.3159514e-11,2.1299695e-13,4.6539555e-18,0.004566374,0.00011562773
0.9215979,7.217369e-21,0.07372386,4.299299e-11,2.1189567e-13,4.619484e-18,0.004562767,0.00011547625
0.9216392,7.1568264e-21,0.07368745,4.2794473e-11,2.10713e-13,4.5850344e-18,0.0045579565,0.00011532317
0.92167705,7.095466e-21,0.07365541,4.257527e-11,2.0948018e-13,4.5506857e-18,0.00455234,0.00011516897
0.92171484,7.034846e-21,0.07362324,4.2360088e-11,2.0826248e-13,4.5165943e-18,0.004546821,0.00011501575
0.92175645,6.975836e-21,0.073586695,4.216563e-11,2.0710251e-13,4.4828793e-18,0.004542051,0.00011486321
0.9217999,6.918366e-21,0.07354737,4.198888e-11,2.0599498e-13,4.4496283e-18,0.004537952,0.00011471185
0.92184407,6.861295e-21,0.073507555,4.1812432e-11,2.0489118e-13,4.4165266e-18,0.0045338096,0.000114560455
0.9218857,6.8040274e-21,0.07347065,4.1624777e-11,2.0376242e-13,4.383659e-18,0.004529243,0.000114408525
0.92192614,6.7467403e-21,0.0734352,4.1429218e-11,2.0261642e-13,4.3509307e-18,0.0045243003,0.00011425684
0.9219675,6.6902477e-21,0.07339886,4.123957e-11,2.0149014e-13,4.318484e-18,0.004519604,0.000114105926
0.9220108,6.6348747e-21,0.0733599,4.1063094e-11,2.0040266e-13,4.2863862e-18,0.004515352,0.000113954906
0.9220548,6.580317e-21,0.07332004,4.08931e-11,1.9933564e-13,4.2545307e-18,0.0045113373,0.00011380471
0.9220975,6.525726e-21,0.07328177,4.071583e-11,1.982536e-13,4.2228737e-18,0.0045070215,0.00011365423
0.922138,6.470831e-21,0.07324628,4.0525236e-11,1.9714083e-13,4.1913775e-18,0.004502168,0.00011350346
0.9221773,6.4160963e-21,0.07321224,4.033033e-11,1.9602062e-13,4.1600803e-18,0.0044971197,0.00011335318
0.92221886,6.362326e-21,0.073175475,4.01458e-11,1.9493067e-13,4.1290416e-18,0.0044924184,0.0001132024
0.92226225,6.309909e-21,0.07313637,3.9977667e-11,1.938886e-13,4.0983685e-18,0.0044883434,0.00011305312
0.92230666,6.2581686e-21,0.073095955,3.981492e-11,1.9286368e-13,4.0679738e-18,0.0044844607,0.00011290447
0.92234945,6.2062505e-21,0.07305767,3.9641415e-11,1.9181424e-13,4.0377047e-18,0.004480146,0.000112755406
0.92238903,6.1538497e-21,0.073023185,3.945273e-11,1.9072908e-13,4.007556e-18,0.0044751833,0.00011260528
0.92242825,6.1017022e-21,0.072989106,3.9261774e-11,1.896424e-13,3.9775844e-18,0.004470102,0.00011245553
0.92247015,6.0508686e-21,0.07295193,3.908707e-11,1.8860128e-13,3.9479693e-18,0.0044656433,0.000112306734
0.9225154,6.001579e-21,0.072910435,3.8934144e-11,1.8762024e-13,3.918709e-18,0.004462018,0.00011215917
0.92256206,5.9530856e-21,0.072867274,3.8788757e-11,1.866624e-13,3.88973e-18,0.0044586835,0.00011201199
0.9226054,5.9040626e-21,0.07282803,3.8626966e-11,1.8566556e-13,3.860834e-18,0.0044546765,0.00011186459
0.92264384,5.8538926e-21,0.07279482,3.843712e-11,1.845998e-13,3.831957e-18,0.0044495035,0.00011171562
0.9226796,5.8031365e-21,0.0727653,3.822928e-11,1.8349134e-13,3.8031544e-18,0.00444357,0.000111566
0.9227153,5.7529733e-21,0.0727355,3.8025603e-11,1.8239788e-13,3.774611e-18,0.0044377786,0.000111416775
0.9227543,5.7042e-21,0.07270168,3.7841265e-11,1.8135686e-13,3.746381e-18,0.004432734,0.000111268455
0.922796,5.65672e-21,0.07266449,3.7673444e-11,1.8036362e-13,3.7185003e-18,0.0044283327,0.00011112132
0.9228378,5.609592e-21,0.07262717,3.7506654e-11,1.793748e-13,3.6907997e-18,0.0044239536,0.000110974164
0.9228779,5.5623595e-21,0.07259211,3.7330142e-11,1.7836522e-13,3.6632434e-18,0.0044191154,0.00011082658
0.92291653,5.5151367e-21,0.072558746,3.714746e-11,1.7734411e-13,3.635858e-18,0.004414035,0.00011067901
0.92295593,5.4685488e-21,0.07252435,3.6970493e-11,1.7633975e-13,3.6086813e-18,0.004409137,0.000110531946
0.92299765,5.42303e-21,0.07248724,3.6806534e-11,1.75373e-13,3.581826e-18,0.0044047637,0.000110386194
0.92304033,5.3781417e-21,0.07244885,3.6648864e-11,1.7442634e-13,3.5551735e-18,0.004400613,0.00011023981
0.92308164,5.333292e-21,0.07241203,3.6485134e-11,1.7346698e-13,3.5287012e-18,0.004396208,0.00011009429
0.9231207,5.2881976e-21,0.072378084,3.6310063e-11,1.7248223e-13,3.5023373e-18,0.004391273,0.00010994774
0.92315906,5.2432604e-21,0.07234493,3.6131872e-11,1.7149278e-13,3.4761417e-18,0.004386195,0.00010980142
0.9231994,5.199193e-21,0.07230946,3.596369e-11,1.705325e-13,3.4502014e-18,0.0043814993,0.00010965553
0.9232421,5.1561964e-21,0.07227103,3.5810518e-11,1.6961358e-13,3.4245414e-18,0.004377417,0.00010951062
0.9232858,5.113835e-21,0.07223131,3.5662934e-11,1.6871204e-13,3.3991285e-18,0.004373551,0.00010936614
0.9233272,5.0713248e-21,0.07219434,3.5506254e-11,1.6779117e-13,3.3738185e-18,0.0043692733,0.000109221895
0.9233664,5.0284467e-21,0.07216009,3.533656e-11,1.6684026e-13,3.3486124e-18,0.0043643992,0.00010907653
0.92340505,4.9858328e-21,0.0721265,3.516524e-11,1.658883e-13,3.3235796e-18,0.004359444,0.00010893129
0.9234465,4.944311e-21,0.07208972,3.5009207e-11,1.6497937e-13,3.2988197e-18,0.0043551023,0.0001087872
0.9234913,4.9041265e-21,0.0720484,3.4873212e-11,1.6412364e-13,3.2743808e-18,0.004351614,0.000108644635
0.92353785,4.864537e-21,0.07200518,3.474398e-11,1.632876e-13,3.250154e-18,0.0043484108,0.00010850193
0.92358124,4.8245515e-21,0.071965866,3.4600777e-11,1.6242022e-13,3.2260462e-18,0.0043445695,0.00010835874
0.9236198,4.7836646e-21,0.07193237,3.443289e-11,1.6149347e-13,3.2019295e-18,0.0043396247,0.00010821475
0.923655,4.742293e-21,0.071903005,3.4249225e-11,1.6052977e-13,3.177884e-18,0.0043339413,0.00010806975
0.9236909,4.7014264e-21,0.071872756,3.4069365e-11,1.5957925e-13,3.154022e-18,0.0043284097,0.00010792522
0.92373025,4.6617654e-21,0.07183826,3.3907505e-11,1.5867701e-13,3.1304706e-18,0.00432361,0.00010778181
0.923772,4.6230854e-21,0.07180097,3.3760543e-11,1.5781639e-13,3.1071853e-18,0.0043194783,0.00010763906
0.92381406,4.5848154e-21,0.071763024,3.3615003e-11,1.56962e-13,3.084075e-18,0.00431538,0.000107497166
0.9238542,4.54635e-21,0.071727544,3.3460693e-11,1.5608779e-13,3.061048e-18,0.0043108575,0.0001073544
0.9238933,4.507961e-21,0.071693525,3.3301154e-11,1.5520435e-13,3.0381895e-18,0.00430606,0.000107211716
0.9239329,4.4701208e-21,0.071658455,3.3147006e-11,1.5433721e-13,3.0155268e-18,0.0043015,0.000107069376
0.92397505,4.4331004e-21,0.07162059,3.3004297e-11,1.5350164e-13,2.9931094e-18,0.004297428,0.00010692823
0.9240182,4.396593e-21,0.07158146,3.2867504e-11,1.526842e-13,2.9708622e-18,0.004293598,0.00010678678
0.92406005,4.36018e-21,0.07154375,3.2725555e-11,1.5185668e-13,2.9487758e-18,0.004289498,0.00010664568
0.92409956,4.3235135e-21,0.07150902,3.2573257e-11,1.5100647e-13,2.9267795e-18,0.004284923,0.000106503976
0.92413855,4.2870223e-21,0.07147495,3.2418377e-11,1.5015235e-13,2.9049235e-18,0.004280182,0.000106362204
0.9241794,4.25122e-21,0.07143858,3.227248e-11,1.4932414e-13,2.8832693e-18,0.0042758305,0.000106221334
0.9242221,4.216289e-21,0.07139965,3.213987e-11,1.4853113e-13,2.861848e-18,0.00427207,0.00010608148
0.9242661,4.1818734e-21,0.071359344,3.2012185e-11,1.477541e-13,2.840633e-18,0.004268514,0.00010594186
0.9243088,4.1473216e-21,0.07132086,3.1876328e-11,1.4695902e-13,2.8195173e-18,0.004264557,0.00010580206
0.92434824,4.1125235e-21,0.071286105,3.172877e-11,1.4613847e-13,2.7984957e-18,0.004260024,0.000105661566
0.92438745,4.0778764e-21,0.07125161,3.1579593e-11,1.4531581e-13,2.7775772e-18,0.004255397,0.00010552115
0.9244291,4.044102e-21,0.0712142,3.1443858e-11,1.4453013e-13,2.756927e-18,0.0042513697,0.00010538168
0.92447436,4.0114192e-21,0.07117219,3.132597e-11,1.437912e-13,2.7365354e-18,0.004248182,0.00010524351
0.9245212,3.9792044e-21,0.071128435,3.1213997e-11,1.4306885e-13,2.7163093e-18,0.0042452295,0.00010510562
0.9245646,3.9466916e-21,0.071088776,3.1089374e-11,1.4231891e-13,2.6961714e-18,0.004241669,0.000104967396
0.92460364,3.9134105e-21,0.071054496,3.0942318e-11,1.4151611e-13,2.6760374e-18,0.004237025,0.000104827675
0.9246394,3.8797307e-21,0.07102419,3.0780635e-11,1.4067976e-13,2.6559434e-18,0.004231636,0.00010468747
0.9246753,3.8464286e-21,0.07099376,3.062249e-11,1.3985582e-13,2.6360406e-18,0.0042264,0.00010454756
0.92471474,3.8141112e-21,0.07095902,3.0479976e-11,1.3907255e-13,2.6163768e-18,0.0042218794,0.000104408435
0.92475677,3.782581e-21,0.070920974,3.0350597e-11,1.3832461e-13,2.5969263e-18,0.004217966,0.000104270584
0.92479867,3.7513824e-21,0.07088307,3.0222286e-11,1.3758123e-13,2.57764e-18,0.004214096,0.000104133105
0.92483914,3.7200093e-21,0.07084712,3.0085857e-11,1.3682073e-13,2.5584144e-18,0.004209778,0.00010399494
0.9248779,3.6886815e-21,0.07081307,2.9944276e-11,1.3605097e-13,2.5393086e-18,0.004205175,0.00010385677
0.92491776,3.6577608e-21,0.07077777,2.9807212e-11,1.3529447e-13,2.5203482e-18,0.0042007905,0.00010371912
0.92495954,3.6275222e-21,0.070740074,2.9680345e-11,1.3456582e-13,2.5016206e-18,0.004196888,0.00010358165
0.9250024,3.597729e-21,0.070700996,2.9558498e-11,1.3385195e-13,2.4830632e-18,0.0041931975,0.00010344498
0.9250436,3.567957e-21,0.07066383,2.9431377e-11,1.3312792e-13,2.4645925e-18,0.0041892272,0.0001033088
0.9250828,3.537992e-21,0.070629224,2.929485e-11,1.323833e-13,2.446207e-18,0.0041847806,0.000103171405
0.92512137,3.5081154e-21,0.07059554,2.9155487e-11,1.3163445e-13,2.4279199e-18,0.004180145,0.00010303431
0.92516154,3.478803e-21,0.070559695,2.9024031e-11,1.3090779e-13,2.4098286e-18,0.0041758837,0.00010289747
0.9252038,3.4502164e-21,0.07052121,2.8904368e-11,1.30212e-13,2.3919325e-18,0.0041721854,0.00010276204
0.9252474,3.4219997e-21,0.07048137,2.8788642e-11,1.2952801e-13,2.3741908e-18,0.0041686706,0.00010262653
0.9252886,3.393695e-21,0.07044419,2.866538e-11,1.288286e-13,2.3565387e-18,0.0041647553,0.00010249084
0.9253273,3.3651145e-21,0.07041006,2.8531245e-11,1.281055e-13,2.338949e-18,0.0041602654,0.00010235457
0.92536575,3.336698e-21,0.07037632,2.839524e-11,1.2738011e-13,2.3214723e-18,0.004155644,0.00010221863
0.9254065,3.3089957e-21,0.07033984,2.827122e-11,1.2668667e-13,2.3041935e-18,0.0041516083,0.00010208325
0.9254509,3.2821376e-21,0.07029882,2.8162998e-11,1.2603333e-13,2.2871306e-18,0.0041483603,0.000101949016
0.92549616,3.2557116e-21,0.07025669,2.8059922e-11,1.2539447e-13,2.2702307e-18,0.0041453633,0.00010181554
0.9255386,3.2289833e-21,0.070217974,2.7944983e-11,1.2472991e-13,2.253363e-18,0.004141729,0.00010168135
0.9255764,3.2016038e-21,0.07018508,2.7809576e-11,1.2401857e-13,2.2365072e-18,0.004137026,0.00010154557
0.92561114,3.1739005e-21,0.07015587,2.766091e-11,1.2327795e-13,2.2197108e-18,0.004131594,0.000101409336
0.92564565,3.1465326e-21,0.07012677,2.7515235e-11,1.2254688e-13,2.2030483e-18,0.004126283,0.00010127356
0.92568386,3.1199367e-21,0.0700933,2.7383595e-11,1.2185176e-13,2.1865866e-18,0.0041216747,0.00010113924
0.9257242,3.0939978e-21,0.07005718,2.7263357e-11,1.2118675e-13,2.1703108e-18,0.00411765,0.00010100493
0.9257647,3.068298e-21,0.07002084,2.7143858e-11,1.2052586e-13,2.1541564e-18,0.0041136225,0.00010087112
0.9258035,3.0424814e-21,0.06998652,2.7017102e-11,1.198496e-13,2.1380774e-18,0.004109199,0.00010073672
0.9258408,3.01667e-21,0.06995411,2.6885511e-11,1.1916466e-13,2.1220746e-18,0.004104481,0.000100602905
0.9258789,2.991217e-21,0.0699207,2.675795e-11,1.1849141e-13,2.1062335e-18,0.004099959,0.000100469166
0.9259192,2.966291e-21,0.06988468,2.663924e-11,1.178416e-13,2.0905555e-18,0.0040958854,0.000100336045
0.92596024,2.9417327e-21,0.06984753,2.652482e-11,1.1720438e-13,2.074996e-18,0.0040920144,0.00010020327
0.9259997,2.9171942e-21,0.06981229,2.640591e-11,1.1655884e-13,2.0595331e-18,0.0040878826,0.00010007049
0.9260373,2.8924796e-21,0.06977957,2.6278407e-11,1.1589495e-13,2.04415e-18,0.0040832595,9.9937315e-05
0.926074,2.8678297e-21,0.06974774,2.6148049e-11,1.1522662e-13,2.0288335e-18,0.004078444,9.980365e-05
0.92611235,2.8436656e-21,0.06971392,2.602489e-11,1.1457763e-13,2.0136815e-18,0.004073991,9.967071e-05
0.92615294,2.8200992e-21,0.06967736,2.5912305e-11,1.1395648e-13,1.998708e-18,0.004070103,9.953905e-05
0.9261945,2.7968382e-21,0.06963983,2.5803186e-11,1.1334528e-13,1.9838333e-18,0.004066367,9.940776e-05
0.92623407,2.7734875e-21,0.069604434,2.5687319e-11,1.1272059e-13,1.9690648e-18,0.004062254,9.927596e-05
0.92627096,2.7499359e-21,0.06957229,2.5561608e-11,1.1207442e-13,1.954326e-18,0.0040575606,9.914339e-05
0.9263075,2.7264998e-21,0.06954067,2.5434366e-11,1.1142744e-13,1.939697e-18,0.0040527545,9.901114e-05
0.9263465,2.7036423e-21,0.069506206,2.5317724e-11,1.1080733e-13,1.9252267e-18,0.004048506,9.8879704e-05
0.92638904,2.6814772e-21,0.06946725,2.521532e-11,1.10223245e-13,1.9109442e-18,0.004045041,9.874864e-05
0.92643195,2.6596979e-21,0.06942754,2.5117651e-11,1.09652115e-13,1.896783e-18,0.004041823,9.861947e-05
0.9264729,2.6376471e-21,0.06939063,2.500938e-11,1.0905791e-13,1.8826656e-18,0.004037972,9.848849e-05
0.9265087,2.6151063e-21,0.06935984,2.488297e-11,1.0842372e-13,1.8685644e-18,0.0040330673,9.835741e-05
0.92654157,2.592275e-21,0.06933281,2.4744658e-11,1.0776367e-13,1.8545063e-18,0.0040274793,9.8224795e-05
0.92657435,2.5697408e-21,0.06930564,2.4609132e-11,1.07112554e-13,1.8405604e-18,0.004022002,9.809318e-05
0.9266105,2.547801e-21,0.06927425,2.448592e-11,1.0649215e-13,1.8267684e-18,0.0040172026,9.796219e-05
0.92664915,2.5264305e-21,0.06924001,2.4373337e-11,1.05899054e-13,1.8131398e-18,0.0040129665,9.783156e-05
0.92668796,2.5052397e-21,0.06920568,2.4261416e-11,1.0530948e-13,1.799613e-18,0.004008759,9.770157e-05
0.9267248,2.4839943e-21,0.069173455,2.4143142e-11,1.04706974e-13,1.7861563e-18,0.004004157,9.7571654e-05
0.9267603,2.4627281e-21,0.069143,2.4020555e-11,1.0409686e-13,1.7727703e-18,0.0039992766,9.74412e-05
0.92679656,2.441767e-21,0.069111556,2.3901705e-11,1.03497485e-13,1.759493e-18,0.003994562,9.7311095e-05
0.92683506,2.4212578e-21,0.069077395,2.3790853e-11,1.0291869e-13,1.7463727e-18,0.0039903373,9.7181786e-05
0.9268745,2.4010337e-21,0.069042265,2.3684108e-11,1.02351436e-13,1.7333584e-18,0.0039862893,9.705254e-05
0.9269123,2.3808286e-21,0.06900888,2.3573258e-11,1.0177665e-13,1.7204119e-18,0.0039819716,9.692359e-05
0.926948,2.3605e-21,0.06897798,2.3454908e-11,1.0118672e-13,1.7075323e-18,0.0039772177,9.679402e-05
0.9269833,2.340237e-21,0.068947844,2.3334293e-11,1.0059306e-13,1.6947223e-18,0.00397226,9.666468e-05
0.9270197,2.3203632e-21,0.068915986,2.3220042e-11,1.00016546e-13,1.6820361e-18,0.0039676754,9.653563e-05
0.927059,2.3009897e-21,0.06888106,2.3115456e-11,9.94647e-14,1.6695139e-18,0.0039636297,9.640769e-05
0.9270988,2.2818579e-21,0.06884513,2.3013943e-11,9.8921434e-14,1.6570669e-18,0.0039597275,9.627998e-05
0.92713654,2.2626645e-21,0.06881183,2.290658e-11,9.836702e-14,1.6446962e-18,0.00395548,9.6151954e-05
0.927172,2.2432928e-21,0.068781264,2.2790485e-11,9.779402e-14,1.6323767e-18,0.00395067,9.602312e-05
0.9272068,2.224043e-21,0.06875145,2.2673273e-11,9.7220585e-14,1.6201358e-18,0.0039457767,9.5894764e-05
0.92724437,2.2052764e-21,0.068718575,2.2565555e-11,9.667071e-14,1.6080347e-18,0.003941416,9.576714e-05
0.92728525,2.1870845e-21,0.068681374,2.2470555e-11,9.615254e-14,1.5960782e-18,0.0039377986,9.564029e-05
0.9273274,2.16917e-21,0.06864272,2.2379956e-11,9.564602e-14,1.5842369e-18,0.003934445,9.5514195e-05
0.92736644,2.1510832e-21,0.06860765,2.2279956e-11,9.512007e-14,1.5724363e-18,0.003930486,9.5387586e-05
0.92740047,2.1325742e-21,0.068578765,2.2163915e-11,9.455882e-14,1.5606317e-18,0.0039255125,9.526027e-05
0.92743176,2.1138473e-21,0.06855336,2.2037483e-11,9.397585e-14,1.5488641e-18,0.00391985,9.513139e-05
0.9274631,2.095333e-21,0.068527564,2.1913407e-11,9.340004e-14,1.5371969e-18,0.0039143153,9.500323e-05
0.9274977,2.0773522e-21,0.06849797,2.1800659e-11,9.2852165e-14,1.5256751e-18,0.003909455,9.487575e-05
0.9275353,2.0598156e-21,0.06846482,2.1697253e-11,9.232754e-14,1.5142738e-18,0.0039051378,9.474958e-05
0.92757255,2.0424418e-21,0.068431936,2.1594537e-11,9.180653e-14,1.5029569e-18,0.003900843,9.462353e-05
0.9276077,2.0250013e-21,0.06840151,2.1486231e-11,9.127433e-14,1.4917043e-18,0.0038961798,9.449697e-05
0.9276423,2.007586e-21,0.06837211,2.1374298e-11,9.0735816e-14,1.4805067e-18,0.003891234,9.4370545e-05
0.9276771,1.9903969e-21,0.06834221,2.126575e-11,9.020703e-14,1.4694158e-18,0.0038864955,9.424404e-05
0.9277142,1.9735857e-21,0.0683095,2.1164263e-11,8.9695924e-14,1.4584286e-18,0.0038821613,9.411883e-05
0.9277524,1.9570229e-21,0.06827557,2.1066583e-11,8.9195293e-14,1.447547e-18,0.0038780582,9.3993796e-05
0.9277887,1.9404476e-21,0.068243735,2.096527e-11,8.868816e-14,1.436722e-18,0.0038736851,9.386829e-05
0.9278232,1.9237889e-21,0.06821413,2.08572e-11,8.816741e-14,1.4259424e-18,0.0038688525,9.37426e-05
0.92785704,1.9071988e-21,0.06818553,2.074746e-11,8.7644986e-14,1.4152427e-18,0.0038638944,9.361666e-05
0.9278923,1.8909133e-21,0.06815497,2.0643444e-11,8.7136915e-14,1.4046417e-18,0.0038592613,9.3491835e-05
0.92793053,1.8750163e-21,0.068120986,2.0547654e-11,8.664959e-14,1.3941508e-18,0.0038551458,9.3367016e-05
0.9279686,1.8593516e-21,0.0680869,2.045508e-11,8.6171216e-14,1.3837646e-18,0.003851217,9.3243245e-05
0.9280053,1.8436392e-21,0.06805466,2.0357103e-11,8.568228e-14,1.3734223e-18,0.003846913,9.311931e-05
0.92803985,1.8277907e-21,0.068025015,2.0251552e-11,8.5177565e-14,1.3631125e-18,0.0038420623,9.299473e-05
0.9280732,1.8120137e-21,0.067996845,2.0145025e-11,8.4672815e-14,1.3528836e-18,0.0038371515,9.286937e-05
0.92810917,1.7966381e-21,0.06796537,2.004695e-11,8.418877e-14,1.3427607e-18,0.0038327463,9.2745344e-05
0.9281488,1.7817537e-21,0.06792952,1.9960318e-11,8.3732276e-14,1.3327697e-18,0.003829074,9.26229e-05
0.9281899,1.76709e-21,0.067891985,1.9877428e-11,8.328569e-14,1.3228704e-18,0.0038256517,9.2500326e-05
0.9282278,1.752273e-21,0.06785812,1.9786395e-11,8.282271e-14,1.3129998e-18,0.0038216473,9.237742e-05
0.928261,1.737121e-21,0.06783014,1.968107e-11,8.232859e-14,1.3031268e-18,0.003816648,9.225342e-05
0.9282907,1.7217916e-21,0.06780605,1.9566529e-11,8.1815895e-14,1.2932937e-18,0.003810998,9.212854e-05
0.92832094,1.7066503e-21,0.06778162,1.9454334e-11,8.130999e-14,1.2835452e-18,0.003805482,9.2004484e-05
0.92835456,1.6919195e-21,0.067753054,1.935197e-11,8.082787e-14,1.273899e-18,0.003800582,9.1880844e-05
0.9283906,1.6775762e-21,0.06772145,1.9258125e-11,8.0366744e-14,1.2643673e-18,0.0037962487,9.1758055e-05
0.92842656,1.6633606e-21,0.06768985,1.916488e-11,7.990854e-14,1.2549115e-18,0.0037919232,9.1635775e-05
0.9284609,1.6491052e-21,0.06766035,1.9066743e-11,7.9440543e-14,1.2455053e-18,0.003787253,9.1513226e-05
0.92849386,1.6348323e-21,0.067632414,1.896528e-11,7.896704e-14,1.2361394e-18,0.0037822982,9.139026e-05
0.9285275,1.6207771e-21,0.067603655,1.886696e-11,7.850195e-14,1.2268684e-18,0.003777543,9.126745e-05
0.9285635,1.6070244e-21,0.06757225,1.8775145e-11,7.805334e-14,1.2176977e-18,0.0037732178,9.1145914e-05
0.92860025,1.593475e-21,0.06753961,1.8686537e-11,7.761359e-14,1.2086013e-18,0.0037690836,9.1024434e-05
0.928636,1.5799355e-21,0.06750834,1.8594778e-11,7.716783e-14,1.1995487e-18,0.0037646987,9.09031e-05
0.92866933,1.5663036e-21,0.06747999,1.849714e-11,7.671082e-14,1.1905333e-18,0.0037598857,9.078109e-05
0.92870164,1.5527465e-21,0.06745274,1.839803e-11,7.6252074e-14,1.181598e-18,0.0037549317,9.06588e-05
0.92873585,1.539439e-21,0.0674232,1.8304028e-11,7.580621e-14,1.1727413e-18,0.0037503103,9.05378e-05
0.9287727,1.5264477e-21,0.06739065,1.8217573e-11,7.537839e-14,1.163963e-18,0.0037461657,9.041723e-05
0.9288103,1.5136367e-21,0.06735714,1.813379e-11,7.4958486e-14,1.1552822e-18,0.003742243,9.029688e-05
0.92884576,1.5007981e-21,0.067326054,1.8045461e-11,7.453009e-14,1.146646e-18,0.003737956,9.017632e-05
0.92887914,1.4878492e-21,0.06729767,1.7950369e-11,7.4087715e-14,1.1380326e-18,0.003733142,9.005529e-05
0.9289115,1.47496e-21,0.06727037,1.7854428e-11,7.3645225e-14,1.1294743e-18,0.0037282233,8.993424e-05
0.9289468,1.4624211e-21,0.06723957,1.7766271e-11,7.3221384e-14,1.1210264e-18,0.0037238665,8.9814304e-05
0.92898536,1.4502485e-21,0.06720466,1.7688089e-11,7.282135e-14,1.1126714e-18,0.0037201978,8.9695204e-05
0.9290254,1.4382892e-21,0.06716821,1.7613438e-11,7.2430384e-14,1.1044054e-18,0.00371678,8.957649e-05
0.92906266,1.4261957e-21,0.06713505,1.7531657e-11,7.202481e-14,1.0961559e-18,0.003712798,8.94574e-05
0.92909455,1.4138182e-21,0.06710816,1.7437114e-11,7.1592824e-14,1.0879118e-18,0.0037078657,8.933676e-05
0.92912346,1.4013083e-21,0.067085035,1.7334623e-11,7.114448e-14,1.0796934e-18,0.003702299,8.9215835e-05
0.9291528,1.3889522e-21,0.06706131,1.7234124e-11,7.0702064e-14,1.0715456e-18,0.0036968517,8.909536e-05
0.9291855,1.3769412e-21,0.06703349,1.7142607e-11,7.028089e-14,1.0634877e-18,0.0036920246,8.897554e-05
0.9292208,1.3652407e-21,0.06700254,1.7058584e-11,6.9877745e-14,1.0555294e-18,0.0036877557,8.8856636e-05
0.92925614,1.3536398e-21,0.066971615,1.6975232e-11,6.947758e-14,1.0476308e-18,0.003683502,8.8737994e-05
0.9292896,1.3420171e-21,0.06694286,1.6887583e-11,6.906928e-14,1.0397692e-18,0.0036788948,8.861914e-05
0.9293217,1.330401e-21,0.0669157,1.6797317e-11,6.865661e-14,1.0319574e-18,0.003674061,8.850008e-05
0.92935485,1.318927e-21,0.06688733,1.6709528e-11,6.825077e-14,1.0242053e-18,0.0036693844,8.838103e-05
0.92938995,1.3077243e-21,0.066856556,1.662778e-11,6.7859645e-14,1.0165448e-18,0.0036651446,8.8263245e-05
0.92942655,1.2966833e-21,0.06682413,1.6548957e-11,6.747641e-14,1.008943e-18,0.0036611033,8.8145156e-05
0.9294613,1.2856591e-21,0.06679388,1.6467456e-11,6.708854e-14,1.0013923e-18,0.003656819,8.8027824e-05
0.9294942,1.2745659e-21,0.06676581,1.6380824e-11,6.6690685e-14,9.938659e-19,0.0036521142,8.790945e-05
0.92952603,1.2635138e-21,0.06673893,1.6292703e-11,6.629094e-14,9.863911e-19,0.0036472797,8.7791064e-05
0.9295596,1.2526842e-21,0.06670991,1.6209444e-11,6.5903134e-14,9.789967e-19,0.0036427807,8.767383e-05
0.9295958,1.2421168e-21,0.06667778,1.6132934e-11,6.553167e-14,9.716864e-19,0.0036388012,8.755668e-05
0.92963314,1.231701e-21,0.066644475,1.6058824e-11,6.5166595e-14,9.64432e-19,0.0036349725,8.744053e-05
0.92966825,1.2212439e-21,0.06661356,1.5980687e-11,6.479426e-14,9.572184e-19,0.0036308102,8.732333e-05
0.92970085,1.2107014e-21,0.066585794,1.5896612e-11,6.440986e-14,9.500237e-19,0.0036261377,8.7206216e-05
0.929733,1.2002401e-21,0.06655851,1.5812065e-11,6.4026e-14,9.428896e-19,0.0036214006,8.708914e-05
0.9297678,1.1900269e-21,0.066528,1.5734164e-11,6.3657975e-14,9.358298e-19,0.0036171733,8.697279e-05
0.92980635,1.1801397e-21,0.06649308,1.5665374e-11,6.331091e-14,9.288549e-19,0.003613644,8.6857115e-05
0.9298459,1.1704115e-21,0.066456854,1.5599697e-11,6.2972055e-14,9.21954e-19,0.0036103535,8.674252e-05
0.9298827,1.1605832e-21,0.06642413,1.5527761e-11,6.262072e-14,9.150808e-19,0.0036065488,8.662716e-05
0.9299147,1.1505372e-21,0.066397026,1.5444644e-11,6.224633e-14,9.081987e-19,0.003601792,8.65106e-05
0.92994326,1.1403608e-21,0.066374,1.5354357e-11,6.1857434e-14,9.013305e-19,0.003596414,8.639337e-05
0.9299723,1.1303182e-21,0.06635025,1.5265974e-11,6.147416e-14,8.945352e-19,0.003591183,8.6276676e-05
0.9300047,1.1205603e-21,0.06632258,1.5185539e-11,6.110921e-14,8.878081e-19,0.0035865442,8.6160704e-05
0.9300398,1.111051e-21,0.06629169,1.5111854e-11,6.0760404e-14,8.811677e-19,0.003582454,8.604546e-05
0.9300748,1.1016391e-21,0.06626081,1.503884e-11,6.041416e-14,8.745768e-19,0.0035783993,8.593086e-05
0.9301082,1.0921883e-21,0.06623197,1.49619e-11,6.006072e-14,8.680138e-19,0.0035739641,8.58156e-05
0.9301404,1.082751e-21,0.066204585,1.4882639e-11,5.970336e-14,8.6149227e-19,0.0035693294,8.57003e-05
0.9301733,1.0734454e-21,0.06617626,1.4805726e-11,5.935213e-14,8.5502713e-19,0.0035648595,8.5585074e-05
0.93020844,1.0643443e-21,0.06614518,1.4734084e-11,5.901391e-14,8.4863194e-19,0.0035608015,8.547077e-05
0.93024427,1.0553851e-21,0.06611343,1.4665089e-11,5.868236e-14,8.4229796e-19,0.0035569675,8.535692e-05
0.93027943,1.0464209e-21,0.06608239,1.4593651e-11,5.834663e-14,8.359852e-19,0.0035528678,8.5243e-05
0.93031186,1.0374191e-21,0.06605457,1.4517755e-11,5.800257e-14,8.297141e-19,0.0035483795,8.512857e-05
0.9303438,1.0284392e-21,0.066027366,1.4440566e-11,5.765656e-14,8.2347086e-19,0.0035437464,8.501402e-05
0.93037754,1.0196402e-21,0.06599816,1.436757e-11,5.732136e-14,8.173041e-19,0.0035394402,8.489987e-05
0.9304139,1.011058e-21,0.06596575,1.4300464e-11,5.6999354e-14,8.1119524e-19,0.0035356244,8.4786916e-05
0.93045074,1.0026021e-21,0.06593263,1.42356595e-11,5.6683834e-14,8.051446e-19,0.0035319764,8.467439e-05
0.930486,9.941168e-22,0.06590144,1.4167208e-11,5.6361694e-14,7.9912875e-19,0.0035279964,8.456164e-05
0.93051845,9.855573e-22,0.06587357,1.4093502e-11,5.6029342e-14,7.9313107e-19,0.0035235465,8.4447725e-05
0.93055063,9.770415e-22,0.06584608,1.4019162e-11,5.5696502e-14,7.871662e-19,0.0035189968,8.433403e-05
0.9305849,9.687529e-22,0.06581585,1.3950858e-11,5.5377896e-14,7.812779e-19,0.0035149609,8.422179e-05
0.9306233,9.607221e-22,0.06578092,1.38906005e-11,5.507775e-14,7.754606e-19,0.0035115979,8.4110085e-05
0.93066317,9.528212e-22,0.065744355,1.3833003e-11,5.4784228e-14,7.6970547e-19,0.0035084544,8.399881e-05
0.93069994,9.448307e-22,0.06571135,1.3769792e-11,5.4479817e-14,7.6395553e-19,0.0035047939,8.38871e-05
0.9307317,9.366592e-22,0.06568427,1.3696628e-11,5.415512e-14,7.5821557e-19,0.0035002271,8.377404e-05
0.93075985,9.283918e-22,0.06566145,1.3617177e-11,5.381818e-14,7.524871e-19,0.0034950527,8.3660634e-05
0.9307882,9.202257e-22,0.065638155,1.35393e-11,5.3485604e-14,7.4680776e-19,0.0034900063,8.354782e-05
0.93082047,9.122953e-22,0.06561052,1.34684226e-11,5.3169088e-14,7.4119705e-19,0.0034855402,8.3435094e-05
0.9308554,9.04567e-22,0.0655797,1.3403578e-11,5.2866697e-14,7.3565577e-19,0.003481608,8.3323954e-05
0.9308906,8.969078e-22,0.06554854,1.33391e-11,5.2566038e-14,7.3015067e-19,0.0034776744,8.3212675e-05
0.93092334,8.892263e-22,0.06552009,1.3271252e-11,5.2259378e-14,7.24682e-19,0.0034734283,8.3101244e-05
0.9309552,8.815458e-22,0.065492846,1.3201167e-11,5.194861e-14,7.1923163e-19,0.0034689454,8.298964e-05
0.9309877,8.739657e-22,0.06546479,1.3133115e-11,5.1643467e-14,7.138283e-19,0.0034646033,8.287826e-05
0.93102264,8.66562e-22,0.06543392,1.3069735e-11,5.1349363e-14,7.08489e-19,0.003460678,8.276754e-05
0.9310584,8.592645e-22,0.065401986,1.3008607e-11,5.106107e-14,7.032009e-19,0.003456935,8.2656734e-05
0.9310927,8.519751e-22,0.06537172,1.2945423e-11,5.0769464e-14,6.979406e-19,0.003452993,8.254681e-05
0.93112475,8.4464233e-22,0.06534418,1.287812e-11,5.0469977e-14,6.9269686e-19,0.0034486065,8.243574e-05
0.9311563,8.3732756e-22,0.06531723,1.2809545e-11,5.016878e-14,6.8748423e-19,0.0034440989,8.2325e-05
0.93118924,8.3016597e-22,0.065288655,1.2744732e-11,4.9876685e-14,6.823301e-19,0.0034399107,8.221415e-05
0.931225,8.231781e-22,0.06525667,1.2685173e-11,4.9596842e-14,6.772373e-19,0.0034362033,8.210479e-05
0.9312615,8.162869e-22,0.06522377,1.26275405e-11,4.9322e-14,6.721882e-19,0.0034326564,8.199595e-05
0.9312958,8.0936826e-22,0.06519345,1.256652e-11,4.9040894e-14,6.671574e-19,0.0034287553,8.188614e-05
0.931328,8.023963e-22,0.06516574,1.2500948e-11,4.8751046e-14,6.6214753e-19,0.0034244,8.177604e-05
0.9313593,7.9545624e-22,0.06513899,1.2434735e-11,4.8461025e-14,6.5716956e-19,0.003419946,8.166586e-05
0.9313933,7.886988e-22,0.06510907,1.2373887e-11,4.8183154e-14,6.5224846e-19,0.003416003,8.1557075e-05
0.9314313,7.8215127e-22,0.06507447,1.23200365e-11,4.7921062e-14,6.4739167e-19,0.0034126905,8.14487e-05
0.9314701,7.7571205e-22,0.06503897,1.2268655e-11,4.7665258e-14,6.4258616e-19,0.0034096052,8.134117e-05
0.9315064,7.6920057e-22,0.0650064,1.2212096e-11,4.739921e-14,6.3778557e-19,0.0034059975,8.123247e-05
0.93153733,7.625357e-22,0.064980045,1.2146828e-11,4.711595e-14,6.329881e-19,0.0034015237,8.112299e-05
0.9315647,7.5578726e-22,0.0649578,1.2075849e-11,4.6821515e-14,6.2820046e-19,0.0033964503,8.101327e-05
0.93159276,7.4913054e-22,0.06493485,1.2006302e-11,4.653127e-14,6.234589e-19,0.003391487,8.090383e-05
0.93162423,7.42657e-22,0.06490794,1.1942938e-11,4.625481e-14,6.187743e-19,0.003387102,8.079476e-05
0.93165827,7.363537e-22,0.06487789,1.1884882e-11,4.599047e-14,6.141431e-19,0.0033832258,8.06866e-05
0.9316923,7.301068e-22,0.06484772,1.1827198e-11,4.5727633e-14,6.0954417e-19,0.003379351,8.0578735e-05
0.9317246,7.238397e-22,0.0648198,1.1766496e-11,4.5459635e-14,6.0496924e-19,0.0033751489,8.047087e-05
0.9317552,7.1757025e-22,0.06479362,1.1703829e-11,4.518846e-14,6.0042533e-19,0.0033707467,8.0362304e-05
0.9317874,7.113971e-22,0.064765826,1.1643046e-11,4.492207e-14,5.959143e-19,0.003366478,8.025449e-05
0.93182117,7.0535363e-22,0.06473607,1.158629e-11,4.4665162e-14,5.914517e-19,0.0033626116,8.014687e-05
0.93185645,6.9940797e-22,0.064704575,1.1531654e-11,4.4413356e-14,5.870347e-19,0.0033589278,8.00403e-05
0.9318899,6.934581e-22,0.06467505,1.14750865e-11,4.4158328e-14,5.826406e-19,0.0033550367,7.993332e-05
0.93192124,6.8747605e-22,0.06464813,1.14148725e-11,4.3896798e-14,5.782604e-19,0.0033507245,7.982555e-05
0.93195176,6.815164e-22,0.064622134,1.1353731e-11,4.3634113e-14,5.739127e-19,0.003346325,7.971823e-05
0.9319843,6.7567166e-22,0.06459383,1.1295784e-11,4.337897e-14,5.6960107e-19,0.003342187,7.961123e-05
0.9320192,6.6997586e-22,0.064562745,1.1242535e-11,4.3134394e-14,5.653491e-19,0.0033385337,7.950517e-05
0.93205506,6.643592e-22,0.06453051,1.1191064e-11,4.2894673e-14,5.611295e-19,0.0033350347,7.9399426e-05
0.932089,6.5871537e-22,0.06450049,1.11366185e-11,4.264937e-14,5.569296e-19,0.0033312081,7.929282e-05
0.93212014,6.530329e-22,0.06447362,1.1078115e-11,4.2396523e-14,5.527426e-19,0.0033269413,7.918627e-05
0.93215096,6.4737697e-22,0.06444736,1.1019138e-11,4.2143474e-14,5.4858685e-19,0.0033225869,7.907954e-05
0.9321841,6.4186954e-22,0.06441818,1.0964912e-11,4.190139e-14,5.444804e-19,0.0033187019,7.8973746e-05
0.9322217,6.365406e-22,0.06438393,1.09170025e-11,4.167297e-14,5.4042165e-19,0.0033154637,7.886923e-05
0.9322601,6.312927e-22,0.064348646,1.0871198e-11,4.1449788e-14,5.364059e-19,0.0033124492,7.876468e-05
0.9322957,6.259906e-22,0.06431674,1.0821052e-11,4.1218558e-14,5.324022e-19,0.0033089414,7.865982e-05
0.93232614,6.205615e-22,0.064290754,1.0763089e-11,4.0971973e-14,5.2840117e-19,0.0033045807,7.8553385e-05
0.93235296,6.1507386e-22,0.06426895,1.0700149e-11,4.0715837e-14,5.2440025e-19,0.003299634,7.844709e-05
0.93238014,6.096489e-22,0.06424667,1.0638514e-11,4.0463397e-14,5.204417e-19,0.0032948183,7.834059e-05
0.9324112,6.04385e-22,0.06422002,1.0582405e-11,4.0222813e-14,5.16527e-19,0.0032905724,7.8235316e-05
0.932445,5.9925287e-22,0.064190015,1.05310006e-11,3.9993088e-14,5.126628e-19,0.0032867996,7.813064e-05
0.9324789,5.9417347e-22,0.064160034,1.0480065e-11,3.976498e-14,5.088237e-19,0.0032830501,7.802655e-05
0.9325108,5.890707e-22,0.06413225,1.0426431e-11,3.9532203e-14,5.050045e-19,0.0032789945,7.792116e-05
0.9325414,5.8398416e-22,0.06410611,1.0371177e-11,3.929684e-14,5.0120957e-19,0.0032747237,7.781671e-05
0.932573,5.789554e-22,0.064078696,1.03175845e-11,3.9065752e-14,4.974474e-19,0.003270637,7.771189e-05
0.9326066,5.7404567e-22,0.064048864,1.026766e-11,3.884292e-14,4.9372203e-19,0.0032669015,7.760797e-05
0.9326416,5.692132e-22,0.06401744,1.0219609e-11,3.862466e-14,4.9003663e-19,0.0032633718,7.750444e-05
0.93267506,5.64386e-22,0.06398799,1.0169943e-11,3.8404044e-14,4.863704e-19,0.0032596318,7.7400924e-05
0.9327062,5.5952564e-22,0.063961096,1.01170764e-11,3.817746e-14,4.827138e-19,0.0032554998,7.729713e-05
0.93273664,5.5468145e-22,0.06393488,1.0063383e-11,3.795001e-14,4.7908445e-19,0.0032512622,7.7192766e-05
0.9327689,5.499348e-22,0.06390674,1.0012688e-11,3.7729456e-14,4.7549045e-19,0.0032473307,7.708913e-05
0.9328039,5.453136e-22,0.06387525,9.966097e-12,3.7518095e-14,4.719393e-19,0.003243847,7.698653e-05
0.9328399,5.407524e-22,0.06384276,9.921094e-12,3.7310802e-14,4.684205e-19,0.0032405334,7.688406e-05
0.93287396,5.361792e-22,0.063812345,9.873677e-12,3.709913e-14,4.6491816e-19,0.0032369022,7.67815e-05
0.9329052,5.3156593e-22,0.06378527,9.822576e-12,3.6880814e-14,4.6142994e-19,0.0032328456,7.6678036e-05
0.932936,5.269801e-22,0.06375868,9.771085e-12,3.6662222e-14,4.5795893e-19,0.0032286975,7.65749e-05
0.9329696,5.225111e-22,0.06372888,9.723859e-12,3.6453306e-14,4.545311e-19,0.0032250253,7.647271e-05
0.9330072,5.1818695e-22,0.06369437,9.6822194e-12,3.6256385e-14,4.511514e-19,0.0032219824,7.6370765e-05
0.9330458,5.139344e-22,0.06365876,9.642573e-12,3.6064213e-14,4.4779743e-19,0.003219146,7.6269986e-05
0.9330819,5.096397e-22,0.06362601,9.5990325e-12,3.5864757e-14,4.4446043e-19,0.0032158582,7.616878e-05
0.9331126,5.0523913e-22,0.0635996,9.5486015e-12,3.5652115e-14,4.4112043e-19,0.0032117313,7.60661e-05
0.93313944,5.0078844e-22,0.063577525,9.4937955e-12,3.543139e-14,4.3778865e-19,0.003207052,7.596309e-05
0.93316734,4.9638894e-22,0.06355433,9.440142e-12,3.5213623e-14,4.3448256e-19,0.00320249,7.586025e-05
0.9331984,4.9212167e-22,0.06352735,9.391428e-12,3.5006727e-14,4.31221e-19,0.0031984851,7.5758086e-05
0.93323267,4.8796724e-22,0.06349674,9.346954e-12,3.4809e-14,4.279985e-19,0.0031949566,7.565689e-05
0.93326694,4.8385164e-22,0.06346614,9.302813e-12,3.461265e-14,4.247968e-19,0.003191447,7.555613e-05
0.9332993,4.797221e-22,0.0634376,9.256392e-12,3.4412347e-14,4.2161174e-19,0.0031876366,7.5454846e-05
0.9333302,4.755926e-22,0.06341091,9.2084465e-12,3.420976e-14,4.1844829e-19,0.0031836343,7.5353564e-05
0.93336225,4.7152445e-22,0.06338273,9.162004e-12,3.401074e-14,4.1530756e-19,0.003179781,7.5252385e-05
0.9333963,4.6754733e-22,0.06335229,9.118839e-12,3.381921e-14,4.122054e-19,0.0031762873,7.515192e-05
0.93343174,4.636293e-22,0.06332027,9.077294e-12,3.3631308e-14,4.0912862e-19,0.0031729958,7.5051496e-05
0.9334658,4.597152e-22,0.06328973,9.034269e-12,3.344134e-14,4.06068e-19,0.0031694972,7.495152e-05
0.93349737,4.557792e-22,0.06326207,8.988546e-12,3.3246585e-14,4.0302457e-19,0.0031656441,7.485083e-05
0.9335283,4.5185584e-22,0.06323521,8.942041e-12,3.3050924e-14,3.9999758e-19,0.0031616637,7.47503e-05
0.933561,4.4801327e-22,0.063206315,8.8981175e-12,3.2861053e-14,3.970016e-19,0.0031579868,7.465026e-05
0.9335967,4.4426576e-22,0.06317401,8.857901e-12,3.2679476e-14,3.940384e-19,0.0031547358,7.455067e-05
0.93363327,4.405702e-22,0.06314071,8.819001e-12,3.2500864e-14,3.9110219e-19,0.0031516268,7.44517e-05
0.93366736,4.368642e-22,0.063110024,8.778007e-12,3.2318884e-14,3.8818382e-19,0.00314826,7.4352174e-05
0.93369937,4.3312563e-22,0.06308199,8.7337e-12,3.213074e-14,3.8527018e-19,0.003144449,7.425254e-05
0.93373066,4.2941215e-22,0.06305463,8.689064e-12,3.1942815e-14,3.8238104e-19,0.0031405687,7.415277e-05
0.93376464,4.257919e-22,0.063024215,8.648176e-12,3.176293e-14,3.7952194e-19,0.0031371296,7.405384e-05
0.93380266,4.2228928e-22,0.06298905,8.6122975e-12,3.1593706e-14,3.7670304e-19,0.0031343237,7.3955925e-05
0.93384194,4.1884165e-22,0.06295254,8.578068e-12,3.1428253e-14,3.7390846e-19,0.0031317004,7.3858246e-05
0.9338781,4.1536218e-22,0.062919445,8.540425e-12,3.1256756e-14,3.7112487e-19,0.0031286278,7.37601e-05
0.933909,4.117914e-22,0.06289249,8.496579e-12,3.1073336e-14,3.6833745e-19,0.0031247414,7.366075e-05
0.93393666,4.081814e-22,0.06286941,8.448834e-12,3.0882933e-14,3.6555854e-19,0.0031203167,7.3561074e-05
0.9339651,4.0461418e-22,0.06284542,8.402068e-12,3.0695014e-14,3.628009e-19,0.0031160074,7.346165e-05
0.93399644,4.0115435e-22,0.06281792,8.359717e-12,3.0516595e-14,3.6008165e-19,0.0031122302,7.336329e-05
0.9340312,3.9778174e-22,0.06278661,8.3210374e-12,3.034615e-14,3.5739225e-19,0.0031089345,7.326506e-05
0.93406594,3.9444196e-22,0.0627553,8.282725e-12,3.0176833e-14,3.5472302e-19,0.0031056362,7.316752e-05
0.9340982,3.9109338e-22,0.062726706,8.24232e-12,3.000414e-14,3.5206867e-19,0.003102061,7.30697e-05
0.9341298,3.8774187e-22,0.06269904,8.200494e-12,2.982895e-14,3.4942464e-19,0.0030982662,7.2971685e-05
0.93416196,3.8443986e-22,0.062670596,8.160053e-12,2.96574e-14,3.468086e-19,0.0030946492,7.28737e-05
0.9341966,3.8121207e-22,0.06263934,8.122435e-12,2.9491973e-14,3.4421834e-19,0.0030913746,7.2776595e-05
0.9342323,3.780349e-22,0.06260674,8.086326e-12,2.933008e-14,3.41653e-19,0.003088272,7.2679846e-05
0.9342668,3.7485653e-22,0.06257562,8.048847e-12,2.9165923e-14,3.3910117e-19,0.0030849741,7.2582996e-05
0.93429863,3.7165845e-22,0.062547565,8.008876e-12,2.8997512e-14,3.365597e-19,0.0030813157,7.248545e-05
0.9343299,3.684762e-22,0.0625202,7.968233e-12,2.8828516e-14,3.340333e-19,0.0030775482,7.238832e-05
0.93436265,3.6535243e-22,0.062490914,7.929864e-12,2.8664378e-14,3.315365e-19,0.0030740774,7.229123e-05
0.9343987,3.623117e-22,0.06245817,7.89481e-12,2.8507314e-14,3.2906457e-19,0.0030710108,7.219516e-05
0.9344354,3.5931297e-22,0.062424414,7.860951e-12,2.8353286e-14,3.2661625e-19,0.0030681163,7.2099465e-05
0.9344703,3.5630166e-22,0.062392816,7.825042e-12,2.8195682e-14,3.2417808e-19,0.0030649141,7.200341e-05
0.93450207,3.5326322e-22,0.06236484,7.78633e-12,2.8033297e-14,3.217497e-19,0.0030613143,7.190656e-05
0.9345335,3.502425e-22,0.062337086,7.747186e-12,2.7870352e-14,3.1933693e-19,0.003057627,7.1810086e-05
0.93456787,3.4730438e-22,0.062306095,7.711439e-12,2.7714888e-14,3.1695173e-19,0.0030543676,7.171452e-05
0.9346061,3.4445673e-22,0.062270623,7.6800935e-12,2.75684e-14,3.1459767e-19,0.0030517264,7.1619645e-05
0.93464565,3.4165894e-22,0.06223361,7.65033e-12,2.7425595e-14,3.1226986e-19,0.0030492868,7.152514e-05
0.9346819,3.3882964e-22,0.062200304,7.617441e-12,2.7277195e-14,3.0994636e-19,0.0030463878,7.1430295e-05
0.9347133,3.3592984e-22,0.062172733,7.5790025e-12,2.7118485e-14,3.0761973e-19,0.0030426895,7.133426e-05
0.934741,3.329925e-22,0.062149324,7.5370465e-12,2.6953498e-14,3.053001e-19,0.0030384674,7.123766e-05
0.93476945,3.300937e-22,0.06212514,7.496014e-12,2.6790971e-14,3.0300047e-19,0.0030343642,7.114152e-05
0.9348012,3.2728375e-22,0.062096924,7.458929e-12,2.6636576e-14,3.0073071e-19,0.003030797,7.1046365e-05
0.93483615,3.2454086e-22,0.062065262,7.425085e-12,2.6488868e-14,2.9848466e-19,0.0030276545,7.095158e-05
0.93487084,3.2183074e-22,0.062033713,7.391588e-12,2.6342525e-14,2.9626213e-19,0.0030245723,7.085712e-05
0.93490356,3.1910363e-22,0.062004533,7.356151e-12,2.6192839e-14,2.9404314e-19,0.0030211725,7.0762355e-05
0.93493533,3.1638237e-22,0.061976492,7.319507e-12,2.6041494e-14,2.9184049e-19,0.0030175806,7.0667505e-05
0.9349678,3.1369896e-22,0.061947446,7.284107e-12,2.589297e-14,2.8965678e-19,0.0030141564,7.057278e-05
0.9350026,3.1107461e-22,0.061915845,7.251206e-12,2.5749774e-14,2.8749228e-19,0.0030110418,7.0478745e-05
0.93503857,3.0849384e-22,0.061882928,7.2197023e-12,2.5609799e-14,2.853552e-19,0.003008141,7.0385206e-05
0.9350733,3.0591301e-22,0.06185136,7.186927e-12,2.5467828e-14,2.8322393e-19,0.003005016,7.029136e-05
0.9351055,3.0331366e-22,0.06182271,7.1519483e-12,2.5322228e-14,2.811035e-19,0.0030015733,7.019711e-05
0.935137,3.0072355e-22,0.061794836,7.1163466e-12,2.517576e-14,2.7899559e-19,0.0029980068,7.0102935e-05
0.93517023,2.9819023e-22,0.061764985,7.0828404e-12,2.5033962e-14,2.7691032e-19,0.0029947269,7.000948e-05
0.93520653,2.9571866e-22,0.0617317,7.0522576e-12,2.4898215e-14,2.7485095e-19,0.0029918714,6.991639e-05
0.9352437,2.9328245e-22,0.061697308,7.0227656e-12,2.4765073e-14,2.728072e-19,0.0029891382,6.9823815e-05
0.9352786,2.908367e-22,0.06166561,6.9915263e-12,2.4629104e-14,2.7077483e-19,0.0029861499,6.9730995e-05
0.9353111,2.8836887e-22,0.06163647,6.957646e-12,2.4488446e-14,2.6874563e-19,0.0029827354,6.963745e-05
0.9353427,2.859173e-22,0.061608464,6.9235407e-12,2.4347921e-14,2.6673346e-19,0.002979263,6.954457e-05
0.9353774,2.8352754e-22,0.061576914,6.892373e-12,2.4213546e-14,2.6474427e-19,0.002976227,6.9451904e-05
0.9354162,2.812158e-22,0.061540607,6.865198e-12,2.4087183e-14,2.6278313e-19,0.0029737686,6.93596e-05
0.93545616,2.7894243e-22,0.061503094,6.83939e-12,2.3963933e-14,2.6083683e-19,0.0029715085,6.9268564e-05
0.93549323,2.7664542e-22,0.06146883,6.810774e-12,2.383569e-14,2.588982e-19,0.002968805,6.9176764e-05
0.93552464,2.7429244e-22,0.061441004,6.7773486e-12,2.369895e-14,2.5696068e-19,0.0029653534,6.9084286e-05
0.9355529,2.7190665e-22,0.061416727,6.7406822e-12,2.3556354e-14,2.550251e-19,0.0029613874,6.89909e-05
0.9355818,2.6955412e-22,0.061391808,6.704846e-12,2.341584e-14,2.5310525e-19,0.002957508,6.889756e-05
0.93561417,2.6726888e-22,0.061362907,6.672507e-12,2.3282462e-14,2.5121038e-19,0.0029541485,6.880546e-05
0.93564934,2.650462e-22,0.06133069,6.643144e-12,2.3155172e-14,2.4933995e-19,0.0029512406,6.871394e-05
0.9356848,2.6284214e-22,0.061298285,6.6140505e-12,2.302889e-14,2.474826e-19,0.0029483538,6.862237e-05
0.9357184,2.6063003e-22,0.06126787,6.5832383e-12,2.289967e-14,2.456329e-19,0.0029451828,6.853093e-05
0.9357504,2.5841834e-22,0.061239243,6.5513463e-12,2.2769008e-14,2.4379388e-19,0.0029418196,6.843895e-05
0.93578357,2.5624136e-22,0.061209418,6.5205736e-12,2.2640847e-14,2.4197168e-19,0.0029386124,6.8347785e-05
0.9358189,2.5411143e-22,0.061177064,6.492041e-12,2.2517454e-14,2.4016918e-19,0.0029357371,6.825695e-05
0.93585545,2.5201395e-22,0.061143283,6.464714e-12,2.2396642e-14,2.3838404e-19,0.0029330505,6.816613e-05
0.93589056,2.4991813e-22,0.061111186,6.43629e-12,2.2274276e-14,2.3660816e-19,0.0029301578,6.807527e-05
0.9359236,2.4780989e-22,0.061081532,6.405886e-12,2.2148558e-14,2.3483875e-19,0.002926932,6.798477e-05
0.9359554,2.4570978e-22,0.061053086,6.374936e-12,2.2022347e-14,2.3308228e-19,0.0029236057,6.789371e-05
0.9359893,2.436484e-22,0.061022237,6.3457607e-12,2.1899825e-14,2.313421e-19,0.002920543,6.780312e-05
0.936026,2.4164193e-22,0.060988326,6.3192433e-12,2.1782785e-14,2.2962255e-19,0.0029178956,6.7713045e-05
0.9360637,2.396632e-22,0.060953334,6.293696e-12,2.1667924e-14,2.2791783e-19,0.0029153847,6.762356e-05
0.9360993,2.376766e-22,0.060920548,6.26654e-12,2.1550499e-14,2.2622007e-19,0.0029125856,6.753351e-05
0.93613225,2.356734e-22,0.06089098,6.2370686e-12,2.142915e-14,2.2453086e-19,0.0029094152,6.744353e-05
0.9361646,2.3367979e-22,0.060861852,6.207317e-12,2.1307698e-14,2.228516e-19,0.0029061602,6.735325e-05
0.93619984,2.3173825e-22,0.060829557,6.1801783e-12,2.1191487e-14,2.2119063e-19,0.002903336,6.726379e-05
0.93623877,2.2986112e-22,0.06079288,6.1566217e-12,2.1082508e-14,2.1955385e-19,0.0029010763,6.717517e-05
0.93627936,2.2801347e-22,0.060754593,6.1342424e-12,2.0975965e-14,2.1793115e-19,0.0028989785,6.708666e-05
0.93631667,2.261454e-22,0.060719833,6.1093817e-12,2.086523e-14,2.1631312e-19,0.0028964852,6.699784e-05
0.936349,2.2423239e-22,0.060691006,6.080101e-12,2.0746815e-14,2.1469612e-19,0.0028932253,6.6908455e-05
0.9363773,2.2229222e-22,0.060666338,6.047933e-12,2.0623321e-14,2.1308056e-19,0.0028894688,6.681814e-05
0.93640685,2.2037669e-22,0.060640603,6.0164603e-12,2.0501526e-14,2.1147822e-19,0.0028857982,6.672817e-05
0.9364396,2.1851758e-22,0.06061115,5.9881176e-12,2.038604e-14,2.0989746e-19,0.0028826452,6.66388e-05
0.93647534,2.1670792e-22,0.06057822,5.962407e-12,2.0275756e-14,2.0833476e-19,0.0028799002,6.655014e-05
0.9365107,2.1491643e-22,0.060545735,5.936905e-12,2.016633e-14,2.0678596e-19,0.002877195,6.646202e-05
0.9365443,2.1311498e-22,0.060515,5.9098334e-12,2.005432e-14,2.0524203e-19,0.0028741912,6.637332e-05
0.93657684,2.1131467e-22,0.06048583,5.881779e-12,1.9940892e-14,2.0370707e-19,0.0028710198,6.62846e-05
0.93661,2.0954088e-22,0.06045579,5.8546653e-12,1.9829634e-14,2.0218679e-19,0.0028679662,6.619636e-05
0.93664575,2.0780399e-22,0.06042283,5.829493e-12,1.9722246e-14,2.0068072e-19,0.0028652407,6.6108165e-05
0.9366823,2.0609659e-22,0.06038901,5.805409e-12,1.9617327e-14,1.9918983e-19,0.0028626865,6.602064e-05
0.9367174,2.043881e-22,0.06035673,5.780324e-12,1.9510965e-14,1.9770671e-19,0.0028599533,6.593289e-05
0.93675023,2.0266853e-22,0.06032696,5.753391e-12,1.9401542e-14,1.9623042e-19,0.0028568667,6.584465e-05
0.9367825,2.0095256e-22,0.060298085,5.7259024e-12,1.929147e-14,1.9476055e-19,0.0028536702,6.575668e-05
0.93681616,1.9927274e-22,0.060267378,5.700043e-12,1.918487e-14,1.9330937e-19,0.0028507535,6.566899e-05
0.93685275,1.976347e-22,0.060233407,5.676505e-12,1.9082773e-14,1.9187252e-19,0.0028481935,6.55818e-05
0.93689054,1.9601933e-22,0.06019817,5.653815e-12,1.8982623e-14,1.9044951e-19,0.0028457996,6.5495005e-05
0.9369258,1.9439885e-22,0.06016565,5.6296435e-12,1.8880137e-14,1.8903222e-19,0.002843107,6.540827e-05
0.9369585,1.9276182e-22,0.060136195,5.603347e-12,1.8774179e-14,1.8761922e-19,0.0028400274,6.53209e-05
0.9369907,1.9113265e-22,0.06010719,5.576724e-12,1.8667984e-14,1.8621668e-19,0.002836882,6.523325e-05
0.9370258,1.8954675e-22,0.06007494,5.5524994e-12,1.8566449e-14,1.8482945e-19,0.0028341326,6.5146676e-05
0.9370644,1.8801202e-22,0.060038585,5.531408e-12,1.8470997e-14,1.8346163e-19,0.0028319503,6.506088e-05
0.93710405,1.8650128e-22,0.06000094,5.5113687e-12,1.8377877e-14,1.8210622e-19,0.0028299317,6.497509e-05
0.9371413,1.8497399e-22,0.05996626,5.4890424e-12,1.8280856e-14,1.8075485e-19,0.0028274895,6.488936e-05
0.93717307,1.8340775e-22,0.059937876,5.4626997e-12,1.817696e-14,1.7940149e-19,0.0028243002,6.480232e-05
0.9372012,1.8182146e-22,0.059913497,5.433797e-12,1.8068826e-14,1.7805214e-19,0.002820638,6.471484e-05
0.93723,1.8025454e-22,0.05988837,5.4054747e-12,1.7962103e-14,1.767151e-19,0.0028170499,6.462783e-05
0.9372623,1.7873244e-22,0.05985926,5.3799153e-12,1.786064e-14,1.7539211e-19,0.0028139355,6.4541295e-05
0.93729717,1.7725075e-22,0.059827138,5.356708e-12,1.7763865e-14,1.7408744e-19,0.0028112533,6.445549e-05
0.93733233,1.7578138e-22,0.059794694,5.3336233e-12,1.7667552e-14,1.7279056e-19,0.0028085718,6.436982e-05
0.9373654,1.7430784e-22,0.05976465,5.309178e-12,1.7569312e-14,1.71501e-19,0.002805627,6.428394e-05
0.9373972,1.7283258e-22,0.059736244,5.2837686e-12,1.7469523e-14,1.7021823e-19,0.0028024756,6.419789e-05
0.93742955,1.7137906e-22,0.05970687,5.2592063e-12,1.7371706e-14,1.6894581e-19,0.002799471,6.4112064e-05
0.9374644,1.6995703e-22,0.059674706,5.2364202e-12,1.7277382e-14,1.6768784e-19,0.0027967782,6.402676e-05
0.9375005,1.6855793e-22,0.059641387,5.2145844e-12,1.71851e-14,1.6644196e-19,0.002794236,6.394184e-05
0.93753517,1.6715608e-22,0.05960959,5.1917524e-12,1.7091265e-14,1.652007e-19,0.0027914948,6.38567e-05
0.9375669,1.6574701e-22,0.0595808,5.167348e-12,1.6995067e-14,1.639663e-19,0.0027884415,6.377165e-05
0.93759847,1.643423e-22,0.05955258,5.14243e-12,1.6898314e-14,1.6273986e-19,0.0027852927,6.368616e-05
0.9376314,1.6296401e-22,0.05952254,5.1188797e-12,1.6804251e-14,1.6152344e-19,0.0027823613,6.3601175e-05
0.9376672,1.6162119e-22,0.059489507,5.0975036e-12,1.6714427e-14,1.6032332e-19,0.002779839,6.3516745e-05
0.9377038,1.6029753e-22,0.059455417,5.076831e-12,1.6626206e-14,1.5913347e-19,0.0027774328,6.34326e-05
0.9377386,1.5896865e-22,0.059423275,5.0548532e-12,1.6535964e-14,1.5794854e-19,0.002774756,6.334837e-05
0.93777025,1.5762679e-22,0.0593948,5.030939e-12,1.6442575e-14,1.5676713e-19,0.002771705,6.326358e-05
0.9378018,1.5629088e-22,0.059366435,5.0067836e-12,1.6349122e-14,1.5559512e-19,0.0027685857,6.317864e-05
0.93783575,1.5499092e-22,0.059335306,4.984734e-12,1.6259714e-14,1.5443461e-19,0.0027658492,6.3094645e-05
0.9378736,1.5373291e-22,0.059299685,4.9655384e-12,1.6175675e-14,1.5329161e-19,0.0027636483,6.301126e-05
0.93791294,1.5249466e-22,0.059262488,4.947265e-12,1.6093507e-14,1.5215671e-19,0.0027616196,6.292838e-05
0.9379488,1.5124218e-22,0.059229165,4.926963e-12,1.6008186e-14,1.5102793e-19,0.0027591952,6.2844614e-05
0.93798006,1.4995918e-22,0.059201207,4.9030615e-12,1.591668e-14,1.4989593e-19,0.0027560208,6.276087e-05
0.9380073,1.486592e-22,0.05917752,4.876865e-12,1.5821556e-14,1.4876834e-19,0.0027524051,6.267597e-05
0.9380357,1.4737406e-22,0.059152793,4.851184e-12,1.5727618e-14,1.4764833e-19,0.002748837,6.2591316e-05
0.9380669,1.4612833e-22,0.059124753,4.828064e-12,1.5638549e-14,1.4654557e-19,0.0027457816,6.250773e-05
0.93810153,1.4491466e-22,0.059093002,4.8070163e-12,1.5553366e-14,1.4545377e-19,0.0027431166,6.242443e-05
0.9381356,1.4371208e-22,0.059061684,4.7861303e-12,1.5468783e-14,1.4437003e-19,0.0027404472,6.234133e-05
0.9381679,1.4250401e-22,0.05903218,4.7639804e-12,1.5382286e-14,1.432919e-19,0.00273754,6.225816e-05
0.9381993,1.4129623e-22,0.059004094,4.7410426e-12,1.5294737e-14,1.4221844e-19,0.0027344301,6.217462e-05
0.9382311,1.4010678e-22,0.05897538,4.718875e-12,1.5208856e-14,1.4115685e-19,0.002731481,6.209164e-05
0.9382652,1.3894356e-22,0.058944017,4.698309e-12,1.512609e-14,1.4010567e-19,0.0027288178,6.200891e-05
0.93830067,1.37796e-22,0.05891106,4.6785353e-12,1.5044887e-14,1.3906199e-19,0.0027262962,6.192657e-05
0.9383347,1.3665147e-22,0.058879834,4.658021e-12,1.4962784e-14,1.380264e-19,0.0027236273,6.1844185e-05
0.9383663,1.3549798e-22,0.058851384,4.6360186e-12,1.4878339e-14,1.3699502e-19,0.00272063,6.17615e-05
0.9383972,1.3434849e-22,0.05882359,4.613598e-12,1.479351e-14,1.3596865e-19,0.0027175297,6.1678606e-05
0.93843,1.3322172e-22,0.05879368,4.5924506e-12,1.4711133e-14,1.3495333e-19,0.002714672,6.159617e-05
0.9384652,1.3212338e-22,0.058761124,4.5732524e-12,1.4632431e-14,1.3395005e-19,0.002712204,6.1514416e-05
0.93850106,1.3104222e-22,0.058727626,4.5547108e-12,1.4555272e-14,1.3295684e-19,0.002709872,6.143311e-05
0.93853575,1.2995435e-22,0.058695756,4.534967e-12,1.4476183e-14,1.319658e-19,0.002707242,6.13513e-05
0.93856704,1.2885833e-22,0.058667377,4.513588e-12,1.439456e-14,1.3097915e-19,0.002704277,6.126938e-05
0.9385981,1.2776665e-22,0.05863945,4.4919485e-12,1.4312819e-14,1.2999889e-19,0.0027012373,6.118709e-05
0.9386317,1.2670438e-22,0.05860856,4.472241e-12,1.4234624e-14,1.2903024e-19,0.0026985712,6.110554e-05
0.9386695,1.256769e-22,0.058573037,4.4550947e-12,1.416116e-14,1.2807425e-19,0.002696457,6.102519e-05
0.93870795,1.246669e-22,0.058536567,4.438822e-12,1.40895325e-14,1.2712834e-19,0.002694506,6.094487e-05
0.9387439,1.2364342e-22,0.05850309,4.4207077e-12,1.4014943e-14,1.2618428e-19,0.0026921483,6.0864022e-05
0.93877476,1.225959e-22,0.058475338,4.3994123e-12,1.39351455e-14,1.2523986e-19,0.0026890882,6.0782084e-05
0.9388022,1.2153456e-22,0.05845151,4.3760408e-12,1.3852022e-14,1.2429732e-19,0.0026855788,6.0700273e-05
0.93882996,1.2048567e-22,0.05842727,4.353152e-12,1.3770085e-14,1.2336285e-19,0.0026821464,6.0618535e-05
0.9388615,1.1946816e-22,0.058398813,4.3325313e-12,1.3692264e-14,1.2243964e-19,0.0026791866,6.0537142e-05
0.93889594,1.1847771e-22,0.058366995,4.313832e-12,1.3618016e-14,1.2152834e-19,0.0026766136,6.045646e-05
0.93893,1.1749586e-22,0.058335606,4.2952603e-12,1.3544267e-14,1.2062332e-19,0.0026740546,6.0376136e-05
0.93896216,1.1651079e-22,0.058306236,4.2755855e-12,1.3468863e-14,1.1972252e-19,0.0026712532,6.0295635e-05
0.9389933,1.155255e-22,0.058278263,4.2551847e-12,1.3392558e-14,1.1882692e-19,0.002668279,6.0214887e-05
0.939025,1.1455428e-22,0.058249447,4.2354818e-12,1.3317661e-14,1.1793905e-19,0.0026654212,6.0134567e-05
0.93905926,1.1360497e-22,0.05821781,4.217216e-12,1.3245492e-14,1.1706167e-19,0.0026628783,6.005435e-05
0.93909436,1.1267007e-22,0.058185127,4.199706e-12,1.3174832e-14,1.1619136e-19,0.002660483,5.9974744e-05
0.9391281,1.1173503e-22,0.05815404,4.1814733e-12,1.3103229e-14,1.1532561e-19,0.0026579103,5.9894883e-05
0.93915987,1.10794e-22,0.05812529,4.1619442e-12,1.3029653e-14,1.1446344e-19,0.0026550314,5.981488e-05
0.9391907,1.0985659e-22,0.05809749,4.1420136e-12,1.2955685e-14,1.1360761e-19,0.0026520486,5.9734637e-05
0.93922305,1.0893726e-22,0.05806792,4.1232616e-12,1.2883976e-14,1.1275966e-19,0.0026493086,5.9654943e-05
0.9392584,1.0804081e-22,0.058035113,4.1061976e-12,1.2815321e-14,1.1192136e-19,0.002646936,5.957583e-05
0.9392943,1.0715834e-22,0.058001593,4.089753e-12,1.274806e-14,1.110915e-19,0.0026446956,5.9497022e-05
0.93932855,1.0627113e-22,0.057969753,4.0722473e-12,1.2679171e-14,1.102638e-19,0.0026421905,5.941788e-05
0.93936,1.0537647e-22,0.05794129,4.0532204e-12,1.2607971e-14,1.0944026e-19,0.00263934,5.933844e-05
0.93939114,1.0448572e-22,0.057913158,4.033973e-12,1.253664e-14,1.0862202e-19,0.0026364084,5.9258793e-05
0.9394248,1.036186e-22,0.057882216,4.0164434e-12,1.2468482e-14,1.0781265e-19,0.0026338517,5.9179936e-05
0.93946195,1.0277944e-22,0.05784709,4.00121e-12,1.2404406e-14,1.07014204e-19,0.0026318242,5.9101894e-05
0.9395006,1.0195423e-22,0.05781042,3.986748e-12,1.2341879e-14,1.0622346e-19,0.00262994,5.9024067e-05
0.93953645,1.0111914e-22,0.05777691,3.9706294e-12,1.22767515e-14,1.05434224e-19,0.0026276761,5.894582e-05
0.93956685,1.0026356e-22,0.057749473,3.951628e-12,1.2207098e-14,1.04645844e-19,0.0026247255,5.8866826e-05
0.93959403,9.939665e-23,0.057725813,3.9307615e-12,1.2134513e-14,1.0385865e-19,0.0026213196,5.87873e-05
0.939622,9.854108e-23,0.05770133,3.910344e-12,1.2062966e-14,1.0307865e-19,0.0026180123,5.87082e-05
0.9396534,9.7709265e-23,0.057672888,3.891924e-12,1.1994974e-14,1.0230722e-19,0.00261514,5.8629532e-05
0.93968713,9.6900234e-23,0.05764164,3.8752196e-12,1.193008e-14,1.015453e-19,0.0026126564,5.8551734e-05
0.93972117,9.60983e-23,0.057610206,3.8586465e-12,1.1865699e-14,1.0078986e-19,0.002610191,5.8473775e-05
0.93975306,9.52926e-23,0.05758107,3.841051e-12,1.1799747e-14,1.0003751e-19,0.0026074604,5.839534e-05
0.93978393,9.4487064e-23,0.057553206,3.822788e-12,1.1732985e-14,9.928878e-20,0.0026045686,5.8317175e-05
0.9398154,9.369376e-23,0.057524517,3.805159e-12,1.16675e-14,9.8547985e-20,0.0026018033,5.8239315e-05
0.9398495,9.291801e-23,0.057493035,3.7887987e-12,1.1604314e-14,9.7814095e-20,0.002599326,5.8162e-05
0.9398841,9.2153664e-23,0.05746084,3.7731376e-12,1.1542579e-14,9.7087216e-20,0.0025970081,5.8084715e-05
0.9399175,9.13899e-23,0.0574299,3.7567974e-12,1.1479887e-14,9.636487e-20,0.002594511,5.8007336e-05
0.9399488,9.062016e-23,0.057401583,3.7392793e-12,1.1415462e-14,9.564367e-20,0.002591694,5.7929934e-05
0.93997926,8.9853396e-23,0.05737411,3.7214203e-12,1.1350741e-14,9.49285e-20,0.0025888062,5.785209e-05
0.94001156,8.910146e-23,0.057344463,3.7045796e-12,1.1287871e-14,9.42196e-20,0.0025861266,5.7775065e-05
0.94004637,8.836886e-23,0.057312146,3.6892885e-12,1.12278215e-14,9.351908e-20,0.0025838187,5.7698082e-05
0.94008195,8.764669e-23,0.057278797,3.6745255e-12,1.1168867e-14,9.282527e-20,0.0025816306,5.7621965e-05
0.9401157,8.692164e-23,0.057247642,3.65883e-12,1.1108633e-14,9.213502e-20,0.0025792134,5.7545007e-05
0.94014674,8.619017e-23,0.057219297,3.641768e-12,1.104633e-14,9.1446503e-20,0.0025764245,5.7468256e-05
0.94017744,8.5461574e-23,0.057191595,3.6245002e-12,1.09838294e-14,9.07624e-20,0.0025735716,5.7391102e-05
0.94021094,8.4752306e-23,0.0571607,3.6087838e-12,1.0924174e-14,9.008541e-20,0.0025710727,5.7314875e-05
0.9402477,8.406654e-23,0.057125874,3.5951428e-12,1.0868113e-14,8.9419226e-20,0.0025690994,5.7238893e-05
0.94028586,8.33928e-23,0.057089634,3.5822218e-12,1.0813468e-14,8.875879e-20,0.0025672908,5.7163914e-05
0.94032127,8.271034e-23,0.05705662,3.5677986e-12,1.0756522e-14,8.80996e-20,0.0025650894,5.7087997e-05
0.9403516,8.201112e-23,0.057029087,3.550805e-12,1.0695618e-14,8.7440506e-20,0.0025622332,5.7011435e-05
0.9403786,8.1302637e-23,0.05700549,3.5321622e-12,1.0632179e-14,8.6783047e-20,0.002558937,5.6934667e-05
0.94040644,8.060311e-23,0.05698098,3.5139153e-12,1.056965e-14,8.6131273e-20,0.0025557273,5.6857727e-05
0.94043756,7.9923903e-23,0.056952767,3.4974888e-12,1.05102525e-14,8.548697e-20,0.0025529547,5.67818e-05
0.940471,7.926362e-23,0.056921672,3.4826348e-12,1.0453645e-14,8.485094e-20,0.0025505656,5.670632e-05
0.94050515,7.860915e-23,0.05689009,3.4678868e-12,1.0397431e-14,8.42197e-20,0.0025482026,5.6630826e-05
0.9405371,7.7951574e-23,0.05686078,3.4522708e-12,1.0340035e-14,8.3591364e-20,0.0025455905,5.6555193e-05
0.940568,7.7294396e-23,0.05683272,3.4360858e-12,1.0281846e-14,8.296636e-20,0.002542821,5.647938e-05
0.9405995,7.664778e-23,0.056803852,3.4204614e-12,1.0224849e-14,8.2347026e-20,0.0025401767,5.6404246e-05
0.9406335,7.6015476e-23,0.05677243,3.406054e-12,1.016998e-14,8.173503e-20,0.0025378398,5.6329358e-05
0.9406684,7.5392775e-23,0.05673968,3.392254e-12,1.01163025e-14,8.1127955e-20,0.002535631,5.6254783e-05
0.94070214,7.476966e-23,0.056708395,3.3778997e-12,1.00618595e-14,8.0524075e-20,0.0025332903,5.6179546e-05
0.9407339,7.4143055e-23,0.05667938,3.3625088e-12,1.0006008e-14,7.992329e-20,0.0025306474,5.6104716e-05
0.9407646,7.351966e-23,0.056651395,3.3468649e-12,9.949963e-15,7.9325406e-20,0.0025279098,5.602987e-05
0.9407972,7.290777e-23,0.056621384,3.332165e-12,9.8955725e-15,7.8734534e-20,0.0025254288,5.595481e-05
0.9408327,7.2312216e-23,0.056588214,3.3188942e-12,9.843724e-15,7.8150396e-20,0.0025233093,5.5880766e-05
0.94086885,7.1725423e-23,0.056554027,3.3061327e-12,9.792828e-15,7.757154e-20,0.002521306,5.5806864e-05
0.9409031,7.113673e-23,0.05652201,3.2925717e-12,9.740949e-15,7.699505e-20,0.002519081,5.5733e-05
0.94093513,7.0542466e-23,0.05649268,3.2778081e-12,9.687177e-15,7.642062e-20,0.0025165158,5.5658405e-05
0.94096667,6.9951805e-23,0.05646376,3.2629097e-12,9.633478e-15,7.5849864e-20,0.002513904,5.5584096e-05
0.941001,6.937634e-23,0.056431796,3.2494643e-12,9.582223e-15,7.528646e-20,0.0025116713,5.5510107e-05
0.94103897,6.882085e-23,0.05639566,3.2379147e-12,9.5342605e-15,7.473038e-20,0.0025099362,5.5437173e-05
0.94107795,6.827457e-23,0.056358207,3.2270308e-12,9.487525e-15,7.417934e-20,0.0025083672,5.5364333e-05
0.94111454,6.7722623e-23,0.056323647,3.214857e-12,9.438871e-15,7.3630493e-20,0.0025064442,5.5291453e-05
0.9411464,6.7156625e-23,0.056294512,3.200435e-12,9.3868005e-15,7.308115e-20,0.0025038912,5.5217493e-05
0.9411751,6.658344e-23,0.056268964,3.1845056e-12,9.33253e-15,7.253262e-20,0.0025008963,5.5143348e-05
0.94120437,6.601821e-23,0.056242496,3.1690204e-12,9.279216e-15,7.1989904e-20,0.0024980374,5.506933e-05
0.9412371,6.546976e-23,0.05621238,3.15521e-12,9.228669e-15,7.145341e-20,0.0024956071,5.4995668e-05
0.9412724,6.4936196e-23,0.05617923,3.1428174e-12,9.180559e-15,7.0923274e-20,0.0024935503,5.492283e-05
0.94130796,6.4408726e-23,0.056145675,3.1306112e-12,9.132946e-15,7.039817e-20,0.002491543,5.485042e-05
0.941342,6.38786e-23,0.056113984,3.1176446e-12,9.084282e-15,6.987471e-20,0.002489308,5.4777494e-05
0.94137484,6.3348655e-23,0.056083627,3.1041651e-12,9.034971e-15,6.935399e-20,0.0024869177,5.470449e-05
0.9414084,6.2827464e-23,0.05605226,3.0912712e-12,8.986791e-15,6.883852e-20,0.0024846734,5.4631982e-05
0.94144475,6.2318125e-23,0.056017976,3.0794733e-12,8.940497e-15,6.832865e-20,0.0024827227,5.4559583e-05
0.94148177,6.181719e-23,0.055982903,3.068273e-12,8.895296e-15,6.782338e-20,0.002480927,5.4487842e-05
0.9415178,6.1316246e-23,0.055948745,3.05662e-12,8.849572e-15,6.732074e-20,0.002478995,5.441566e-05
0.9415518,6.081228e-23,0.05591706,3.0440472e-12,8.802553e-15,6.6820917e-20,0.0024768137,5.4343418e-05
0.94158506,6.031078e-23,0.055885978,3.03124e-12,8.7553425e-15,6.632425e-20,0.00247454,5.427133e-05
0.9416204,5.98195e-23,0.05585291,3.01934e-12,8.709732e-15,6.583218e-20,0.0024724957,5.4199398e-05
0.94165814,5.9340964e-23,0.055816915,3.0087447e-12,8.6663e-15,6.5345414e-20,0.0024708197,5.4127962e-05
0.9416968,5.8870354e-23,0.05577983,2.998642e-12,8.623816e-15,6.48638e-20,0.0024692866,5.4057033e-05
0.941734,5.839759e-23,0.055744488,2.9878214e-12,8.580382e-15,6.438465e-20,0.0024675315,5.398586e-05
0.9417687,5.79203e-23,0.055711996,2.9759192e-12,8.535386e-15,6.390692e-20,0.0024654511,5.3914267e-05
0.94180316,5.7446246e-23,0.05567961,2.9639169e-12,8.490428e-15,6.3432235e-20,0.0024633247,5.3842763e-05
0.94184005,5.69849e-23,0.05564453,2.9532318e-12,8.447662e-15,6.29634e-20,0.0024615896,5.37717e-05
0.94188076,5.653935e-23,0.05560524,2.9442763e-12,8.407743e-15,6.2501147e-20,0.002460337,5.3701457e-05
0.94192255,5.610121e-23,0.05556445,2.9359221e-12,8.3688846e-15,6.20426e-20,0.0024592546,5.363131e-05
0.9419618,5.565824e-23,0.055526823,2.9264282e-12,8.328404e-15,6.1585354e-20,0.0024578143,5.3561063e-05
0.94199663,5.5203975e-23,0.05549415,2.9148266e-12,8.284825e-15,6.112841e-20,0.0024557612,5.3489894e-05
0.94202834,5.474405e-23,0.055464905,2.9019215e-12,8.239403e-15,6.0673026e-20,0.0024533134,5.3418644e-05
0.9420608,5.428966e-23,0.055434875,2.889324e-12,8.194611e-15,6.022062e-20,0.0024509425,5.334748e-05
0.9420958,5.384986e-23,0.05540184,2.8783148e-12,8.152449e-15,5.9774953e-20,0.002449024,5.3277166e-05
0.9421344,5.3421364e-23,0.055364918,2.8685565e-12,8.112296e-15,5.93337e-20,0.0024474713,5.3206884e-05
0.9421725,5.299707e-23,0.05532831,2.8589169e-12,8.072525e-15,5.8896365e-20,0.0024459534,5.313698e-05
0.94220936,5.2571054e-23,0.05529344,2.8485614e-12,8.031771e-15,5.846082e-20,0.002444202,5.306684e-05
0.9422448,5.21456e-23,0.055259783,2.8377578e-12,7.990481e-15,5.802798e-20,0.0024422994,5.299702e-05
0.94228137,5.172602e-23,0.055225153,2.827424e-12,7.950079e-15,5.759884e-20,0.0024405336,5.2926996e-05
0.94231975,5.1315787e-23,0.055188227,2.8180526e-12,7.911284e-15,5.717409e-20,0.002439058,5.2857224e-05
0.94235957,5.091238e-23,0.055149943,2.8092092e-12,7.873413e-15,5.675341e-20,0.0024377215,5.2788124e-05
0.942398,5.050918e-23,0.055113073,2.7998983e-12,7.834993e-15,5.633533e-20,0.0024362432,5.271858e-05
0.9424343,5.0102948e-23,0.05507852,2.7897125e-12,7.795405e-15,5.591848e-20,0.0024344856,5.2649266e-05
0.9424699,4.969804e-23,0.05504489,2.7792753e-12,7.755538e-15,5.55049e-20,0.0024326374,5.2579653e-05
0.9425074,4.9301023e-23,0.055009086,2.7696066e-12,7.717008e-15,5.5094895e-20,0.0024310201,5.2510335e-05
0.9425471,4.8914753e-23,0.054970704,2.7610884e-12,7.680358e-15,5.468951e-20,0.0024297344,5.244178e-05
0.94258744,4.8533582e-23,0.054931555,2.7529663e-12,7.644412e-15,5.428777e-20,0.0024285712,5.2373154e-05
0.94262654,4.8150725e-23,0.054894034,2.744126e-12,7.607521e-15,5.388829e-20,0.0024271947,5.2304546e-05
0.9426628,4.7764e-23,0.054859504,2.7342525e-12,7.569197e-15,5.3489957e-20,0.0024254667,5.2235522e-05
0.9426988,4.7379103e-23,0.05482541,2.7242165e-12,7.5308065e-15,5.3094155e-20,0.0024237004,5.2166477e-05
0.9427371,4.700424e-23,0.054788437,2.7153108e-12,7.494229e-15,5.270281e-20,0.0024222576,5.20978e-05
0.94277906,4.6642124e-23,0.054747522,2.707958e-12,7.460134e-15,5.231695e-20,0.00242131,5.2030053e-05
0.94282156,4.6285656e-23,0.054706044,2.7010902e-12,7.42685e-15,5.193434e-20,0.0024204908,5.1962583e-05
0.94286174,4.592426e-23,0.054667067,2.6930773e-12,7.391977e-15,5.155244e-20,0.0024193039,5.189452e-05
0.94289744,4.555383e-23,0.054633174,2.6830886e-12,7.354314e-15,5.1170753e-20,0.0024174997,5.1826006e-05
0.94293,4.5177786e-23,0.054602977,2.6718033e-12,7.314865e-15,5.0790172e-20,0.002415274,5.1756964e-05
0.94296277,4.4806397e-23,0.05457239,2.6607993e-12,7.275989e-15,5.041283e-20,0.002413127,5.1688276e-05
0.94299865,4.4445837e-23,0.054538358,2.651088e-12,7.239167e-15,5.0039593e-20,0.0024113737,5.162004e-05
0.94303715,4.409469e-23,0.054501276,2.6425077e-12,7.20409e-15,4.9670774e-20,0.0024099664,5.1552244e-05
0.94307566,4.3746155e-23,0.05446432,2.6339603e-12,7.169238e-15,4.9305047e-20,0.0024085713,5.1484483e-05
0.94311213,4.3396302e-23,0.05442956,2.6246839e-12,7.13345e-15,4.8940797e-20,0.0024069308,5.1416602e-05
0.9431473,4.3045416e-23,0.054396197,2.6149079e-12,7.097018e-15,4.8578417e-20,0.0024051184,5.1348492e-05
0.9431835,4.2700015e-23,0.05436188,2.605499e-12,7.0612923e-15,4.821915e-20,0.0024034106,5.128092e-05
0.94322115,4.236166e-23,0.0543257,2.596925e-12,7.026937e-15,4.7863708e-20,0.0024019734,5.1213665e-05
0.94325984,4.2028272e-23,0.054288357,2.588738e-12,6.993236e-15,4.7511293e-20,0.0024006523,5.1146406e-05
0.94329727,4.1694268e-23,0.05425252,2.5800466e-12,6.9589178e-15,4.7160694e-20,0.00239915,5.107902e-05
0.9433323,4.1357453e-23,0.05421926,2.5704855e-12,6.9234563e-15,4.6811498e-20,0.0023973635,5.101145e-05
0.94336677,4.1022083e-23,0.054186814,2.5606357e-12,6.8877505e-15,4.646485e-20,0.0023954741,5.0944032e-05
0.9434027,4.0692282e-23,0.054152615,2.5514118e-12,6.8530247e-15,4.6120848e-20,0.0023937637,5.087669e-05
0.94344074,4.0370774e-23,0.054116078,2.5431916e-12,6.8198926e-15,4.5781064e-20,0.0023923833,5.0809693e-05
0.94347936,4.0053968e-23,0.054078773,2.5352752e-12,6.7873402e-15,4.5444156e-20,0.0023910992,5.0743394e-05
0.9435161,3.9734716e-23,0.05404365,2.5266315e-12,6.7538727e-15,4.510878e-20,0.0023895577,5.0676357e-05
0.9435505,3.94122e-23,0.054011103,2.516969e-12,6.719016e-15,4.4774236e-20,0.0023876787,5.060929e-05
0.9435843,3.9091232e-23,0.053979464,2.507112e-12,6.6840535e-15,4.4442308e-20,0.002385723,5.0542178e-05
0.9436205,3.8778004e-23,0.053944893,2.4982481e-12,6.650609e-15,4.411379e-20,0.0023840813,5.047547e-05
0.94365966,3.84746e-23,0.053907014,2.4907344e-12,6.6192474e-15,4.3789345e-20,0.0023828913,5.040935e-05
0.94369924,3.8175917e-23,0.05386847,2.4836374e-12,6.588588e-15,4.3467973e-20,0.0023818235,5.0343435e-05
0.9437366,3.787339e-23,0.0538327,2.4754402e-12,6.5564556e-15,4.3147366e-20,0.0023803895,5.027739e-05
0.9437696,3.7562483e-23,0.05380194,2.4653584e-12,6.521736e-15,4.282665e-20,0.0023783077,5.0210343e-05
0.9437998,3.7247488e-23,0.053774215,2.454079e-12,6.4854505e-15,4.2506724e-20,0.0023758062,5.0143284e-05
0.9438299,3.6935973e-23,0.053746708,2.4429998e-12,6.4496113e-15,4.2189672e-20,0.0023733594,5.0076298e-05
0.9438628,3.6633038e-23,0.053715993,2.4330822e-12,6.4155067e-15,4.1875905e-20,0.0023712928,5.0009705e-05
0.94389796,3.633822e-23,0.05368255,2.4241815e-12,6.3829853e-15,4.1566317e-20,0.0023695657,4.9943697e-05
0.9439329,3.6044942e-23,0.05364943,2.4152668e-12,6.3505787e-15,4.1258528e-20,0.002367826,4.987748e-05
0.94396603,3.575055e-23,0.053618275,2.4056735e-12,6.3173128e-15,4.0952013e-20,0.0023658324,4.981139e-05
0.94399834,3.545569e-23,0.05358831,2.3955998e-12,6.283496e-15,4.0647426e-20,0.002363674,4.974526e-05
0.9440308,3.5164753e-23,0.05355786,2.3858415e-12,6.2502193e-15,4.034542e-20,0.00236161,4.9678983e-05
0.9440653,3.4879864e-23,0.0535253,2.376822e-12,6.218128e-15,4.004635e-20,0.0023597782,4.9613187e-05
0.94410044,3.459889e-23,0.05349198,2.3681632e-12,6.186654e-15,3.974983e-20,0.0023580731,4.9547372e-05
0.94413424,3.4317775e-23,0.05346003,2.3590552e-12,6.154673e-15,3.9455e-20,0.0023561995,4.9481805e-05
0.944166,3.4034716e-23,0.053430535,2.3491443e-12,6.1216778e-15,3.9161674e-20,0.0023540282,4.941608e-05
0.94419724,3.375204e-23,0.05340174,2.3389387e-12,6.0883665e-15,3.8869763e-20,0.0023517455,4.935018e-05
0.94422954,3.3474817e-23,0.05337149,2.3293444e-12,6.0560298e-15,3.8580663e-20,0.002349667,4.9284514e-05
0.9442641,3.3204377e-23,0.053338837,2.3206578e-12,6.02512e-15,3.829512e-20,0.0023478982,4.9219245e-05
0.94429904,3.2937022e-23,0.05330552,2.3122606e-12,5.994713e-15,3.8011705e-20,0.0023462146,4.9154125e-05
0.94433266,3.2669027e-23,0.053273976,2.3032266e-12,5.9635185e-15,3.7729902e-20,0.0023442984,4.908907e-05
0.9443637,3.239769e-23,0.053245254,2.2932639e-12,5.931135e-15,3.744837e-20,0.0023420404,4.9023412e-05
0.9443943,3.2128096e-23,0.053217027,2.28316e-12,5.8986998e-15,3.716921e-20,0.002339723,4.8958187e-05
0.9444271,3.1864957e-23,0.0531864,2.2739822e-12,5.867642e-15,3.689333e-20,0.0023377214,4.8893024e-05
0.94446266,3.1610332e-23,0.0531523,2.266071e-12,5.838457e-15,3.662074e-20,0.0023361577,4.8828555e-05
0.9444994,3.1359218e-23,0.05311717,2.2585254e-12,5.8098896e-15,3.6350197e-20,0.0023347207,4.8764137e-05
0.9445334,3.11055e-23,0.053084955,2.2500417e-12,5.7801448e-15,3.6081e-20,0.0023329353,4.8699578e-05
0.9445634,3.0845348e-23,0.053057384,2.2399049e-12,5.7482023e-15,3.581173e-20,0.0023305453,4.8634516e-05
0.9445904,3.0581906e-23,0.053033303,2.2286843e-12,5.71487e-15,3.5543143e-20,0.0023277376,4.856907e-05
0.9446183,3.032155e-23,0.053008173,2.2176865e-12,5.6819538e-15,3.5276872e-20,0.0023250063,4.850366e-05
0.94464815,3.0068642e-23,0.052980732,2.2078131e-12,5.6507474e-15,3.5013602e-20,0.0023226577,4.8439e-05
0.9446808,2.9822022e-23,0.05295014,2.1988624e-12,5.6208653e-15,3.4753457e-20,0.0023206412,4.8374564e-05
0.94471306,2.9577753e-23,0.05291994,2.1899802e-12,5.5912247e-15,3.4495364e-20,0.002318643,4.8310198e-05
0.9447441,2.9332196e-23,0.052891202,2.1805116e-12,5.560884e-15,3.423836e-20,0.002316414,4.8245853e-05
0.94477373,2.9086867e-23,0.05286412,2.170662e-12,5.5301303e-15,3.3982702e-20,0.0023140202,4.8181108e-05
0.9448044,2.8844936e-23,0.052835796,2.1611439e-12,5.49993e-15,3.37295e-20,0.0023117529,4.811692e-05
0.9448365,2.8608227e-23,0.05280565,2.1523482e-12,5.4708215e-15,3.347888e-20,0.002309729,4.805288e-05
0.9448696,2.8375112e-23,0.052774575,2.1439298e-12,5.4423294e-15,3.323041e-20,0.0023078416,4.7989077e-05
0.9449018,2.814205e-23,0.052744474,2.1351352e-12,5.4134227e-15,3.2983e-20,0.0023057994,4.7925492e-05
0.94493186,2.7907324e-23,0.05271678,2.1256822e-12,5.383754e-15,3.2737104e-20,0.0023034858,4.7861242e-05
0.94496137,2.7673484e-23,0.052689783,2.116016e-12,5.353877e-15,3.249265e-20,0.0023010876,4.779724e-05
0.9449924,2.744447e-23,0.052660864,2.1069472e-12,5.324926e-15,3.2250812e-20,0.0022989062,4.773353e-05
0.9450253,2.722094e-23,0.052629966,2.098758e-12,5.2972737e-15,3.2011447e-20,0.0022970445,4.7670135e-05
0.9450593,2.7000705e-23,0.052597735,2.0908542e-12,5.2701323e-15,3.1774143e-20,0.0022952808,4.7606925e-05
0.94509166,2.6779543e-23,0.05256744,2.0824445e-12,5.242361e-15,3.1538296e-20,0.002293316,4.7543585e-05
0.945122,2.6556595e-23,0.05253956,2.0732532e-12,5.213671e-15,3.1302944e-20,0.0022910307,4.7480407e-05
0.9451519,2.6334684e-23,0.05251197,2.0639638e-12,5.1848983e-15,3.106933e-20,0.0022887033,4.7416703e-05
0.94518375,2.6118468e-23,0.052482195,2.0555669e-12,5.157495e-15,3.0838466e-20,0.0022867057,4.7353453e-05
0.9452187,2.5909349e-23,0.05244881,2.0483357e-12,5.131721e-15,3.0610352e-20,0.0022851508,4.7291116e-05
0.94525456,2.5703893e-23,0.0524144,2.041533e-12,5.1066655e-15,3.0384884e-20,0.002283756,4.7228907e-05
0.9452881,2.5495819e-23,0.052382577,2.0338865e-12,5.080518e-15,3.015962e-20,0.0022820213,4.7166308e-05
0.9453181,2.5282968e-23,0.052355174,2.0247853e-12,5.0525193e-15,2.9934535e-20,0.0022796965,4.710334e-05
0.94534534,2.5067422e-23,0.05233062,2.0147501e-12,5.0233755e-15,2.9709924e-20,0.0022769982,4.7039786e-05
0.9453728,2.4854667e-23,0.0523058,2.0049602e-12,4.9946683e-15,2.948767e-20,0.0022743777,4.6976595e-05
0.9454032,2.464812e-23,0.052277755,1.9962064e-12,4.967429e-15,2.926773e-20,0.0022721505,4.691395e-05
0.9454357,2.4446886e-23,0.052247155,1.9883405e-12,4.941499e-15,2.9050606e-20,0.0022702727,4.6851444e-05
0.9454684,2.4247674e-23,0.052216385,1.9805514e-12,4.9157426e-15,2.883477e-20,0.002268399,4.6789482e-05
0.94549966,2.404766e-23,0.052187245,1.9722668e-12,4.8894414e-15,2.862027e-20,0.0022663376,4.6727175e-05
0.9455299,2.3847813e-23,0.05215936,1.9636625e-12,4.8627937e-15,2.8407014e-20,0.0022641157,4.6664805e-05
0.94556105,2.3650826e-23,0.052130446,1.9553664e-12,4.836646e-15,2.8195482e-20,0.0022620172,4.6602476e-05
0.94559354,2.3458182e-23,0.05209973,1.9477692e-12,4.811545e-15,2.7986312e-20,0.0022601865,4.6540652e-05
0.9456272,2.3268822e-23,0.052067813,1.9405222e-12,4.7869826e-15,2.7779042e-20,0.0022584894,4.6479014e-05
0.9456599,2.3079207e-23,0.05203704,1.9329575e-12,4.7621035e-15,2.757286e-20,0.0022566426,4.641732e-05
0.94569075,2.2888646e-23,0.05200838,1.9247978e-12,4.7365146e-15,2.7367636e-20,0.0022545564,4.6355486e-05
0.94572115,2.2698438e-23,0.0519802,1.916463e-12,4.710773e-15,2.716351e-20,0.0022523701,4.629349e-05
0.9457529,2.2512416e-23,0.051950425,1.908677e-12,4.685857e-15,2.6961871e-20,0.0022504125,4.6231777e-05
0.9457867,2.2330866e-23,0.051918305,1.9016882e-12,4.6620964e-15,2.6762196e-20,0.0022487722,4.6170775e-05
0.94582117,2.2151976e-23,0.05188545,1.8949792e-12,4.6387954e-15,2.6564317e-20,0.0022472334,4.610984e-05
0.9458544,2.1972313e-23,0.05185413,1.8877838e-12,4.6149366e-15,2.636727e-20,0.0022454807,4.6048484e-05
0.94588536,2.1791061e-23,0.051825173,1.879901e-12,4.5902435e-15,2.6171119e-20,0.0022434373,4.59871e-05
0.9459163,2.1611057e-23,0.051796533,1.8719262e-12,4.565508e-15,2.5976229e-20,0.0022413272,4.5925844e-05
0.9459487,2.1435435e-23,0.05176581,1.8647492e-12,4.5419355e-15,2.578362e-20,0.0022395556,4.586496e-05
0.9459849,2.1265543e-23,0.05173117,1.8586274e-12,4.51983e-15,2.5593317e-20,0.0022382152,4.5804558e-05
0.94602114,2.1098367e-23,0.051696066,1.852862e-12,4.4982612e-15,2.5404809e-20,0.002237012,4.5744364e-05
0.9460557,2.0929273e-23,0.05166316,1.8463289e-12,4.4757623e-15,2.5216877e-20,0.0022354878,4.568391e-05
0.9460862,2.0756062e-23,0.05163468,1.8384745e-12,4.451625e-15,2.5029083e-20,0.0022333863,4.5623034e-05
0.946114,2.0580692e-23,0.051609512,1.8297477e-12,4.426457e-15,2.4841857e-20,0.0022309057,4.556172e-05
0.9461424,2.0407593e-23,0.051583704,1.8212233e-12,4.4016186e-15,2.4656328e-20,0.0022284996,4.550073e-05
0.94617325,2.0239399e-23,0.051554892,1.8136216e-12,4.3780994e-15,2.447281e-20,0.0022264672,4.5440116e-05
0.9462065,2.0075402e-23,0.05152338,1.8068005e-12,4.3556475e-15,2.4291367e-20,0.002224754,4.5379827e-05
0.9462394,1.9912878e-23,0.05149226,1.8000252e-12,4.333342e-15,2.4111263e-20,0.0022230584,4.5319557e-05
0.9462709,1.974983e-23,0.05146275,1.7927661e-12,4.310487e-15,2.3932088e-20,0.0022211508,4.5259472e-05
0.9463013,1.95866e-23,0.05143437,1.7852009e-12,4.2873386e-15,2.3754042e-20,0.00221909,4.519903e-05
0.9463328,1.9425634e-23,0.051404998,1.7778832e-12,4.2645796e-15,2.3577344e-20,0.0022171268,4.5138633e-05
0.9463655,1.9268363e-23,0.051374033,1.7711785e-12,4.2426915e-15,2.3402528e-20,0.0022154194,4.5079058e-05
0.9463992,1.9113117e-23,0.05134197,1.76475e-12,4.2212416e-15,2.3229385e-20,0.0022138257,4.501932e-05
0.94643176,1.8958085e-23,0.051311232,1.7580243e-12,4.1994953e-15,2.3057057e-20,0.0022120806,4.4959812e-05
0.9464625,1.8801766e-23,0.051282473,1.7506964e-12,4.17704e-15,2.2885352e-20,0.002210071,4.489978e-05
0.9464926,1.8646012e-23,0.05125457,1.7432014e-12,4.154464e-15,2.2714908e-20,0.0022079714,4.4839842e-05
0.946524,1.8493336e-23,0.051225096,1.7361685e-12,4.1325674e-15,2.2546199e-20,0.0022060703,4.478018e-05
0.94655734,1.8344187e-23,0.051193494,1.7298133e-12,4.1116106e-15,2.237904e-20,0.0022044508,4.472086e-05
0.94659114,1.8197151e-23,0.051161252,1.7236931e-12,4.091027e-15,2.2213729e-20,0.0022029406,4.46618e-05
0.94662356,1.8049341e-23,0.051130615,1.717104e-12,4.0699196e-15,2.2048929e-20,0.0022012058,4.4602373e-05
0.9466539,1.7900166e-23,0.051102325,1.7098415e-12,4.048016e-15,2.188472e-20,0.0021991553,4.4542932e-05
0.9466838,1.7751808e-23,0.051074706,1.7024725e-12,4.026076e-15,2.1721727e-20,0.0021970528,4.448351e-05
0.9467158,1.7606866e-23,0.051044483,1.6957823e-12,4.0050725e-15,2.1560324e-20,0.0021952398,4.442443e-05
0.9467501,1.7466617e-23,0.051011685,1.6900349e-12,3.9853434e-15,2.1401151e-20,0.0021938335,4.436562e-05
0.9467857,1.7328434e-23,0.05097742,1.6845694e-12,3.966035e-15,2.1243346e-20,0.002192554,4.430729e-05
0.9468186,1.7188736e-23,0.05094624,1.678393e-12,3.945905e-15,2.1085999e-20,0.0021909499,4.424874e-05
0.9468481,1.7045489e-23,0.05091907,1.6709676e-12,3.9242617e-15,2.0928623e-20,0.0021887606,4.4189434e-05
0.94687456,1.690035e-23,0.05089505,1.6627291e-12,3.9016828e-15,2.0771804e-20,0.0021861892,4.4129854e-05
0.9469014,1.6756898e-23,0.050870873,1.6546518e-12,3.879383e-15,2.0616323e-20,0.0021836797,4.4070664e-05
0.9469308,1.6617374e-23,0.050843645,1.6473783e-12,3.8581627e-15,2.0462453e-20,0.0021815181,4.401185e-05
0.94696224,1.6481434e-23,0.05081421,1.640788e-12,3.8378864e-15,2.0310394e-20,0.0021796545,4.39532e-05
0.9469935,1.6346605e-23,0.05078469,1.6342145e-12,3.8177016e-15,2.0159461e-20,0.0021777963,4.3894834e-05
0.9470233,1.6211122e-23,0.050757233,1.6271899e-12,3.797038e-15,2.0009313e-20,0.0021757141,4.3836055e-05
0.9470517,1.6075449e-23,0.050730977,1.6198594e-12,3.7760623e-15,1.9859876e-20,0.002173477,4.3777418e-05
0.9470811,1.594172e-23,0.050703824,1.6127449e-12,3.7554214e-15,1.9711951e-20,0.0021713362,4.3718905e-05
0.94711167,1.5810751e-23,0.0506752,1.6061539e-12,3.735511e-15,1.9565377e-20,0.0021694314,4.366086e-05
0.9471434,1.5681654e-23,0.05064549,1.5998021e-12,3.7159657e-15,1.941999e-20,0.0021676202,4.3602737e-05
0.9471737,1.5552402e-23,0.050617076,1.5931512e-12,3.6961083e-15,1.9275362e-20,0.00216565,4.3544413e-05
0.94720227,1.5422245e-23,0.050590806,1.5859591e-12,3.6756766e-15,1.9131482e-20,0.0021634237,4.3486092e-05
0.94723016,1.5292698e-23,0.050565284,1.5786116e-12,3.6551187e-15,1.8988663e-20,0.002161108,4.3427983e-05
0.9472593,1.5165305e-23,0.05053839,1.5716571e-12,3.635097e-15,1.8846935e-20,0.002158956,4.3369884e-05
0.9472902,1.5041004e-23,0.050509304,1.565321e-12,3.6159493e-15,1.8706869e-20,0.0021570958,4.3312066e-05
0.9473219,1.4918251e-23,0.050479595,1.5591814e-12,3.597098e-15,1.8568004e-20,0.002155332,4.3254364e-05
0.9473518,1.4795058e-23,0.050451733,1.5526126e-12,3.577779e-15,1.842971e-20,0.002153329,4.3196655e-05
0.94737965,1.4670836e-23,0.05042618,1.545455e-12,3.557809e-15,1.8292059e-20,0.0021510439,4.3139014e-05
0.94740725,1.454699e-23,0.05040111,1.5381744e-12,3.537747e-15,1.8155156e-20,0.0021486708,4.3080945e-05
0.94743645,1.4426302e-23,0.050373927,1.531515e-12,3.5185291e-15,1.8019924e-20,0.002146611,4.3023232e-05
0.94746864,1.4309334e-23,0.05034346,1.5257124e-12,3.5004278e-15,1.7886302e-20,0.0021449344,4.29663e-05
0.94750154,1.4194085e-23,0.05031219,1.5201706e-12,3.4827278e-15,1.7753753e-20,0.0021433772,4.2909363e-05
0.9475321,1.4077635e-23,0.050283592,1.5139926e-12,3.4643027e-15,1.7621874e-20,0.0021415132,4.2852305e-05
0.94755876,1.3958354e-23,0.050259307,1.5066892e-12,3.4445675e-15,1.74899e-20,0.0021390712,4.279474e-05
0.94758326,1.3837622e-23,0.0502377,1.4986742e-12,3.4240225e-15,1.7358348e-20,0.002136266,4.273683e-05
0.9476078,1.3718252e-23,0.050216008,1.4908043e-12,3.4037301e-15,1.7227915e-20,0.00213353,4.2679203e-05
0.9476349,1.3602127e-23,0.0501914,1.4836728e-12,3.3844061e-15,1.7098901e-20,0.0021311245,4.2621734e-05
0.94766355,1.3489066e-23,0.050164778,1.4771836e-12,3.3659423e-15,1.6971528e-20,0.0021290253,4.256473e-05
0.9476928,1.3376848e-23,0.050137818,1.4707181e-12,3.3475811e-15,1.6844985e-20,0.002126942,4.250775e-05
0.9477203,1.3264226e-23,0.0501126,1.4638677e-12,3.3288058e-15,1.6719034e-20,0.0021246418,4.245081e-05
0.9477469,1.3151636e-23,0.050088584,1.4567391e-12,3.309754e-15,1.659376e-20,0.0021221882,4.239378e-05
0.94777405,1.3040605e-23,0.050063755,1.4498427e-12,3.2910516e-15,1.6469623e-20,0.0021198378,4.2336775e-05
0.94780254,1.29318126e-23,0.05003748,1.4434324e-12,3.273009e-15,1.6346683e-20,0.0021177232,4.228031e-05
0.9478322,1.2824826e-23,0.050009854,1.4372549e-12,3.2553179e-15,1.6225056e-20,0.0021157144,4.2223684e-05
0.9478607,1.2717737e-23,0.049983602,1.4308403e-12,3.237409e-15,1.6104005e-20,0.0021135816,4.2167332e-05
0.94788724,1.2609977e-23,0.04995946,1.4239539e-12,3.2189785e-15,1.5983335e-20,0.0021111793,4.21106e-05
0.9479137,1.2502653e-23,0.04993561,1.4169387e-12,3.2004568e-15,1.5863508e-20,0.0021086887,4.2054024e-05
0.9479408,1.2397385e-23,0.049910754,1.4103193e-12,3.1824815e-15,1.5744953e-20,0.0021064035,4.1997235e-05
0.9479703,1.2294628e-23,0.049883373,1.4042672e-12,3.1652666e-15,1.562756e-20,0.0021044007,4.19413e-05
0.94799995,1.2193377e-23,0.04985564,1.3984281e-12,3.1483615e-15,1.5511399e-20,0.0021024887,4.1885378e-05
0.9480287,1.2091565e-23,0.049829107,1.392211e-12,3.1310543e-15,1.53955e-20,0.0021003736,4.182932e-05
0.9480548,1.19891514e-23,0.04980539,1.3854915e-12,3.1132156e-15,1.5280425e-20,0.0020979852,4.1773186e-05
0.94808125,1.1887156e-23,0.04978152,1.3786947e-12,3.0953265e-15,1.516581e-20,0.0020955321,4.1716943e-05
0.94810915,1.17877994e-23,0.049755737,1.3724906e-12,3.0782257e-15,1.5052655e-20,0.0020933866,4.1661042e-05
0.9481401,1.1691406e-23,0.049726717,1.367054e-12,3.0621169e-15,1.4940787e-20,0.002091631,4.160562e-05
0.94817173,1.15966955e-23,0.049696613,1.3618919e-12,3.0463966e-15,1.482999e-20,0.002090018,4.1550345e-05
0.94820154,1.1500974e-23,0.049668893,1.3561749e-12,3.0300692e-15,1.4719648e-20,0.0020880955,4.1494906e-05
0.9482272,1.1403035e-23,0.04964561,1.3494871e-12,3.0126323e-15,1.4609283e-20,0.0020856364,4.143896e-05
0.94825107,1.1303968e-23,0.049624804,1.3421667e-12,2.9944787e-15,1.4499276e-20,0.0020828245,4.1382897e-05
0.94827473,1.12061865e-23,0.049603805,1.3350104e-12,2.9766044e-15,1.4390204e-20,0.0020800815,4.132698e-05
0.948301,1.1111146e-23,0.049580015,1.3285445e-12,2.9596125e-15,1.4282535e-20,0.0020776985,4.127149e-05
0.9483295,1.1018535e-23,0.049553614,1.322663e-12,2.9433868e-15,1.4175922e-20,0.002075628,4.1216168e-05
0.94835806,1.0926697e-23,0.049527325,1.3168225e-12,2.9272504e-15,1.4070108e-20,0.0020735536,4.116096e-05
0.94838494,1.08346945e-23,0.049502566,1.310663e-12,2.9108086e-15,1.3965004e-20,0.002071308,4.1105755e-05
0.9484112,1.07427236e-23,0.049478833,1.3042851e-12,2.8941697e-15,1.3860465e-20,0.002068925,4.1050596e-05
0.9484382,1.0651947e-23,0.049454108,1.2981102e-12,2.8778044e-15,1.3756613e-20,0.0020666195,4.099527e-05
0.9484664,1.0563322e-23,0.04942804,1.2924073e-12,2.862081e-15,1.3654131e-20,0.0020645868,4.0940544e-05
0.9484956,1.04760034e-23,0.049400814,1.2869295e-12,2.8466634e-15,1.3552426e-20,0.002062657,4.088597e-05
0.9485241,1.0388686e-23,0.049374416,1.2812369e-12,2.8310569e-15,1.3451315e-20,0.0020606015,4.0831044e-05
0.94855076,1.03008976e-23,0.049350098,1.2751511e-12,2.8150365e-15,1.3350625e-20,0.0020582946,4.0776275e-05
0.9485768,1.0213455e-23,0.049326513,1.2689676e-12,2.7989662e-15,1.3250683e-20,0.0020559302,4.0721472e-05
0.9486043,1.0127774e-23,0.04930123,1.2631436e-12,2.7833634e-15,1.3151658e-20,0.0020537633,4.0666884e-05
0.94863373,1.0044135e-23,0.04927371,1.2578382e-12,2.7684344e-15,1.3053748e-20,0.0020518792,4.0612485e-05
0.9486638,9.961726e-24,0.04924558,1.2527301e-12,2.7537969e-15,1.2956676e-20,0.00205008,4.055846e-05
0.94869244,9.879073e-24,0.049218994,1.2473154e-12,2.7388463e-15,1.286016e-20,0.0020481097,4.0504332e-05
0.948719,9.795702e-24,0.049194563,1.2414309e-12,2.7233994e-15,1.2763942e-20,0.0020458596,4.0449726e-05
0.9487458,9.712777e-24,0.049170338,1.2354965e-12,2.7079368e-15,1.2668352e-20,0.0020435522,4.039547e-05
0.948774,9.632112e-24,0.04914405,1.2300991e-12,2.6931825e-15,1.2573929e-20,0.0020415478,4.0341503e-05
0.9488052,9.5538605e-24,0.049114555,1.2253975e-12,2.6792734e-15,1.24806295e-20,0.0020399336,4.028785e-05
0.9488372,9.476867e-24,0.049084086,1.2209407e-12,2.665723e-15,1.2388176e-20,0.0020384544,4.0234452e-05
0.94886726,9.399183e-24,0.04905588,1.2159942e-12,2.6516284e-15,1.2296192e-20,0.002036698,4.018093e-05
0.94889355,9.31961e-24,0.049031883,1.210174e-12,2.6365722e-15,1.22040515e-20,0.002034388,4.0126943e-05
0.9489178,9.2391405e-24,0.04901042,1.2037911e-12,2.6209158e-15,1.2112299e-20,0.0020317584,4.0072515e-05
0.9489418,9.159678e-24,0.04898886,1.197558e-12,2.6054907e-15,1.2021325e-20,0.0020291917,4.0018494e-05
0.9489687,9.082451e-24,0.04896446,1.191936e-12,2.5908167e-15,1.1931389e-20,0.002026973,3.9964747e-05
0.94899726,9.0072296e-24,0.048937738,1.1868335e-12,2.5768193e-15,1.18425526e-20,0.0020250592,3.9911218e-05
0.9490262,8.9327035e-24,0.048910767,1.1817804e-12,2.5629085e-15,1.17542494e-20,0.0020231328,3.985812e-05
0.9490535,8.857867e-24,0.0488856,1.1764213e-12,2.5487183e-15,1.1666494e-20,0.0020210447,3.9804527e-05
0.9490802,8.783115e-24,0.04886124,1.1708623e-12,2.5343152e-15,1.157921e-20,0.0020188128,3.9751205e-05
0.9491074,8.7093636e-24,0.04883618,1.1654906e-12,2.5201964e-15,1.1492629e-20,0.002016679,3.9697865e-05
0.9491362,8.637301e-24,0.048809443,1.1605213e-12,2.506591e-15,1.1407063e-20,0.0020147737,3.964482e-05
0.9491657,8.566299e-24,0.048781645,1.1557572e-12,2.4932792e-15,1.1322272e-20,0.0020129944,3.9591945e-05
0.9491944,8.495289e-24,0.048755027,1.1507987e-12,2.4797906e-15,1.1237844e-20,0.002011069,3.9539107e-05
0.9492214,8.423889e-24,0.048730288,1.1454749e-12,2.4659185e-15,1.1153856e-20,0.00200892,3.948616e-05
0.94924754,8.3527e-24,0.048706356,1.1400399e-12,2.4519721e-15,1.1070401e-20,0.0020066774,3.9432827e-05
0.94927526,8.282915e-24,0.048680656,1.1349312e-12,2.4384533e-15,1.098784e-20,0.0020046511,3.9380015e-05
0.9493046,8.214855e-24,0.048653103,1.1302827e-12,2.4255125e-15,1.0905997e-20,0.0020028614,3.9327788e-05
0.9493348,8.147704e-24,0.048624784,1.1257939e-12,2.412799e-15,1.082502e-20,0.0020011782,3.9275288e-05
0.9493636,8.080288e-24,0.048597883,1.1210112e-12,2.3998006e-15,1.0744384e-20,0.0019993007,3.9222545e-05
0.9493904,8.012375e-24,0.04857322,1.1158144e-12,2.3863665e-15,1.0664081e-20,0.0019971542,3.917005e-05
0.94941664,7.944785e-24,0.04854918,1.1105561e-12,2.3729158e-15,1.0584372e-20,0.0019949612,3.911752e-05
0.9494451,7.878865e-24,0.048522774,1.1057576e-12,2.3600326e-15,1.0505445e-20,0.0019930415,3.906527e-05
0.94947606,7.815003e-24,0.048493356,1.1015854e-12,2.3479148e-15,1.04274905e-20,0.0019914934,3.901334e-05
0.9495079,7.752139e-24,0.048463084,1.0976206e-12,2.3360843e-15,1.0350322e-20,0.0019900866,3.8961512e-05
0.9495377,7.688592e-24,0.048435032,1.0931923e-12,2.3237589e-15,1.027335e-20,0.0019883658,3.8909788e-05
0.9495638,7.6235865e-24,0.04841124,1.0879803e-12,2.3105903e-15,1.0196482e-20,0.001986133,3.885738e-05
0.9495871,7.557781e-24,0.048390456,1.082245e-12,2.296867e-15,1.0119851e-20,0.0019835695,3.880497e-05
0.9496112,7.4927516e-24,0.048368983,1.076627e-12,2.2833232e-15,1.0043805e-20,0.0019810486,3.875248e-05
0.94963765,7.42949e-24,0.048344783,1.0715538e-12,2.270445e-15,9.968657e-21,0.001978872,3.870023e-05
0.949666,7.367901e-24,0.04831839,1.0669418e-12,2.2581437e-15,9.894321e-21,0.0019769752,3.864871e-05
0.9496943,7.306793e-24,0.048292,1.0623517e-12,2.2459e-15,9.820611e-21,0.0019750947,3.8596972e-05
0.94972104,7.245519e-24,0.04826739,1.0574832e-12,2.2334042e-15,9.747286e-21,0.0019730004,3.85452e-05
0.94974697,7.1842036e-24,0.048243765,1.0524232e-12,2.2207215e-15,9.6742795e-21,0.001970779,3.849339e-05
0.94977343,7.1237374e-24,0.048219446,1.0475259e-12,2.2082725e-15,9.601935e-21,0.001968653,3.8441598e-05
0.94980127,7.064598e-24,0.048193548,1.0429791e-12,2.196265e-15,9.5303986e-21,0.00196674,3.8390368e-05
0.9498301,7.006225e-24,0.048166525,1.0385958e-12,2.1844834e-15,9.459442e-21,0.0019649307,3.833907e-05
0.94985783,6.947901e-24,0.04814093,1.0340343e-12,2.1725383e-15,9.388824e-21,0.0019629856,3.8287682e-05
0.9498839,6.889237e-24,0.048117004,1.0291377e-12,2.1602593e-15,9.31861e-21,0.0019608147,3.823626e-05
0.9499094,6.830777e-24,0.04809389,1.0241407e-12,2.1479174e-15,9.2488446e-21,0.0019585518,3.818474e-05
0.94993615,6.7733396e-24,0.048069198,1.0194104e-12,2.1359096e-15,9.179684e-21,0.0019564696,3.81333e-05
0.94996446,6.717394e-24,0.048042856,1.0151022e-12,2.1244262e-15,9.111333e-21,0.0019546389,3.8082646e-05
0.9499934,6.662145e-24,0.048015647,1.0109228e-12,2.1131268e-15,9.043532e-21,0.001952902,3.803194e-05
0.95002127,6.606687e-24,0.04798986,1.0064794e-12,2.1015724e-15,8.976088e-21,0.0019509619,3.7981008e-05
0.95004684,6.5507747e-24,0.047966447,1.0016535e-12,2.0896299e-15,8.908854e-21,0.0019487625,3.7929978e-05
0.95007217,6.4950863e-24,0.047943484,9.967651e-13,2.0776592e-15,8.842121e-21,0.0019465002,3.7878646e-05
0.95009935,6.4408185e-24,0.047918253,9.922863e-13,2.066187e-15,8.776141e-21,0.0019445204,3.7827962e-05
0.9501291,6.388214e-24,0.047890242,9.883677e-13,2.0553873e-15,8.7109066e-21,0.0019428887,3.7777554e-05
0.95015955,6.3363347e-24,0.047861364,9.846192e-13,2.0448091e-15,8.6462645e-21,0.001941375,3.772728e-05
0.95018786,6.2840474e-24,0.047834866,9.804711e-13,2.0338233e-15,8.581917e-21,0.0019395805,3.7677022e-05
0.9502129,6.2304345e-24,0.047812227,9.75602e-13,2.0220716e-15,8.517502e-21,0.001937265,3.7626127e-05
0.950235,6.176247e-24,0.04779273,9.702765e-13,2.0098758e-15,8.4534135e-21,0.001934633,3.757519e-05
0.9502578,6.1226516e-24,0.047772642,9.650413e-13,1.9978003e-15,8.38975e-21,0.001932041,3.7524307e-05
0.950283,6.0705328e-24,0.047749773,9.602986e-13,1.9863179e-15,8.326904e-21,0.001929783,3.7473594e-05
0.9503098,6.0197404e-24,0.047724985,9.559651e-13,1.975334e-15,8.2647016e-21,0.0019277937,3.7423397e-05
0.9503367,5.9694185e-24,0.047700126,9.51655e-13,1.964411e-15,8.203026e-21,0.0019258106,3.7373313e-05
0.95036215,5.9188995e-24,0.047676936,9.470919e-13,1.9532476e-15,8.1416124e-21,0.0019236372,3.732313e-05
0.9503869,5.8683102e-24,0.04765454,9.423576e-13,1.9419238e-15,8.0805295e-21,0.0019213258,3.727277e-05
0.95041186,5.8184885e-24,0.04763171,9.377689e-13,1.930821e-15,8.0199975e-21,0.0019191075,3.7222566e-05
0.95043844,5.769715e-24,0.047607247,9.334943e-13,1.9200922e-15,7.960055e-21,0.0019170959,3.7172733e-05
0.9504659,5.7216835e-24,0.04758175,9.293765e-13,1.9095708e-15,7.900688e-21,0.0019151795,3.7123005e-05
0.9504921,5.6736115e-24,0.04755766,9.25092e-13,1.898916e-15,7.841663e-21,0.0019131514,3.707308e-05
0.9505169,5.6252484e-24,0.04753523,9.205134e-13,1.8879577e-15,7.782861e-21,0.001910887,3.702303e-05
0.9505411,5.5770596e-24,0.047513414,9.158451e-13,1.8769469e-15,7.7244355e-21,0.001908539,3.697302e-05
0.9505661,5.5297946e-24,0.047490563,9.114254e-13,1.8662584e-15,7.666601e-21,0.0019063719,3.692332e-05
0.9505935,5.483676e-24,0.047465213,9.0737715e-13,1.8560031e-15,7.609364e-21,0.0019044494,3.687382e-05
0.9506211,5.4381515e-24,0.04743944,9.034523e-13,1.8459247e-15,7.552671e-21,0.0019026077,3.682453e-05
0.9506474,5.392503e-24,0.047415156,8.992944e-13,1.8356252e-15,7.496219e-21,0.0019005913,3.6775113e-05
0.9506718,5.3464515e-24,0.04739322,8.9479357e-13,1.8249894e-15,7.440003e-21,0.0018983068,3.672552e-05
0.9506958,5.30059e-24,0.047371555,8.902471e-13,1.8143386e-15,7.384094e-21,0.0018959702,3.6675836e-05
0.95072156,5.2559128e-24,0.047347903,8.8606656e-13,1.8041181e-15,7.328898e-21,0.0018938963,3.6626567e-05
0.95075,5.2126406e-24,0.047321245,8.823944e-13,1.794494e-15,7.274384e-21,0.001892189,3.6577672e-05
0.9507793,5.170026e-24,0.047293648,8.7888247e-13,1.7850864e-15,7.220282e-21,0.0018905879,3.6529025e-05
0.95080644,5.126945e-24,0.0472683,8.750035e-13,1.7753038e-15,7.166431e-21,0.0018887045,3.648011e-05
0.95083004,5.0828675e-24,0.047247212,8.704891e-13,1.7648682e-15,7.112574e-21,0.0018863301,3.643081e-05
0.95085096,5.0383272e-24,0.047228973,8.6557606e-13,1.7540339e-15,7.05894e-21,0.0018836358,3.6381196e-05
0.95087254,4.9942575e-24,0.04721014,8.6074713e-13,1.7433271e-15,7.005689e-21,0.0018809965,3.6331887e-05
0.95089626,4.9514338e-24,0.04718881,8.5636516e-13,1.7331458e-15,6.95312e-21,0.0018786824,3.628276e-05
0.9509219,4.9096987e-24,0.047165155,8.52342e-13,1.7233758e-15,6.901091e-21,0.0018766217,3.6234043e-05
0.95094776,4.868317e-24,0.04714153,8.4835096e-13,1.7136936e-15,6.849507e-21,0.0018745766,3.6185305e-05
0.95097214,4.8267977e-24,0.047119364,8.441357e-13,1.7037907e-15,6.798089e-21,0.0018723464,3.6136535e-05
0.9509956,4.785336e-24,0.047098335,8.397772e-13,1.6937753e-15,6.7471022e-21,0.001869998,3.6087833e-05
0.9510196,4.7443953e-24,0.047076702,8.3555157e-13,1.6839285e-15,6.6963995e-21,0.0018677192,3.6038946e-05
0.95104516,4.7043156e-24,0.047053285,8.3160556e-13,1.674423e-15,6.6462916e-21,0.0018656529,3.599042e-05
0.9510713,4.6648974e-24,0.047029007,8.27805e-13,1.665112e-15,6.5966628e-21,0.0018636961,3.594233e-05
0.9510966,4.62547e-24,0.047005866,8.2386696e-13,1.6556868e-15,6.5472997e-21,0.0018616229,3.5893987e-05
0.9511203,4.5857565e-24,0.046984535,8.196555e-13,1.645986e-15,6.4980966e-21,0.001859306,3.5845384e-05
0.95114315,4.5462575e-24,0.046964068,8.1538086e-13,1.6362654e-15,6.4493055e-21,0.0018569354,3.579691e-05
0.9511675,4.507451e-24,0.046941992,8.113217e-13,1.6267974e-15,6.400844e-21,0.0018547121,3.574857e-05
0.95119363,4.4696484e-24,0.046917945,8.0759986e-13,1.6177324e-15,6.3530238e-21,0.001852753,3.5700796e-05
0.95122015,4.432316e-24,0.04689331,8.0399364e-13,1.6088292e-15,6.30566e-21,0.0018508796,3.565286e-05
0.9512455,4.394872e-24,0.046870057,8.0017823e-13,1.599729e-15,6.2584267e-21,0.001848812,3.5604782e-05
0.9512688,4.3571194e-24,0.046849042,7.960692e-13,1.5903493e-15,6.2114386e-21,0.0018465066,3.555679e-05
0.951292,4.3195586e-24,0.04682838,7.919119e-13,1.5809397e-15,6.164709e-21,0.0018441458,3.550869e-05
0.9513167,4.2829495e-24,0.046805758,7.8809306e-13,1.5719362e-15,6.1185742e-21,0.0018420494,3.5460882e-05
0.9513443,4.2474736e-24,0.046779983,7.847155e-13,1.5634299e-15,6.072942e-21,0.0018402943,3.5413315e-05
0.9513727,4.212536e-24,0.04675328,7.814916e-13,1.5551192e-15,6.027793e-21,0.0018386511,3.53661e-05
0.9513988,4.17727e-24,0.046729155,7.7794227e-13,1.5464952e-15,5.9827825e-21,0.0018367455,3.5318706e-05
0.9514214,4.1411628e-24,0.046708964,7.738363e-13,1.5373031e-15,5.9377694e-21,0.0018343577,3.5270903e-05
0.95144147,4.1046677e-24,0.0466916,7.693653e-13,1.5277537e-15,5.8929215e-21,0.001831652,3.5222878e-05
0.95146215,4.068574e-24,0.046673648,7.6498047e-13,1.5183282e-15,5.8483943e-21,0.0018290071,3.51748e-05
0.9514848,4.033545e-24,0.04665331,7.6098936e-13,1.5093555e-15,5.804415e-21,0.0018266676,3.5127498e-05
0.95150965,3.999345e-24,0.046630688,7.573299e-13,1.5007714e-15,5.760977e-21,0.0018245999,3.5080073e-05
0.9515347,3.965466e-24,0.046607725,7.536896e-13,1.4922249e-15,5.7178436e-21,0.0018225245,3.5032783e-05
0.951558,3.9314922e-24,0.04658674,7.498566e-13,1.4835094e-15,5.6748928e-21,0.0018202849,3.4985394e-05
0.95158035,3.8974935e-24,0.046566777,7.4589434e-13,1.4746857e-15,5.632195e-21,0.0018179162,3.4938108e-05
0.95160365,3.8639985e-24,0.046545807,7.4205285e-13,1.4660278e-15,5.589909e-21,0.001815646,3.4890883e-05
0.95162815,3.8312493e-24,0.046523396,7.3846295e-13,1.4576618e-15,5.5480316e-21,0.0018135572,3.484393e-05
0.95165354,3.798941e-24,0.046500064,7.3500337e-13,1.4494608e-15,5.5065365e-21,0.0018115883,3.4797173e-05
0.95167786,3.7666708e-24,0.04647793,7.31421e-13,1.4411613e-15,5.4653253e-21,0.00180949,3.4750174e-05
0.95170075,3.734199e-24,0.04645733,7.276037e-13,1.4326452e-15,5.424186e-21,0.001807176,3.4703055e-05
0.95172286,3.701891e-24,0.046437774,7.2372436e-13,1.4240856e-15,5.3833726e-21,0.0018047929,3.4656106e-05
0.95174617,3.6701474e-24,0.046416596,7.200479e-13,1.4157679e-15,5.342955e-21,0.0018025718,3.460939e-05
0.9517713,3.6392102e-24,0.046393484,7.1666344e-13,1.407797e-15,5.302972e-21,0.0018005919,3.4562745e-05
0.95179737,3.6086754e-24,0.04636945,7.1338535e-13,1.3999684e-15,5.2633333e-21,0.0017987001,3.4516386e-05
0.95182186,3.5780352e-24,0.046347033,7.0992333e-13,1.3919634e-15,5.223903e-21,0.0017966327,3.446984e-05
0.95184416,3.5471608e-24,0.046327174,7.0619763e-13,1.3837105e-15,5.1846376e-21,0.0017943168,3.4423112e-05
0.9518665,3.5164445e-24,0.046307147,7.0243664e-13,1.375449e-15,5.145569e-21,0.0017919494,3.437648e-05
0.95189035,3.486506e-24,0.04628544,6.989766e-13,1.3675362e-15,5.107037e-21,0.0017898559,3.4330264e-05
0.95191705,3.4575186e-24,0.046260606,6.9591793e-13,1.3600725e-15,5.068963e-21,0.0017880925,3.4284243e-05
0.95194435,3.428957e-24,0.046234943,6.9298544e-13,1.3527742e-15,5.0312146e-21,0.0017864291,3.423847e-05
0.9519701,3.40012e-24,0.046211243,6.89772e-13,1.3451946e-15,4.993606e-21,0.0017845142,3.4192508e-05
0.9519918,3.370611e-24,0.04619194,6.8606e-13,1.3371264e-15,4.9559735e-21,0.0017821313,3.4145996e-05
0.9520112,3.3407766e-24,0.046175264,6.8203066e-13,1.3287485e-15,4.918463e-21,0.0017794452,3.4099445e-05
0.9520309,3.311283e-24,0.046158254,6.7807814e-13,1.3204839e-15,4.8812934e-21,0.001776813,3.4052733e-05
0.95205283,3.2826336e-24,0.046138633,6.744795e-13,1.3126093e-15,4.844564e-21,0.001774488,3.4006753e-05
0.952077,3.2547111e-24,0.04611666,6.711753e-13,1.3050784e-15,4.8082692e-21,0.0017724222,3.3960976e-05
0.95210105,3.2270509e-24,0.0460947,6.678937e-13,1.2975955e-15,4.772228e-21,0.0017703605,3.3915196e-05
0.95212394,3.1992794e-24,0.046074096,6.644397e-13,1.2899521e-15,4.736342e-21,0.001768115,3.3869306e-05
0.9521456,3.1715502e-24,0.046054844,6.6088037e-13,1.2822299e-15,4.7006836e-21,0.0017657792,3.3823497e-05
0.9521679,3.1442069e-24,0.046034764,6.574234e-13,1.274647e-15,4.665369e-21,0.0017635184,3.3777487e-05
0.952192,3.117462e-24,0.046012845,6.541977e-13,1.2673241e-15,4.630381e-21,0.0017614535,3.373211e-05
0.9522167,3.0910876e-24,0.045990165,6.5108514e-13,1.260145e-15,4.595728e-21,0.0017594863,3.3686665e-05
0.95224047,3.0647349e-24,0.045968514,6.478632e-13,1.2528764e-15,4.5612605e-21,0.0017574003,3.3641114e-05
0.9522624,3.0382767e-24,0.045948885,6.4444825e-13,1.2454383e-15,4.5269567e-21,0.0017551278,3.3595625e-05
0.95228404,3.011885e-24,0.0459296,6.409679e-13,1.2379495e-15,4.4928065e-21,0.001752764,3.355022e-05
0.95230687,2.9860109e-24,0.045909155,6.376762e-13,1.2306807e-15,4.4590726e-21,0.0017505742,3.3504817e-05
0.9523315,2.9607598e-24,0.045886442,6.346459e-13,1.2237186e-15,4.4257184e-21,0.0017486288,3.3459444e-05
0.9523569,2.9358815e-24,0.045862995,6.317124e-13,1.2168756e-15,4.3926174e-21,0.0017467603,3.341474e-05
0.9523806,2.9109186e-24,0.04584131,6.2862226e-13,1.2098978e-15,4.359723e-21,0.0017447211,3.3369553e-05
0.9524024,2.8857546e-24,0.04582173,6.2529783e-13,1.2026963e-15,4.3269014e-21,0.0017424562,3.3324362e-05
0.95242405,2.8607313e-24,0.045802582,6.2194705e-13,1.1954964e-15,4.294309e-21,0.001740141,3.3279164e-05
0.95244795,2.8363429e-24,0.045780767,6.1886114e-13,1.1885917e-15,4.262087e-21,0.0017380669,3.3234297e-05
0.9524741,2.8126948e-24,0.045756355,6.161291e-13,1.1820814e-15,4.2302933e-21,0.0017363385,3.318979e-05
0.95250106,2.7894589e-24,0.04573104,6.1352323e-13,1.1757196e-15,4.198789e-21,0.0017347159,3.3145367e-05
0.95252603,2.765966e-24,0.045707997,6.106684e-13,1.1691269e-15,4.167368e-21,0.0017328368,3.3100652e-05
0.95254743,2.7419705e-24,0.045688972,6.073773e-13,1.1621098e-15,4.1360234e-21,0.0017305306,3.3056036e-05
0.95256627,2.7176674e-24,0.045672797,6.0380276e-13,1.154819e-15,4.1047166e-21,0.0017279097,3.3010787e-05
0.95258576,2.693664e-24,0.045655966,6.0029894e-13,1.1476272e-15,4.0736646e-21,0.0017253465,3.2965687e-05
0.95260745,2.6703778e-24,0.045636546,5.9711627e-13,1.1407918e-15,4.043027e-21,0.0017230936,3.2921067e-05
0.95263106,2.647662e-24,0.04561496,5.941942e-13,1.134246e-15,4.012719e-21,0.0017210867,3.2876676e-05
0.9526552,2.6251607e-24,0.045592893,5.912946e-13,1.127747e-15,3.9826408e-21,0.0017190912,3.283242e-05
0.9526776,2.602578e-24,0.045572665,5.8824424e-13,1.1211121e-15,3.9526902e-21,0.001716928,3.2787917e-05
0.952699,2.5800293e-24,0.04555361,5.8510195e-13,1.1144087e-15,3.922946e-21,0.0017146578,3.274356e-05
0.9527213,2.5578052e-24,0.045533486,5.820546e-13,1.107831e-15,3.893459e-21,0.001712477,3.2699143e-05
0.9527449,2.536047e-24,0.045511946,5.7921056e-13,1.1014785e-15,3.8642582e-21,0.0017104906,3.265511e-05
0.95276946,2.5146296e-24,0.045489345,5.764712e-13,1.0952554e-15,3.835338e-21,0.0017085896,3.261107e-05
0.95279324,2.4932292e-24,0.045467578,5.7363825e-13,1.0889587e-15,3.8065733e-21,0.0017065854,3.2567103e-05
0.9528149,2.4717042e-24,0.045448232,5.7063176e-13,1.0825057e-15,3.7779584e-21,0.001704394,3.2523018e-05
0.95283633,2.45028e-24,0.045429066,5.675759e-13,1.0760249e-15,3.749501e-21,0.0017021389,3.2478838e-05
0.95285904,2.4292488e-24,0.045408487,5.646804e-13,1.0697315e-15,3.721319e-21,0.0017000249,3.2434946e-05
0.95288354,2.4087698e-24,0.04538593,5.620236e-13,1.063704e-15,3.693469e-21,0.0016981566,3.239133e-05
0.9529089,2.388557e-24,0.045362473,5.5945136e-13,1.0577839e-15,3.665886e-21,0.0016963646,3.234792e-05
0.95293266,2.368275e-24,0.04534068,5.5674026e-13,1.0517387e-15,3.6384206e-21,0.0016944262,3.230412e-05
0.95295453,2.3478648e-24,0.04532097,5.538267e-13,1.0455144e-15,3.6110703e-21,0.0016922447,3.226047e-05
0.952976,2.327523e-24,0.04530177,5.508871e-13,1.0392831e-15,3.5838695e-21,0.0016900314,3.2216583e-05
0.9529997,2.3077242e-24,0.045280173,5.4818395e-13,1.0333119e-15,3.5570176e-21,0.0016880581,3.21732e-05
0.953026,2.2885535e-24,0.04525552,5.4579735e-13,1.0276796e-15,3.530484e-21,0.0016864055,3.213012e-05
0.95305306,2.269691e-24,0.045230053,5.435211e-13,1.0221881e-15,3.5042057e-21,0.0016848668,3.2087304e-05
0.95307785,2.2506182e-24,0.045206994,5.4101884e-13,1.0164791e-15,3.477981e-21,0.0016830718,3.204407e-05
0.9530992,2.2311272e-24,0.04518792,5.381359e-13,1.010413e-15,3.4518348e-21,0.0016808622,3.200063e-05
0.953118,2.2113943e-24,0.045171663,5.3500146e-13,1.0041045e-15,3.4257067e-21,0.0016783532,3.1956974e-05
0.9531374,2.1919121e-24,0.04515475,5.319283e-13,9.978854e-16,3.399804e-21,0.0016758955,3.1913252e-05
0.953159,2.1729964e-24,0.04513545,5.291353e-13,9.919682e-16,3.3742468e-21,0.0016737388,3.1870208e-05
0.9531826,2.1545525e-24,0.045113847,5.2657596e-13,9.863064e-16,3.3489778e-21,0.0016718196,3.182723e-05
0.95320654,2.1362742e-24,0.045091756,5.2403324e-13,9.806811e-16,3.3238617e-21,0.0016699112,3.178423e-05
0.9532287,2.1179614e-24,0.04507174,5.213626e-13,9.749483e-16,3.2989275e-21,0.0016678508,3.174126e-05
0.9532505,2.099628e-24,0.04505214,5.186024e-13,9.691415e-16,3.2740667e-21,0.00166567,3.169833e-05
0.95327246,2.0815732e-24,0.04503221,5.159278e-13,9.634429e-16,3.2494805e-21,0.001663581,3.1655258e-05
0.9532962,2.0639134e-24,0.045010492,5.134334e-13,9.579478e-16,3.2251096e-21,0.0016616768,3.1612544e-05
0.95332056,2.0465217e-24,0.044987954,5.110304e-13,9.525609e-16,3.2009723e-21,0.0016598598,3.1570147e-05
0.95334435,2.029152e-24,0.044966344,5.085442e-13,9.471097e-16,3.177002e-21,0.0016579379,3.152764e-05
0.953366,2.0116562e-24,0.044946697,5.058991e-13,9.415151e-16,3.1531075e-21,0.0016558408,3.1484997e-05
0.95338714,1.994242e-24,0.044927727,5.032099e-13,9.358997e-16,3.1293792e-21,0.001653665,3.1442214e-05
0.9534097,1.9771623e-24,0.04490737,5.006627e-13,9.304434e-16,3.1058814e-21,0.0016516361,3.139966e-05
0.95343417,1.9604947e-24,0.044884633,4.983243e-13,9.252182e-16,3.082637e-21,0.0016498383,3.1357493e-05
0.95345896,1.9440793e-24,0.044861574,4.960622e-13,9.200894e-16,3.0596375e-21,0.0016481277,3.1315332e-05
0.9534828,1.9275937e-24,0.044839684,4.9367053e-13,9.148416e-16,3.0366794e-21,0.0016462429,3.127311e-05
0.95350456,1.910974e-24,0.044820014,4.9109626e-13,9.094344e-16,3.0138522e-21,0.0016441388,3.1230727e-05
0.95352584,1.8944457e-24,0.044801015,4.884998e-13,9.040242e-16,2.9911608e-21,0.0016420006,3.1188356e-05
0.95354915,1.8783583e-24,0.044779643,4.8611457e-13,8.988435e-16,2.96876e-21,0.0016400939,3.1146523e-05
0.95357525,1.8627471e-24,0.044755083,4.8400373e-13,8.939542e-16,2.9466251e-21,0.001638505,3.110472e-05
0.95360214,1.8474008e-24,0.04472989,4.819879e-13,8.891771e-16,2.9246806e-21,0.001637005,3.1063082e-05
0.95362675,1.8318833e-24,0.04470699,4.7977415e-13,8.842142e-16,2.9028258e-21,0.0016352731,3.1021405e-05
0.9536479,1.8160114e-24,0.04468803,4.772166e-13,8.7893385e-16,2.8809701e-21,0.0016331181,3.0979227e-05
0.9536663,1.7999558e-24,0.044672105,4.744359e-13,8.734458e-16,2.8591613e-21,0.0016306798,3.0937015e-05
0.9536851,1.7840906e-24,0.04465569,4.7171034e-13,8.680355e-16,2.8375734e-21,0.0016283016,3.089481e-05
0.9537067,1.7686672e-24,0.044636436,4.692264e-13,8.6287845e-16,2.8161778e-21,0.001626186,3.0852698e-05
0.95372987,1.7536479e-24,0.04461505,4.669503e-13,8.5794644e-16,2.7950764e-21,0.0016243143,3.0811225e-05
0.9537533,1.738783e-24,0.044593427,4.6469263e-13,8.530495e-16,2.774155e-21,0.0016224578,3.0769726e-05
0.9537754,1.7238378e-24,0.044573456,4.623111e-13,8.4804986e-16,2.7533022e-21,0.0016204341,3.072804e-05
0.9537962,1.7089273e-24,0.044554796,4.59857e-13,8.4299466e-16,2.7325817e-21,0.0016183103,3.0686388e-05
0.9538179,1.6942056e-24,0.044535164,4.5747385e-13,8.380248e-16,2.7120197e-21,0.0016162649,3.064477e-05
0.9538413,1.6798061e-24,0.044513755,4.5524717e-13,8.3322885e-16,2.6916992e-21,0.0016143944,3.0603376e-05
0.95386523,1.6656187e-24,0.044491608,4.531007e-13,8.2853015e-16,2.6715527e-21,0.0016126191,3.05622e-05
0.9538883,1.6514614e-24,0.044470455,4.5088133e-13,8.237693e-16,2.6515242e-21,0.0016107354,3.052097e-05
0.9539096,1.6372091e-24,0.04445135,4.4852056e-13,8.188906e-16,2.631561e-21,0.0016086621,3.0479649e-05
0.95393026,1.6230045e-24,0.044432733,4.4612008e-13,8.1399056e-16,2.6117563e-21,0.0016065335,3.0438217e-05
0.9539523,1.6090974e-24,0.044412833,4.4384806e-13,8.0923214e-16,2.5921441e-21,0.001604551,3.0397146e-05
0.9539763,1.5954951e-24,0.044390574,4.4175113e-13,8.046596e-16,2.5727234e-21,0.0016027668,3.0356112e-05
0.9540008,1.5821113e-24,0.044367757,4.3972722e-13,8.0018064e-16,2.5535082e-21,0.0016010816,3.031523e-05
0.954024,1.5686701e-24,0.0443465,4.375894e-13,7.9560407e-16,2.5343746e-21,0.0015992345,3.0274392e-05
0.95404506,1.55512e-24,0.044327524,4.3528812e-13,7.908828e-16,2.5152929e-21,0.0015971649,3.0233425e-05
0.9540659,1.5416514e-24,0.044308882,4.3296757e-13,7.861566e-16,2.496354e-21,0.0015950564,3.0192306e-05
0.9540887,1.5285006e-24,0.044288054,4.3083026e-13,7.81624e-16,2.4776196e-21,0.0015931744,3.0151532e-05
0.9541141,1.5157902e-24,0.044264235,4.2894353e-13,7.7735697e-16,2.4591452e-21,0.0015916056,3.0111158e-05
0.95414054,1.5032673e-24,0.044239298,4.2713885e-13,7.731849e-16,2.4408387e-21,0.0015901279,3.0070902e-05
0.95416474,1.4906226e-24,0.044216797,4.2515668e-13,7.688544e-16,2.4225707e-21,0.0015884237,3.0030364e-05
0.9541852,1.477695e-24,0.04419852,4.2287379e-13,7.6424485e-16,2.40432e-21,0.0015863081,2.9989767e-05
0.95420307,1.4645963e-24,0.04418308,4.2039029e-13,7.5945514e-16,2.3861273e-21,0.0015839207,2.9948742e-05
0.9542214,1.4516586e-24,0.044167165,4.1795826e-13,7.547304e-16,2.3680735e-21,0.0015815707,2.9907704e-05
0.95424217,1.4390915e-24,0.044148415,4.1574345e-13,7.5023434e-16,2.350234e-21,0.0015795054,2.9867195e-05
0.95426536,1.4268653e-24,0.044127177,4.137127e-13,7.45932e-16,2.3326239e-21,0.001577674,2.9827046e-05
0.95428807,1.4147422e-24,0.044106267,4.1169867e-13,7.4166247e-16,2.3151444e-21,0.001575844,2.9786737e-05
0.95430976,1.4025708e-24,0.04408666,4.0957686e-13,7.3730126e-16,2.297741e-21,0.0015738612,2.9746396e-05
0.9543303,1.3904124e-24,0.044068273,4.0738937e-13,7.3289213e-16,2.2804307e-21,0.0015717787,2.9705927e-05
0.95435137,1.3784232e-24,0.044049162,4.052678e-13,7.2856247e-16,2.2632867e-21,0.0015697818,2.9665673e-05
0.9543744,1.3667069e-24,0.04402805,4.0328735e-13,7.243843e-16,2.2463103e-21,0.0015679599,2.9625648e-05
0.95439804,1.3551635e-24,0.044006225,4.013804e-13,7.202938e-16,2.2294884e-21,0.0015662144,2.9585783e-05
0.95442045,1.3436236e-24,0.043985605,3.9940875e-13,7.1615164e-16,2.2127728e-21,0.0015643821,2.9545843e-05
0.9544416,1.3320125e-24,0.043966614,3.973114e-13,7.1190197e-16,2.1961124e-21,0.0015623652,2.9505696e-05
0.95446193,1.3204553e-24,0.043948352,3.951825e-13,7.0763917e-16,2.1795676e-21,0.0015602887,2.9465607e-05
0.9544835,1.309135e-24,0.043928646,3.9316898e-13,7.0349946e-16,2.1631993e-21,0.001558358,2.9425755e-05
0.9545072,1.2980778e-24,0.04390678,3.9131735e-13,6.9953217e-16,2.1470161e-21,0.0015566468,2.938613e-05
0.9545317,1.287184e-24,0.04388397,3.8952527e-13,6.9563835e-16,2.1309643e-21,0.0015550028,2.9346556e-05
0.95455444,1.2762626e-24,0.043863002,3.8763646e-13,6.916619e-16,2.1149958e-21,0.0015532153,2.9307063e-05
0.95457554,1.2652383e-24,0.043844067,3.8560602e-13,6.875655e-16,2.0990797e-21,0.0015512186,2.926735e-05
0.9545959,1.2542892e-24,0.043825604,3.8355885e-13,6.8346406e-16,2.0832738e-21,0.001549182,2.9227585e-05
0.95461863,1.2436182e-24,0.043804836,3.8167855e-13,6.795391e-16,2.0676549e-21,0.0015473762,2.918817e-05
0.95464396,1.2332859e-24,0.043781105,3.8001866e-13,6.758422e-16,2.052245e-21,0.0015458714,2.9149081e-05
0.95467037,1.2231156e-24,0.043756105,3.7843348e-13,6.7222515e-16,2.0369518e-21,0.0015444553,2.9110108e-05
0.95469457,1.2128412e-24,0.043733597,3.7669455e-13,6.684779e-16,2.0217223e-21,0.0015428102,2.907084e-05
0.954715,1.2023365e-24,0.04371527,3.7468832e-13,6.6448533e-16,2.006499e-21,0.0015407818,2.9031371e-05
0.9547327,1.1916966e-24,0.043699823,3.7250907e-13,6.603384e-16,1.9913085e-21,0.0015384904,2.8991652e-05
0.9547511,1.1812101e-24,0.04368383,3.7037802e-13,6.5625524e-16,1.9762722e-21,0.0015362533,2.8952256e-05
0.95477206,1.1710113e-24,0.0436648,3.6843936e-13,6.5236593e-16,1.9613846e-21,0.0015342783,2.8912966e-05
0.95479476,1.1610799e-24,0.04364385,3.6666324e-13,6.4864925e-16,1.9466872e-21,0.0015325234,2.8874001e-05
0.9548179,1.1512417e-24,0.043622524,3.6490556e-13,6.4496143e-16,1.9321077e-21,0.0015307929,2.8835104e-05
0.9548394,1.1413675e-24,0.043602876,3.6305185e-13,6.4119314e-16,1.9175907e-21,0.0015289148,2.8795963e-05
0.9548601,1.1315081e-24,0.0435842,3.6114246e-13,6.3738806e-16,1.9031447e-21,0.0015269268,2.8756927e-05
0.9548816,1.1217861e-24,0.043564737,3.5929278e-13,6.336519e-16,1.8888378e-21,0.0015250286,2.8718001e-05
0.95490456,1.1122851e-24,0.043543518,3.575731e-13,6.300516e-16,1.874706e-21,0.0015233107,2.867917e-05
0.95492834,1.1029244e-24,0.043521352,3.5591495e-13,6.265225e-16,1.8606812e-21,0.0015216746,2.8640608e-05
0.9549513,1.0935747e-24,0.04350024,3.5420197e-13,6.229556e-16,1.8467245e-21,0.0015199344,2.8602044e-05
0.9549724,1.0841782e-24,0.043481044,3.523823e-13,6.192991e-16,1.8328551e-21,0.0015180385,2.856326e-05
0.9549929,1.0748042e-24,0.043462493,3.505303e-13,6.156238e-16,1.8190608e-21,0.0015160773,2.8524511e-05
0.9550151,1.0656272e-24,0.0434422,3.487805e-13,6.120554e-16,1.8054015e-21,0.0015142558,2.8486083e-05
0.955039,1.0566754e-24,0.04341993,3.4717834e-13,6.086435e-16,1.7919022e-21,0.0015126483,2.8447676e-05
0.95506346,1.0478554e-24,0.04339695,3.4562923e-13,6.0529244e-16,1.7785322e-21,0.001511114,2.8409417e-05
0.95508677,1.0390086e-24,0.043375414,3.4399477e-13,6.0187414e-16,1.7652327e-21,0.0015094498,2.8371202e-05
0.9551079,1.030081e-24,0.043356113,3.422341e-13,5.983437e-16,1.7519487e-21,0.001507567,2.8332812e-05
0.95512897,1.0212027e-24,0.043337055,3.4045767e-13,5.9481576e-16,1.7387645e-21,0.0015056503,2.8294284e-05
0.9551519,1.0125613e-24,0.04331595,3.3883267e-13,5.914406e-16,1.7257488e-21,0.0015039615,2.8256185e-05
0.95517755,1.004195e-24,0.043291677,3.3740168e-13,5.882613e-16,1.7129004e-21,0.0015025612,2.8218463e-05
0.9552044,9.959675e-25,0.04326623,3.3603743e-13,5.8515567e-16,1.7001567e-21,0.0015012469,2.8180717e-05
0.95522887,9.876466e-25,0.04324324,3.3453614e-13,5.819295e-16,1.6874646e-21,0.0014997226,2.814282e-05
0.95524955,9.791338e-25,0.043224476,3.3279765e-13,5.7849814e-16,1.6747777e-21,0.0014978227,2.8104725e-05
0.95526785,9.705288e-25,0.043208484,3.309083e-13,5.7493415e-16,1.6621314e-21,0.0014956632,2.8066344e-05
0.95528644,9.620181e-25,0.04319202,3.2905362e-13,5.7140986e-16,1.649556e-21,0.0014935442,2.8028107e-05
0.9553078,9.537522e-25,0.043172564,3.2737384e-13,5.6806683e-16,1.6371552e-21,0.0014916942,2.7990001e-05
0.95533115,9.457109e-25,0.043150898,3.2583812e-13,5.648674e-16,1.6249008e-21,0.0014900559,2.795246e-05
0.95535445,9.377443e-25,0.043129236,3.2431832e-13,5.6169677e-16,1.6127501e-21,0.0014884418,2.7914833e-05
0.9553763,9.297549e-25,0.043109167,3.227158e-13,5.584578e-16,1.6006514e-21,0.0014866813,2.7877162e-05
0.95539755,9.217556e-25,0.043089826,3.2105977e-13,5.5518203e-16,1.5886243e-21,0.0014848283,2.783923e-05
0.95541936,9.138814e-25,0.043069772,3.1945751e-13,5.519659e-16,1.5766882e-21,0.0014830396,2.7801581e-05
0.95544255,9.061864e-25,0.043048233,3.179662e-13,5.488655e-16,1.5648981e-21,0.0014814315,2.776434e-05
0.9554668,8.986016e-25,0.043025605,3.1653288e-13,5.458289e-16,1.5532038e-21,0.0014798989,2.7726994e-05
0.9554898,8.910249e-25,0.04300424,3.150485e-13,5.4275865e-16,1.5415711e-21,0.0014782784,2.7689714e-05
0.95551133,8.834028e-25,0.04298446,3.1346722e-13,5.39606e-16,1.5300117e-21,0.00147649,2.7652153e-05
0.95553255,8.758056e-25,0.042965252,3.1185745e-13,5.364368e-16,1.5185037e-21,0.0014746484,2.7614553e-05
0.95555466,8.683607e-25,0.04294486,3.1033848e-13,5.3336394e-16,1.5071238e-21,0.0014729438,2.7577376e-05
0.95557904,8.611059e-25,0.04292196,3.0894785e-13,5.304253e-16,1.4958612e-21,0.0014714327,2.754026e-05
0.95560396,8.539545e-25,0.04289853,3.076076e-13,5.275414e-16,1.4847066e-21,0.0014700041,2.7503442e-05
0.9556275,8.467837e-25,0.04287668,3.061863e-13,5.245903e-16,1.4736047e-21,0.0014684246,2.7466453e-05
0.95564896,8.395401e-25,0.042856958,3.0465292e-13,5.215472e-16,1.4625379e-21,0.0014666592,2.7429325e-05
0.95567006,8.32339e-25,0.042837717,3.0310745e-13,5.1850375e-16,1.451565e-21,0.0014648631,2.7392129e-05
0.95569324,8.2532743e-25,0.042816132,3.0169072e-13,5.155893e-16,1.4406994e-21,0.0014632666,2.7355254e-05
0.9557193,8.18546e-25,0.042791415,3.0044993e-13,5.1284923e-16,1.4299848e-21,0.001461963,2.731869e-05
0.9557463,8.118613e-25,0.042765778,2.9926653e-13,5.10169e-16,1.4193624e-21,0.001460743,2.7282258e-05
0.95577097,8.051125e-25,0.042742416,2.979608e-13,5.0738936e-16,1.408783e-21,0.0014593132,2.7245676e-05
0.955792,7.9820067e-25,0.04272323,2.9644134e-13,5.044188e-16,1.398181e-21,0.0014574982,2.7208678e-05
0.9558106,7.9120717e-25,0.042706784,2.9478603e-13,5.0133434e-16,1.3876184e-21,0.0014554515,2.7171633e-05
0.9558294,7.843021e-25,0.042690117,2.9316464e-13,4.9829355e-16,1.3771515e-21,0.0014534453,2.7134694e-05
0.9558506,7.7758966e-25,0.042670548,2.9169527e-13,4.95401e-16,1.3668036e-21,0.001451685,2.7097904e-05
0.95587426,7.710574e-25,0.042648576,2.9035582e-13,4.9264103e-16,1.3565888e-21,0.0014501503,2.7061491e-05
0.95589787,7.645886e-25,0.042626534,2.890264e-13,4.898965e-16,1.3464501e-21,0.0014486201,2.7025044e-05
0.95592,7.5809775e-25,0.04260606,2.876258e-13,4.870977e-16,1.3363546e-21,0.0014469539,2.6988582e-05
0.95594114,7.516067e-25,0.04258669,2.8617487e-13,4.8426266e-16,1.3263233e-21,0.0014451945,2.6952062e-05
0.95596313,7.452061e-25,0.04256648,2.8477175e-13,4.814812e-16,1.3163685e-21,0.0014435003,2.6915592e-05
0.95598656,7.3895682e-25,0.042544547,2.8346834e-13,4.787987e-16,1.3065252e-21,0.0014419742,2.6879492e-05
0.95601094,7.3279996e-25,0.04252162,2.822175e-13,4.761753e-16,1.2967815e-21,0.0014405374,2.6843545e-05
0.95603436,7.266492e-25,0.042499878,2.8091779e-13,4.7351873e-16,1.2870847e-21,0.001439006,2.6807364e-05
0.9560562,7.204473e-25,0.042479772,2.7953128e-13,4.707882e-16,1.2774192e-21,0.001437301,2.6771006e-05
0.9560771,7.1428116e-25,0.042460535,2.7812225e-13,4.6804976e-16,1.2678251e-21,0.0014355504,2.67348e-05
0.9560996,7.0823123e-25,0.04243975,2.767925e-13,4.653902e-16,1.2583389e-21,0.0014339407,2.6698717e-05
0.95612407,7.0233835e-25,0.042416725,2.7557798e-13,4.6284723e-16,1.2489451e-21,0.001432515,2.6662936e-05
0.9561491,6.9652686e-25,0.04239308,2.7440504e-13,4.603519e-16,1.2396365e-21,0.0014311649,2.6627193e-05
0.956173,6.906968e-25,0.042370778,2.731628e-13,4.577995e-16,1.2303768e-21,0.0014296799,2.6591393e-05
0.9561946,6.848119e-25,0.042350892,2.7181973e-13,4.551665e-16,1.2211464e-21,0.0014280019,2.6555499e-05
0.9562159,6.7895887e-25,0.042331245,2.704651e-13,4.5253296e-16,1.2119755e-21,0.0014262956,2.6519445e-05
0.95623934,6.732626e-25,0.042309433,2.6922616e-13,4.5001177e-16,1.2029174e-21,0.0014247849,2.6483802e-05
0.9562655,6.677561e-25,0.042284455,2.6814504e-13,4.4764415e-16,1.193985e-21,0.001423562,2.6448533e-05
0.95629257,6.623307e-25,0.042258557,2.6711535e-13,4.453302e-16,1.1851246e-21,0.0014224257,2.6413361e-05
0.95631766,6.568478e-25,0.04223493,2.6597588e-13,4.4292592e-16,1.1762918e-21,0.0014210814,2.6377958e-05
0.9563389,6.5122874e-25,0.04221541,2.6464483e-13,4.4035472e-16,1.1674575e-21,0.0014193656,2.6342215e-05
0.9563574,6.455475e-25,0.04219876,2.6319414e-13,4.3769033e-16,1.158651e-21,0.0014174156,2.63063e-05
0.95637697,6.3993614e-25,0.042181354,2.6177368e-13,4.3505584e-16,1.1499122e-21,0.0014155142,2.6270534e-05
0.9563984,6.344861e-25,0.042161472,2.6048955e-13,4.325568e-16,1.1412852e-21,0.0014138541,2.6235046e-05
0.9564221,6.291847e-25,0.042139277,2.5932107e-13,4.3016997e-16,1.13276e-21,0.0014124119,2.619984e-05
0.956446,6.239373e-25,0.042116947,2.5816485e-13,4.278046e-16,1.1243159e-21,0.0014109825,2.6164738e-05
0.9564685,6.1865726e-25,0.042095933,2.5693935e-13,4.2538177e-16,1.1158908e-21,0.0014094046,2.6129295e-05
0.9564899,6.1338846e-25,0.042076167,2.5567504e-13,4.229335e-16,1.1075188e-21,0.0014077489,2.6094049e-05
0.95651203,6.081928e-25,0.042055715,2.544506e-13,4.205301e-16,1.0992189e-21,0.0014061552,2.6058717e-05
0.95653594,6.0311123e-25,0.042033266,2.533156e-13,4.1821609e-16,1.0910082e-21,0.001404728,2.6023778e-05
0.95656073,5.98116e-25,0.042009912,2.522277e-13,4.159517e-16,1.0828847e-21,0.0014033865,2.5988937e-05
0.9565844,5.9311626e-25,0.04198772,2.5109775e-13,4.1365492e-16,1.0747875e-21,0.0014019498,2.595401e-05
0.9566065,5.880834e-25,0.04196723,2.4988998e-13,4.1129953e-16,1.0667329e-21,0.0014003547,2.5918893e-05
0.9566278,5.830815e-25,0.0419476,2.486627e-13,4.089369e-16,1.0587378e-21,0.0013987188,2.5883899e-05
0.9566506,5.7816937e-25,0.041926283,2.4750506e-13,4.066428e-16,1.0508202e-21,0.0013972055,2.5848969e-05
0.9566756,5.7338744e-25,0.041902754,2.4645252e-13,4.044504e-16,1.0429882e-21,0.0013958849,2.5814366e-05
0.956701,5.6866927e-25,0.04187862,2.4543545e-13,4.0229764e-16,1.0352308e-21,0.0013946338,2.5779895e-05
0.956725,5.639374e-25,0.041855954,2.4435792e-13,4.0009776e-16,1.0275059e-21,0.0013932544,2.574526e-05
0.9567473,5.591628e-25,0.04183538,2.4319004e-13,3.978242e-16,1.0198059e-21,0.0013916853,2.5710528e-05
0.9567689,5.5441337e-25,0.04181542,2.4201049e-13,3.9555115e-16,1.012155e-21,0.0013900759,2.56758e-05
0.95679265,5.4978744e-25,0.041792933,2.4093553e-13,3.9337605e-16,1.0045946e-21,0.0013886767,2.564142e-05
0.9568192,5.453139e-25,0.041767556,2.3999967e-13,3.9133494e-16,9.971466e-22,0.0013875463,2.5607185e-05
0.9568468,5.409084e-25,0.041741125,2.39111e-13,3.893405e-16,9.897589e-22,0.0013865095,2.55731e-05
0.9568722,5.3646353e-25,0.041717004,2.381261e-13,3.8727114e-16,9.823935e-22,0.0013852618,2.5538855e-05
0.9568939,5.3190297e-25,0.04169687,2.3696933e-13,3.8505406e-16,9.750235e-22,0.0013836651,2.550448e-05
0.95691293,5.272912e-25,0.04167973,2.3570238e-13,3.8275074e-16,9.676876e-22,0.0013818346,2.5469766e-05
0.9569326,5.227337e-25,0.041661907,2.344625e-13,3.8047746e-16,9.604002e-22,0.001380043,2.5435094e-05
0.95695466,5.183098e-25,0.041641418,2.333454e-13,3.7832107e-16,9.532028e-22,0.001378495,2.5400846e-05
0.956979,5.14005e-25,0.041618574,2.3233122e-13,3.76261e-16,9.460903e-22,0.0013771504,2.5366702e-05
0.9570031,5.097377e-25,0.04159574,2.3132407e-13,3.7421495e-16,9.39038e-22,0.0013758133,2.5332773e-05
0.95702595,5.0545124e-25,0.041574363,2.3025942e-13,3.7212558e-16,9.320158e-22,0.0013743485,2.5298514e-05
0.9570479,5.0116974e-25,0.041554067,2.2915578e-13,3.7001083e-16,9.250308e-22,0.0013727924,2.5264351e-05
0.95707047,4.969495e-25,0.04153294,2.2808976e-13,3.6793642e-16,9.181095e-22,0.0013713107,2.5230345e-05
0.95709485,4.9282586e-25,0.041510005,2.271019e-13,3.659343e-16,9.112625e-22,0.0013699745,2.519658e-05
0.95711964,4.887646e-25,0.041486382,2.2615636e-13,3.6398078e-16,9.044841e-22,0.0013687314,2.5162868e-05
0.9571438,4.847032e-25,0.041463695,2.2517124e-13,3.6199597e-16,8.977351e-22,0.0013673934,2.512921e-05
0.957166,4.806159e-25,0.041442916,2.2411642e-13,3.5996084e-16,8.910211e-22,0.0013658989,2.5095236e-05
0.9571878,4.7654466e-25,0.04142276,2.2304089e-13,3.5791242e-16,8.843401e-22,0.0013643495,2.5061485e-05
0.957211,4.7255016e-25,0.041401096,2.2202762e-13,3.5592645e-16,8.777304e-22,0.001362921,2.50277e-05
0.95723605,4.6865793e-25,0.04137731,2.2110705e-13,3.5402777e-16,8.711951e-22,0.0013616859,2.4994173e-05
0.9572616,4.64821e-25,0.041352853,2.2021982e-13,3.5216628e-16,8.64732e-22,0.0013605242,2.4960682e-05
0.9572859,4.6097097e-25,0.04133001,2.1927483e-13,3.502593e-16,8.582797e-22,0.001359219,2.4927416e-05
0.95730835,4.5708045e-25,0.04130907,2.1824683e-13,3.4828759e-16,8.518512e-22,0.0013577339,2.4893769e-05
0.9573301,4.532172e-25,0.041288737,2.1721026e-13,3.4631617e-16,8.4547663e-22,0.0013562182,2.4860145e-05
0.95735425,4.494512e-25,0.041265924,2.162645e-13,3.4442774e-16,8.39171e-22,0.0013548936,2.4826773e-05
0.9573809,4.4580605e-25,0.04124048,2.1544257e-13,3.426563e-16,8.3294654e-22,0.0013538308,2.4793795e-05
0.9574084,4.4222463e-25,0.04121398,2.1466203e-13,3.4092552e-16,8.2678156e-22,0.0013528464,2.4760908e-05
0.9574337,4.385973e-25,0.041189846,2.1379326e-13,3.3912505e-16,8.2063824e-22,0.0013516762,2.4727742e-05
0.9574556,4.3488206e-25,0.041169655,2.1276854e-13,3.371965e-16,8.1448816e-22,0.0013501457,2.4694347e-05
0.95747465,4.3111806e-25,0.04115226,2.116435e-13,3.3518976e-16,8.0834766e-22,0.0013483763,2.4660738e-05
0.9574943,4.274e-25,0.04113435,2.1054263e-13,3.3320908e-16,8.0226634e-22,0.0013466601,2.4627354e-05
0.95751643,4.2379264e-25,0.041113887,2.0954992e-13,3.3132943e-16,7.9626615e-22,0.0013451752,2.4594103e-05
0.9575406,4.2027437e-25,0.04109101,2.0864708e-13,3.2953274e-16,7.9031857e-22,0.0013438757,2.456104e-05
0.95756465,4.167932e-25,0.041068226,2.0775206e-13,3.277495e-16,7.8443334e-22,0.0013425977,2.4528184e-05
0.95758724,4.1329606e-25,0.041047033,2.0680337e-13,3.259257e-16,7.7857285e-22,0.0013411859,2.4495124e-05
0.9576091,4.0980136e-25,0.04102676,2.0581761e-13,3.2407843e-16,7.7273795e-22,0.0013396773,2.4462206e-05
0.95763165,4.0635204e-25,0.04100574,2.0486367e-13,3.222615e-16,7.6695314e-22,0.0013382327,2.4429117e-05
0.9576554,4.0298138e-25,0.040983222,2.0398132e-13,3.205163e-16,7.6123866e-22,0.0013369494,2.4396455e-05
0.9576804,3.9966065e-25,0.040959597,2.0313055e-13,3.188004e-16,7.555707e-22,0.0013357302,2.4363748e-05
0.957704,3.9634243e-25,0.040937256,2.0224867e-13,3.1706664e-16,7.499353e-22,0.0013344237,2.4331097e-05
0.9577261,3.9299724e-25,0.040916655,2.0129967e-13,3.1528046e-16,7.443208e-22,0.0013329587,2.429827e-05
0.9577475,3.896651e-25,0.040896736,2.0033203e-13,3.1348737e-16,7.387451e-22,0.0013314487,2.4265419e-05
0.9577706,3.864002e-25,0.04087518,1.9942075e-13,3.1174545e-16,7.332235e-22,0.0013300542,2.4232795e-05
0.9577952,3.8321588e-25,0.04085176,1.985908e-13,3.1007997e-16,7.2776657e-22,0.0013288383,2.4200344e-05
0.9578201,3.8007826e-25,0.0408279,1.977889e-13,3.084446e-16,7.223615e-22,0.0013276922,2.416804e-05
0.957844,3.7692274e-25,0.040805485,1.9693554e-13,3.067696e-16,7.1697127e-22,0.0013264116,2.4135614e-05
0.95786595,3.7373853e-25,0.04078502,1.9600657e-13,3.0503906e-16,7.1160343e-22,0.0013249451,2.4102927e-05
0.9578874,3.7057392e-25,0.040765088,1.9506849e-13,3.033054e-16,7.0627007e-22,0.0013234442,2.4070503e-05
0.95791084,3.6748876e-25,0.040743,1.942127e-13,3.0164776e-16,7.009969e-22,0.0013221367,2.4038265e-05
0.95793694,3.6450395e-25,0.040717926,1.9346672e-13,3.0008818e-16,6.9579683e-22,0.0013210776,2.4006113e-05
0.957964,3.6156725e-25,0.040691905,1.927576e-13,2.9856657e-16,6.906439e-22,0.0013201074,2.397419e-05
0.9579889,3.5859593e-25,0.040668212,1.9196789e-13,2.9698063e-16,6.8550675e-22,0.0013189336,2.3942093e-05
0.95801,3.555526e-25,0.04064871,1.9103886e-13,2.9528476e-16,6.803713e-22,0.0013174239,2.3909784e-05
0.95802873,3.5246707e-25,0.040631674,1.9001889e-13,2.9351944e-16,6.752392e-22,0.0013156793,2.387728e-05
0.9580479,3.494244e-25,0.04061428,1.8902101e-13,2.917771e-16,6.7015887e-22,0.0013139778,2.3844877e-05
0.9580693,3.4646702e-25,0.040594354,1.8811995e-13,2.901232e-16,6.6513864e-22,0.0013125017,2.3812616e-05
0.958093,3.4358787e-25,0.040572055,1.8730038e-13,2.88541e-16,6.601777e-22,0.0013112155,2.3780798e-05
0.9581166,3.407339e-25,0.04054969,1.8648619e-13,2.8697074e-16,6.552563e-22,0.0013099404,2.3748746e-05
0.9581386,3.3786444e-25,0.04052913,1.8562245e-13,2.8536495e-16,6.5035056e-22,0.0013085295,2.3716768e-05
0.95815986,3.3499972e-25,0.04050947,1.8472839e-13,2.837387e-16,6.454761e-22,0.0013070345,2.3684745e-05
0.95818174,3.3217468e-25,0.040489,1.8386224e-13,2.821413e-16,6.4064356e-22,0.0013056067,2.365287e-05
0.95820516,3.2941044e-25,0.040466905,1.8305842e-13,2.8060042e-16,6.3586516e-22,0.0013043194,2.3620922e-05
0.9582291,3.2669183e-25,0.040444072,1.822874e-13,2.7909468e-16,6.3113e-22,0.0013031088,2.3589388e-05
0.95825243,3.2397194e-25,0.04042223,1.8148556e-13,2.7756724e-16,6.2642003e-22,0.0013018113,2.3557746e-05
0.9582741,3.2123252e-25,0.04040202,1.8062495e-13,2.7599714e-16,6.217277e-22,0.0013003643,2.3525881e-05
0.9582949,3.1850375e-25,0.040382717,1.7974801e-13,2.7441893e-16,6.170675e-22,0.001298863,2.3494107e-05
0.95831716,3.158276e-25,0.040361937,1.7892133e-13,2.7288657e-16,6.124525e-22,0.0012974842,2.3462497e-05
0.95834124,3.1321993e-25,0.04033909,1.7816843e-13,2.7142228e-16,6.0789177e-22,0.0012962776,2.3431066e-05
0.958366,3.1064817e-25,0.04031552,1.7744118e-13,2.699836e-16,6.0336994e-22,0.0012951321,2.3399669e-05
0.9583894,3.0806428e-25,0.040293287,1.7666745e-13,2.6851114e-16,5.9886276e-22,0.0012938553,2.3368264e-05
0.9584106,3.0546038e-25,0.040273663,1.758289e-13,2.6699315e-16,5.9438324e-22,0.0012924214,2.3336775e-05
0.9584319,3.0286924e-25,0.0402539,1.7498137e-13,2.654696e-16,5.899284e-22,0.0012909495,2.3305201e-05
0.9584548,3.0034296e-25,0.04023222,1.7420761e-13,2.6401358e-16,5.8552124e-22,0.0012896489,2.3273886e-05
0.9584807,2.9790122e-25,0.040207453,1.7353346e-13,2.626455e-16,5.8117546e-22,0.0012886093,2.3242817e-05
0.958507,2.954997e-25,0.040182106,1.7289398e-13,2.6130953e-16,5.7687093e-22,0.0012876472,2.3211913e-05
0.95853156,2.9307122e-25,0.04015877,1.721823e-13,2.5991942e-16,5.725841e-22,0.0012864969,2.3180915e-05
0.9585525,2.9057953e-25,0.040139355,1.7134669e-13,2.584332e-16,5.6828373e-22,0.0012850118,2.3149543e-05
0.9585708,2.8805988e-25,0.040122893,1.7043047e-13,2.5688707e-16,5.6400546e-22,0.0012833095,2.3118128e-05
0.95858973,2.8557098e-25,0.04010556,1.6953381e-13,2.553621e-16,5.597598e-22,0.001281647,2.3086657e-05
0.95861083,2.831496e-25,0.040085867,1.6872365e-13,2.5391067e-16,5.5556427e-22,0.0012801995,2.3055505e-05
0.9586342,2.8079864e-25,0.04006391,1.6798822e-13,2.5252683e-16,5.5141827e-22,0.0012789471,2.3024515e-05
0.9586573,2.7846504e-25,0.040042035,1.6725916e-13,2.5115435e-16,5.473073e-22,0.0012776977,2.2993603e-05
0.9586793,2.761231e-25,0.04002142,1.6648637e-13,2.4974894e-16,5.4321184e-22,0.0012763314,2.2962618e-05
0.95870024,2.7378283e-25,0.04000192,1.6568505e-13,2.4832653e-16,5.391423e-22,0.0012748824,2.2931607e-05
0.95872205,2.7147403e-25,0.039981626,1.6491134e-13,2.4693035e-16,5.351058e-22,0.0012734896,2.2900655e-05
0.95874506,2.692189e-25,0.039959867,1.6419372e-13,2.455854e-16,5.311123e-22,0.0012722407,2.2869885e-05
0.9587691,2.6699707e-25,0.039937016,1.6350591e-13,2.442704e-16,5.271572e-22,0.001271072,2.2839313e-05
0.95879185,2.6477502e-25,0.039915424,1.6279003e-13,2.4293617e-16,5.2322693e-22,0.0012698201,2.2808577e-05
0.9588134,2.625411e-25,0.03989539,1.620236e-13,2.4156654e-16,5.193095e-22,0.0012684206,2.2777855e-05
0.9588342,2.603139e-25,0.03987609,1.6124218e-13,2.4018887e-16,5.15413e-22,0.0012669682,2.2747128e-05
0.9588564,2.5812862e-25,0.03985527,1.6050582e-13,2.388522e-16,5.115602e-22,0.0012656356,2.2716396e-05
0.95888054,2.560013e-25,0.039832413,1.5983623e-13,2.3757416e-16,5.0775273e-22,0.0012644803,2.268603e-05
0.9589052,2.5390321e-25,0.03980875,1.5919075e-13,2.3632119e-16,5.0397776e-22,0.0012633821,2.2655739e-05
0.9589284,2.5179698e-25,0.039786786,1.5850383e-13,2.3503851e-16,5.0021854e-22,0.0012621601,2.2625236e-05
0.95894957,2.496715e-25,0.03976703,1.577584e-13,2.3371333e-16,4.964769e-22,0.0012607708,2.2594772e-05
0.9589706,2.4755826e-25,0.039747503,1.5700482e-13,2.3238762e-16,4.9275564e-22,0.0012593542,2.256426e-05
0.95899355,2.4549803e-25,0.039725795,1.5631802e-13,2.311183e-16,4.8908003e-22,0.0012581118,2.2533897e-05
0.95901906,2.4350857e-25,0.03970125,1.5572134e-13,2.2992675e-16,4.8545167e-22,0.0012571161,2.250398e-05
0.95904565,2.4154746e-25,0.039675627,1.5515405e-13,2.2876253e-16,4.8185633e-22,0.0012561922,2.2473932e-05
0.95906997,2.395632e-25,0.039652497,1.5452358e-13,2.275524e-16,4.7827185e-22,0.0012550984,2.2443917e-05
0.9590908,2.3753457e-25,0.039633095,1.5378072e-13,2.262564e-16,4.7468696e-22,0.0012536638,2.241367e-05
0.9591091,2.3547757e-25,0.03961647,1.5296573e-13,2.2490795e-16,4.7111334e-22,0.0012520293,2.2383145e-05
0.95912796,2.334474e-25,0.03959927,1.5216847e-13,2.2357877e-16,4.675668e-22,0.0012504262,2.235278e-05
0.95914936,2.3147336e-25,0.039579313,1.5144914e-13,2.223157e-16,4.6406423e-22,0.001249043,2.2322496e-05
0.95917237,2.295549e-25,0.039557464,1.507973e-13,2.2110988e-16,4.606062e-22,0.0012478443,2.2292632e-05
0.9591957,2.2765066e-25,0.039535422,1.5014945e-13,2.1991233e-16,4.5717057e-22,0.0012466446,2.2262706e-05
0.95921767,2.2574127e-25,0.03951484,1.4946255e-13,2.1868763e-16,4.5374956e-22,0.0012453233,2.2232705e-05
0.9592383,2.2383048e-25,0.039495572,1.4875079e-13,2.1744868e-16,4.5035355e-22,0.0012439281,2.2202712e-05
0.9592599,2.2194794e-25,0.0394753,1.4806177e-13,2.1623183e-16,4.469851e-22,0.0012425903,2.2172766e-05
0.9592832,2.2010513e-25,0.0394533,1.474237e-13,2.1505825e-16,4.436477e-22,0.0012413933,2.2142956e-05
0.95930696,2.1829357e-25,0.03943065,1.4681141e-13,2.139091e-16,4.4034387e-22,0.0012402645,2.211335e-05
0.95933,2.1648022e-25,0.039408896,1.4617508e-13,2.1274728e-16,4.3706423e-22,0.0012390623,2.2083703e-05
0.95935106,2.146561e-25,0.039389092,1.4549096e-13,2.1155094e-16,4.3379327e-22,0.0012377078,2.2053859e-05
0.9593718,2.1283674e-25,0.039369818,1.4479506e-13,2.1034844e-16,4.3054337e-22,0.0012363117,2.2024027e-05
0.959394,2.1105404e-25,0.039349027,1.4413821e-13,2.0918181e-16,4.2732335e-22,0.0012350205,2.1994416e-05
0.9594177,2.0931694e-25,0.03932644,1.4354148e-13,2.0806722e-16,4.241443e-22,0.0012339043,2.1965005e-05
0.95944214,2.0760223e-25,0.039302997,1.4296452e-13,2.0697057e-16,4.2098914e-22,0.0012328419,2.1935566e-05
0.9594651,2.0588238e-25,0.039281305,1.4235163e-13,2.0585113e-16,4.1785207e-22,0.0012316608,2.1906153e-05
0.95948637,2.0414685e-25,0.039261427,1.4168462e-13,2.0469286e-16,4.1472498e-22,0.0012303146,2.1876596e-05
0.9595072,2.0242043e-25,0.03924199,1.4101154e-13,2.0353324e-16,4.1161952e-22,0.0012289388,2.1847029e-05
0.9595299,2.0073655e-25,0.03922054,1.4039654e-13,2.0242303e-16,4.0854748e-22,0.0012277378,2.1817707e-05
0.9595553,1.9910677e-25,0.039196156,1.3986142e-13,2.0138018e-16,4.0551346e-22,0.0012267638,2.1788615e-05
0.95958143,1.9750617e-25,0.039170917,1.3935477e-13,2.0036343e-16,4.025145e-22,0.001225878,2.1759595e-05
0.9596056,1.9588665e-25,0.03914793,1.3879033e-13,1.9930428e-16,3.995217e-22,0.0012248056,2.1730506e-05
0.95962626,1.9422634e-25,0.03912869,1.3812467e-13,1.9817062e-16,3.965255e-22,0.0012234218,2.1701215e-05
0.95964456,1.9254733e-25,0.03911205,1.373942e-13,1.9699106e-16,3.935403e-22,0.001221822,2.1671705e-05
0.9596631,1.908865e-25,0.03909498,1.366791e-13,1.9582679e-16,3.905806e-22,0.0012202642,2.1642214e-05
0.9596841,1.8927297e-25,0.039075408,1.3603371e-13,1.9472115e-16,3.8765453e-22,0.0012189138,2.1612988e-05
0.9597069,1.8770354e-25,0.03905376,1.3544896e-13,1.9366646e-16,3.8476288e-22,0.0012177438,2.1583943e-05
0.95972997,1.8614856e-25,0.03903191,1.348678e-13,1.9261823e-16,3.8189726e-22,0.0012165797,2.1554943e-05
0.95975137,1.8458783e-25,0.039011795,1.3425253e-13,1.915476e-16,3.7904216e-22,0.0012153011,2.1525986e-05
0.95977217,1.8302542e-25,0.0389924,1.3361397e-13,1.9046172e-16,3.7619959e-22,0.0012139374,2.149691e-05
0.95979345,1.814874e-25,0.03897245,1.329973e-13,1.8939726e-16,3.7338705e-22,0.0012126407,2.1467968e-05
0.9598165,1.7998118e-25,0.038950644,1.3242563e-13,1.883707e-16,3.7060193e-22,0.0012114746,2.1439124e-05
0.9598399,1.7850112e-25,0.03892835,1.3187784e-13,1.8736622e-16,3.6784188e-22,0.0012103794,2.1410406e-05
0.9598629,1.7701832e-25,0.038906563,1.3130724e-13,1.8634784e-16,3.6509947e-22,0.0012092061,2.1381658e-05
0.9598838,1.755287e-25,0.03888694,1.3069741e-13,1.8530418e-16,3.623698e-22,0.0012079023,2.1352822e-05
0.9599046,1.7404297e-25,0.03886761,1.300738e-13,1.842523e-16,3.5965496e-22,0.0012065446,2.132394e-05
0.95992625,1.7258709e-25,0.03884722,1.2948833e-13,1.832338e-16,3.5696764e-22,0.0012053044,2.1295278e-05
0.9599501,1.7116793e-25,0.038824476,1.2895693e-13,1.8226025e-16,3.5430934e-22,0.0012042244,2.1266782e-05
0.95997435,1.6976955e-25,0.038801175,1.2844443e-13,1.8130513e-16,3.5167901e-22,0.0012032079,2.1238358e-05
0.9599973,1.6836505e-25,0.038779464,1.2789964e-13,1.8032862e-16,3.4905704e-22,0.001202076,2.120988e-05
0.9600185,1.6694832e-25,0.038759615,1.2730764e-13,1.793194e-16,3.4644345e-22,0.0012007758,2.1181304e-05
0.96003926,1.6553963e-25,0.038740054,1.2670984e-13,1.7830828e-16,3.4384927e-22,0.001199465,2.115269e-05
0.960062,1.6416882e-25,0.038718443,1.2616759e-13,1.7734517e-16,3.4128955e-22,0.0011983272,2.1124282e-05
0.96008754,1.6284214e-25,0.038693998,1.256975e-13,1.7643888e-16,3.3876017e-22,0.0011974109,2.1095977e-05
0.96011376,1.6153803e-25,0.038668644,1.2525242e-13,1.7555547e-16,3.3625366e-22,0.0011965781,2.1068101e-05
0.9601381,1.6021835e-25,0.03864529,1.2475729e-13,1.7463682e-16,3.3375486e-22,0.0011955728,2.1039883e-05
0.96015894,1.5886586e-25,0.03862572,1.2417197e-13,1.7365344e-16,3.3125572e-22,0.0011942608,2.1011483e-05
0.96017754,1.5749797e-25,0.038608786,1.2352992e-13,1.7263109e-16,3.2876322e-22,0.0011927519,2.0982936e-05
0.96019655,1.5614788e-25,0.03859129,1.2290346e-13,1.716233e-16,3.2629216e-22,0.001191284,2.0954556e-05
0.9602178,1.5483807e-25,0.03857132,1.2234181e-13,1.7066801e-16,3.2385393e-22,0.0011900249,2.092628e-05
0.96024114,1.5356302e-25,0.038548943,1.2183456e-13,1.6975727e-16,3.2144204e-22,0.0011889513,2.0898291e-05
0.9602647,1.5229967e-25,0.03852666,1.2133248e-13,1.6885402e-16,3.1905056e-22,0.0011878834,2.0870262e-05
0.9602869,1.5103267e-25,0.038505584,1.2080163e-13,1.6793226e-16,3.1666927e-22,0.0011867085,2.0842263e-05
0.96030813,1.4976461e-25,0.038485587,1.2024981e-13,1.6699752e-16,3.1430056e-22,0.0011854586,2.081408e-05
0.96033007,1.4851752e-25,0.038464814,1.1972046e-13,1.6608334e-16,3.1195576e-22,0.0011842811,2.0786227e-05
0.96035373,1.4729907e-25,0.03844237,1.1923278e-13,1.6520404e-16,3.0963379e-22,0.0011832333,2.075831e-05
0.9603781,1.4609851e-25,0.038418934,1.18768e-13,1.643452e-16,3.0733632e-22,0.0011822707,2.0730566e-05
0.96040165,1.4489987e-25,0.03839636,1.1828486e-13,1.6347508e-16,3.0505097e-22,0.0011812269,2.0702822e-05
0.96042377,1.4369442e-25,0.038375426,1.177662e-13,1.6258145e-16,3.027718e-22,0.0011800537,2.0675066e-05
0.9604455,1.4249241e-25,0.038355,1.172384e-13,1.6168397e-16,3.005095e-22,0.0011788455,2.0647178e-05
0.96046853,1.4131574e-25,0.0383331,1.167447e-13,1.6081623e-16,2.9827134e-22,0.00117775,2.0619575e-05
0.9604934,1.401699e-25,0.03830924,1.163021e-13,1.599882e-16,2.960595e-22,0.0011768306,2.0591946e-05
0.9605188,1.3904192e-25,0.038284615,1.1587848e-13,1.5917851e-16,2.938664e-22,0.0011759709,2.0564585e-05
0.9605432,1.3790919e-25,0.038261276,1.1542656e-13,1.5835102e-16,2.9168376e-22,0.0011750031,2.0537122e-05
0.96056575,1.3676717e-25,0.038239922,1.1493409e-13,1.5749565e-16,2.8951006e-22,0.0011738904,2.0509535e-05
0.9605881,1.35632e-25,0.03821872,1.1443758e-13,1.5664012e-16,2.873525e-22,0.0011727562,2.048202e-05
0.9606122,1.34527e-25,0.038195554,1.1399102e-13,1.5582514e-16,2.8521595e-22,0.0011717883,2.0454696e-05
0.96063924,1.3345994e-25,0.038169317,1.13611553e-13,1.5506222e-16,2.8311016e-22,0.0011710617,2.0427591e-05
0.96066684,1.3240998e-25,0.038142327,1.1325674e-13,1.5432137e-16,2.8102547e-22,0.0011704232,2.040061e-05
0.9606928,1.3134905e-25,0.038117245,1.12856766e-13,1.5354866e-16,2.7894498e-22,0.001169609,2.0373436e-05
0.96071523,1.3026283e-25,0.038095824,1.123776e-13,1.5272155e-16,2.7686726e-22,0.0011685058,2.034605e-05
0.96073586,1.2916267e-25,0.038076665,1.11847556e-13,1.5185922e-16,2.7479403e-22,0.0011672166,2.0318565e-05
0.9607566,1.2807623e-25,0.038057156,1.1133149e-13,1.5101041e-16,2.7273739e-22,0.0011659646,2.0291138e-05
0.96077985,1.2702445e-25,0.038034927,1.1087601e-13,1.5020971e-16,2.7071025e-22,0.0011649303,2.0263995e-05
0.96080506,1.2600078e-25,0.038010687,1.10469624e-13,1.4944662e-16,2.6870286e-22,0.0011640703,2.0237045e-05
0.96083045,1.2498633e-25,0.03798618,1.10069126e-13,1.486914e-16,2.6671344e-22,0.0011632286,2.0210113e-05
0.9608545,1.2396948e-25,0.03796308,1.0964192e-13,1.4791893e-16,2.6473233e-22,0.0011622796,2.0183115e-05
0.9608779,1.2295428e-25,0.0379407,1.0919859e-13,1.4713857e-16,2.6276578e-22,0.0011612687,2.0156098e-05
0.960902,1.2195117e-25,0.03791756,1.08772895e-13,1.4637305e-16,2.60813e-22,0.0011603148,2.0129133e-05
0.9609278,1.2097355e-25,0.037892766,1.0838688e-13,1.4563899e-16,2.5888307e-22,0.0011595074,2.0102434e-05
0.96095395,1.200102e-25,0.03786728,1.0802143e-13,1.4492249e-16,2.5696953e-22,0.0011587653,2.0075662e-05
0.96097964,1.1904948e-25,0.037842374,1.0763909e-13,1.4419734e-16,2.5506902e-22,0.001157961,2.0048952e-05
0.96100384,1.1808141e-25,0.03781908,1.07224396e-13,1.4345043e-16,2.5317634e-22,0.001157032,2.002221e-05
0.9610275,1.1711757e-25,0.037796434,1.06801456e-13,1.4270074e-16,2.5129473e-22,0.0011560612,1.9995472e-05
0.9610525,1.161737e-25,0.03777233,1.0640936e-13,1.4197577e-16,2.4943125e-22,0.0011552052,1.9968837e-05
0.96107924,1.1525438e-25,0.037746307,1.06063175e-13,1.4128708e-16,2.475943e-22,0.001154517,1.9942328e-05
0.961107,1.1434768e-25,0.037719257,1.0573217e-13,1.4061153e-16,2.457674e-22,0.0011538812,1.9915879e-05
0.9611331,1.1343926e-25,0.037693888,1.0537607e-13,1.3992027e-16,2.4395171e-22,0.0011531513,1.9889503e-05
0.9611577,1.1251984e-25,0.037670266,1.0498134e-13,1.3920354e-16,2.4214165e-22,0.0011522659,1.9863002e-05
0.961182,1.1160829e-25,0.03764687,1.0458209e-13,1.3848672e-16,2.4034587e-22,0.0011513571,1.983649e-05
0.9612081,1.1071951e-25,0.03762148,1.04228265e-13,1.3780539e-16,2.3857113e-22,0.0011506178,1.9810164e-05
0.9612366,1.0986115e-25,0.03759347,1.0393456e-13,1.3716803e-16,2.368191e-22,0.0011501077,1.9784056e-05
0.96126616,1.0901662e-25,0.03756452,1.0366098e-13,1.365489e-16,2.3508116e-22,0.0011496715,1.9758021e-05
0.96129346,1.0816265e-25,0.037537728,1.0334529e-13,1.359011e-16,2.3335003e-22,0.0011490728,1.973188e-05
0.9613178,1.0728598e-25,0.037514266,1.02955594e-13,1.3520337e-16,2.3161943e-22,0.001148184,1.9705582e-05
0.96134025,1.0639754e-25,0.03749297,1.025171e-13,1.3447355e-16,2.2989073e-22,0.0011470901,1.9679075e-05
0.96136254,1.0552086e-25,0.03747182,1.02090963e-13,1.337553e-16,2.281801e-22,0.0011460449,1.965271e-05
0.9613876,1.0467007e-25,0.037447643,1.0171636e-13,1.3307577e-16,2.2648974e-22,0.0011452008,1.9626457e-05
0.961414,1.0384174e-25,0.037421968,1.0138619e-13,1.324302e-16,2.2481738e-22,0.001144516,1.9600528e-05
0.9614407,1.0302156e-25,0.037395965,1.0105924e-13,1.317893e-16,2.2315916e-22,0.0011438516,1.9574583e-05
0.96146613,1.02196813e-25,0.037371285,1.0070517e-13,1.3113233e-16,2.215078e-22,0.0011430662,1.954848e-05
0.9614906,1.0137199e-25,0.037347723,1.00334244e-13,1.3046506e-16,2.1986674e-22,0.0011422192,1.9522466e-05
0.9615157,1.0055927e-25,0.03732342,9.9977725e-14,1.298102e-16,2.182397e-22,0.0011414171,1.9496518e-05
0.96154225,9.976347e-26,0.03729755,9.965473e-14,1.2918146e-16,2.1662827e-22,0.0011407456,1.9470615e-05
0.96156937,9.8980837e-26,0.037271008,9.934876e-14,1.2856762e-16,2.1503296e-22,0.0011401383,1.944487e-05
0.9615957,9.8196765e-26,0.037245523,9.902457e-14,1.2794245e-16,2.1344438e-22,0.0011394542,1.9419089e-05
0.9616205,9.74076e-26,0.037221484,9.866814e-14,1.2729778e-16,2.118664e-22,0.0011386428,1.9393288e-05
0.96164477,9.661957e-26,0.03719815,9.830077e-14,1.2664708e-16,2.1029274e-22,0.0011377727,1.9367311e-05
0.96167004,9.5847894e-26,0.037173666,9.7960634e-14,1.2601812e-16,2.0873732e-22,0.001137013,1.9341647e-05
0.96169716,9.5095604e-26,0.03714721,9.765838e-14,1.2541837e-16,2.0719935e-22,0.001136399,1.9316034e-05
0.9617246,9.435141e-26,0.03712029,9.7368585e-14,1.2482816e-16,2.0567436e-22,0.0011358397,1.9290388e-05
0.96175075,9.3605785e-26,0.03709483,9.7053245e-14,1.2422305e-16,2.0415643e-22,0.0011351667,1.926488e-05
0.9617753,9.285102e-26,0.037071094,9.6698914e-14,1.235933e-16,2.0264318e-22,0.0011343342,1.9239154e-05
0.96179956,9.2100195e-26,0.037047714,9.633795e-14,1.2296156e-16,2.0113955e-22,0.0011334631,1.9213492e-05
0.96182525,9.1368483e-26,0.037022848,9.6016185e-14,1.2235889e-16,1.9965499e-22,0.0011327565,1.9188003e-05
0.9618534,9.065941e-26,0.036995206,9.574651e-14,1.2179385e-16,1.9818718e-22,0.0011322582,1.9162595e-05
0.96188194,8.9961365e-26,0.0369671,9.549364e-14,1.2124259e-16,1.9673175e-22,0.0011318233,1.9137415e-05
0.96190864,8.92549e-26,0.036941055,9.5199503e-14,1.2066458e-16,1.952829e-22,0.001131218,1.9112118e-05
0.96193224,8.8529385e-26,0.036918364,9.483393e-14,1.2004085e-16,1.9383301e-22,0.0011303119,1.9086505e-05
0.96195364,8.779383e-26,0.03689807,9.442164e-14,1.1938773e-16,1.9238684e-22,0.00112921,1.9060917e-05
0.9619755,8.706608e-26,0.036877383,9.4017994e-14,1.1874184e-16,1.9095228e-22,0.0011281314,1.9035246e-05
0.96199876,8.635898e-26,0.036854923,9.3659435e-14,1.1812936e-16,1.8953374e-22,0.0011272379,1.900989e-05
0.96202403,8.5670553e-26,0.036830384,9.33391e-14,1.1754495e-16,1.8813332e-22,0.0011265046,1.8984592e-05
0.9620494,8.498729e-26,0.036805935,9.3020054e-14,1.1696388e-16,1.8674112e-22,0.0011257611,1.8959401e-05
0.9620733,8.430036e-26,0.03678278,9.267403e-14,1.1636686e-16,1.8535896e-22,0.0011249175,1.893405e-05
0.9620964,8.361155e-26,0.03676072,9.230913e-14,1.1575822e-16,1.8397984e-22,0.0011239686,1.8908737e-05
0.96211994,8.2932226e-26,0.036738075,9.1955875e-14,1.1516072e-16,1.8261316e-22,0.0011230747,1.888341e-05
0.9621446,8.2267925e-26,0.036714286,9.163259e-14,1.1458524e-16,1.8126168e-22,0.0011223069,1.885832e-05
0.96217,8.1612116e-26,0.03668963,9.132181e-14,1.140201e-16,1.7992103e-22,0.0011215811,1.8833225e-05
0.96219426,8.0956185e-26,0.036666073,9.099288e-14,1.1344508e-16,1.7858941e-22,0.0011207776,1.8808121e-05
0.96221715,8.02944e-26,0.03664422,9.0633034e-14,1.1285083e-16,1.7726062e-22,0.001119834,1.878301e-05
0.96223944,7.963431e-26,0.036622923,9.026266e-14,1.1225279e-16,1.7594229e-22,0.0011188374,1.8757755e-05
0.9622628,7.898638e-26,0.03660049,8.99138e-14,1.1167038e-16,1.7463395e-22,0.0011179366,1.87327e-05
0.96228755,7.835398e-26,0.036576584,8.959991e-14,1.1111362e-16,1.7334219e-22,0.0011171724,1.8707777e-05
0.96231264,7.7730237e-26,0.03655222,8.929668e-14,1.1056641e-16,1.720607e-22,0.001116456,1.8682946e-05
0.96233654,7.7102544e-26,0.036529083,8.8967726e-14,1.1000373e-16,1.7078524e-22,0.0011156279,1.865795e-05
0.9623588,7.6468706e-26,0.036507986,8.860332e-14,1.09419504e-16,1.6951375e-22,0.001114637,1.8633005e-05
0.96238065,7.583657e-26,0.036487233,8.8231444e-14,1.08832524e-16,1.6825039e-22,0.0011135977,1.860791e-05
0.96240383,7.5221523e-26,0.036464874,8.789495e-14,1.08271556e-16,1.670024e-22,0.0011127222,1.8583107e-05
0.96242934,7.462417e-26,0.03644005,8.760554e-14,1.07742935e-16,1.6576661e-22,0.001112041,1.8558325e-05
0.9624554,7.4036975e-26,0.036414564,8.733164e-14,1.0722716e-16,1.6454508e-22,0.0011114243,1.8533747e-05
0.96247977,7.344194e-26,0.036391113,8.701925e-14,1.0668804e-16,1.6332726e-22,0.0011106407,1.8509098e-05
0.9625009,7.283171e-26,0.03637116,8.664157e-14,1.0610672e-16,1.621074e-22,0.0011095535,1.8484172e-05
0.96252,7.2213455e-26,0.036353227,8.622191e-14,1.05500984e-16,1.6089262e-22,0.0011082747,1.8459139e-05
0.9625392,7.1602094e-26,0.036335304,8.580954e-14,1.0490152e-16,1.5968759e-22,0.001107027,1.843426e-05
0.96256053,7.100826e-26,0.036315188,8.543924e-14,1.0433236e-16,1.5849556e-22,0.0011059542,1.8409493e-05
0.96258336,7.042831e-26,0.03629327,8.510427e-14,1.03787814e-16,1.5731747e-22,0.0011050379,1.8384753e-05
0.96260595,6.985309e-26,0.036271557,8.477027e-14,1.03246884e-16,1.5614869e-22,0.001104122,1.8360199e-05
0.9626275,6.9276144e-26,0.036251064,8.441251e-14,1.0269103e-16,1.549837e-22,0.0011030858,1.8335517e-05
0.9626481,6.8698137e-26,0.036231592,8.403889e-14,1.02127543e-16,1.5382665e-22,0.0011019801,1.8310886e-05
0.96266955,6.8128653e-26,0.036211327,8.367752e-14,1.0157422e-16,1.5268014e-22,0.0011009228,1.8286235e-05
0.9626918,6.757064e-26,0.03619,8.3342885e-14,1.01039774e-16,1.515446e-22,0.0010999785,1.826177e-05
0.96271473,6.7021086e-26,0.03616795,8.302183e-14,1.0051666e-16,1.5041935e-22,0.0010990986,1.82373e-05
0.96273685,6.647086e-26,0.03614685,8.2685235e-14,9.998547e-17,1.4930061e-22,0.0010981349,1.8212831e-05
0.9627577,6.5917285e-26,0.03612716,8.2321316e-14,9.943761e-17,1.4818434e-22,0.0010970344,1.818842e-05
0.9627779,6.536578e-26,0.03610801,8.194941e-14,9.888704e-17,1.47078e-22,0.0010958947,1.816391e-05
0.96279913,6.482365e-26,0.036087878,8.159902e-14,9.835237e-17,1.4598007e-22,0.0010948492,1.8139399e-05
0.9628219,6.429545e-26,0.03606595,8.128158e-14,9.78409e-17,1.4489612e-22,0.0010939544,1.8115123e-05
0.962845,6.377424e-26,0.03604371,8.0974825e-14,9.733844e-17,1.4382024e-22,0.0010931047,1.8090921e-05
0.96286714,6.3251404e-26,0.036022753,8.0647294e-14,9.6824065e-17,1.4275058e-22,0.0010921565,1.8066805e-05
0.96288764,6.2722935e-26,0.036003254,8.0288335e-14,9.629165e-17,1.416843e-22,0.0010910452,1.8042376e-05
0.9629078,6.219791e-26,0.035984304,7.99253e-14,9.575813e-17,1.4062542e-22,0.0010899156,1.8018063e-05
0.96292967,6.168563e-26,0.03596344,7.9595307e-14,9.5247703e-17,1.3957736e-22,0.0010889285,1.79939e-05
0.96295357,6.1189827e-26,0.035940263,7.931041e-14,9.476839e-17,1.3854267e-22,0.0010881542,1.7969889e-05
0.9629782,6.0701774e-26,0.035916444,7.904045e-14,9.430057e-17,1.3751892e-22,0.0010874516,1.794598e-05
0.96300095,6.0208755e-26,0.035894487,7.8738075e-14,9.381339e-17,1.3649726e-22,0.0010865857,1.7921997e-05
0.963021,5.97034e-26,0.03587566,7.837875e-14,9.329145e-17,1.3547713e-22,0.001085438,1.789774e-05
0.963039,5.9192233e-26,0.035858948,7.798207e-14,9.274779e-17,1.3445816e-22,0.001084101,1.7873512e-05
0.96305734,5.868703e-26,0.03584206,7.759541e-14,9.221192e-17,1.3344947e-22,0.0010828094,1.7849272e-05
0.9630777,5.819691e-26,0.035822798,7.724869e-14,9.170417e-17,1.3245366e-22,0.0010817155,1.782529e-05
0.9630996,5.77189e-26,0.03580182,7.693461e-14,9.121848e-17,1.31467e-22,0.0010807563,1.7801369e-05
0.9631215,5.724526e-26,0.035780925,7.6623536e-14,9.073676e-17,1.3048869e-22,0.0010798187,1.7777444e-05
0.9631424,5.6770246e-26,0.0357611,7.629329e-14,9.024407e-17,1.2951555e-22,0.0010787777,1.775357e-05
0.9631626,5.629569e-26,0.035742003,7.59505e-14,8.974576e-17,1.2854761e-22,0.0010776673,1.7729659e-05
0.96318316,5.582726e-26,0.035722524,7.561979e-14,8.9256375e-17,1.2758793e-22,0.0010766096,1.7705757e-05
0.9632052,5.537e-26,0.03570141,7.531564e-14,8.878604e-17,1.2663997e-22,0.0010756818,1.7682034e-05
0.96322775,5.491902e-26,0.035679776,7.502434e-14,8.8325313e-17,1.2569812e-22,0.0010748067,1.7658449e-05
0.96324956,5.4468343e-26,0.035658885,7.472114e-14,8.785886e-17,1.2476225e-22,0.0010738658,1.7634735e-05
0.96327037,5.4015543e-26,0.035639253,7.439553e-14,8.737978e-17,1.2383133e-22,0.0010728121,1.761108e-05
0.9632904,5.3564414e-26,0.03562029,7.406336e-14,8.6898606e-17,1.2290771e-22,0.0010717239,1.758731e-05
0.9633116,5.312199e-26,0.035600085,7.375219e-14,8.643239e-17,1.2199162e-22,0.0010707299,1.7563661e-05
0.9633346,5.269035e-26,0.035577986,7.347146e-14,8.598653e-17,1.2108443e-22,0.0010698818,1.7540146e-05
0.96335775,5.226541e-26,0.035555646,7.320213e-14,8.5549845e-17,1.2018719e-22,0.0010690895,1.7516762e-05
0.9633801,5.183852e-26,0.03553423,7.2914676e-14,8.5103286e-17,1.1929378e-22,0.001068199,1.7493228e-05
0.9634009,5.1408373e-26,0.035514537,7.260054e-14,8.464182e-17,1.1840412e-22,0.0010671733,1.7469698e-05
0.9634212,5.0980595e-26,0.035495173,7.228317e-14,8.417928e-17,1.1751923e-22,0.0010661136,1.7446191e-05
0.9634434,5.056418e-26,0.03547399,7.199739e-14,8.3738895e-17,1.1664563e-22,0.0010652194,1.74229e-05
0.9634676,5.0160855e-26,0.035450466,7.1752296e-14,8.3325166e-17,1.157832e-22,0.0010645312,1.7399709e-05
0.96349263,4.9764578e-26,0.035426106,7.152214e-14,8.29224e-17,1.1492855e-22,0.0010639093,1.737658e-05
0.96351606,4.9363436e-26,0.03540346,7.1262434e-14,8.2502875e-17,1.1407565e-22,0.0010631318,1.7353486e-05
0.9635363,4.8953232e-26,0.035384286,7.0952264e-14,8.2053266e-17,1.1322484e-22,0.001062092,1.7330069e-05
0.9635549,4.8537465e-26,0.03536689,7.06091e-14,8.15848e-17,1.1237589e-22,0.0010608694,1.730662e-05
0.96357393,4.812727e-26,0.035349105,7.0274326e-14,8.1123065e-17,1.1153463e-22,0.0010596892,1.7283177e-05
0.96359485,4.7728645e-26,0.03532925,6.997571e-14,8.068566e-17,1.1070243e-22,0.0010586879,1.726003e-05
0.96361744,4.7340625e-26,0.03530751,6.970786e-14,8.026849e-17,1.0988039e-22,0.0010578447,1.7236878e-05
0.9636399,4.6956834e-26,0.03528578,6.944274e-14,7.9855004e-17,1.0906444e-22,0.0010570103,1.7213888e-05
0.96366143,4.6570776e-26,0.035265237,6.9159576e-14,7.943174e-17,1.0825238e-22,0.0010560746,1.7190829e-05
0.9636824,4.6185045e-26,0.035245363,6.886491e-14,7.900284e-17,1.0744548e-22,0.0010550768,1.7167578e-05
0.96370345,4.580513e-26,0.035225227,6.858118e-14,7.858227e-17,1.0664501e-22,0.0010541263,1.714459e-05
0.96372604,4.5433615e-26,0.035203487,6.832127e-14,7.817777e-17,1.05854317e-22,0.0010533009,1.7121723e-05
0.96374923,4.506738e-26,0.035181113,6.807304e-14,7.778223e-17,1.05069545e-22,0.0010525329,1.7098786e-05
0.9637716,4.4700643e-26,0.035159588,6.7812584e-14,7.738006e-17,1.0428852e-22,0.0010516944,1.7075896e-05
0.9637929,4.433245e-26,0.035139315,6.753154e-14,7.6967263e-17,1.03511595e-22,0.0010507372,1.7052937e-05
0.96381354,4.3965243e-26,0.035119765,6.724391e-14,7.655165e-17,1.02739616e-22,0.0010497421,1.7030012e-05
0.96383524,4.3604786e-26,0.035098925,6.697445e-14,7.6148527e-17,1.01974276e-22,0.0010488392,1.7007185e-05
0.96385807,4.3254263e-26,0.0350768,6.673287e-14,7.5764655e-17,1.01219386e-22,0.001048084,1.6984588e-05
0.96388185,4.290758e-26,0.035053723,6.6500076e-14,7.538626e-17,1.00469426e-22,0.0010473725,1.6961923e-05
0.9639043,4.2560374e-26,0.03503215,6.6250574e-14,7.500021e-17,9.972413e-23,0.0010465602,1.6939299e-05
0.9639255,4.2209158e-26,0.035011943,6.597499e-14,7.459896e-17,9.898082e-23,0.0010456054,1.6916474e-05
0.9639462,4.186018e-26,0.0349922,6.5696506e-14,7.419812e-17,9.824376e-23,0.0010446331,1.6893735e-05
0.96396846,4.1520175e-26,0.03497079,6.544463e-14,7.381447e-17,9.751382e-23,0.0010437929,1.6871181e-05
0.96399266,4.1190394e-26,0.03494726,6.522931e-14,7.345425e-17,9.67932e-23,0.0010431603,1.6848722e-05
0.96401775,4.0865765e-26,0.03492285,6.502592e-14,7.3102265e-17,9.6078733e-23,0.0010425848,1.6826296e-05
0.96404094,4.0537587e-26,0.034900386,6.4795215e-14,7.273573e-17,9.536716e-23,0.0010418564,1.68038e-05
0.9640613,4.0201495e-26,0.034881026,6.4517266e-14,7.234212e-17,9.465589e-23,0.0010408595,1.6781254e-05
0.9640798,3.986112e-26,0.03486367,6.420864e-14,7.193129e-17,9.394687e-23,0.0010396771,1.6758624e-05
0.96409875,3.9524246e-26,0.03484587,6.390531e-14,7.152446e-17,9.32425e-23,0.0010385282,1.6735909e-05
0.9641194,3.9197312e-26,0.034826417,6.363434e-14,7.1139306e-17,9.2547445e-23,0.0010375464,1.6713426e-05
0.96414155,3.8878187e-26,0.034805037,6.3389886e-14,7.077093e-17,9.185983e-23,0.0010367157,1.6690905e-05
0.9641636,3.856254e-26,0.03478387,6.314685e-14,7.0405266e-17,9.117766e-23,0.0010358875,1.666876e-05
0.9641845,3.8245034e-26,0.034763798,6.2886315e-14,7.0029905e-17,9.049838e-23,0.0010349542,1.6646374e-05
0.9642047,3.7927363e-26,0.034744702,6.261426e-14,6.96496e-17,8.982375e-23,0.0010339519,1.6623926e-05
0.9642253,3.7613637e-26,0.034725104,6.2350556e-14,6.9275344e-17,8.9153494e-23,0.0010329824,1.660159e-05
0.96424717,3.7307112e-26,0.034704108,6.21071e-14,6.8914495e-17,8.849073e-23,0.0010321314,1.6579375e-05
0.96426934,3.700465e-26,0.034682736,6.1873704e-14,6.856078e-17,8.783426e-23,0.0010313345,1.6557131e-05
0.9642909,3.670223e-26,0.034662087,6.162822e-14,6.8201286e-17,8.718094e-23,0.0010304669,1.6535078e-05
0.96431124,3.639724e-26,0.034642793,6.136232e-14,6.7830915e-17,8.653039e-23,0.001029463,1.6512688e-05
0.9643311,3.6093668e-26,0.034624085,6.108985e-14,6.745814e-17,8.588432e-23,0.0010284266,1.6490521e-05
0.9643516,3.5795383e-26,0.034604553,6.0833025e-14,6.709592e-17,8.524314e-23,0.00102747,1.6468368e-05
0.96437365,3.5504087e-26,0.034583233,6.0599556e-14,6.6748724e-17,8.46101e-23,0.0010266472,1.6446189e-05
0.9643957,3.521704e-26,0.03456194,6.037458e-14,6.6408396e-17,8.3983053e-23,0.001025872,1.6424294e-05
0.964417,3.4928425e-26,0.034541547,6.013204e-14,6.6058405e-17,8.3358036e-23,0.0010249852,1.6402286e-05
0.9644367,3.4637357e-26,0.034522954,5.9866175e-14,6.569612e-17,8.273565e-23,0.0010239588,1.6380112e-05
0.9644563,3.4347146e-26,0.034504432,5.9596005e-14,6.533232e-17,8.2117265e-23,0.0010228981,1.6358044e-05
0.96447706,3.406434e-26,0.03448458,5.935e-14,6.498425e-17,8.150547e-23,0.0010219743,1.6336038e-05
0.96449983,3.378999e-26,0.034462642,5.9135795e-14,6.4655924e-17,8.0900867e-23,0.0010212366,1.6314192e-05
0.964523,3.3520173e-26,0.03444008,5.893274e-14,6.4335666e-17,8.030262e-23,0.001020562,1.6292492e-05
0.96454465,3.324674e-26,0.034419313,5.870374e-14,6.400102e-17,7.9705635e-23,0.0010197249,1.6270698e-05
0.96456367,3.296715e-26,0.034401417,5.843143e-14,6.364244e-17,7.910895e-23,0.0010186234,1.6248783e-05
0.96458054,3.2683854e-26,0.03438588,5.813075e-14,6.32686e-17,7.851475e-23,0.0010173479,1.6226752e-05
0.964598,3.2403506e-26,0.034369715,5.783541e-14,6.289891e-17,7.792418e-23,0.0010160884,1.6204684e-05
0.9646167,3.2130875e-26,0.034352098,5.756832e-14,6.2547196e-17,7.734109e-23,0.0010150003,1.6182745e-05
0.9646371,3.186533e-26,0.034332648,5.732541e-14,6.221086e-17,7.676426e-23,0.0010140521,1.6161031e-05
0.96465755,3.1601866e-26,0.034313276,5.708342e-14,6.187633e-17,7.6192616e-23,0.0010131052,1.6139194e-05
0.9646766,3.1337305e-26,0.034295175,5.6825462e-14,6.1533655e-17,7.562281e-23,0.0010120474,1.6117472e-05
0.96469516,3.1072575e-26,0.034277786,5.6557203e-14,6.1186073e-17,7.505665e-23,0.0010109305,1.6095648e-05
0.9647141,3.0811502e-26,0.034259897,5.6296564e-14,6.084419e-17,7.449476e-23,0.0010098461,1.6074011e-05
0.9647341,3.0555917e-26,0.034240946,5.6054503e-14,6.051467e-17,7.393941e-23,0.0010088774,1.6052332e-05
0.9647547,3.030363e-26,0.034221306,5.582108e-14,6.019066e-17,7.338797e-23,0.0010079526,1.603075e-05
0.9647745,3.0051678e-26,0.03420256,5.557766e-14,5.98626e-17,7.28403e-23,0.0010069626,1.6009188e-05
0.9647929,2.9798145e-26,0.034185212,5.5316025e-14,5.95249e-17,7.229469e-23,0.0010058492,1.5987538e-05
0.9648111,2.954539e-26,0.03416826,5.5048566e-14,5.918504e-17,7.175314e-23,0.0010046929,1.5965974e-05
0.96482986,2.929703e-26,0.034150545,5.479581e-14,5.8855e-17,7.121651e-23,0.0010036245,1.5944313e-05
0.96485025,2.9054798e-26,0.03413121,5.4564392e-14,5.853851e-17,7.068509e-23,0.0010026871,1.592292e-05
0.9648709,2.8815674e-26,0.034111444,5.4340704e-14,5.822752e-17,7.015872e-23,0.001001793,1.5901562e-05
0.96489036,2.857609e-26,0.03409294,5.4102793e-14,5.790927e-17,6.96354e-23,0.0010008028,1.5880196e-05
0.96490866,2.8333915e-26,0.034075774,5.3843672e-14,5.758016e-17,6.911325e-23,0.0009996676,1.5858624e-05
0.9649264,2.8093136e-26,0.03405918,5.3581675e-14,5.7250275e-17,6.8594983e-23,0.0009985083,1.583711e-05
0.96494585,2.7858493e-26,0.0340409,5.33421e-14,5.693476e-17,6.8082546e-23,0.000997491,1.58158e-05
0.9649669,2.763081e-26,0.034020618,5.3132158e-14,5.663728e-17,6.75761e-23,0.0009966568,1.5794589e-05
0.96498865,2.740689e-26,0.03399965,5.2932065e-14,5.6346346e-17,6.70745e-23,0.0009958813,1.5773508e-05
0.9650092,2.7180286e-26,0.033980086,5.2709732e-14,5.6043776e-17,6.6574256e-23,0.0009949588,1.5752228e-05
0.96502656,2.694889e-26,0.03396391,5.2449825e-14,5.572119e-17,6.6075e-23,0.0009937781,1.5730999e-05
0.9650423,2.6714423e-26,0.0339495,5.2164744e-14,5.538514e-17,6.557687e-23,0.0009924324,1.5709487e-05
0.96505827,2.6482816e-26,0.03393492,5.188558e-14,5.505366e-17,6.508302e-23,0.0009911151,1.5688069e-05
0.96507615,2.6257873e-26,0.03391827,5.1632923e-14,5.473847e-17,6.4594985e-23,0.0009899621,1.5666845e-05
0.96509534,2.6038453e-26,0.033899993,5.1402337e-14,5.4436773e-17,6.411216e-23,0.0009889551,1.5645699e-05
0.9651146,2.582096e-26,0.033881795,5.1173573e-14,5.413717e-17,6.363295e-23,0.0009879473,1.5624584e-05
0.9651329,2.5602923e-26,0.033864602,5.093179e-14,5.383135e-17,6.315677e-23,0.0009868512,1.5603498e-05
0.96515036,2.5384957e-26,0.033848427,5.0681237e-14,5.352191e-17,6.268291e-23,0.0009856933,1.5582336e-05
0.96516854,2.517002e-26,0.033831313,5.0438783e-14,5.321773e-17,6.221313e-23,0.0009845769,1.5561243e-05
0.9651877,2.4959786e-26,0.03381315,5.021335e-14,5.2924223e-17,6.174811e-23,0.0009835678,1.5540363e-05
0.9652073,2.475254e-26,0.033794492,4.999723e-14,5.2637175e-17,6.128706e-23,0.0009826184,1.551938e-05
0.9652264,2.4545509e-26,0.033776473,4.9772344e-14,5.2346262e-17,6.082919e-23,0.0009816095,1.5498492e-05
0.9652442,2.433748e-26,0.033759832,4.9532705e-14,5.2048153e-17,6.0373734e-23,0.0009804879,1.5477492e-05
0.96526164,2.4129922e-26,0.033743642,4.92881e-14,5.174817e-17,5.9920524e-23,0.0009793302,1.5456457e-05
0.96527994,2.3926527e-26,0.033726327,4.905756e-14,5.1457027e-17,5.9471914e-23,0.0009782583,1.5435522e-05
0.96529984,2.3728143e-26,0.033707477,4.8847736e-14,5.1178733e-17,5.9028556e-23,0.0009773273,1.5414776e-05
0.96532005,2.3532579e-26,0.033688124,4.864486e-14,5.0905453e-17,5.858851e-23,0.00097643293,1.5394106e-05
0.96533924,2.3336465e-26,0.033669908,4.8430122e-14,5.0626243e-17,5.8151027e-23,0.00097545463,1.5373329e-05
0.96535736,2.3138606e-26,0.033653017,4.8197333e-14,5.0337947e-17,5.771477e-23,0.0009743405,1.5352549e-05
0.9653748,2.2942057e-26,0.03363662,4.7962793e-14,5.0049923e-17,5.728196e-23,0.00097321405,1.5331801e-05
0.9653939,2.2750254e-26,0.03361855,4.77486e-14,4.9774068e-17,5.685422e-23,0.000972222,1.5311049e-05
0.96541494,2.2564576e-26,0.033598326,4.7561486e-14,4.9514376e-17,5.643108e-23,0.00097141095,1.529053e-05
0.96543646,2.2381876e-26,0.033577546,4.738408e-14,4.926114e-17,5.601241e-23,0.00097066956,1.527006e-05
0.9654569,2.2197244e-26,0.03355809,4.718738e-14,4.8997924e-17,5.5595086e-23,0.0009697888,1.52495e-05
0.9654745,2.2008863e-26,0.03354168,4.6957765e-14,4.8717385e-17,5.5178176e-23,0.0009686604,1.5228923e-05
0.9654902,2.1817876e-26,0.033527195,4.6705827e-14,4.842543e-17,5.4762415e-23,0.0009673708,1.5208127e-05
0.96550626,2.1629464e-26,0.03351241,4.64596e-14,4.8137624e-17,5.435e-23,0.0009661109,1.51875365e-05
0.96552414,2.1446151e-26,0.033495646,4.623751e-14,4.7864217e-17,5.394265e-23,0.00096502004,1.5166888e-05
0.9655435,2.1267916e-26,0.033477284,4.6036037e-14,4.760315e-17,5.353987e-23,0.00096406805,1.514658e-05
0.9655628,2.1091323e-26,0.03345893,4.5836575e-14,4.734422e-17,5.31405e-23,0.0009631315,1.5126183e-05
0.9655813,2.0913861e-26,0.033441577,4.5624972e-14,4.707966e-17,5.2742846e-23,0.0009620998,1.51057275e-05
0.9655992,2.0736616e-26,0.033424724,4.540583e-14,4.681173e-17,5.234735e-23,0.0009610024,1.5085161e-05
0.9656174,2.0562057e-26,0.033407576,4.5194998e-14,4.6549417e-17,5.1956017e-23,0.00095996726,1.5064844e-05
0.96563673,2.0391168e-26,0.033389132,4.4999096e-14,4.6296048e-17,5.1568068e-23,0.0009590366,1.5044588e-05
0.9656569,2.0223181e-26,0.0333699,4.481194e-14,4.604866e-17,5.1183836e-23,0.0009581515,1.5024368e-05
0.9656762,2.0055032e-26,0.033351604,4.461685e-14,4.5797493e-17,5.0801456e-23,0.0009572099,1.500415e-05
0.9656943,1.9885752e-26,0.033334553,4.4408237e-14,4.5539995e-17,5.0421294e-23,0.00095616945,1.4983811e-05
0.96571213,1.9717446e-26,0.03331788,4.4195862e-14,4.5281336e-17,5.0043386e-23,0.00095508253,1.4963539e-05
0.96573067,1.9552141e-26,0.033300284,4.3995613e-14,4.5030366e-17,4.9668917e-23,0.0009540922,1.4943361e-05
0.9657507,1.9391215e-26,0.0332811,4.381397e-14,4.4790252e-17,4.929883e-23,0.0009532261,1.4923263e-05
0.9657714,1.9232358e-26,0.033261314,4.363884e-14,4.4554677e-17,4.8932285e-23,0.00095241243,1.4903259e-05
0.9657909,1.9073031e-26,0.033242706,4.3452682e-14,4.4314034e-17,4.8567477e-23,0.0009515039,1.4883221e-05
0.96580905,1.891233e-26,0.03322564,4.325025e-14,4.406521e-17,4.8203478e-23,0.0009504679,1.486309e-05
0.96582687,1.8752763e-26,0.03320883,4.3045872e-14,4.3816267e-17,4.784274e-23,0.0009494182,1.484308e-05
0.9658462,1.8596909e-26,0.033190437,4.285978e-14,4.3578273e-17,4.7485867e-23,0.0009484923,1.482302e-05
0.96586746,1.8445978e-26,0.033169907,4.2697782e-14,4.335406e-17,4.7132827e-23,0.0009477537,1.4803216e-05
0.9658896,1.8297544e-26,0.033148654,4.2544137e-14,4.3135153e-17,4.6783522e-23,0.0009470707,1.4783436e-05
0.96590984,1.814764e-26,0.033129185,4.2373257e-14,4.290794e-17,4.64353e-23,0.0009462509,1.4763585e-05
0.9659275,1.7994108e-26,0.033112545,4.217158e-14,4.266471e-17,4.6087438e-23,0.0009451895,1.4743594e-05
0.96594363,1.7838784e-26,0.033097688,4.19503e-14,4.241196e-17,4.5740714e-23,0.00094396935,1.4723536e-05
0.96595985,1.7685343e-26,0.033082593,4.1733686e-14,4.2162147e-17,4.53966e-23,0.00094277784,1.4703478e-05
0.9659779,1.7536198e-26,0.033065673,4.1538624e-14,4.1925084e-17,4.5056706e-23,0.00094174594,1.4683658e-05
0.96599716,1.7390987e-26,0.033047352,4.1361097e-14,4.1698476e-17,4.472061e-23,0.00094084896,1.4663939e-05
0.9660167,1.7246786e-26,0.03302868,4.1185042e-14,4.1473413e-17,4.43872e-23,0.00093995506,1.4644125e-05
0.9660352,1.7102324e-26,0.033011235,4.0998275e-14,4.1243394e-17,4.405539e-23,0.00093897677,1.4624322e-05
0.96605295,1.6957767e-26,0.03299447,4.0804308e-14,4.1010073e-17,4.3725026e-23,0.00093792717,1.4604577e-05
0.96607125,1.6815339e-26,0.032977223,4.0616704e-14,4.0781364e-17,4.339832e-23,0.00093693467,1.4584838e-05
0.96609056,1.6675908e-26,0.032958895,4.0442577e-14,4.0560318e-17,4.3074103e-23,0.00093602994,1.4565226e-05
0.9661104,1.6538649e-26,0.0329399,4.0275742e-14,4.0344494e-17,4.2753478e-23,0.000935189,1.454573e-05
0.96612954,1.6401256e-26,0.032921646,4.010146e-14,4.0125043e-17,4.2434232e-23,0.0009342769,1.45260965e-05
0.9661474,1.6263124e-26,0.03290474,3.9914635e-14,3.9899732e-17,4.2116668e-23,0.00093325763,1.4506487e-05
0.966165,1.6125536e-26,0.03288827,3.972374e-14,3.9673098e-17,4.1801156e-23,0.00093220716,1.4486855e-05
0.96618336,1.5990283e-26,0.032870837,3.9543743e-14,3.9453054e-17,4.1488672e-23,0.00093123503,1.4467263e-05
0.96620333,1.5858486e-26,0.032851893,3.93795e-14,3.924223e-17,4.117922e-23,0.00093038613,1.4447874e-05
0.96622336,1.572832e-26,0.03283272,3.9220953e-14,3.903536e-17,4.0873017e-23,0.00092958054,1.4428372e-05
0.9662425,1.5597897e-26,0.032814402,3.9052054e-14,3.8823474e-17,4.0567813e-23,0.00092867744,1.4409007e-05
0.9662603,1.5466236e-26,0.032797676,3.8868187e-14,3.8604436e-17,4.0263912e-23,0.0009276554,1.4389513e-05
0.9662778,1.5335092e-26,0.032781195,3.8681996e-14,3.8384866e-17,3.9961964e-23,0.000926604,1.4369998e-05
0.96629655,1.5207403e-26,0.032763388,3.8512023e-14,3.817504e-17,3.9663548e-23,0.0009256787,1.43506795e-05
0.9663173,1.5083569e-26,0.032743476,3.836351e-14,3.797716e-17,3.9368946e-23,0.0009249326,1.43314155e-05
0.96633863,1.4961781e-26,0.032722782,3.8222003e-14,3.7783496e-17,3.907685e-23,0.0009242388,1.431231e-05
0.96635836,1.4838572e-26,0.03270392,3.806455e-14,3.758244e-17,3.8785672e-23,0.00092340837,1.42930685e-05
0.9663754,1.4712354e-26,0.032687973,3.787923e-14,3.7367093e-17,3.8494503e-23,0.00092233333,1.4273664e-05
0.96639085,1.4584847e-26,0.032673784,3.7676276e-14,3.714343e-17,3.8204726e-23,0.00092110684,1.4254236e-05
0.96640646,1.4458834e-26,0.032659423,3.7476922e-14,3.692224e-17,3.791714e-23,0.0009198997,1.42349045e-05
0.9664237,1.4336176e-26,0.03264325,3.7296463e-14,3.6711946e-17,3.7632783e-23,0.00091884995,1.4215514e-05
0.9664425,1.421659e-26,0.032625336,3.7131732e-14,3.651043e-17,3.7351762e-23,0.0009179324,1.4196377e-05
0.9664611,1.4098157e-26,0.03260768,3.6968075e-14,3.6310426e-17,3.707269e-23,0.0009170121,1.41772625e-05
0.9664788,1.3979204e-26,0.03259099,3.6794644e-14,3.610598e-17,3.6795246e-23,0.0009160027,1.4158065e-05
0.96649575,1.3860294e-26,0.03257515,3.6614595e-14,3.589868e-17,3.6519158e-23,0.000914931,1.4138856e-05
0.9665131,1.3742977e-26,0.032558776,3.643989e-14,3.5695173e-17,3.6245423e-23,0.0009138975,1.4119761e-05
0.9665316,1.3628176e-26,0.032541335,3.6277408e-14,3.5498413e-17,3.5974616e-23,0.00091297063,1.4100679e-05
0.96655065,1.3514962e-26,0.032523178,3.61207e-14,3.530559e-17,3.570626e-23,0.00091208704,1.4081674e-05
0.9665688,1.3401958e-26,0.032505985,3.5957985e-14,3.5110432e-17,3.543933e-23,0.00091114093,1.4062761e-05
0.96658593,1.3288062e-26,0.032489948,3.578313e-14,3.4909255e-17,3.5173282e-23,0.0009100837,1.4043641e-05
0.96660256,1.3174724e-26,0.0324744,3.5605304e-14,3.4707493e-17,3.4909484e-23,0.0009089995,1.4024665e-05
0.9666199,1.306326e-26,0.032458074,3.5436565e-14,3.4511133e-17,3.464769e-23,0.00090798124,1.4005628e-05
0.96663886,1.2954688e-26,0.032440145,3.528241e-14,3.4323145e-17,3.4389224e-23,0.0009070938,1.3986829e-05
0.966658,1.2847461e-26,0.032421798,3.5132955e-14,3.413827e-17,3.4132563e-23,0.00090623496,1.3967924e-05
0.9666762,1.27399426e-26,0.0324046,3.4974285e-14,3.3949302e-17,3.3877272e-23,0.0009052966,1.394915e-05
0.966693,1.2631475e-26,0.032388788,3.4802344e-14,3.375387e-17,3.36232e-23,0.00090423034,1.3930211e-05
0.9667095,1.25234496e-26,0.032373406,3.4628394e-14,3.3558267e-17,3.3370763e-23,0.0009031461,1.3911264e-05
0.9667272,1.24182576e-26,0.032356717,3.4468837e-14,3.337097e-17,3.312103e-23,0.0009021726,1.3892494e-05
0.96674716,1.2316234e-26,0.03233764,3.432848e-14,3.319391e-17,3.2874488e-23,0.00090138114,1.3873874e-05
0.96676743,1.2215704e-26,0.032318156,3.4194452e-14,3.3021073e-17,3.2629796e-23,0.0009006319,1.3855243e-05
0.96678615,1.2114219e-26,0.032300293,3.4046215e-14,3.2841317e-17,3.2386375e-23,0.00089975464,1.3836538e-05
0.9668022,1.2010428e-26,0.032285307,3.387344e-14,3.264962e-17,3.214297e-23,0.0008986445,1.3817803e-05
0.96681666,1.1905326e-26,0.032272123,3.3684403e-14,3.2450196e-17,3.1900484e-23,0.0008973819,1.3798876e-05
0.96683127,1.1801506e-26,0.032258764,3.3499103e-14,3.225335e-17,3.1659837e-23,0.00089614,1.3780083e-05
0.9668478,1.1700489e-26,0.032243446,3.333065e-14,3.206571e-17,3.1421668e-23,0.0008950467,1.3761341e-05
0.9668655,1.1602122e-26,0.03222676,3.317669e-14,3.1886377e-17,3.1186635e-23,0.00089408533,1.3742759e-05
0.966883,1.1504579e-26,0.032210138,3.3023816e-14,3.1708285e-17,3.0953353e-23,0.00089313,1.3724253e-05
0.96689993,1.14067176e-26,0.0321943,3.2861778e-14,3.1526113e-17,3.0721213e-23,0.0008920833,1.3705592e-05
0.96691585,1.1308814e-26,0.03217942,3.2694205e-14,3.134161e-17,3.0490313e-23,0.00089097396,1.3686957e-05
0.96693224,1.1212355e-26,0.032164197,3.2531778e-14,3.1160575e-17,3.02614e-23,0.00088990893,1.3668418e-05
0.96695006,1.1117839e-26,0.03214743,3.2380155e-14,3.0985484e-17,3.003482e-23,0.00088894303,1.3649926e-05
0.966968,1.1024792e-26,0.03213037,3.2234157e-14,3.0813963e-17,2.981028e-23,0.0008880207,1.3631524e-05
0.9669854,1.09316854e-26,0.032113917,3.2082318e-14,3.0640216e-17,2.9587064e-23,0.0008870413,1.3613061e-05
0.96700144,1.0838108e-26,0.03209902,3.192061e-14,3.0461833e-17,2.9364473e-23,0.0008859569,1.3594644e-05
0.9670173,1.07449195e-26,0.0320843,3.175583e-14,3.028263e-17,2.914399e-23,0.00088484166,1.3576093e-05
0.9670337,1.06534325e-26,0.03206894,3.159976e-14,3.0108405e-17,2.8925406e-23,0.0008837974,1.3557666e-05
0.96705174,1.0564155e-26,0.03205193,3.1456564e-14,2.9941513e-17,2.8709056e-23,0.0008828737,1.3539404e-05
0.9670702,1.0476027e-26,0.032034267,3.1317498e-14,2.977715e-17,2.8494442e-23,0.00088198844,1.3521108e-05
0.9670874,1.0387632e-26,0.0320181,3.117056e-14,2.960947e-17,2.8281074e-23,0.0008810138,1.3502804e-05
0.9671035,1.0298633e-26,0.03200312,3.1012146e-14,2.9436522e-17,2.806852e-23,0.00087992515,1.3484472e-05
0.9671191,1.02099255e-26,0.031988688,3.085176e-14,2.9263013e-17,2.7857127e-23,0.0008788122,1.3466133e-05
0.96713614,1.0123503e-26,0.0319726,3.07046e-14,2.9097004e-17,2.7648423e-23,0.0008778209,1.3447916e-05
0.9671551,1.00398235e-26,0.03195451,3.0574705e-14,2.894038e-17,2.7442382e-23,0.00087699963,1.3429825e-05
0.9671746,9.957371e-27,0.031935774,3.0450543e-14,2.8787255e-17,2.72381e-23,0.0008762247,1.34117945e-05
0.96719265,9.8740764e-27,0.031918652,3.031383e-14,2.8628125e-17,2.703447e-23,0.00087532745,1.3393664e-05
0.96720815,9.7888756e-27,0.031904314,3.0155206e-14,2.8458507e-17,2.683086e-23,0.0008741968,1.3375471e-05
0.9672217,9.702688e-27,0.031892043,2.9982425e-14,2.8282387e-17,2.6628022e-23,0.00087291776,1.3357162e-05
0.9672355,9.617517e-27,0.031879485,2.981309e-14,2.8108656e-17,2.6426924e-23,0.0008716691,1.3338832e-05
0.96725124,9.534751e-27,0.031864807,2.965902e-14,2.7943187e-17,2.6228096e-23,0.0008705667,1.3320756e-05
0.9672683,9.454115e-27,0.031848837,2.951772e-14,2.7784666e-17,2.6031594e-23,0.0008695863,1.3302684e-05
0.9672852,9.374196e-27,0.031832878,2.9377427e-14,2.7627358e-17,2.5836662e-23,0.00086861197,1.3284685e-05
0.9673013,9.2939524e-27,0.031817865,2.9229518e-14,2.7466514e-17,2.5642482e-23,0.00086755346,1.32667e-05
0.96731657,9.213825e-27,0.031803746,2.907651e-14,2.7303976e-17,2.5449735e-23,0.0008664393,1.32486775e-05
0.9673323,9.134531e-27,0.03178904,2.8927845e-14,2.7143867e-17,2.5257972e-23,0.00086535345,1.3230548e-05
0.9673493,9.057281e-27,0.031773113,2.8789423e-14,2.6989671e-17,2.506893e-23,0.0008643789,1.3212685e-05
0.96736664,8.981028e-27,0.031756777,2.865588e-14,2.6838514e-17,2.4881214e-23,0.00086344365,1.3194802e-05
0.9673834,8.904835e-27,0.031741034,2.8517394e-14,2.6685333e-17,2.4694704e-23,0.0008624529,1.317696e-05
0.9673988,8.828165e-27,0.031726714,2.8369903e-14,2.6528134e-17,2.4508902e-23,0.0008613586,1.3158987e-05
0.9674141,8.751886e-27,0.031712573,2.821994e-14,2.6370146e-17,2.4324307e-23,0.0008602295,1.3141085e-05
0.96742994,8.676934e-27,0.03169779,2.807775e-14,2.6216715e-17,2.4141487e-23,0.0008591843,1.3123291e-05
0.9674471,8.6038825e-27,0.03168149,2.7946971e-14,2.6069581e-17,2.3960803e-23,0.00085824955,1.31055385e-05
0.96746504,8.531745e-27,0.031664617,2.7820323e-14,2.5924974e-17,2.3781583e-23,0.00085734925,1.3087845e-05
0.96748155,8.459426e-27,0.031648975,2.7686451e-14,2.5777299e-17,2.3603307e-23,0.00085637515,1.307007e-05
0.967497,8.386496e-27,0.031634755,2.754231e-14,2.562496e-17,2.3425897e-23,0.0008552836,1.3052305e-05
0.9675121,8.313999e-27,0.03162077,2.7396872e-14,2.5472539e-17,2.3249367e-23,0.00085416227,1.3034495e-05
0.96752846,8.243274e-27,0.03160533,2.7262953e-14,2.5326376e-17,2.307499e-23,0.000853164,1.3016854e-05
0.96754676,8.174755e-27,0.031587906,2.714449e-14,2.5188493e-17,2.2902666e-23,0.00085232785,1.299931e-05
0.9675656,8.1072445e-27,0.031569786,2.7031093e-14,2.5053577e-17,2.2732075e-23,0.0008515449,1.2981773e-05
0.967583,8.039205e-27,0.03155344,2.6906788e-14,2.4913737e-17,2.2561946e-23,0.00085063657,1.2964313e-05
0.96759784,7.9694365e-27,0.031539723,2.6762762e-14,2.4764408e-17,2.2391836e-23,0.00084950496,1.294661e-05
0.9676109,7.898932e-27,0.03152788,2.6606511e-14,2.4609732e-17,2.2222287e-23,0.00084823085,1.292887e-05
0.9676242,7.829353e-27,0.031515926,2.6453501e-14,2.4457148e-17,2.2054535e-23,0.00084698794,1.2911155e-05
0.96763927,7.761584e-27,0.031501934,2.6313663e-14,2.4311581e-17,2.1888088e-23,0.0008458775,1.2893553e-05
0.96765554,7.695674e-27,0.031486604,2.6185534e-14,2.4172259e-17,2.1724003e-23,0.0008448936,1.2876111e-05
0.9676722,7.6302394e-27,0.03147106,2.6058035e-14,2.4033837e-17,2.1560992e-23,0.0008439128,1.2858613e-05
0.9676875,7.5647154e-27,0.03145685,2.5924151e-14,2.3892708e-17,2.1398925e-23,0.0008428548,1.2841169e-05
0.9677021,7.499148e-27,0.031443287,2.5785868e-14,2.3750035e-17,2.1237742e-23,0.00084173965,1.282374e-05
0.9677175,7.434439e-27,0.03142904,2.5651283e-14,2.3609318e-17,2.1077707e-23,0.0008406589,1.2806211e-05
0.96773374,7.37125e-27,0.031413864,2.5525983e-14,2.3473928e-17,2.0919774e-23,0.00083968096,1.27889e-05
0.96775067,7.308938e-27,0.031397823,2.5405003e-14,2.3341115e-17,2.0762963e-23,0.0008387417,1.2771573e-05
0.96776664,7.246649e-27,0.03138283,2.5279647e-14,2.3206726e-17,2.0607226e-23,0.00083775143,1.27542435e-05
0.9677817,7.184006e-27,0.031368956,2.5146641e-14,2.3068865e-17,2.0452093e-23,0.00083665946,1.2736805e-05
0.9677962,7.121684e-27,0.03135555,2.501131e-14,2.293041e-17,2.0297959e-23,0.0008355413,1.2719528e-05
0.96781164,7.060392e-27,0.03134122,2.488276e-14,2.2795766e-17,2.0145239e-23,0.0008344892,1.2702155e-05
0.9678284,7.0007345e-27,0.03132533,2.4764773e-14,2.2666698e-17,1.9994227e-23,0.0008335555,1.268493e-05
0.96784556,6.941821e-27,0.031309098,2.4650317e-14,2.2539833e-17,1.9844659e-23,0.0008326597,1.2667819e-05
0.96786165,6.88274e-27,0.031293914,2.4529629e-14,2.2410402e-17,1.9695662e-23,0.00083168794,1.2650621e-05
0.9678766,6.823242e-27,0.031280197,2.4400002e-14,2.2277014e-17,1.9547314e-23,0.000830599,1.26333825e-05
0.9678913,6.76405e-27,0.03126671,2.4269064e-14,2.2143484e-17,1.9400005e-23,0.00082949223,1.2616176e-05
0.967907,6.706249e-27,0.031251896,2.4148526e-14,2.2015483e-17,1.9254265e-23,0.0008285001,1.2599018e-05
0.9679249,6.650352e-27,0.031234896,2.4041709e-14,2.1894702e-17,1.9110466e-23,0.00082766725,1.2582033e-05
0.9679433,6.595326e-27,0.031217208,2.3939757e-14,2.1776668e-17,1.8967895e-23,0.000826883,1.25651e-05
0.9679603,6.539724e-27,0.031201148,2.3827974e-14,2.1654283e-17,1.882593e-23,0.0008259832,1.254809e-05
0.96797466,6.4828905e-27,0.031187922,2.3699104e-14,2.1523906e-17,1.8683978e-23,0.0008248667,1.2531043e-05
0.9679874,6.4254127e-27,0.03117656,2.355943e-14,2.138881e-17,1.85425e-23,0.0008236167,1.2513797e-05
0.9680002,6.3685908e-27,0.03116496,2.3422233e-14,2.1255291e-17,1.8402094e-23,0.00082238426,1.2496656e-05
0.96801466,6.3134387e-27,0.031151582,2.3297428e-14,2.1128286e-17,1.8263411e-23,0.0008212962,1.247961e-05
0.96803063,6.259656e-27,0.031136531,2.3182784e-14,2.1006637e-17,1.8126353e-23,0.00082032965,1.2462654e-05
0.96804684,6.2063817e-27,0.031121375,2.3069147e-14,2.0886016e-17,1.7990397e-23,0.000819366,1.2445759e-05
0.9680618,6.1529182e-27,0.031107377,2.2949604e-14,2.0762889e-17,1.7855166e-23,0.0008183245,1.2428836e-05
0.96807635,6.099494e-27,0.031094022,2.2826232e-14,2.0638275e-17,1.7720536e-23,0.00081723084,1.2411836e-05
0.9680912,6.0468592e-27,0.03108027,2.2706644e-14,2.0515902e-17,1.7586996e-23,0.00081617484,1.2395039e-05
0.9681073,5.9953487e-27,0.0310652,2.2595036e-14,2.0397938e-17,1.7454952e-23,0.00081521133,1.2378164e-05
0.9681236,5.9445958e-27,0.031049786,2.2487332e-14,2.0282207e-17,1.732423e-23,0.0008142988,1.2361409e-05
0.9681396,5.8938887e-27,0.031034788,2.2376034e-14,2.01652e-17,1.7194026e-23,0.00081332814,1.234459e-05
0.9681543,5.8429602e-27,0.031021057,2.2257868e-14,2.004517e-17,1.7064644e-23,0.0008122693,1.23278005e-05
0.9681685,5.7921592e-27,0.031007903,2.2137824e-14,1.992463e-17,1.6935842e-23,0.0008111726,1.2310981e-05
0.9681837,5.7424186e-27,0.030993786,2.202433e-14,1.9807781e-17,1.6808796e-23,0.0008101602,1.2294185e-05
0.96820027,5.693852e-27,0.030978298,2.1919768e-14,1.9695551e-17,1.6682665e-23,0.0008092521,1.2277653e-05
0.9682174,5.645979e-27,0.030962013,2.1818501e-14,1.9585461e-17,1.6557807e-23,0.00080838543,1.2260973e-05
0.9682332,5.5979465e-27,0.03094711,2.1712002e-14,1.947314e-17,1.6433609e-23,0.0008074386,1.2244383e-05
0.96824795,5.5495325e-27,0.030933358,2.1597384e-14,1.9357305e-17,1.6309764e-23,0.0008063843,1.22276715e-05
0.96826226,5.5013677e-27,0.030920131,2.1481889e-14,1.9241417e-17,1.6186847e-23,0.00080531574,1.22110005e-05
0.96827817,5.454482e-27,0.030905308,2.1375607e-14,1.9130413e-17,1.6065372e-23,0.0008043603,1.2194479e-05
0.9682958,5.4090378e-27,0.030888423,2.1281654e-14,1.902567e-17,1.5945261e-23,0.00080355303,1.2177965e-05
0.96831435,5.3643246e-27,0.030870758,2.1191936e-14,1.8923325e-17,1.5826487e-23,0.00080281013,1.21615785e-05
0.9683312,5.3191604e-27,0.030854752,2.1093746e-14,1.8817401e-17,1.5707972e-23,0.0008019395,1.2145147e-05
0.96834546,5.2729736e-27,0.030841619,2.0980422e-14,1.870446e-17,1.5589529e-23,0.0008008645,1.2128577e-05
0.968358,5.2263217e-27,0.03083031,2.085752e-14,1.858741e-17,1.5471598e-23,0.0007996598,1.2111961e-05
0.9683705,5.180201e-27,0.03081889,2.0737003e-14,1.8471797e-17,1.5354439e-23,0.0007984799,1.2095381e-05
0.9683851,5.135341e-27,0.030805312,2.0627333e-14,1.8361777e-17,1.5238669e-23,0.00079742953,1.2078848e-05
0.9684012,5.091673e-27,0.030790256,2.0526732e-14,1.8256544e-17,1.512437e-23,0.0007965034,1.206246e-05
0.9684174,5.048454e-27,0.030775037,2.0427167e-14,1.8152199e-17,1.5010986e-23,0.000795586,1.2046143e-05
0.9684323,5.0050416e-27,0.03076113,2.0322245e-14,1.8045602e-17,1.489798e-23,0.00079458667,1.202975e-05
0.9684465,4.961696e-27,0.03074797,2.0214221e-14,1.7937837e-17,1.478587e-23,0.00079354114,1.2013349e-05
0.96846145,4.918917e-27,0.030733965,2.0109277e-14,1.7831953e-17,1.4674501e-23,0.0007925309,1.1997048e-05
0.96847737,4.877145e-27,0.030718999,2.0011504e-14,1.7729893e-17,1.456443e-23,0.00079160876,1.1980713e-05
0.9684939,4.835988e-27,0.030703356,1.9917372e-14,1.7629973e-17,1.4455362e-23,0.00079073646,1.196452e-05
0.9685098,4.79481e-27,0.030688519,1.9820037e-14,1.7528801e-17,1.4346934e-23,0.00078981183,1.1948251e-05
0.9685245,4.7534328e-27,0.030674767,1.9716349e-14,1.7424929e-17,1.4238816e-23,0.0007887956,1.1931956e-05
0.9685389,4.712231e-27,0.030661533,1.9611288e-14,1.7320808e-17,1.413145e-23,0.00078775035,1.1915735e-05
0.96855384,4.6718172e-27,0.030647447,1.9511673e-14,1.721962e-17,1.4025333e-23,0.0007867789,1.1899532e-05
0.9685705,4.632394e-27,0.030631667,1.9420151e-14,1.7122644e-17,1.3920143e-23,0.0007859106,1.1883407e-05
0.9685875,4.5935155e-27,0.030615505,1.9331574e-14,1.702739e-17,1.3816066e-23,0.00078508386,1.1867273e-05
0.9686036,4.5545763e-27,0.030600306,1.9238244e-14,1.6930261e-17,1.3712436e-23,0.0007841825,1.1851263e-05
0.96861804,4.5152884e-27,0.030586991,1.9137922e-14,1.6830123e-17,1.3609353e-23,0.00078317925,1.1835142e-05
0.9686326,4.476203e-27,0.030573511,1.9036601e-14,1.6729814e-17,1.350679e-23,0.00078215054,1.1818964e-05
0.96864825,4.4380868e-27,0.03055879,1.894335e-14,1.6633676e-17,1.3405271e-23,0.0007812313,1.1802969e-05
0.968666,4.4012118e-27,0.030541752,1.8861135e-14,1.6543174e-17,1.3305304e-23,0.0007804712,1.1787031e-05
0.96868426,4.3648953e-27,0.030524215,1.8782474e-14,1.6454618e-17,1.32061406e-23,0.00077975524,1.1771168e-05
0.96870124,4.3282452e-27,0.030508103,1.8696269e-14,1.6362829e-17,1.31071985e-23,0.0007789186,1.1755298e-05
0.96871525,4.2907108e-27,0.030495048,1.8596603e-14,1.6264986e-17,1.30084615e-23,0.0007778906,1.1739201e-05
0.96872777,4.2527653e-27,0.030483752,1.8488373e-14,1.616351e-17,1.2909957e-23,0.00077673094,1.172312e-05
0.9687405,4.2152856e-27,0.03047218,1.838221e-14,1.6063346e-17,1.28123475e-23,0.00077559234,1.1707063e-05
0.96875495,4.1788597e-27,0.0304588,1.8285654e-14,1.5967972e-17,1.2715789e-23,0.00077458826,1.1691171e-05
0.96877086,4.143372e-27,0.030443793,1.8197165e-14,1.587676e-17,1.2620458e-23,0.0007736943,1.167524e-05
0.9687867,4.108217e-27,0.030428795,1.8109204e-14,1.578613e-17,1.25257464e-23,0.0007728059,1.1659375e-05
0.96880174,4.0729054e-27,0.030414758,1.8016669e-14,1.5693606e-17,1.24315454e-23,0.0007718412,1.1643521e-05
0.9688159,4.037679e-27,0.030401632,1.7921242e-14,1.5600127e-17,1.2337948e-23,0.00077082997,1.162768e-05
0.9688306,4.0028963e-27,0.03038795,1.7828643e-14,1.5508215e-17,1.22451076e-23,0.0007698543,1.161182e-05
0.9688464,3.968917e-27,0.030373087,1.7742225e-14,1.541957e-17,1.2153351e-23,0.0007689687,1.1596085e-05
0.9688629,3.93544e-27,0.030357441,1.7658934e-14,1.533267e-17,1.2062244e-23,0.00076812285,1.1580434e-05
0.96887857,3.9019583e-27,0.030342652,1.757267e-14,1.5244735e-17,1.19717665e-23,0.000767223,1.1564652e-05
0.96889293,3.8682553e-27,0.030329332,1.7480929e-14,1.515451e-17,1.1881586e-23,0.000766237,1.1548953e-05
0.968907,3.8347395e-27,0.030316235,1.7387606e-14,1.5063892e-17,1.1791948e-23,0.00076522137,1.1533193e-05
0.968922,3.8018662e-27,0.030302195,1.7299222e-14,1.4975832e-17,1.17034e-23,0.0007642778,1.15175235e-05
0.96893835,3.769768e-27,0.030286701,1.721804e-14,1.4891431e-17,1.1615709e-23,0.0007634369,1.1501934e-05
0.96895504,3.738085e-27,0.03027088,1.7139273e-14,1.4808528e-17,1.1528767e-23,0.00076262635,1.1486324e-05
0.9689708,3.7063686e-27,0.030256018,1.7056262e-14,1.4723936e-17,1.144229e-23,0.0007617447,1.1470758e-05
0.96898514,3.6743408e-27,0.03024262,1.6966895e-14,1.4636625e-17,1.1356099e-23,0.00076076423,1.1455164e-05
0.96899915,3.642532e-27,0.030229677,1.6876767e-14,1.4549272e-17,1.127064e-23,0.0007597631,1.1439533e-05
0.96901464,3.611501e-27,0.030215057,1.6793743e-14,1.4465495e-17,1.1185969e-23,0.00075886573,1.1424059e-05
0.96903205,3.5814243e-27,0.030198429,1.6720212e-14,1.4386454e-17,1.1102379e-23,0.000758114,1.1408609e-05
0.96905005,3.5518574e-27,0.030181138,1.6650062e-14,1.4309277e-17,1.1019673e-23,0.00075741264,1.1393218e-05
0.9690666,3.5219654e-27,0.030165484,1.6573008e-14,1.4229176e-17,1.0937149e-23,0.0007565954,1.1377865e-05
0.9690805,3.491383e-27,0.03015257,1.6484059e-14,1.4143819e-17,1.08547166e-23,0.0007555852,1.1362251e-05
0.9690926,3.4604786e-27,0.030141618,1.6387552e-14,1.4055306e-17,1.0772474e-23,0.0007544483,1.1346735e-05
0.9691049,3.4299268e-27,0.03013039,1.629292e-14,1.396788e-17,1.0690979e-23,0.0007533334,1.1331165e-05
0.969119,3.4002093e-27,0.030117327,1.620656e-14,1.3884569e-17,1.0610324e-23,0.00075234065,1.1315705e-05
0.96913445,3.371306e-27,0.030102702,1.6127475e-14,1.3805041e-17,1.0530774e-23,0.0007514649,1.1300355e-05
0.9691499,3.3426363e-27,0.030088142,1.6048931e-14,1.37259174e-17,1.0451779e-23,0.0007505887,1.1285005e-05
0.9691646,3.3138668e-27,0.030074485,1.5966158e-14,1.36451515e-17,1.0373093e-23,0.00074964436,1.1269647e-05
0.96917856,3.2851034e-27,0.030061498,1.5880768e-14,1.35634575e-17,1.02948344e-23,0.0007486478,1.1254214e-05
0.9691929,3.2567784e-27,0.030048186,1.5798074e-14,1.3483284e-17,1.0217364e-23,0.00074769,1.1238947e-05
0.96920824,3.2290575e-27,0.030033704,1.5720711e-14,1.3405797e-17,1.0140643e-23,0.00074681384,1.1223679e-05
0.9692243,3.201758e-27,0.030018508,1.5646218e-14,1.33299345e-17,1.00646574e-23,0.00074597914,1.1208418e-05
0.9692396,3.1744687e-27,0.0300041,1.5569152e-14,1.3253178e-17,9.989083e-24,0.0007450964,1.1193224e-05
0.9692537,3.1470246e-27,0.02999092,1.548719e-14,1.3174484e-17,9.913874e-24,0.0007441287,1.1177995e-05
0.96926725,3.1196964e-27,0.029978357,1.5404006e-14,1.3095401e-17,9.8391126e-24,0.0007431335,1.1162778e-05
0.96928215,3.0928933e-27,0.029964585,1.5325e-14,1.3018547e-17,9.765115e-24,0.0007422029,1.1147546e-05
0.96929795,3.0667441e-27,0.029949587,1.5252463e-14,1.2944923e-17,9.691942e-24,0.000741376,1.1132407e-05
0.9693145,3.0409467e-27,0.029933823,1.5182193e-14,1.287256e-17,9.6193975e-24,0.00074058026,1.1117351e-05
0.9693299,3.015086e-27,0.029919343,1.5108078e-14,1.2798729e-17,9.547203e-24,0.00073971675,1.1102303e-05
0.9693439,2.989019e-27,0.029906252,1.502857e-14,1.2722684e-17,9.47532e-24,0.0007387602,1.1087216e-05
0.9693578,2.9630754e-27,0.029893393,1.4948109e-14,1.2646461e-17,9.403798e-24,0.00073777104,1.1072011e-05
0.96937275,2.9378197e-27,0.029879263,1.4874364e-14,1.2573587e-17,9.333289e-24,0.000736902,1.1056965e-05
0.9693899,2.9133305e-27,0.029862812,1.4808953e-14,1.2504738e-17,9.26347e-24,0.00073616346,1.1042041e-05
0.96940774,2.8892564e-27,0.029845765,1.474651e-14,1.2437509e-17,9.1944255e-24,0.0007354767,1.1027195e-05
0.9694242,2.8649404e-27,0.029830167,1.4678176e-14,1.2367886e-17,9.125605e-24,0.00073468016,1.1012258e-05
0.96943766,2.84004e-27,0.029817669,1.4599197e-14,1.2293549e-17,9.056719e-24,0.00073369476,1.0997226e-05
0.96944964,2.8148581e-27,0.029806836,1.4513613e-14,1.2216565e-17,8.988165e-24,0.0007325906,1.0982101e-05
0.9694616,2.7900161e-27,0.02979589,1.4429743e-14,1.2140572e-17,8.920133e-24,0.0007315092,1.0967062e-05
0.9694755,2.7658734e-27,0.029782964,1.4353448e-14,1.2068251e-17,8.852936e-24,0.0007305478,1.0952105e-05
0.9694908,2.7423523e-27,0.029768445,1.428343e-14,1.1999034e-17,8.786426e-24,0.00072969456,1.0937248e-05
0.9695062,2.7190516e-27,0.02975393,1.4214055e-14,1.1930396e-17,8.720549e-24,0.00072885345,1.0922432e-05
0.96952087,2.695659e-27,0.029740307,1.4141014e-14,1.1860286e-17,8.6548636e-24,0.000727935,1.0907514e-05
0.9695346,2.6722917e-27,0.029727627,1.4065815e-14,1.1789453e-17,8.589729e-24,0.00072697824,1.0892648e-05
0.96954864,2.6492694e-27,0.02971434,1.39929114e-14,1.17199424e-17,8.5250226e-24,0.0007260507,1.0877836e-05
0.969564,2.6267497e-27,0.029699853,1.3924922e-14,1.1652856e-17,8.461074e-24,0.0007252124,1.08630275e-05
0.96958005,2.6045822e-27,0.0296846,1.3859518e-14,1.1587179e-17,8.3976744e-24,0.00072441145,1.0848342e-05
0.9695953,2.5824223e-27,0.029670293,1.3791727e-14,1.15206754e-17,8.334616e-24,0.00072356116,1.0833624e-05
0.9696094,2.5601158e-27,0.029657088,1.3719801e-14,1.1452487e-17,8.271832e-24,0.0007226338,1.081882e-05
0.9696232,2.5379431e-27,0.029644335,1.3646789e-14,1.1384091e-17,8.2095185e-24,0.0007216827,1.0804065e-05
0.96963775,2.5161755e-27,0.029630702,1.3577698e-14,1.13176655e-17,8.1477735e-24,0.0007207938,1.07894e-05
0.96965367,2.4949789e-27,0.029615536,1.35143344e-14,1.1254048e-17,8.086752e-24,0.00072000455,1.077479e-05
0.9696702,2.4740567e-27,0.029599776,1.34529694e-14,1.1191562e-17,8.0262834e-24,0.0007192523,1.0760208e-05
0.96968573,2.453064e-27,0.02958507,1.3388346e-14,1.1127886e-17,7.9660776e-24,0.00071843015,1.07456135e-05
0.9696999,2.4319494e-27,0.029571848,1.3318855e-14,1.10621916e-17,7.90613e-24,0.000717515,1.07309515e-05
0.9697137,2.4109143e-27,0.029559016,1.3248835e-14,1.0996545e-17,7.846601e-24,0.00071658555,1.0716327e-05
0.96972907,2.3904115e-27,0.029544493,1.318441e-14,1.0933475e-17,7.7877106e-24,0.0007157569,1.07017795e-05
0.96974653,2.3706037e-27,0.029527783,1.3127736e-14,1.0874232e-17,7.729575e-24,0.00071506563,1.0687397e-05
0.96976435,2.3510863e-27,0.029510649,1.3073678e-14,1.0816346e-17,7.672022e-24,0.0007144231,1.0672998e-05
0.96978074,2.3313792e-27,0.029494997,1.3014413e-14,1.0756372e-17,7.614625e-24,0.00071367517,1.0658582e-05
0.9697944,2.3112138e-27,0.029482251,1.2945794e-14,1.06923765e-17,7.557261e-24,0.00071274384,1.0644044e-05
0.9698064,2.290808e-27,0.029471314,1.2871229e-14,1.0625985e-17,7.500029e-24,0.00071169436,1.06294265e-05
0.96981883,2.2706527e-27,0.029459834,1.27981494e-14,1.0560456e-17,7.4432355e-24,0.00071066583,1.0614844e-05
0.96983284,2.2510993e-27,0.029446777,1.273201e-14,1.049819e-17,7.387279e-24,0.0007097671,1.060046e-05
0.96984845,2.2320413e-27,0.02943192,1.26713825e-14,1.0438697e-17,7.331893e-24,0.0007089681,1.0586002e-05
0.96986413,2.2131868e-27,0.029417131,1.2611356e-14,1.0379621e-17,7.276952e-24,0.0007081781,1.0571725e-05
0.96987885,2.1942216e-27,0.029403385,1.254806e-14,1.03192965e-17,7.222223e-24,0.0007073168,1.0557297e-05
0.96989274,2.1753344e-27,0.029390294,1.248283e-14,1.0258372e-17,7.167871e-24,0.00070641283,1.0542961e-05
0.9699072,2.1566604e-27,0.029376723,1.2419704e-14,1.0198554e-17,7.113988e-24,0.0007055455,1.0528568e-05
0.9699229,2.1384346e-27,0.029361792,1.23608695e-14,1.0140875e-17,7.060652e-24,0.00070475787,1.0514279e-05
0.96993905,2.1204934e-27,0.02934638,1.2304409e-14,1.0084414e-17,7.007854e-24,0.00070401456,1.0500105e-05
0.9699546,2.1025331e-27,0.02933163,1.2245863e-14,1.0027227e-17,6.955314e-24,0.00070322334,1.0485833e-05
0.96996886,2.0844993e-27,0.029318245,1.2183604e-14,9.96864e-18,6.903052e-24,0.00070235564,1.0471606e-05
0.969983,2.0665253e-27,0.029305087,1.2120274e-14,9.909713e-18,6.850974e-24,0.00070145284,1.0457358e-05
0.9699978,2.0489112e-27,0.029291116,1.20605015e-14,9.852609e-18,6.799579e-24,0.0007006238,1.0443107e-05
0.9700141,2.0317444e-27,0.029275635,1.20058035e-14,9.797939e-18,6.748733e-24,0.0006998916,1.042905e-05
0.970031,2.0147846e-27,0.029259399,1.1952867e-14,9.7442124e-18,6.6982984e-24,0.00069919135,1.041491e-05
0.9700467,1.997796e-27,0.029244473,1.189697e-14,9.689399e-18,6.6480795e-24,0.0006984203,1.0400794e-05
0.97006106,1.9806683e-27,0.029230963,1.1836713e-14,9.632897e-18,6.598127e-24,0.0006975639,1.0386626e-05
0.9700751,1.9636343e-27,0.029217785,1.1775947e-14,9.5763196e-18,6.5484992e-24,0.00069668837,1.03724915e-05
0.9700907,1.9470397e-27,0.02920299,1.1720297e-14,9.522196e-18,6.499427e-24,0.0006959147,1.0358443e-05
0.9701084,1.9309946e-27,0.029186036,1.1671432e-14,9.471253e-18,6.4510083e-24,0.00069527334,1.03445345e-05
0.97012657,1.9151852e-27,0.029168442,1.1624817e-14,9.42145e-18,6.4030017e-24,0.00069467793,1.033063e-05
0.9701432,1.8992119e-27,0.029152535,1.15734686e-14,9.369748e-18,6.3551246e-24,0.0006939813,1.03166985e-05
0.9701572,1.8828714e-27,0.029139334,1.1513878e-14,9.314681e-18,6.3073472e-24,0.0006931063,1.0302631e-05
0.9701694,1.8663334e-27,0.0291282,1.14489395e-14,9.257412e-18,6.259607e-24,0.0006921124,1.0288523e-05
0.9701821,1.8500048e-27,0.02911647,1.1385457e-14,9.200992e-18,6.212303e-24,0.00069114525,1.0274412e-05
0.97019637,1.8341368e-27,0.029103072,1.1327789e-14,9.1473015e-18,6.165601e-24,0.00069029373,1.0260433e-05
0.9702121,1.8186857e-27,0.029088117,1.1275204e-14,9.095986e-18,6.1194232e-24,0.00068954565,1.0246547e-05
0.97022814,1.8033788e-27,0.029072901,1.12230375e-14,9.045098e-18,6.0736156e-24,0.0006888039,1.0232704e-05
0.9702429,1.7880278e-27,0.029058874,1.1167987e-14,8.993079e-18,6.0280057e-24,0.00068799505,1.0218787e-05
0.9702571,1.772671e-27,0.029045558,1.1111122e-14,8.940464e-18,5.9826896e-24,0.00068714086,1.02049025e-05
0.97027165,1.7575611e-27,0.029031813,1.1056198e-14,8.888908e-18,5.937806e-24,0.00068632595,1.0191051e-05
0.9702876,1.7427684e-27,0.02901668,1.1005002e-14,8.8390775e-18,5.8933124e-24,0.00068558234,1.0177242e-05
0.970304,1.7281936e-27,0.029000958,1.09557605e-14,8.790368e-18,5.8492454e-24,0.0006848803,1.0163447e-05
0.9703197,1.713628e-27,0.028986,1.0904777e-14,8.741021e-18,5.805436e-24,0.0006841367,1.01496635e-05
0.97033405,1.6989818e-27,0.028972385,1.0850455e-14,8.690382e-18,5.7618156e-24,0.0006833135,1.01358655e-05
0.97034836,1.6844031e-27,0.028959058,1.0795167e-14,8.639572e-18,5.7184787e-24,0.0006824639,1.0122057e-05
0.9703635,1.6700975e-27,0.028944766,1.0742959e-14,8.59015e-18,5.6755375e-24,0.0006816771,1.01083715e-05
0.97037977,1.6561551e-27,0.028929189,1.0695216e-14,8.542975e-18,5.633184e-24,0.0006809907,1.0094677e-05
0.9703967,1.6424057e-27,0.028912922,1.0649072e-14,8.496551e-18,5.591107e-24,0.0006803274,1.0081135e-05
0.9704127,1.628607e-27,0.028897686,1.0600246e-14,8.44921e-18,5.549275e-24,0.0006796058,1.0067428e-05
0.97042704,1.6147e-27,0.028884172,1.0547602e-14,8.400324e-18,5.5075582e-24,0.0006787881,1.0053808e-05
0.9704414,1.6008751e-27,0.028870555,1.049442e-14,8.351403e-18,5.4661967e-24,0.00067795976,1.0040103e-05
0.97045714,1.5873887e-27,0.028855553,1.0445703e-14,8.304584e-18,5.4252363e-24,0.0006772263,1.0026505e-05
0.9704747,1.5743433e-27,0.028838525,1.04031045e-14,8.260564e-18,5.3848805e-24,0.0006766266,1.00129655e-05
0.97049314,1.5615195e-27,0.028820869,1.0362466e-14,8.217504e-18,5.3448296e-24,0.0006760666,9.999576e-06
0.97051,1.5485378e-27,0.028804665,1.03176406e-14,8.172848e-18,5.3049066e-24,0.0006754056,9.9860745e-06
0.970524,1.535267e-27,0.028791457,1.0265456e-14,8.125186e-18,5.2650245e-24,0.00067457726,9.972524e-06
0.9705365,1.5218173e-27,0.028779969,1.0208378e-14,8.075603e-18,5.225235e-24,0.0006736318,9.958785e-06
0.97054905,1.5085546e-27,0.028768213,1.0152666e-14,8.026781e-18,5.1858257e-24,0.00067271094,9.945199e-06
0.9705634,1.4956671e-27,0.028754648,1.0102244e-14,7.980341e-18,5.1468413e-24,0.0006719066,9.931698e-06
0.9705794,1.4831296e-27,0.028739441,1.0056194e-14,7.935967e-18,5.108353e-24,0.0006711952,9.91826e-06
0.9705954,1.470675e-27,0.028724078,1.0010507e-14,7.89187e-18,5.070095e-24,0.0006704936,9.904803e-06
0.9706105,1.4582122e-27,0.028709952,9.962396e-15,7.846964e-18,5.03208e-24,0.0006697269,9.891344e-06
0.97062486,1.4457491e-27,0.028696362,9.912618e-15,7.801414e-18,4.9942894e-24,0.00066892104,9.877946e-06
0.9706397,1.433459e-27,0.028682355,9.864448e-15,7.756783e-18,4.956785e-24,0.0006681433,9.864587e-06
0.9706555,1.4214481e-27,0.028667126,9.819779e-15,7.7137686e-18,4.9197172e-24,0.00066744717,9.851237e-06
0.97067213,1.4096144e-27,0.028651273,9.7768126e-15,7.6716725e-18,4.8829867e-24,0.0006667868,9.837906e-06
0.970688,1.3977929e-27,0.028636063,9.732282e-15,7.628985e-18,4.8464526e-24,0.0006660833,9.824639e-06
0.9707027,1.3858943e-27,0.02862219,9.684728e-15,7.585166e-18,4.8100762e-24,0.0006653024,9.8112405e-06
0.97071683,1.3740437e-27,0.028608741,9.636335e-15,7.541191e-18,4.7738963e-24,0.0006645004,9.7979e-06
0.9707321,1.36242605e-27,0.028594298,9.590719e-15,7.498568e-18,4.738121e-24,0.0006637571,9.784626e-06
0.97074896,1.3511047e-27,0.02857822,9.5491225e-15,7.457734e-18,4.70273e-24,0.0006631081,9.7714155e-06
0.97076595,1.3399491e-27,0.028561773,9.5089765e-15,7.4176875e-18,4.6677097e-24,0.00066249515,9.75826e-06
0.970782,1.3287423e-27,0.028546449,9.466426e-15,7.376781e-18,4.632805e-24,0.00066181534,9.745076e-06
0.9707966,1.3174514e-27,0.028532563,9.420457e-15,7.334577e-18,4.5980667e-24,0.0006610468,9.731848e-06
0.9708112,1.3062167e-27,0.02851879,9.374032e-15,7.292282e-18,4.5635016e-24,0.0006602654,9.7186385e-06
0.97082716,1.29527725e-27,0.028503543,9.331623e-15,7.2518445e-18,4.5293754e-24,0.0006595802,9.705507e-06
0.9708449,1.2846915e-27,0.028486293,9.294668e-15,7.213902e-18,4.4957013e-24,0.0006590189,9.692476e-06
0.97086346,1.2742661e-27,0.02846826,9.25942e-15,7.1767646e-18,4.4622982e-24,0.00065849995,9.679424e-06
0.97088057,1.26375e-27,0.02845188,9.220564e-15,7.138283e-18,4.42907e-24,0.0006578889,9.6664035e-06
0.97089505,1.2529634e-27,0.028438251,9.175053e-15,7.097091e-18,4.3957744e-24,0.00065710855,9.65329e-06
0.97090775,1.2420488e-27,0.028426476,9.125259e-15,7.054295e-18,4.3626217e-24,0.000656218,9.640012e-06
0.9709207,1.2312857e-27,0.028414387,9.076602e-15,7.012105e-18,4.3297037e-24,0.00065534736,9.626902e-06
0.9709354,1.2208279e-27,0.028400404,9.032665e-15,6.972015e-18,4.2972385e-24,0.00065459404,9.613855e-06
0.97095156,1.21064515e-27,0.028384902,8.992728e-15,6.933753e-18,4.2651043e-24,0.000653931,9.600876e-06
0.97096777,1.200566e-27,0.028369354,8.953172e-15,6.895805e-18,4.2332757e-24,0.00065327866,9.587925e-06
0.97098315,1.1904289e-27,0.028354656,8.911233e-15,6.85696e-18,4.20152e-24,0.0006525618,9.57489e-06
0.97099775,1.1803042e-27,0.028340861,8.86796e-15,6.81773e-18,4.1699996e-24,0.00065180403,9.561912e-06
0.97101295,1.1703425e-27,0.028326444,8.826081e-15,6.7791963e-18,4.138766e-24,0.00065107987,9.548967e-06
0.9710291,1.160581e-27,0.028310928,8.787258e-15,6.7420936e-18,4.107801e-24,0.00065042794,9.53603e-06
0.97104585,1.150985e-27,0.028294843,8.750079e-15,6.705812e-18,4.0772102e-24,0.00064981787,9.523208e-06
0.9710622,1.1413852e-27,0.028279133,8.7113925e-15,6.6689605e-18,4.046722e-24,0.00064916484,9.510308e-06
0.97107697,1.1317298e-27,0.028265003,8.6700836e-15,6.6312125e-18,4.0163946e-24,0.0006484371,9.4974275e-06
0.97109175,1.1221132e-27,0.028251098,8.627984e-15,6.593276e-18,3.9862487e-24,0.00064768683,9.484539e-06
0.9711071,1.1126851e-27,0.028236406,8.588354e-15,6.556486e-18,3.956422e-24,0.000646997,9.471718e-06
0.97112423,1.1034941e-27,0.02821989,8.552249e-15,6.5212554e-18,3.9269e-24,0.0006463929,9.458895e-06
0.9711414,1.0944373e-27,0.028203279,8.5175626e-15,6.4867847e-18,3.897703e-24,0.0006458264,9.446234e-06
0.97115797,1.0853425e-27,0.028187517,8.480585e-15,6.4514823e-18,3.8686023e-24,0.00064519217,9.433467e-06
0.97117287,1.07616555e-27,0.028173223,8.440501e-15,6.414966e-18,3.8395955e-24,0.000644474,9.420693e-06
0.97118765,1.0670454e-27,0.0281592,8.400028e-15,6.37851e-18,3.8108052e-24,0.0006437442,9.407871e-06
0.9712038,1.0581698e-27,0.02814372,8.363239e-15,6.343649e-18,3.782352e-24,0.00064310204,9.395216e-06
0.9712219,1.0495622e-27,0.028126055,8.331138e-15,6.3108206e-18,3.7542332e-24,0.00064258557,9.382604e-06
0.9712407,1.0411047e-27,0.028107828,8.300688e-15,6.2788133e-18,3.726426e-24,0.0006421128,9.370035e-06
0.9712578,1.0325522e-27,0.028091278,8.2668315e-15,6.2455284e-18,3.6986623e-24,0.0006415426,9.357474e-06
0.9712725,1.0237861e-27,0.028077297,8.226971e-15,6.2098926e-18,3.6709007e-24,0.00064080267,9.344774e-06
0.97128534,1.0149182e-27,0.0280653,8.1833225e-15,6.172846e-18,3.6432433e-24,0.0006399635,9.331983e-06
0.9712988,1.0061509e-27,0.028052786,8.140624e-15,6.1363066e-18,3.615797e-24,0.000639138,9.319253e-06
0.9713136,9.976509e-28,0.028038718,8.1021454e-15,6.10162e-18,3.5887255e-24,0.0006384325,9.306614e-06
0.97132987,9.893713e-28,0.028022988,8.067185e-15,6.0685047e-18,3.561917e-24,0.00063780905,9.294052e-06
0.97134644,9.811534e-28,0.028007168,8.032408e-15,6.035525e-18,3.535324e-24,0.0006371925,9.281508e-06
0.9713617,9.729096e-28,0.027992494,7.995666e-15,6.001915e-18,3.5088573e-24,0.0006365174,9.268906e-06
0.97137654,9.646831e-28,0.02797835,7.957539e-15,5.967829e-18,3.4825476e-24,0.00063579914,9.256408e-06
0.97139186,9.565485e-28,0.027963694,7.920655e-15,5.9344154e-18,3.456476e-24,0.00063511095,9.243815e-06
0.97140807,9.486209e-28,0.027948165,7.886567e-15,5.902252e-18,3.4307076e-24,0.000634498,9.23138e-06
0.97142494,9.407956e-28,0.027931862,7.8537395e-15,5.870648e-18,3.405108e-24,0.0006339139,9.218925e-06
0.9714412,9.329772e-28,0.02791619,7.819641e-15,5.838675e-18,3.3796844e-24,0.00063329365,9.206515e-06
0.9714562,9.251026e-28,0.027902039,7.78301e-15,5.8058273e-18,3.354369e-24,0.0006326008,9.1940055e-06
0.97147083,9.172732e-28,0.027888091,7.745747e-15,5.7728315e-18,3.3292293e-24,0.0006318808,9.181561e-06
0.97148633,9.095734e-28,0.027873274,7.710552e-15,5.7407517e-18,3.3043064e-24,0.00063121866,9.169134e-06
0.97150326,9.020771e-28,0.027856965,7.678576e-15,5.7101e-18,3.2796752e-24,0.0006306412,9.156744e-06
0.9715203,8.946904e-28,0.02784035,7.647694e-15,5.6800024e-18,3.255277e-24,0.00063009554,9.144495e-06
0.9715369,8.872689e-28,0.027824527,7.614813e-15,5.649198e-18,3.2309857e-24,0.0006294877,9.132146e-06
0.9715517,8.797801e-28,0.027810255,7.5791085e-15,5.6173943e-18,3.206796e-24,0.0006287953,9.119725e-06
0.9715663,8.723242e-28,0.027796354,7.542938e-15,5.5854908e-18,3.1827136e-24,0.0006280856,9.107383e-06
0.97158235,8.650714e-28,0.027781019,7.509987e-15,5.5549848e-18,3.1589615e-24,0.0006274649,9.095052e-06
0.9716005,8.580476e-28,0.027763527,7.481305e-15,5.5263225e-18,3.135513e-24,0.00062696455,9.082895e-06
0.971619,8.511267e-28,0.027745474,7.4539865e-15,5.4982923e-18,3.11224e-24,0.0006265019,9.070707e-06
0.971636,8.441379e-28,0.027728977,7.423668e-15,5.4691854e-18,3.0890876e-24,0.00062594673,9.058521e-06
0.9716504,8.369807e-28,0.02771527,7.387927e-15,5.4379983e-18,3.0659122e-24,0.0006252317,9.046215e-06
0.97166324,8.297277e-28,0.027703322,7.348674e-15,5.405516e-18,3.0427894e-24,0.0006244045,9.033894e-06
0.9716762,8.225534e-28,0.02769117,7.3101866e-15,5.3734744e-18,3.0198534e-24,0.0006235999,9.021522e-06
0.97169095,8.155951e-28,0.027677123,7.2755234e-15,5.3430387e-18,2.9972324e-24,0.0006229021,9.009252e-06
0.9717069,8.088201e-28,0.027661745,7.243988e-15,5.3139985e-18,2.9748647e-24,0.0006222949,8.997138e-06
0.971723,8.0210447e-28,0.027646221,7.2126465e-15,5.2850956e-18,2.9526415e-24,0.00062168704,8.985009e-06
0.9717381,7.9535875e-28,0.02763189,7.179406e-15,5.2555636e-18,2.9305364e-24,0.00062102353,8.972869e-06
0.97175264,7.886184e-28,0.027618079,7.144952e-15,5.2256354e-18,2.9085505e-24,0.00062031427,8.960672e-06
0.9717676,7.819622e-28,0.027603807,7.111561e-15,5.196236e-18,2.8867535e-24,0.0006196344,8.948487e-06
0.97178346,7.7545754e-28,0.027588574,7.080654e-15,5.167954e-18,2.8652312e-24,0.0006190279,8.936412e-06
0.97180015,7.690605e-28,0.027572528,7.050911e-15,5.1402017e-18,2.843872e-24,0.0006184532,8.924405e-06
0.9718159,7.6264563e-28,0.02755736,7.019919e-15,5.112067e-18,2.8226049e-24,0.0006178335,8.912319e-06
0.97183055,7.5620845e-28,0.027543377,6.986764e-15,5.0831704e-18,2.8014508e-24,0.0006171468,8.900255e-06
0.97184473,7.4977945e-28,0.027529862,6.9529136e-15,5.054125e-18,2.7804221e-24,0.00061643345,8.888154e-06
0.97185993,7.434825e-28,0.027515434,6.9210025e-15,5.0259225e-18,2.7596173e-24,0.00061577564,8.876146e-06
0.9718763,7.3734055e-28,0.027499476,6.8919018e-15,4.9989126e-18,2.7390444e-24,0.00061520375,8.8641655e-06
0.97189337,7.3128326e-28,0.027483182,6.863817e-15,4.972412e-18,2.7186476e-24,0.00061465625,8.852215e-06
0.9719092,7.251974e-28,0.027467906,6.833936e-15,4.945329e-18,2.6983378e-24,0.0006140523,8.840277e-06
0.97192377,7.190653e-28,0.02745407,6.8015026e-15,4.917317e-18,2.6781145e-24,0.0006133673,8.828278e-06
0.9719381,7.1295755e-28,0.027440498,6.7686797e-15,4.889258e-18,2.6580224e-24,0.000612662,8.816284e-06
0.9719536,7.070159e-28,0.027425552,6.7387214e-15,4.8624034e-18,2.6381643e-24,0.00061204337,8.804401e-06
0.97197115,7.0126436e-28,0.027408425,6.7126476e-15,4.8371822e-18,2.61856e-24,0.0006115433,8.792603e-06
0.9719894,6.9559457e-28,0.0273907,6.687776e-15,4.8125174e-18,2.5991332e-24,0.00061108253,8.780759e-06
0.97200596,6.8986676e-28,0.027374713,6.6601654e-15,4.786856e-18,2.5797475e-24,0.0006105279,8.76901e-06
0.9720199,6.8400423e-28,0.027361378,6.627769e-15,4.7594488e-18,2.5604118e-24,0.0006098197,8.75706e-06
0.9720323,6.7806365e-28,0.027349936,6.592249e-15,4.7309094e-18,2.5411002e-24,0.00060900574,8.745111e-06
0.97204506,6.7219293e-28,0.027337985,6.557423e-15,4.7027397e-18,2.5219258e-24,0.0006082081,8.733142e-06
0.97205937,6.664986e-28,0.027324365,6.5260263e-15,4.675994e-18,2.5030148e-24,0.0006075192,8.721334e-06
0.9720751,6.609493e-28,0.027309228,6.4974656e-15,4.6504537e-18,2.4843346e-24,0.00060691626,8.709532e-06
0.9720909,6.5544875e-28,0.027294101,6.469056e-15,4.6250534e-18,2.4657656e-24,0.0006063152,8.697779e-06
0.97210574,6.4992644e-28,0.027279895,6.439019e-15,4.5991027e-18,2.4472956e-24,0.0006056564,8.685991e-06
0.97211987,6.444108e-28,0.027266454,6.40792e-15,4.5728583e-18,2.4289343e-24,0.0006049598,8.674189e-06
0.9721345,6.389667e-28,0.027252514,6.3777765e-15,4.547061e-18,2.4107303e-24,0.000604293,8.662431e-06
0.97215,6.3364655e-28,0.027237514,6.3498392e-15,4.5222063e-18,2.39272e-24,0.0006036921,8.650699e-06
0.97216624,6.284118e-28,0.027221868,6.3230417e-15,4.497886e-18,2.3749003e-24,0.0006031267,8.639037e-06
0.97218204,6.2317253e-28,0.027206842,6.2951544e-15,4.473233e-18,2.3571491e-24,0.00060252135,8.62742e-06
0.97219634,6.1789817e-28,0.027193235,6.2653e-15,4.4478945e-18,2.3394915e-24,0.00060184806,8.615682e-06
0.9722104,6.1264963e-28,0.027179835,6.234873e-15,4.422445e-18,2.3219212e-24,0.0006011489,8.603992e-06
0.9722254,6.0749733e-28,0.027165484,6.2062087e-15,4.3977496e-18,2.304538e-24,0.0006005072,8.592308e-06
0.97224164,6.024809e-28,0.027149828,6.1801125e-15,4.374149e-18,2.287366e-24,0.0005999494,8.580759e-06
0.9722583,5.975313e-28,0.02713373,6.154903e-15,4.3509254e-18,2.2703235e-24,0.0005994129,8.56921e-06
0.972274,5.9256526e-28,0.027118592,6.128153e-15,4.3272423e-18,2.2533796e-24,0.0005988272,8.557662e-06
0.9722884,5.8755004e-28,0.027104877,6.0990455e-15,4.3027148e-18,2.236474e-24,0.0005981546,8.545988e-06
0.9723025,5.82566e-28,0.027091416,6.0697267e-15,4.27821e-18,2.2196943e-24,0.00059747114,8.534433e-06
0.97231793,5.7771095e-28,0.027076606,6.0429766e-15,4.25476e-18,2.2031276e-24,0.00059687695,8.5228885e-06
0.9723353,5.730111e-28,0.027059793,6.0196853e-15,4.232722e-18,2.1867556e-24,0.00059639144,8.511424e-06
0.97235346,5.683847e-28,0.02704214,5.9975417e-15,4.2111877e-18,2.170524e-24,0.0005959443,8.5000165e-06
0.9723699,5.637108e-28,0.027026251,5.972939e-15,4.1887967e-18,2.1543594e-24,0.000595409,8.488583e-06
0.97238386,5.589246e-28,0.027012931,5.944066e-15,4.164893e-18,2.1382037e-24,0.00059472525,8.47704e-06
0.97239614,5.5407444e-28,0.027001422,5.9123683e-15,4.1399653e-18,2.1220686e-24,0.00059393694,8.465465e-06
0.9724088,5.492876e-28,0.026989572,5.8813568e-15,4.115408e-18,2.1060797e-24,0.0005931691,8.45391e-06
0.97242296,5.4464273e-28,0.026976015,5.8534424e-15,4.092096e-18,2.0903025e-24,0.00059250166,8.442471e-06
0.97243875,5.4011425e-28,0.026960868,5.8280483e-15,4.069822e-18,2.0746947e-24,0.00059192505,8.431038e-06
0.9724544,5.3562943e-28,0.026945777,5.8028296e-15,4.0476855e-18,2.059195e-24,0.0005913454,8.419667e-06
0.9724692,5.311267e-28,0.026931647,5.7761286e-15,4.025097e-18,2.0437938e-24,0.0005907119,8.408248e-06
0.9724833,5.2662527e-28,0.02691827,5.7484937e-15,4.002204e-18,2.0284598e-24,0.00059004256,8.396879e-06
0.97249794,5.2218417e-28,0.026904253,5.7217143e-15,3.979732e-18,2.013265e-24,0.00058940134,8.385466e-06
0.9725135,5.1784823e-28,0.026889345,5.6969335e-15,3.958085e-18,1.9982318e-24,0.0005888231,8.374124e-06
0.9725299,5.1357416e-28,0.026873546,5.673174e-15,3.9368888e-18,1.983335e-24,0.00058828294,8.362852e-06
0.9725453,5.0929797e-28,0.02685865,5.6484087e-15,3.915414e-18,1.9685176e-24,0.0005877013,8.351548e-06
0.9725595,5.050028e-28,0.026845008,5.6219e-15,3.8933534e-18,1.9537785e-24,0.0005870566,8.3402565e-06
0.9725737,5.00719e-28,0.026831528,5.5948538e-15,3.871151e-18,1.9391126e-24,0.0005863837,8.328884e-06
0.9725886,4.9652116e-28,0.026817255,5.569429e-15,3.8496514e-18,1.9246023e-24,0.0005857678,8.317614e-06
0.97260475,4.924287e-28,0.026801644,5.546306e-15,3.8290935e-18,1.9102687e-24,0.00058523257,8.306416e-06
0.9726213,4.8838873e-28,0.026785593,5.523934e-15,3.8088797e-18,1.8960426e-24,0.00058472255,8.295237e-06
0.9726371,4.8434086e-28,0.026770553,5.5002207e-15,3.788235e-18,1.8819066e-24,0.00058415794,8.284067e-06
0.9726514,4.802507e-28,0.026756806,5.4743667e-15,3.7668908e-18,1.8678017e-24,0.0005835129,8.272819e-06
0.9726656,4.7618416e-28,0.026743267,5.44828e-15,3.7455102e-18,1.8537884e-24,0.0005828551,8.2616025e-06
0.972681,4.722228e-28,0.026728494,5.424496e-15,3.7250648e-18,1.8399317e-24,0.00058227987,8.250458e-06
0.9726982,4.683883e-28,0.02671174,5.4038144e-15,3.7058407e-18,1.8262724e-24,0.0005818139,8.239407e-06
0.97271603,4.6461355e-28,0.026694303,5.3841395e-15,3.6870695e-18,1.8127503e-24,0.00058138964,8.228298e-06
0.97273254,4.608017e-28,0.026678314,5.362258e-15,3.6675493e-18,1.7992365e-24,0.00058087305,8.217271e-06
0.9727464,4.56891e-28,0.026665112,5.3365e-15,3.6466613e-18,1.785737e-24,0.0005802147,8.206094e-06
0.97275877,4.5293327e-28,0.0266535,5.3082043e-15,3.6249052e-18,1.7722683e-24,0.00057944795,8.1949065e-06
0.97277135,4.4902705e-28,0.026641747,5.2805834e-15,3.6034854e-18,1.7589285e-24,0.0005787099,8.1837115e-06
0.97278553,4.4523335e-28,0.026628269,5.25564e-15,3.583114e-18,1.7457521e-24,0.00057806406,8.172623e-06
0.9728011,4.415364e-28,0.026613206,5.232958e-15,3.563651e-18,1.7327162e-24,0.0005775047,8.161592e-06
0.97281665,4.3787004e-28,0.026598206,5.210433e-15,3.5443204e-18,1.719778e-24,0.00057694473,8.150546e-06
0.97283137,4.3419407e-28,0.026584256,5.1865767e-15,3.5245678e-18,1.7069086e-24,0.00057633204,8.139514e-06
0.9728453,4.305157e-28,0.026570847,5.16184e-15,3.5045616e-18,1.6941084e-24,0.00057568005,8.128445e-06
0.9728597,4.2689484e-28,0.026557157,5.137929e-15,3.484936e-18,1.6814306e-24,0.0005750597,8.117464e-06
0.97287536,4.233501e-28,0.026542086,5.115755e-15,3.4660067e-18,1.6688753e-24,0.00057449995,8.106501e-06
0.9728913,4.19859e-28,0.026526628,5.094456e-15,3.4474706e-18,1.6564269e-24,0.00057397486,8.095593e-06
0.9729066,4.163662e-28,0.02651187,5.0722938e-15,3.4286781e-18,1.6440638e-24,0.0005734095,8.084634e-06
0.97292084,4.1285322e-28,0.026498256,5.0485468e-15,3.4093734e-18,1.6317354e-24,0.0005727784,8.073695e-06
0.97293466,4.0935256e-28,0.02648499,5.0243343e-15,3.3899683e-18,1.6195112e-24,0.0005721281,8.0627e-06
0.97294956,4.059222e-28,0.026470901,5.0015208e-15,3.371154e-18,1.6073862e-24,0.0005715282,8.051797e-06
0.9729655,4.025748e-28,0.026455436,4.980754e-15,3.3531373e-18,1.5954025e-24,0.0005710059,8.040963e-06
0.972982,3.9927352e-28,0.02643949,4.9607205e-15,3.3354613e-18,1.5835212e-24,0.0005705072,8.030141e-06
0.9729974,3.9596718e-28,0.026424633,4.9394608e-15,3.3174064e-18,1.5717266e-24,0.00056996156,8.0193e-06
0.97301155,3.9262475e-28,0.02641106,4.9162974e-15,3.298715e-18,1.5599405e-24,0.0005693342,8.00842e-06
0.9730257,3.8929864e-28,0.026397644,4.8929066e-15,3.2799912e-18,1.5482308e-24,0.00056869234,7.997545e-06
0.9730409,3.8606303e-28,0.026382955,4.871621e-15,3.2621365e-18,1.536687e-24,0.0005681364,7.986763e-06
0.9730579,3.8292803e-28,0.026366362,4.853065e-15,3.2453009e-18,1.5252671e-24,0.00056768267,7.976026e-06
0.97307557,3.7984772e-28,0.026349146,4.835486e-15,3.2288865e-18,1.5139676e-24,0.0005672698,7.965361e-06
0.9730918,3.7672839e-28,0.026333407,4.8159066e-15,3.2118153e-18,1.502675e-24,0.0005667699,7.954645e-06
0.9731059,3.735369e-28,0.026320029,4.792884e-15,3.1935723e-18,1.4914123e-24,0.00056612876,7.943821e-06
0.973118,3.7030965e-28,0.026308713,4.7676694e-15,3.1746032e-18,1.4801801e-24,0.0005653934,7.933027e-06
0.9731305,3.671131e-28,0.026296962,4.7429335e-15,3.1558562e-18,1.4690277e-24,0.00056467106,7.922143e-06
0.97314465,3.6401706e-28,0.026283452,4.7206916e-15,3.138087e-18,1.4580226e-24,0.0005640506,7.911417e-06
0.9731601,3.6100262e-28,0.02626853,4.7005505e-15,3.121124e-18,1.4471462e-24,0.0005635111,7.900745e-06
0.9731756,3.5801184e-28,0.026253574,4.680549e-15,3.104277e-18,1.4363456e-24,0.0005629775,7.890081e-06
0.97319025,3.5501033e-28,0.026239501,4.6593673e-15,3.087059e-18,1.4256026e-24,0.0005623914,7.879386e-06
0.9732044,3.5201225e-28,0.026226023,4.6374287e-15,3.069642e-18,1.4149176e-24,0.000561766,7.868702e-06
0.9732187,3.4905826e-28,0.026212255,4.6162817e-15,3.0525682e-18,1.4043343e-24,0.0005611735,7.858012e-06
0.9732343,3.4617043e-28,0.02619718,4.5967093e-15,3.0361032e-18,1.3938534e-24,0.0005606433,7.847444e-06
0.97325045,3.4332893e-28,0.02618153,4.578009e-15,3.0200281e-18,1.3834725e-24,0.00056014594,7.836871e-06
0.9732659,3.4048455e-28,0.02616667,4.5585462e-15,3.0037263e-18,1.373147e-24,0.0005596134,7.826263e-06
0.9732804,3.3762604e-28,0.026152836,4.53769e-15,2.986997e-18,1.3628764e-24,0.00055902323,7.815699e-06
0.97329444,3.3477988e-28,0.0261394,4.5164796e-15,2.9702009e-18,1.3526718e-24,0.00055841,7.805115e-06
0.9733094,3.3198713e-28,0.026125,4.496573e-15,2.9539077e-18,1.342555e-24,0.000557848,7.794539e-06
0.97332555,3.2926837e-28,0.026109295,4.478553e-15,2.9383575e-18,1.3325663e-24,0.00055736804,7.784075e-06
0.97334236,3.2659077e-28,0.026092919,4.4612383e-15,2.923114e-18,1.3226732e-24,0.0005569143,7.773594e-06
0.97335804,3.239012e-28,0.026077716,4.442849e-15,2.9075469e-18,1.3128118e-24,0.0005564094,7.763147e-06
0.97337276,3.2119177e-28,0.02606369,4.422861e-15,2.8914863e-18,1.3029976e-24,0.0005558355,7.752639e-06
0.97338706,3.1849274e-28,0.026049858,4.4026583e-15,2.8753818e-18,1.2932418e-24,0.000555245,7.742129e-06
0.97340286,3.1586748e-28,0.026034636,4.3843776e-15,2.8600034e-18,1.283595e-24,0.00055473635,7.731674e-06
0.9734204,3.1333135e-28,0.02601743,4.3687296e-15,2.8456355e-18,1.2740857e-24,0.0005543444,7.721349e-06
0.9734387,3.1083715e-28,0.025999662,4.3539543e-15,2.831612e-18,1.2646768e-24,0.00055398804,7.711037e-06
0.9734556,3.0831416e-28,0.02598316,4.337436e-15,2.81703e-18,1.2552783e-24,0.0005535509,7.700677e-06
0.9734702,3.0573394e-28,0.025969133,4.317872e-15,2.8014372e-18,1.2458893e-24,0.00055297354,7.690269e-06
0.9734832,3.0311814e-28,0.0259568,4.296324e-15,2.7852034e-18,1.236531e-24,0.00055230944,7.679795e-06
0.97349644,3.0054084e-28,0.025944287,4.2753408e-15,2.7692013e-18,1.2272338e-24,0.00055165996,7.66939e-06
0.97351134,2.9803713e-28,0.025929842,4.2566264e-15,2.7540734e-18,1.2180691e-24,0.00055111415,7.6589895e-06
0.9735277,2.956021e-28,0.025914012,4.239828e-15,2.7396702e-18,1.2090069e-24,0.0005506507,7.648716e-06
0.9735442,2.9319255e-28,0.025897946,4.223257e-15,2.725394e-18,1.2000351e-24,0.0005501959,7.638414e-06
0.9735597,2.9077464e-28,0.02588295,4.2056554e-15,2.7108071e-18,1.1910697e-24,0.00054968655,7.6281262e-06
0.9735747,2.883567e-28,0.025868446,4.1874226e-15,2.6960498e-18,1.1821842e-24,0.00054915005,7.6178044e-06
0.9735903,2.8597763e-28,0.025853373,4.1699076e-15,2.68161e-18,1.1733657e-24,0.0005486406,7.6075444e-06
0.97360706,2.8365096e-28,0.025837205,4.1539123e-15,2.6677394e-18,1.1646453e-24,0.0005481992,7.597307e-06
0.97362435,2.8136698e-28,0.02582037,4.1387224e-15,2.6541844e-18,1.1560126e-24,0.00054779404,7.5871544e-06
0.9736408,2.7908198e-28,0.025804313,4.1229083e-15,2.6404947e-18,1.1474341e-24,0.00054735836,7.5769553e-06
0.9736564,2.7678153e-28,0.025789177,4.105851e-15,2.6264126e-18,1.1388703e-24,0.0005468579,7.5667367e-06
0.9736717,2.7449153e-28,0.02577439,4.088504e-15,2.6122651e-18,1.1303875e-24,0.0005463462,7.5565217e-06
0.97368807,2.7224886e-28,0.025758553,4.0723692e-15,2.5986032e-18,1.1219691e-24,0.0005458877,7.5463577e-06
0.9737055,2.70066e-28,0.02574143,4.0579726e-15,2.5855875e-18,1.1136614e-24,0.000545503,7.5362723e-06
0.97372353,2.6791412e-28,0.025723798,4.0442477e-15,2.5728349e-18,1.1054157e-24,0.0005451511,7.526213e-06
0.97374064,2.6575883e-28,0.025707034,4.029566e-15,2.5598204e-18,1.0972301e-24,0.0005447512,7.516124e-06
0.97375655,2.6358133e-28,0.025691621,4.0134475e-15,2.5463636e-18,1.0890623e-24,0.00054428336,7.5060398e-06
0.9737725,2.6141774e-28,0.025676122,3.9971646e-15,2.532881e-18,1.08095125e-24,0.00054380356,7.4959116e-06
0.9737898,2.5931277e-28,0.025659394,3.9826693e-15,2.5200595e-18,1.0729389e-24,0.00054340466,7.4858654e-06
0.97380865,2.5727718e-28,0.02564076,3.9704593e-15,2.5080817e-18,1.0650281e-24,0.0005431157,7.4758723e-06
0.97382826,2.5527727e-28,0.025621476,3.959135e-15,2.496439e-18,1.0571886e-24,0.0005428615,7.4659474e-06
0.97384644,2.5325483e-28,0.025603587,3.9462117e-15,2.4842972e-18,1.0493773e-24,0.0005425352,7.456019e-06
0.97386235,2.511817e-28,0.02558809,3.930486e-15,2.4712372e-18,1.0415657e-24,0.00054206926,7.445986e-06
0.97387683,2.4908432e-28,0.025574174,3.913026e-15,2.4576516e-18,1.0337832e-24,0.0005415204,7.4359205e-06
0.9738918,2.4701402e-28,0.02555984,3.8959573e-15,2.4442447e-18,1.0260514e-24,0.00054098363,7.4258655e-06
0.9739082,2.4500518e-28,0.025543846,3.880982e-15,2.431582e-18,1.0184332e-24,0.00054054713,7.4158706e-06
0.9739258,2.4304916e-28,0.025526531,3.86775e-15,2.4195695e-18,1.0109001e-24,0.0005401952,7.4059685e-06
0.97394377,2.4111526e-28,0.02550899,3.8546682e-15,2.4076446e-18,1.0034189e-24,0.0005398436,7.3960964e-06
0.97396064,2.3917002e-28,0.025492508,3.84063e-15,2.3954468e-18,9.959809e-25,0.0005394453,7.386124e-06
0.973977,2.372277e-28,0.025476506,3.825969e-15,2.3830734e-18,9.885785e-25,0.00053901627,7.376238e-06
0.973994,2.3531385e-28,0.025460048,3.8119337e-15,2.3709734e-18,9.812467e-25,0.0005386146,7.366349e-06
0.97401184,2.3344594e-28,0.025442503,3.7992574e-15,2.3593598e-18,9.739962e-25,0.0005382783,7.3565147e-06
0.9740303,2.3160273e-28,0.025424406,3.787232e-15,2.3480016e-18,9.667998e-25,0.0005379724,7.3466913e-06
0.97404814,2.2976161e-28,0.025406837,3.7745804e-15,2.336474e-18,9.596451e-25,0.00053762837,7.3369183e-06
0.9740651,2.279089e-28,0.025390374,3.7607767e-15,2.324619e-18,9.525351e-25,0.00053722766,7.3270467e-06
0.9740815,2.2605976e-28,0.02537439,3.746592e-15,2.3126822e-18,9.454558e-25,0.0005368086,7.317192e-06
0.97409886,2.2425061e-28,0.025357375,3.73349e-15,2.3011335e-18,9.384585e-25,0.00053644046,7.3074125e-06
0.9741174,2.2248764e-28,0.025339145,3.721915e-15,2.2901519e-18,9.315355e-25,0.00053614785,7.2976973e-06
0.9741362,2.2074788e-28,0.025320647,3.7108577e-15,2.2793626e-18,9.246637e-25,0.00053587806,7.2879484e-06
0.97415435,2.1900067e-28,0.025302725,3.6988713e-15,2.2683197e-18,9.178316e-25,0.0005355581,7.278242e-06
0.9741712,2.1723883e-28,0.02528623,3.685485e-15,2.2568535e-18,9.1103485e-25,0.00053516903,7.268497e-06
0.97418785,2.1548207e-28,0.025270075,3.6718794e-15,2.2453508e-18,9.04271e-25,0.000534765,7.258764e-06
0.97420585,2.1377242e-28,0.025252521,3.6597947e-15,2.2343954e-18,8.975791e-25,0.0005344353,7.2490466e-06
0.9742252,2.1211952e-28,0.025233332,3.6497735e-15,2.2241584e-18,8.909856e-25,0.0005342115,7.239457e-06
0.97424537,2.1048922e-28,0.025213405,3.6404074e-15,2.2141642e-18,8.844344e-25,0.00053401577,7.229857e-06
0.974264,2.0884322e-28,0.025194997,3.6295226e-15,2.203724e-18,8.779168e-25,0.0005337429,7.220225e-06
0.97428054,2.071543e-28,0.025178945,3.6160133e-15,2.1924583e-18,8.714053e-25,0.0005333337,7.2105554e-06
0.9742954,2.0544111e-28,0.02516459,3.600734e-15,2.1806557e-18,8.649043e-25,0.0005328344,7.200818e-06
0.97431064,2.0374757e-28,0.025149869,3.5857946e-15,2.1690003e-18,8.584555e-25,0.000532347,7.19111e-06
0.97432727,2.0210143e-28,0.02513361,3.5726393e-15,2.1579864e-18,8.520852e-25,0.00053194806,7.1814466e-06
0.974345,2.0050098e-28,0.025116144,3.561003e-15,2.1474895e-18,8.457922e-25,0.00053162914,7.1718514e-06
0.9743628,1.989109e-28,0.02509869,3.5494041e-15,2.137052e-18,8.395361e-25,0.00053130736,7.1622762e-06
0.9743798,1.9731522e-28,0.025082044,3.5368153e-15,2.1263228e-18,8.333129e-25,0.0005309337,7.1527015e-06
0.97439617,1.9571802e-28,0.025066255,3.523583e-15,2.1154443e-18,8.2713215e-25,0.0005305245,7.143081e-06
0.97441286,1.9414196e-28,0.025049908,3.510803e-15,2.1047185e-18,8.2099126e-25,0.0005301361,7.1335085e-06
0.9744304,1.9259935e-28,0.025032684,3.4991803e-15,2.0944325e-18,8.149277e-25,0.000529808,7.123983e-06
0.9744484,1.9107853e-28,0.025015011,3.4880635e-15,2.0843407e-18,8.089094e-25,0.0005295046,7.11446e-06
0.97446567,1.8955659e-28,0.024998045,3.4762897e-15,2.0740826e-18,8.029165e-25,0.0005291597,7.1049717e-06
0.9744821,1.880215e-28,0.02498207,3.463337e-15,2.0634635e-18,7.9695516e-25,0.00052875595,7.0954284e-06
0.974498,1.8649159e-28,0.024966614,3.4499696e-15,2.0527647e-18,7.910315e-25,0.000528326,7.0859014e-06
0.9745145,1.849891e-28,0.02495047,3.4374825e-15,2.0423873e-18,7.851615e-25,0.00052793906,7.076398e-06
0.97453225,1.8352273e-28,0.024932992,3.4263256e-15,2.0324684e-18,7.793598e-25,0.0005276245,7.0669234e-06
0.97455025,1.8207571e-28,0.024915338,3.4155704e-15,2.022706e-18,7.735982e-25,0.0005273264,7.0575034e-06
0.97456735,1.8062197e-28,0.024898626,3.403846e-15,2.0126895e-18,7.678785e-25,0.0005269777,7.048083e-06
0.9745833,1.79153e-28,0.024883082,3.3907474e-15,2.0022614e-18,7.6216827e-25,0.0005265503,7.038587e-06
0.9745988,1.7768843e-28,0.024867963,3.3774014e-15,1.9917804e-18,7.564914e-25,0.0005261069,7.0291067e-06
0.9746157,1.7626231e-28,0.02485156,3.3654093e-15,1.9817955e-18,7.5088933e-25,0.00052573584,7.0197016e-06
0.9746338,1.7487918e-28,0.024833731,3.3551913e-15,1.972382e-18,7.453497e-25,0.0005254599,7.0103656e-06
0.97465265,1.7351698e-28,0.024815224,3.3455428e-15,1.9631947e-18,7.398571e-25,0.0005252095,7.0010474e-06
0.9746698,1.7213817e-28,0.024798345,3.3344405e-15,1.953592e-18,7.3438695e-25,0.0005248823,6.991676e-06
0.974685,1.7072243e-28,0.0247836,3.3208208e-15,1.9432166e-18,7.28914e-25,0.00052441517,6.982243e-06
0.9746986,1.6928769e-28,0.024770573,3.3055365e-15,1.9323553e-18,7.2345857e-25,0.00052385463,6.9727716e-06
0.9747123,1.6786823e-28,0.024757365,3.2905485e-15,1.9216427e-18,7.1804683e-25,0.00052330474,6.963353e-06
0.9747276,1.6648824e-28,0.024742598,3.2771461e-15,1.9114446e-18,7.1269293e-25,0.00052284106,6.953972e-06
0.9747438,1.6514371e-28,0.02472683,3.265084e-15,1.9017234e-18,7.0740673e-25,0.000522449,6.9446173e-06
0.97476,1.6380815e-28,0.024710972,3.2530167e-15,1.8920224e-18,7.021544e-25,0.0005220542,6.9352614e-06
0.97477514,1.6246649e-28,0.024696233,3.240014e-15,1.8820745e-18,6.969295e-25,0.0005216065,6.9259445e-06
0.97479,1.6112407e-28,0.024681961,3.226385e-15,1.871957e-18,6.917276e-25,0.0005211192,6.9165776e-06
0.97480506,1.5979767e-28,0.024667425,3.21317e-15,1.862001e-18,6.8656985e-25,0.00052065233,6.907285e-06
0.9748209,1.5850106e-28,0.02465193,3.2009636e-15,1.8524102e-18,6.8147194e-25,0.0005202409,6.8979903e-06
0.9748371,1.5722104e-28,0.024636215,3.1892427e-15,1.843003e-18,6.7641214e-25,0.0005198508,6.8887634e-06
0.97485274,1.5594054e-28,0.024620967,3.1769085e-15,1.833433e-18,6.7138694e-25,0.00051942904,6.8794657e-06
0.9748674,1.5465142e-28,0.02460683,3.1634843e-15,1.8235556e-18,6.663729e-25,0.0005189377,6.870187e-06
0.97488165,1.533659e-28,0.024593066,3.1497068e-15,1.8136202e-18,6.613987e-25,0.00051842787,6.8609174e-06
0.9748964,1.5210271e-28,0.02457876,3.1367328e-15,1.80396e-18,6.5647185e-25,0.00051796134,6.8516515e-06
0.97491235,1.5086856e-28,0.024563229,3.1249601e-15,1.7947094e-18,6.5159255e-25,0.00051755697,6.842439e-06
0.97492856,1.4965244e-28,0.024547432,3.1135652e-15,1.7856021e-18,6.4675703e-25,0.00051717483,6.8332474e-06
0.974944,1.4843016e-28,0.024532469,3.1013457e-15,1.7762752e-18,6.419471e-25,0.0005167423,6.8240684e-06
0.97495824,1.4719633e-28,0.0245187,3.087886e-15,1.7666043e-18,6.371503e-25,0.0005162375,6.8148292e-06
0.9749722,1.4596717e-28,0.024505258,3.0742256e-15,1.7568981e-18,6.3238675e-25,0.00051571545,6.8056e-06
0.9749874,1.4477053e-28,0.024490688,3.0618092e-15,1.7476209e-18,6.276787e-25,0.0005152624,6.79645e-06
0.9750038,1.4361017e-28,0.024474522,3.0510756e-15,1.7388989e-18,6.2302785e-25,0.00051490846,6.787335e-06
0.97502095,1.4246683e-28,0.024457825,3.040869e-15,1.7303536e-18,6.1841676e-25,0.0005145828,6.778256e-06
0.97503656,1.413108e-28,0.024442501,3.0293862e-15,1.7214536e-18,6.138224e-25,0.00051417993,6.7691462e-06
0.9750503,1.4012647e-28,0.024429329,3.0156732e-15,1.7119037e-18,6.0922845e-25,0.0005136402,6.759971e-06
0.9750624,1.3892745e-28,0.0244178,3.0005177e-15,1.7019561e-18,6.0464714e-25,0.0005130141,6.750778e-06
0.97507477,1.3774292e-28,0.024406098,2.9856556e-15,1.6921311e-18,6.0010956e-25,0.0005124035,6.7415863e-06
0.9750887,1.3659059e-28,0.024392717,2.9723119e-15,1.6827893e-18,5.956161e-25,0.00051187456,6.7324886e-06
0.97510356,1.3546767e-28,0.024378298,2.960204e-15,1.6738708e-18,5.9117936e-25,0.00051142176,6.7233836e-06
0.9751185,1.3435402e-28,0.024363795,2.94818e-15,1.6650061e-18,5.867758e-25,0.0005109713,6.7142914e-06
0.9751326,1.3323819e-28,0.024350256,2.9353956e-15,1.6559404e-18,5.8239776e-25,0.0005104721,6.705238e-06
0.9751462,1.3212048e-28,0.024337176,2.9220744e-15,1.6467474e-18,5.7803896e-25,0.0005099353,6.696161e-06
0.97516,1.3101917e-28,0.024323834,2.9091918e-15,1.6377124e-18,5.7371507e-25,0.0005094233,6.6870984e-06
0.97517496,1.2994307e-28,0.024309503,2.8973196e-15,1.6290329e-18,5.6944585e-25,0.0005089708,6.678113e-06
0.97519016,1.2888173e-28,0.024294678,2.885926e-15,1.6205173e-18,5.6520853e-25,0.00050854596,6.6690905e-06
0.975205,1.2781925e-28,0.024280317,2.8740277e-15,1.6118796e-18,5.609919e-25,0.00050808256,6.66009e-06
0.9752185,1.2675183e-28,0.024267271,2.8612466e-15,1.6030107e-18,5.568018e-25,0.0005075684,6.6510866e-06
0.9752321,1.256876e-28,0.024254285,2.8481752e-15,1.5940873e-18,5.5263237e-25,0.0005070298,6.642071e-06
0.97524625,1.246447e-28,0.024240624,2.835933e-15,1.5854442e-18,5.48505e-25,0.0005065393,6.6330963e-06
0.97526133,1.2362756e-28,0.024225881,2.8248555e-15,1.5771803e-18,5.444256e-25,0.0005061184,6.624165e-06
0.975277,1.2262347e-28,0.024210611,2.814167e-15,1.5690624e-18,5.403809e-25,0.0005057222,6.615263e-06
0.97529185,1.2161723e-28,0.02419621,2.8027782e-15,1.5607584e-18,5.363536e-25,0.0005052748,6.60638e-06
0.97530556,1.2060162e-28,0.02418303,2.7903573e-15,1.552183e-18,5.3234553e-25,0.0005047656,6.597362e-06
0.97531915,1.1959265e-28,0.024169948,2.777811e-15,1.5436013e-18,5.283613e-25,0.0005042405,6.5884688e-06
0.9753339,1.1860947e-28,0.024155615,2.7664534e-15,1.5354029e-18,5.2442546e-25,0.0005037924,6.5795834e-06
0.97535014,1.1765788e-28,0.024139848,2.7566812e-15,1.5277164e-18,5.205417e-25,0.0005034425,6.570763e-06
0.9753669,1.1672112e-28,0.024123462,2.747448e-15,1.520214e-18,5.166888e-25,0.00050312,6.561971e-06
0.97538257,1.1577311e-28,0.02410821,2.7370834e-15,1.5123893e-18,5.128444e-25,0.0005027262,6.5531212e-06
0.975396,1.1480453e-28,0.024095302,2.7248072e-15,1.5040388e-18,5.090118e-25,0.00050220784,6.5442614e-06
0.9754083,1.1382481e-28,0.024083614,2.7112485e-15,1.4953279e-18,5.051842e-25,0.00050160347,6.535376e-06
0.97542065,1.1285603e-28,0.024071747,2.698025e-15,1.4867581e-18,5.0139304e-25,0.0005010198,6.5264776e-06
0.97543454,1.1191616e-28,0.024058461,2.686202e-15,1.4786232e-18,4.976463e-25,0.00050052075,6.5176573e-06
0.9754496,1.1100121e-28,0.02404383,2.6755666e-15,1.4708768e-18,4.9394323e-25,0.00050009333,6.508844e-06
0.9754646,1.1009371e-28,0.024029253,2.665034e-15,1.4631822e-18,4.902677e-25,0.00049967767,6.5000863e-06
0.975479,1.0918441e-28,0.024015358,2.6538328e-15,1.4553325e-18,4.8661363e-25,0.00049921346,6.4913174e-06
0.9754927,1.0827429e-28,0.024002098,2.642203e-15,1.4473693e-18,4.829754e-25,0.0004987142,6.482531e-06
0.9755069,1.0737754e-28,0.023988394,2.6310067e-15,1.4395658e-18,4.7937376e-25,0.0004982432,6.4737474e-06
0.97552186,1.065021e-28,0.02397376,2.6207195e-15,1.4320567e-18,4.75803e-25,0.0004978272,6.4650612e-06
0.97553754,1.0563951e-28,0.02395851,2.6109128e-15,1.4247183e-18,4.722699e-25,0.0004974442,6.456409e-06
0.9755526,1.0477668e-28,0.023943942,2.6006946e-15,1.4172867e-18,4.687557e-25,0.0004970317,6.447704e-06
0.9755668,1.0390888e-28,0.02393032,2.5896446e-15,1.4096347e-18,4.6525655e-25,0.0004965575,6.4389797e-06
0.97558063,1.030451e-28,0.023916924,2.5784045e-15,1.4019591e-18,4.6178335e-25,0.00049607136,6.430283e-06
0.9755952,1.0219871e-28,0.02390287,2.5678812e-15,1.3945232e-18,4.583399e-25,0.0004956295,6.4216524e-06
0.9756108,1.0137253e-28,0.023887528,2.558428e-15,1.3874194e-18,4.549365e-25,0.0004952538,6.4129913e-06
0.9756268,1.0055767e-28,0.023871887,2.5493515e-15,1.3804576e-18,4.515655e-25,0.0004949069,6.4043807e-06
0.9756419,9.974089e-29,0.023857143,2.5396453e-15,1.3733356e-18,4.4820873e-25,0.0004945135,6.3957705e-06
0.9756562,9.891633e-29,0.023843346,2.5289708e-15,1.3659574e-18,4.4486637e-25,0.0004940531,6.3871234e-06
0.97567016,9.809631e-29,0.02382991,2.5181866e-15,1.3585717e-18,4.4154547e-25,0.0004935817,6.378492e-06
0.97568536,9.7298053e-29,0.023815107,2.5084845e-15,1.3515319e-18,4.382616e-25,0.00049318094,6.3698853e-06
0.97570217,9.652486e-29,0.023798624,2.5001973e-15,1.3449154e-18,4.3501606e-25,0.0004928744,6.3613747e-06
0.97571915,9.576367e-29,0.023781886,2.4923847e-15,1.3384693e-18,4.318013e-25,0.00049259735,6.352907e-06
0.97573495,9.499461e-29,0.023766356,2.4835605e-15,1.3317581e-18,4.2860327e-25,0.0004922531,6.344394e-06
0.975749,9.420711e-29,0.023752876,2.4729514e-15,1.3245523e-18,4.254038e-25,0.00049178436,6.335809e-06
0.9757617,9.3409606e-29,0.023740776,2.461163e-15,1.3170371e-18,4.2221473e-25,0.0004912274,6.327184e-06
0.97577447,9.2621696e-29,0.02372859,2.449646e-15,1.3096245e-18,4.1904794e-25,0.0004906888,6.3186017e-06
0.9757888,9.185598e-29,0.023714777,2.4393778e-15,1.3025985e-18,4.159215e-25,0.0004902301,6.3100715e-06
0.97580385,9.111059e-29,0.023699995,2.4301553e-15,1.2958979e-18,4.1283285e-25,0.00048984884,6.301599e-06
0.9758192,9.0371946e-29,0.023685139,2.4209868e-15,1.2892371e-18,4.0976413e-25,0.00048946147,6.293134e-06
0.9758336,8.962963e-29,0.02367108,2.4111883e-15,1.2824184e-18,4.0671164e-25,0.0004890338,6.2846325e-06
0.97584766,8.888796e-29,0.023657521,2.4009801e-15,1.2755041e-18,4.0367864e-25,0.000488571,6.276146e-06
0.97586185,8.815581e-29,0.0236437,2.3911069e-15,1.2687143e-18,4.0066835e-25,0.00048813198,6.2676777e-06
0.975877,8.7439765e-29,0.023629008,2.3820216e-15,1.2621736e-18,3.9769296e-25,0.00048774583,6.259239e-06
0.9758926,8.6733557e-29,0.023613706,2.3733251e-15,1.255763e-18,3.9473843e-25,0.00048738538,6.2508384e-06
0.9759076,8.6028414e-29,0.023599122,2.364226e-15,1.2492701e-18,3.9180258e-25,0.00048699242,6.2423924e-06
0.9759217,8.531785e-29,0.023585467,2.3543423e-15,1.242577e-18,3.8887778e-25,0.0004865389,6.2339927e-06
0.9759354,8.460988e-29,0.02357226,2.3442124e-15,1.2358299e-18,3.8597473e-25,0.0004860708,6.225555e-06
0.97594994,8.3914916e-29,0.023558276,2.3347165e-15,1.2292891e-18,3.8310239e-25,0.00048564252,6.2171807e-06
0.97596526,8.3235876e-29,0.023543281,2.3261297e-15,1.2230359e-18,3.8025467e-25,0.00048527698,6.208805e-06
0.97598106,8.256804e-29,0.02352786,2.3178675e-15,1.2168895e-18,3.7743693e-25,0.00048493233,6.2004974e-06
0.97599596,8.18955e-29,0.023513328,2.3089366e-15,1.2105835e-18,3.746283e-25,0.00048453937,6.1921473e-06
0.9760098,8.121719e-29,0.023499938,2.2991341e-15,1.2040513e-18,3.7183166e-25,0.00048408064,6.183814e-06
0.97602344,8.0542023e-29,0.023486825,2.289181e-15,1.1974997e-18,3.690558e-25,0.00048360846,6.1754263e-06
0.9760381,7.9883524e-29,0.02347258,2.2801513e-15,1.1912301e-18,3.6630805e-25,0.00048320077,6.1670908e-06
0.9760542,7.9246245e-29,0.02345681,2.2723565e-15,1.1853341e-18,3.6359376e-25,0.00048288074,6.1588407e-06
0.9760706,7.8617664e-29,0.023440653,2.2649866e-15,1.1795758e-18,3.6090522e-25,0.00048259058,6.150615e-06
0.9760858,7.7982083e-29,0.023425778,2.2566302e-15,1.173562e-18,3.5822514e-25,0.00048222727,6.14234e-06
0.9760992,7.7330246e-29,0.023412878,2.246595e-15,1.1671046e-18,3.5554538e-25,0.0004817375,6.133995e-06
0.9761111,7.667088e-29,0.023401601,2.2355002e-15,1.160371e-18,3.5287568e-25,0.00048116298,6.125675e-06
0.9761233,7.601947e-29,0.023389978,2.2245878e-15,1.1537207e-18,3.5023013e-25,0.00048060398,6.117333e-06
0.9761367,7.53852e-29,0.023377143,2.2147792e-15,1.1473943e-18,3.476128e-25,0.0004801204,6.109039e-06
0.9761512,7.4765997e-29,0.023363046,2.2058663e-15,1.1413392e-18,3.4501805e-25,0.00047970004,6.1007872e-06
0.97616553,7.4153003e-29,0.023349179,2.1969968e-15,1.1353112e-18,3.4244785e-25,0.0004792837,6.092591e-06
0.976179,7.353767e-29,0.023336144,2.1875187e-15,1.1291505e-18,3.3989389e-25,0.0004788188,6.0843545e-06
0.976192,7.2921287e-29,0.023323683,2.1776317e-15,1.1228899e-18,3.3735107e-25,0.00047831857,6.076109e-06
0.9762054,7.231341e-29,0.02331075,2.1680215e-15,1.1167326e-18,3.3482745e-25,0.00047783635,6.0679e-06
0.9762195,7.171777e-29,0.023297084,2.1591226e-15,1.110792e-18,3.323331e-25,0.0004774078,6.059695e-06
0.976234,7.1130316e-29,0.023282906,2.1505402e-15,1.1049595e-18,3.2985869e-25,0.00047700258,6.0515154e-06
0.97624797,7.054333e-29,0.023269432,2.1415574e-15,1.0990396e-18,3.273988e-25,0.00047656018,6.043331e-06
0.9762607,6.995256e-29,0.023257134,2.1318777e-15,1.0929498e-18,3.2494938e-25,0.000476064,6.0351795e-06
0.9762734,6.9362505e-29,0.023244975,2.121942e-15,1.0868108e-18,3.225146e-25,0.0004755438,6.0269413e-06
0.9762867,6.878481e-29,0.023232171,2.1125696e-15,1.0808471e-18,3.2010435e-25,0.00047506436,6.0188386e-06
0.97630095,6.821981e-29,0.023218336,2.104019e-15,1.0751262e-18,3.1772214e-25,0.00047464835,6.010729e-06
0.9763154,6.7662036e-29,0.023204379,2.0957192e-15,1.0695013e-18,3.1535528e-25,0.0004742463,6.002603e-06
0.976329,6.7102114e-29,0.023191208,2.0868535e-15,1.0637384e-18,3.1299868e-25,0.00047379904,5.994507e-06
0.97634184,6.653662e-29,0.023178907,2.0771753e-15,1.0577758e-18,3.1065705e-25,0.00047328594,5.9863305e-06
0.97635436,6.597486e-29,0.023166962,2.067368e-15,1.0517981e-18,3.0832808e-25,0.0004727615,5.978237e-06
0.97636765,6.542638e-29,0.023154112,2.0584017e-15,1.0460744e-18,3.0602505e-25,0.00047229385,5.970131e-06
0.9763825,6.489346e-29,0.023139672,2.0505327e-15,1.0406693e-18,3.0374665e-25,0.0004719156,5.962108e-06
0.97639763,6.437029e-29,0.023124857,2.043069e-15,1.0353872e-18,3.0149334e-25,0.00047156843,5.9540757e-06
0.97641164,6.384056e-29,0.023111343,2.034714e-15,1.029895e-18,2.9924726e-25,0.00047114724,5.9460517e-06
0.9764237,6.329911e-29,0.02309977,2.0248742e-15,1.0240079e-18,2.9700145e-25,0.0004706025,5.9379763e-06
0.9764346,6.27507e-29,0.0230895,2.0140654e-15,1.0178815e-18,2.9476315e-25,0.00046998076,5.9298595e-06
0.9764456,6.2207995e-29,0.023079151,2.0034445e-15,1.0118267e-18,2.925418e-25,0.00046936522,5.921749e-06
0.9764578,6.168041e-29,0.023067469,1.9938556e-15,1.0060736e-18,2.9034854e-25,0.0004688333,5.9136964e-06
0.97647095,6.116669e-29,0.023054715,1.985094e-15,1.0005718e-18,2.8817868e-25,0.00046836416,5.905705e-06
0.9764841,6.0656784e-29,0.02304206,1.9763631e-15,9.950889e-19,2.860228e-25,0.00046789547,5.897697e-06
0.97649664,6.014513e-29,0.02303005,1.967122e-15,9.894919e-19,2.8388289e-25,0.00046738415,5.8896903e-06
0.97650844,5.96341e-29,0.02301878,1.9575266e-15,9.838167e-19,2.8175232e-25,0.00046683828,5.881707e-06
0.97652096,5.912927e-29,0.023006871,1.948225e-15,9.782383e-19,2.7963795e-25,0.0004663103,5.8736878e-06
0.9765339,5.863544e-29,0.022994366,1.9395598e-15,9.728589e-19,2.775459e-25,0.00046583737,5.865733e-06
0.9765474,5.8148435e-29,0.022981355,1.9312218e-15,9.675796e-19,2.7547284e-25,0.0004653873,5.8578084e-06
0.9765604,5.7662367e-29,0.02296891,1.922581e-15,9.622406e-19,2.7341618e-25,0.00046491087,5.849858e-06
0.97657245,5.717289e-29,0.022957366,1.9132984e-15,9.567512e-19,2.7136423e-25,0.0004643751,5.841919e-06
0.9765842,5.6686245e-29,0.022946216,1.903849e-15,9.512349e-19,2.693276e-25,0.000463823,5.833972e-06
0.97659653,5.620678e-29,0.022934256,1.8949031e-15,9.458698e-19,2.673054e-25,0.00046331072,5.826023e-06
0.9766099,5.574079e-29,0.022921449,1.886757e-15,9.40737e-19,2.6531182e-25,0.00046286217,5.818179e-06
0.97662354,5.528036e-29,0.02290822,1.8788682e-15,9.356965e-19,2.6333116e-25,0.0004624327,5.810298e-06
0.9766366,5.481785e-29,0.022895642,1.8704904e-15,9.305369e-19,2.6136118e-25,0.0004619602,5.8024243e-06
0.9766485,5.435251e-29,0.022884263,1.8614235e-15,9.252212e-19,2.5940165e-25,0.00046142694,5.794532e-06
0.97666013,5.388946e-29,0.022873146,1.8522728e-15,9.19897e-19,2.5745378e-25,0.00046088177,5.7866378e-06
0.97667295,5.3438164e-29,0.022860842,1.8439007e-15,9.147964e-19,2.5552672e-25,0.00046040196,5.7788275e-06
0.9766872,5.3000424e-29,0.022847006,1.8365635e-15,9.099928e-19,2.536251e-25,0.00046000665,5.771036e-06
0.97670186,5.2569516e-29,0.0228328,1.8295914e-15,9.053009e-19,2.517396e-25,0.00045964346,5.7632296e-06
0.9767154,5.213567e-29,0.022819664,1.8218857e-15,9.004331e-19,2.4986218e-25,0.00045921255,5.7554557e-06
0.9767271,5.1690335e-29,0.02280858,1.8128606e-15,8.952312e-19,2.479822e-25,0.00045866225,5.7476477e-06
0.97673744,5.1240895e-29,0.02279886,1.8030174e-15,8.898373e-19,2.4611413e-25,0.00045804022,5.7397824e-06
0.97674805,5.0796547e-29,0.022788804,1.793358e-15,8.845065e-19,2.442574e-25,0.00045742793,5.7319075e-06
0.97675997,5.0364582e-29,0.02277748,1.7846582e-15,8.794436e-19,2.4242423e-25,0.000456899,5.7241277e-06
0.9767729,4.9943947e-29,0.022764968,1.7767206e-15,8.746042e-19,2.4061246e-25,0.00045643383,5.716359e-06
0.9767859,4.9527217e-29,0.022752466,1.7688521e-15,8.69798e-19,2.3881423e-25,0.00045597265,5.7086336e-06
0.97679806,4.910942e-29,0.022740733,1.7605402e-15,8.6489876e-19,2.370256e-25,0.00045546982,5.70087e-06
0.9768099,4.869142e-29,0.022729473,1.7519393e-15,8.599317e-19,2.3524404e-25,0.00045493527,5.6931212e-06
0.97682196,4.8279934e-29,0.02271792,1.74364e-15,8.550651e-19,2.3348212e-25,0.00045442575,5.6854055e-06
0.9768349,4.787672e-29,0.022705354,1.7359247e-15,8.5036623e-19,2.3173452e-25,0.0004539657,5.677684e-06
0.97684836,4.7480156e-29,0.022692464,1.7285412e-15,8.457776e-19,2.3000625e-25,0.00045353576,5.6700023e-06
0.9768612,4.708397e-29,0.022679998,1.7208791e-15,8.4112646e-19,2.282855e-25,0.00045307478,5.662339e-06
0.97687316,4.668535e-29,0.022668641,1.7126812e-15,8.3635984e-19,2.2657397e-25,0.0004525639,5.654675e-06
0.9768851,4.6288342e-29,0.022657247,1.7043401e-15,8.3156627e-19,2.2487355e-25,0.00045203714,5.646957e-06
0.9768976,4.5898937e-29,0.022645265,1.6964808e-15,8.269142e-19,2.2319025e-25,0.00045155088,5.6392905e-06
0.976911,4.5519098e-29,0.022632279,1.6893359e-15,8.2246765e-19,2.2152402e-25,0.0004511301,5.63165e-06
0.97692466,4.5145173e-29,0.022618957,1.6824394e-15,8.1810463e-19,2.1987444e-25,0.00045072785,5.6240647e-06
0.9769378,4.476985e-29,0.02260632,1.6751295e-15,8.1364323e-19,2.1823125e-25,0.0004502845,5.616464e-06
0.97694993,4.4391172e-29,0.022594703,1.6672134e-15,8.0904793e-19,2.1659512e-25,0.00044978366,5.6088425e-06
0.9769617,4.4015004e-29,0.022583429,1.65922e-15,8.044413e-19,2.1497037e-25,0.00044927036,5.6012177e-06
0.9769747,4.364841e-29,0.022570813,1.651935e-15,8.000392e-19,2.1336296e-25,0.00044882068,5.5936107e-06
0.9769891,4.3292853e-29,0.022556858,1.6455942e-15,7.9589886e-19,2.1177676e-25,0.00044845848,5.58607e-06
0.977004,4.2943492e-29,0.02254232,1.6395789e-15,7.918559e-19,2.1020402e-25,0.00044812582,5.5785795e-06
0.97701764,4.2590725e-29,0.022529095,1.6329169e-15,7.876613e-19,2.0863877e-25,0.00044772885,5.571076e-06
0.97702944,4.222917e-29,0.022517767,1.6250632e-15,7.831736e-19,2.0707293e-25,0.0004472179,5.5634714e-06
0.97704005,4.1863933e-29,0.022507705,1.6164745e-15,7.785115e-19,2.0551308e-25,0.0004466303,5.5558644e-06
0.97705096,4.1503444e-29,0.022497399,1.6080788e-15,7.7391287e-19,2.0396584e-25,0.00044605893,5.5483183e-06
0.97706306,4.1152708e-29,0.022485796,1.6004857e-15,7.695419e-19,2.0243512e-25,0.00044556276,5.540741e-06
0.97707623,4.0811202e-29,0.022473019,1.5936229e-15,7.6536877e-19,2.009253e-25,0.0004451347,5.533275e-06
0.97708946,4.0472843e-29,0.022460384,1.5868078e-15,7.612298e-19,1.99426e-25,0.0004447096,5.525777e-06
0.977102,4.013328e-29,0.022448294,1.5795808e-15,7.5699434e-19,1.9793171e-25,0.00044423636,5.5182804e-06
0.9771138,3.97935e-29,0.022436922,1.5720918e-15,7.5271295e-19,1.9644769e-25,0.0004437412,5.510774e-06
0.9771263,3.9459635e-29,0.022424929,1.564872e-15,7.485078e-19,1.9497797e-25,0.0004432664,5.503313e-06
0.9771393,3.9131878e-29,0.022412358,1.5581617e-15,7.444541e-19,1.9352077e-25,0.0004428388,5.495876e-06
0.97715294,3.8809827e-29,0.022399122,1.5517476e-15,7.404908e-19,1.9207974e-25,0.00044244144,5.488452e-06
0.97716594,3.848717e-29,0.022386609,1.5450464e-15,7.36461e-19,1.9064348e-25,0.00044200954,5.4810034e-06
0.9771781,3.816338e-29,0.022374932,1.5378859e-15,7.3233784e-19,1.8921708e-25,0.00044152967,5.473581e-06
0.9771901,3.784e-29,0.022363389,1.5305655e-15,7.281822e-19,1.8779703e-25,0.00044103348,5.466121e-06
0.9772027,3.752367e-29,0.022351269,1.5236704e-15,7.2415273e-19,1.8639344e-25,0.00044057672,5.4587213e-06
0.9772161,3.7214278e-29,0.022338236,1.517398e-15,7.2029456e-19,1.8500191e-25,0.00044017707,5.451357e-06
0.9772298,3.69097e-29,0.022324875,1.5113592e-15,7.165145e-19,1.836257e-25,0.00043979968,5.4440134e-06
0.977243,3.6603692e-29,0.022312192,1.5049131e-15,7.126397e-19,1.822548e-25,0.00043938137,5.436663e-06
0.97725505,3.6295465e-29,0.022300556,1.4979099e-15,7.0863643e-19,1.8088906e-25,0.0004389027,5.4292686e-06
0.97726715,3.598846e-29,0.022289012,1.4908253e-15,7.0463153e-19,1.7953291e-25,0.00043841117,5.42189e-06
0.97728,3.5689528e-29,0.022276638,1.4843587e-15,7.0079403e-19,1.7819112e-25,0.00043798145,5.4145776e-06
0.9772943,3.5399613e-29,0.02226265,1.4787401e-15,6.9718323e-19,1.7686842e-25,0.00043763715,5.407236e-06
0.97730917,3.5114214e-29,0.022248216,1.4733797e-15,6.9365495e-19,1.7555426e-25,0.00043731587,5.400032e-06
0.9773226,3.4825487e-29,0.022235073,1.4674037e-15,6.8998294e-19,1.7424564e-25,0.00043692917,5.3927056e-06
0.9773343,3.4530377e-29,0.022223849,1.460385e-15,6.8606215e-19,1.7293856e-25,0.0004364347,5.3853746e-06
0.9773448,3.4231717e-29,0.02221396,1.4526665e-15,6.819781e-19,1.7163518e-25,0.00043586118,5.3780363e-06
0.9773556,3.3936688e-29,0.022203784,1.4451048e-15,6.7794446e-19,1.7034296e-25,0.00043530355,5.3707104e-06
0.97736746,3.3650143e-29,0.022192368,1.4382808e-15,6.741153e-19,1.690671e-25,0.0004348209,5.3633994e-06
0.97738034,3.337038e-29,0.022179922,1.432064e-15,6.7045176e-19,1.6780484e-25,0.00043439475,5.3561207e-06
0.9773932,3.3092944e-29,0.022167442,1.4258741e-15,6.6680554e-19,1.665507e-25,0.00043397065,5.3488657e-06
0.97740537,3.281478e-29,0.022155754,1.4193145e-15,6.6308256e-19,1.6530331e-25,0.00043350612,5.341612e-06
0.9774171,3.2536712e-29,0.022144487,1.4125043e-15,6.593071e-19,1.6406395e-25,0.00043301305,5.334325e-06
0.97742903,3.2262486e-29,0.022133017,1.4059148e-15,6.555983e-19,1.6283513e-25,0.00043253708,5.32711e-06
0.9774419,3.1994012e-29,0.022120649,1.3997737e-15,6.520204e-19,1.6161815e-25,0.00043210905,5.31989e-06
0.977455,3.172948e-29,0.022107955,1.393878e-15,6.4851415e-19,1.6041152e-25,0.00043170544,5.312726e-06
0.97746754,3.1464712e-29,0.022095801,1.3877308e-15,6.449575e-19,1.5921259e-25,0.00043126981,5.3055032e-06
0.9774795,3.1198326e-29,0.022084443,1.3811356e-15,6.413001e-19,1.5801832e-25,0.0004307851,5.2983028e-06
0.9774909,3.0933234e-29,0.02207354,1.3744086e-15,6.3762897e-19,1.5683351e-25,0.0004302851,5.2910973e-06
0.977503,3.0672758e-29,0.022061987,1.3680388e-15,6.340568e-19,1.5565829e-25,0.00042981879,5.283887e-06
0.97751594,3.041868e-29,0.022049362,1.3622295e-15,6.3063014e-19,1.5449555e-25,0.0004294082,5.276771e-06
0.97752917,3.0168095e-29,0.022036588,1.3566057e-15,6.272701e-19,1.5334386e-25,0.0004290194,5.2696555e-06
0.9775419,2.9916135e-29,0.022024227,1.3506027e-15,6.23823e-19,1.5219721e-25,0.00042858746,5.2624778e-06
0.9775533,2.9662616e-29,0.022013312,1.3441167e-15,6.202732e-19,1.5105662e-25,0.0004280973,5.255327e-06
0.9775647,2.9410353e-29,0.022002403,1.3375392e-15,6.1671076e-19,1.4992229e-25,0.00042759476,5.248191e-06
0.97757703,2.9163815e-29,0.021990554,1.3315083e-15,6.1329564e-19,1.4880005e-25,0.00042714854,5.24108e-06
0.9775907,2.892513e-29,0.021977276,1.3262294e-15,6.100818e-19,1.4769257e-25,0.0004267864,5.2339956e-06
0.9776047,2.869015e-29,0.021963596,1.3211787e-15,6.0693354e-19,1.4659452e-25,0.00042644996,5.226952e-06
0.9776177,2.8452714e-29,0.021951072,1.3155886e-15,6.0365816e-19,1.4550006e-25,0.00042604422,5.219913e-06
0.9776288,2.8209436e-29,0.021940311,1.3090306e-15,6.0016575e-19,1.4440686e-25,0.0004255301,5.2127884e-06
0.9776388,2.7963513e-29,0.02193108,1.3018579e-15,5.9652895e-19,1.4331623e-25,0.0004249464,5.205643e-06
0.9776487,2.7720578e-29,0.02192164,1.2948234e-15,5.929413e-19,1.4223601e-25,0.00042437078,5.198527e-06
0.97766006,2.74842e-29,0.021910777,1.2884429e-15,5.8952227e-19,1.4116736e-25,0.0004238677,5.1914435e-06
0.9776724,2.725402e-29,0.021899104,1.2826088e-15,5.862533e-19,1.4011172e-25,0.00042342537,5.1844095e-06
0.97768456,2.7025558e-29,0.02188735,1.2768008e-15,5.8300444e-19,1.3906287e-25,0.00042298183,5.1773536e-06
0.97769606,2.6796336e-29,0.021876339,1.2706596e-15,5.7968047e-19,1.3802021e-25,0.0004224974,5.170305e-06
0.977707,2.6567418e-29,0.021865906,1.2642964e-15,5.7631783e-19,1.3698318e-25,0.00042198668,5.1632965e-06
0.9777184,2.6341073e-29,0.021854986,1.2581192e-15,5.730078e-19,1.3595454e-25,0.00042149288,5.1562465e-06
0.9777305,2.6120064e-29,0.021843337,1.2523648e-15,5.6981717e-19,1.349368e-25,0.0004210433,5.1492193e-06
0.9777428,2.59019e-29,0.021831406,1.2468129e-15,5.6668334e-19,1.3392722e-25,0.00042061755,5.142276e-06
0.9777548,2.5683982e-29,0.021819936,1.241058e-15,5.6351276e-19,1.3292515e-25,0.00042016405,5.1352918e-06
0.9777659,2.5464577e-29,0.02180924,1.2348809e-15,5.602505e-19,1.3192493e-25,0.00041965707,5.1282886e-06
0.97777665,2.5246257e-29,0.021799041,1.2286074e-15,5.569771e-19,1.3093368e-25,0.00041913847,5.1213015e-06
0.97778803,2.5032124e-29,0.021788197,1.2226652e-15,5.5379716e-19,1.2995145e-25,0.000418656,5.114357e-06
0.97780025,2.4822669e-29,0.021776337,1.2172032e-15,5.507409e-19,1.2897915e-25,0.00041822626,5.1074076e-06
0.977813,2.4616293e-29,0.02176404,1.2119233e-15,5.4774354e-19,1.2801568e-25,0.00041781552,5.1004895e-06
0.97782487,2.440919e-29,0.021752682,1.2063246e-15,5.446789e-19,1.2705637e-25,0.00041736418,5.0935805e-06
0.9778358,2.4200295e-29,0.021742225,1.2002698e-15,5.415131e-19,1.2610124e-25,0.0004168565,5.0866374e-06
0.9778465,2.3992818e-29,0.021732016,1.194154e-15,5.383451e-19,1.2515374e-25,0.0004163398,5.079693e-06
0.9778581,2.3790048e-29,0.021720793,1.1885374e-15,5.3530843e-19,1.2421538e-25,0.00041587805,5.0727913e-06
0.97787136,2.3593709e-29,0.021708166,1.1835856e-15,5.3244205e-19,1.2328943e-25,0.0004154936,5.0659373e-06
0.9778847,2.3400243e-29,0.021695133,1.1788479e-15,5.296416e-19,1.2237085e-25,0.00041513648,5.0590734e-06
0.977897,2.3204973e-29,0.021683201,1.173631e-15,5.267307e-19,1.2145622e-25,0.00041471672,5.052242e-06
0.9779076,2.300515e-29,0.021673225,1.1675616e-15,5.2362513e-19,1.2054177e-25,0.00041419,5.0453395e-06
0.97791696,2.2803017e-29,0.021664463,1.1609508e-15,5.2040223e-19,1.1963041e-25,0.0004135932,5.038416e-06
0.9779263,2.2603349e-29,0.021655664,1.1544567e-15,5.1722084e-19,1.1872683e-25,0.0004130083,5.0315016e-06
0.9779369,2.2409391e-29,0.021645533,1.1485567e-15,5.14189e-19,1.1783384e-25,0.0004124908,5.024632e-06
0.97794855,2.2220171e-29,0.021634398,1.143159e-15,5.112885e-19,1.1695035e-25,0.00041203413,5.0178196e-06
0.9779603,2.2032551e-29,0.021623148,1.1377823e-15,5.0840454e-19,1.1607351e-25,0.0004115772,5.0110225e-06
0.977971,2.1844325e-29,0.02161283,1.1321144e-15,5.05463e-19,1.1520135e-25,0.00041108197,5.0041817e-06
0.9779816,2.165622e-29,0.021602802,1.1262469e-15,5.02479e-19,1.14334e-25,0.00041055988,4.9973537e-06
0.9779924,2.1470884e-29,0.021592496,1.1205683e-15,4.995528e-19,1.1347493e-25,0.0004100557,4.990546e-06
0.97800386,2.1289097e-29,0.02158155,1.1152594e-15,4.967272e-19,1.1262412e-25,0.00040959698,4.983761e-06
0.9780157,2.1110308e-29,0.021570122,1.1101453e-15,4.939574e-19,1.1178055e-25,0.00040915998,4.976972e-06
0.9780272,2.0931575e-29,0.021559067,1.1048394e-15,4.9114857e-19,1.1094245e-25,0.00040869604,4.9702285e-06
0.9780377,2.075196e-29,0.021549102,1.0991929e-15,4.8827324e-19,1.1010842e-25,0.00040818623,4.963451e-06
0.9780481,2.0572313e-29,0.021539219,1.0934248e-15,4.8537387e-19,1.0927813e-25,0.00040765447,4.95664e-06
0.97805905,2.0396722e-29,0.021528948,1.087974e-15,4.8256207e-19,1.0845706e-25,0.00040716407,4.949898e-06
0.9780708,2.0225274e-29,0.021517549,1.0829685e-15,4.7986567e-19,1.0764473e-25,0.00040672807,4.943207e-06
0.97808284,2.0056033e-29,0.021505913,1.0781179e-15,4.772173e-19,1.0683971e-25,0.00040630894,4.936484e-06
0.9780943,1.9886378e-29,0.021494929,1.0729854e-15,4.745127e-19,1.0603904e-25,0.00040585364,4.929758e-06
0.97810477,1.971513e-29,0.021484993,1.0674488e-15,4.7171856e-19,1.0524026e-25,0.00040533813,4.9230407e-06
0.978115,1.9545052e-29,0.021475263,1.0618595e-15,4.68921e-19,1.0444746e-25,0.00040481388,4.9163223e-06
0.9781263,1.9378976e-29,0.021464452,1.0567235e-15,4.6624195e-19,1.036639e-25,0.0004043478,4.9096225e-06
0.97813886,1.9218003e-29,0.021452326,1.0521756e-15,4.637133e-19,1.02889513e-25,0.00040395447,4.9029572e-06
0.97815174,1.9059824e-29,0.021439806,1.0478396e-15,4.612424e-19,1.0212211e-25,0.00040358782,4.896344e-06
0.9781635,1.8899898e-29,0.02142837,1.0430744e-15,4.586792e-19,1.0135877e-25,0.0004031649,4.8897064e-06
0.9781737,1.8736282e-29,0.02141883,1.0375453e-15,4.559434e-19,1.00594045e-25,0.00040263348,4.883029e-06
0.97818244,1.8570796e-29,0.021410648,1.0315401e-15,4.5310565e-19,9.983268e-26,0.00040203545,4.87632e-06
0.97819144,1.8407337e-29,0.021402149,1.0256365e-15,4.503011e-19,9.907709e-26,0.00040144834,4.869608e-06
0.9782017,1.8248543e-29,0.021392494,1.0202777e-15,4.4763577e-19,9.833185e-26,0.00040093143,4.8629577e-06
0.9782129,1.809362e-29,0.021381726,1.0153546e-15,4.4508e-19,9.7593804e-26,0.0004004698,4.856349e-06
0.97822404,1.7940012e-29,0.021371042,1.0104628e-15,4.4254385e-19,9.6861285e-26,0.00040000948,4.84973e-06
0.9782346,1.7786067e-29,0.021360964,1.0053101e-15,4.3995307e-19,9.613275e-26,0.00039951055,4.843094e-06
0.9782446,1.7632224e-29,0.021351567,9.999887e-16,4.3733215e-19,9.54089e-26,0.00039898918,4.8364973e-06
0.978255,1.7480384e-29,0.02134174,9.948207e-16,4.347569e-19,9.4690537e-26,0.0003984808,4.829911e-06
0.9782662,1.733185e-29,0.021331076,9.899978e-16,4.322681e-19,9.3979816e-26,0.00039801974,4.8233383e-06
0.97827756,1.7185499e-29,0.021320056,9.853411e-16,4.2982962e-19,9.327552e-26,0.00039758126,4.8167567e-06
0.97828853,1.7039337e-29,0.021309523,9.80519e-16,4.2736074e-19,9.2574695e-26,0.0003971128,4.810214e-06
0.97829854,1.6892213e-29,0.021299988,9.753957e-16,4.2483107e-19,9.187799e-26,0.0003966014,4.8036527e-06
0.9783086,1.6745717e-29,0.021290539,9.701733e-16,4.222858e-19,9.1184796e-26,0.00039607254,4.797082e-06
0.978319,1.660202e-29,0.021280656,9.652334e-16,4.1981675e-19,9.049962e-26,0.00039557845,4.7905132e-06
0.9783305,1.6461707e-29,0.021269586,9.606823e-16,4.174438e-19,8.982004e-26,0.00039513817,4.784023e-06
0.97834206,1.6323454e-29,0.02125844,9.562768e-16,4.151176e-19,8.9148296e-26,0.00039471875,4.7775275e-06
0.9783531,1.6184625e-29,0.021247854,9.516224e-16,4.1273795e-19,8.8479157e-26,0.00039425818,4.7710205e-06
0.97836316,1.6044755e-29,0.02123835,9.46614e-16,4.1028704e-19,8.7812606e-26,0.00039374598,4.7645126e-06
0.97837293,1.5905608e-29,0.021229045,9.415634e-16,4.078319e-19,8.7150395e-26,0.0003932223,4.757976e-06
0.9783839,1.5769969e-29,0.021218596,9.369091e-16,4.054785e-19,8.649592e-26,0.00039275375,4.7514823e-06
0.9783959,1.5638488e-29,0.021206958,9.327837e-16,4.032576e-19,8.584907e-26,0.000392361,4.745073e-06
0.97840846,1.5509058e-29,0.021194778,9.288402e-16,4.0108427e-19,8.520808e-26,0.0003919905,4.738654e-06
0.9784201,1.5378337e-29,0.021183552,9.245208e-16,3.988325e-19,8.456986e-26,0.00039156398,4.7322073e-06
0.9784297,1.5244732e-29,0.02117447,9.195389e-16,3.964352e-19,8.393176e-26,0.00039103566,4.725728e-06
0.97843826,1.510962e-29,0.02116666,9.14126e-16,3.9394823e-19,8.329649e-26,0.0003904436,4.719216e-06
0.9784468,1.4976048e-29,0.02115865,9.088176e-16,3.9149176e-19,8.266538e-26,0.00038986062,4.7127187e-06
0.97845674,1.4846397e-29,0.021149222,9.039827e-16,3.8915213e-19,8.2042317e-26,0.00038934516,4.70629e-06
0.9784676,1.47199e-29,0.02113889,8.995413e-16,3.8691389e-19,8.14265e-26,0.0003888849,4.6998784e-06
0.97847843,1.4594485e-29,0.021128442,8.951287e-16,3.8468999e-19,8.0815e-26,0.00038842738,4.693467e-06
0.97848856,1.446891e-29,0.02111887,8.904924e-16,3.8242173e-19,8.0206804e-26,0.00038793383,4.68707e-06
0.9784983,1.4343098e-29,0.021109696,8.857042e-16,3.8012457e-19,7.9601637e-26,0.00038741418,4.680653e-06
0.9785082,1.421936e-29,0.02110025,8.810627e-16,3.778716e-19,7.900225e-26,0.00038691075,4.674255e-06
0.9785189,1.4098206e-29,0.021089938,8.767306e-16,3.7569675e-19,7.840866e-26,0.00038645478,4.6679e-06
0.9785302,1.3978627e-29,0.021079125,8.7254013e-16,3.7356172e-19,7.782015e-26,0.000386015,4.661521e-06
0.97854084,1.3859311e-29,0.02106898,8.682133e-16,3.7140314e-19,7.723601e-26,0.0003855542,4.6551786e-06
0.9785508,1.3739327e-29,0.021059554,8.6361743e-16,3.691892e-19,7.665327e-26,0.0003850466,4.6488153e-06
0.97856015,1.3619958e-29,0.021050638,8.589471e-16,3.6696723e-19,7.6075465e-26,0.00038452845,4.6424666e-06
0.9785704,1.3502874e-29,0.021040903,8.5453094e-16,3.648118e-19,7.5503245e-26,0.0003840414,4.6361356e-06
0.9785815,1.3388445e-29,0.021030229,8.5045284e-16,3.6273858e-19,7.493653e-26,0.00038360868,4.6298082e-06
0.978593,1.3275798e-29,0.021019127,8.465076e-16,3.6070475e-19,7.4375236e-26,0.00038319052,4.6235086e-06
0.97860384,1.3162685e-29,0.02100874,8.423551e-16,3.5863013e-19,7.381641e-26,0.00038273967,4.6172236e-06
0.97861344,1.3048627e-29,0.02099965,8.3788626e-16,3.564922e-19,7.326001e-26,0.00038223786,4.610888e-06
0.9786234,1.2935266e-29,0.020990372,8.333842e-16,3.543509e-19,7.270727e-26,0.00038172302,4.6045943e-06
0.9786339,1.2824855e-29,0.02098027,8.2924197e-16,3.523006e-19,7.2160947e-26,0.0003812643,4.598311e-06
0.97864574,1.2717829e-29,0.020968765,8.255686e-16,3.5036553e-19,7.1621557e-26,0.0003808786,4.5920915e-06
0.9786581,1.261257e-29,0.020956794,8.2206554e-16,3.4847586e-19,7.108678e-26,0.00038051745,4.585887e-06
0.9786695,1.25061645e-29,0.020945847,8.1822393e-16,3.465154e-19,7.055378e-26,0.0003800983,4.579647e-06
0.978679,1.23975105e-29,0.020936904,8.1380215e-16,3.444312e-19,7.0021975e-26,0.00037958464,4.573402e-06
0.97868717,1.228744e-29,0.020929215,8.0900514e-16,3.4226643e-19,6.9490887e-26,0.00037900909,4.5670895e-06
0.97869575,1.21788166e-29,0.020921215,8.0430416e-16,3.4013225e-19,6.896517e-26,0.00037844316,4.5607967e-06
0.97870535,1.2073377e-29,0.020912087,8.00028e-16,3.381007e-19,6.844508e-26,0.00037794266,4.5545694e-06
0.9787161,1.1970417e-29,0.020901829,7.9610043e-16,3.3615607e-19,6.7931315e-26,0.0003774987,4.548351e-06
0.9787268,1.1868606e-29,0.020891573,7.922072e-16,3.342264e-19,6.742141e-26,0.0003770574,4.5421725e-06
0.9787369,1.1766396e-29,0.020881988,7.8810693e-16,3.3225692e-19,6.691376e-26,0.00037657612,4.5359598e-06
0.9787465,1.1664259e-29,0.020872915,7.83887e-16,3.3026613e-19,6.640837e-26,0.00037607164,4.5297575e-06
0.97875637,1.156363e-29,0.020863455,7.79794e-16,3.2830987e-19,6.5908336e-26,0.000375588,4.523565e-06
0.97876716,1.14651926e-29,0.020853182,7.7597175e-16,3.2642281e-19,6.5413616e-26,0.00037514608,4.5173856e-06
0.97877806,1.13681145e-29,0.020842558,7.72289e-16,3.2457262e-19,6.4923117e-26,0.0003747269,4.5112533e-06
0.97878873,1.1271169e-29,0.02083241,7.684887e-16,3.227045e-19,6.443529e-26,0.00037428166,4.505103e-06
0.9787986,1.1173845e-29,0.020823007,7.644469e-16,3.2078573e-19,6.394962e-26,0.0003737939,4.4989483e-06
0.9788081,1.10767664e-29,0.020813998,7.6034204e-16,3.188624e-19,6.346759e-26,0.00037329525,4.4927842e-06
0.9788182,1.0981628e-29,0.020804526,7.5645866e-16,3.1699435e-19,6.29897e-26,0.0003728259,4.486669e-06
0.9788294,1.0888813e-29,0.020793736,7.5288603e-16,3.1520247e-19,6.2517874e-26,0.00037241293,4.4805543e-06
0.9788409,1.0797364e-29,0.02078264,7.494305e-16,3.1344358e-19,6.2049364e-26,0.00037201267,4.4744706e-06
0.9788516,1.070553e-29,0.020772327,7.4578546e-16,3.116479e-19,6.158361e-26,0.00037158135,4.4684007e-06
0.97886145,1.0613009e-29,0.02076303,7.4187434e-16,3.0979837e-19,6.111966e-26,0.0003711013,4.4622666e-06
0.9788709,1.0520963e-29,0.020753965,7.379244e-16,3.07948e-19,6.065896e-26,0.00037060905,4.4561302e-06
0.9788816,1.04314806e-29,0.020743825,7.3429604e-16,3.061744e-19,6.0203405e-26,0.00037017083,4.4500975e-06
0.97889346,1.0344506e-29,0.020732325,7.3108785e-16,3.0450199e-19,5.975362e-26,0.00036980413,4.44407e-06
0.9789059,1.0259047e-29,0.020720176,7.2802466e-16,3.0286895e-19,5.9307925e-26,0.00036946053,4.4380695e-06
0.9789171,1.01728056e-29,0.020709392,7.246637e-16,3.0117416e-19,5.8863217e-26,0.00036906192,4.4320595e-06
0.9789267,1.0084501e-29,0.020700272,7.20789e-16,2.9937075e-19,5.841954e-26,0.00036857167,4.4259614e-06
0.97893506,9.995275e-30,0.020692553,7.165841e-16,2.9750055e-19,5.797712e-26,0.0003680185,4.4198746e-06
0.97894347,9.907139e-30,0.020684602,7.1246355e-16,2.9565446e-19,5.753807e-26,0.00036747524,4.4138005e-06
0.97895306,9.8214415e-30,0.02067546,7.087107e-16,2.9389647e-19,5.7104365e-26,0.00036699694,4.4077656e-06
0.97896385,9.737983e-30,0.020665118,7.0527187e-16,2.9221497e-19,5.6675736e-26,0.00036657142,4.4017775e-06
0.9789746,9.655307e-30,0.020654825,7.0185764e-16,2.9054533e-19,5.625032e-26,0.0003661471,4.395785e-06
0.9789846,9.572376e-30,0.02064523,6.9827024e-16,2.88842e-19,5.5826984e-26,0.0003656895,4.389776e-06
0.9789942,9.489357e-30,0.02063614,6.945605e-16,2.8711573e-19,5.5405966e-26,0.00036520723,4.383757e-06
0.979004,9.4076344e-30,0.020626707,6.909734e-16,2.8542596e-19,5.4988776e-26,0.0003647438,4.3777727e-06
0.9790149,9.327764e-30,0.020616433,6.876232e-16,2.8379295e-19,5.457602e-26,0.00036432027,4.3718173e-06
0.97902584,9.2490664e-30,0.020605853,6.8439643e-16,2.821952e-19,5.4167615e-26,0.00036392082,4.365867e-06
0.9790365,9.170261e-30,0.020595664,6.8105456e-16,2.8057527e-19,5.3760205e-26,0.0003634919,4.3599352e-06
0.97904634,9.091148e-30,0.020586329,6.775063e-16,2.7891442e-19,5.3355396e-26,0.0003630251,4.3539626e-06
0.9790557,9.012369e-30,0.020577379,6.7389634e-16,2.7724845e-19,5.295361e-26,0.00036254627,4.348004e-06
0.97906584,8.9349615e-30,0.020567743,6.7047496e-16,2.7562733e-19,5.25549e-26,0.00036209598,4.3420614e-06
0.9790768,8.859714e-30,0.020557148,6.673363e-16,2.7407554e-19,5.2161215e-26,0.0003616983,4.3361842e-06
0.97908825,8.785237e-30,0.020546058,6.6429115e-16,2.7254924e-19,5.177051e-26,0.00036131503,4.3302844e-06
0.97909886,8.7106486e-30,0.02053586,6.610802e-16,2.7099398e-19,5.1381903e-26,0.0003608988,4.324401e-06
0.9791086,8.635499e-30,0.020526588,6.576258e-16,2.693888e-19,5.099481e-26,0.00036043322,4.318488e-06
0.9791181,8.560671e-30,0.020517588,6.541394e-16,2.6778282e-19,5.061062e-26,0.00035995853,4.31255e-06
0.9791286,8.487794e-30,0.02050748,6.5093783e-16,2.6624256e-19,5.023052e-26,0.000359537,4.306707e-06
0.97914046,8.417218e-30,0.020496035,6.481012e-16,2.6479132e-19,4.985525e-26,0.0003591822,4.3008367e-06
0.9791528,8.347616e-30,0.020483984,6.453882e-16,2.6337017e-19,4.9483186e-26,0.00035884843,4.2950296e-06
0.9791638,8.277441e-30,0.020473355,6.424184e-16,2.6189838e-19,4.9112705e-26,0.00035846457,4.289212e-06
0.9791733,8.205714e-30,0.02046438,6.389858e-16,2.6033212e-19,4.8742323e-26,0.00035798704,4.2833462e-06
0.9791815,8.132985e-30,0.020456744,6.352556e-16,2.5870376e-19,4.8372824e-26,0.0003574476,4.2774473e-06
0.97918975,8.061208e-30,0.020448959,6.315978e-16,2.5709645e-19,4.8006306e-26,0.00035691925,4.271556e-06
0.97919935,7.9914785e-30,0.020439878,6.2826377e-16,2.5556769e-19,4.7644814e-26,0.00035645397,4.265707e-06
0.97920996,7.9235684e-30,0.020429732,6.25208e-16,2.5410254e-19,4.728682e-26,0.00035603993,4.2599113e-06
0.9792205,7.856175e-30,0.020419708,6.221764e-16,2.5264963e-19,4.6932223e-26,0.0003556257,4.254099e-06
0.97923034,7.7885766e-30,0.020410255,6.1897965e-16,2.5116463e-19,4.6578474e-26,0.00035517986,4.2482834e-06
0.9792397,7.7210855e-30,0.020401381,6.1568395e-16,2.4966345e-19,4.6227372e-26,0.0003547087,4.2424854e-06
0.97924954,7.654591e-30,0.020392055,6.124902e-16,2.4819032e-19,4.587946e-26,0.0003542558,4.2366937e-06
0.9792598,7.589367e-30,0.02038208,6.094969e-16,2.467655e-19,4.553454e-26,0.00035384018,4.230936e-06
0.9792708,7.52528e-30,0.020371582,6.0662054e-16,2.4537152e-19,4.5193626e-26,0.00035344754,4.225153e-06
0.97928107,7.461159e-30,0.020361617,6.036375e-16,2.4395823e-19,4.4853855e-26,0.00035303016,4.219411e-06
0.97929066,7.3966754e-30,0.020352576,6.0047177e-16,2.425113e-19,4.4515766e-26,0.00035256933,4.2136458e-06
0.97929996,7.332412e-30,0.020343766,5.972472e-16,2.410554e-19,4.418021e-26,0.00035209954,4.207863e-06
0.9793098,7.269431e-30,0.020334348,5.9419213e-16,2.3964125e-19,4.3847373e-26,0.00035165812,4.2021147e-06
0.97932065,7.2078786e-30,0.020323873,5.9138115e-16,2.382866e-19,4.3518744e-26,0.00035126516,4.1963785e-06
0.97933173,7.1473946e-30,0.020313134,5.8866445e-16,2.3695499e-19,4.319276e-26,0.0003508888,4.1907147e-06
0.9793421,7.086494e-30,0.020303123,5.8579216e-16,2.355974e-19,4.2868205e-26,0.0003504791,4.184984e-06
0.97935164,7.025248e-30,0.020294145,5.827066e-16,2.3419647e-19,4.2545564e-26,0.00035002225,4.1792578e-06
0.9793609,6.964318e-30,0.02028532,5.795929e-16,2.32794e-19,4.2224375e-26,0.00034955653,4.1735498e-06
0.9793712,6.90487e-30,0.020275515,5.7672525e-16,2.3144963e-19,4.190709e-26,0.0003491391,4.16787e-06
0.97938263,6.847297e-30,0.020264346,5.7418775e-16,2.301818e-19,4.1594146e-26,0.00034879104,4.1622025e-06
0.97939473,6.79057e-30,0.02025254,5.717599e-16,2.289429e-19,4.1283405e-26,0.00034845955,4.156546e-06
0.9794057,6.733434e-30,0.020242032,5.691028e-16,2.2765825e-19,4.097447e-26,0.0003480815,4.1509197e-06
0.9794149,6.6749324e-30,0.020233307,5.6603586e-16,2.2628893e-19,4.0665136e-26,0.00034761304,4.1452267e-06
0.97942287,6.6157176e-30,0.020225987,5.6270993e-16,2.2486918e-19,4.0356703e-26,0.00034708588,4.139548e-06
0.97943085,6.55718e-30,0.020218436,5.594462e-16,2.2346687e-19,4.0050915e-26,0.00034656937,4.1338494e-06
0.9794402,6.500409e-30,0.020209568,5.5647603e-16,2.2213462e-19,3.9749015e-26,0.0003461103,4.1281723e-06
0.9794505,6.44507e-30,0.020199647,5.537501e-16,2.2085771e-19,3.9450638e-26,0.00034570487,4.122539e-06
0.97946095,6.3901536e-30,0.020189613,5.510419e-16,2.195882e-19,3.915405e-26,0.00034530065,4.116929e-06
0.97947055,6.3351675e-30,0.020180494,5.482001e-16,2.1829578e-19,3.8859368e-26,0.0003448604,4.111304e-06
0.9794797,6.280173e-30,0.020171756,5.452624e-16,2.1698604e-19,3.856615e-26,0.00034439957,4.10568e-06
0.9794892,6.2259443e-30,0.020162797,5.4241507e-16,2.1570234e-19,3.8275885e-26,0.0003439591,4.1000585e-06
0.97949946,6.172941e-30,0.020152818,5.397622e-16,2.1446407e-19,3.7988124e-26,0.0003435536,4.0944824e-06
0.97951025,6.120719e-30,0.02014251,5.3720047e-16,2.1324843e-19,3.7703268e-26,0.0003431677,4.088912e-06
0.9795205,6.0685195e-30,0.020132659,5.345527e-16,2.1201937e-19,3.7419953e-26,0.00034275983,4.083332e-06
0.9795297,6.0160236e-30,0.020123864,5.31743e-16,2.1076015e-19,3.713802e-26,0.0003423155,4.077747e-06
0.9795388,5.963754e-30,0.020115187,5.2888536e-16,2.0949402e-19,3.6857652e-26,0.0003418561,4.0721616e-06
0.9795486,5.9125293e-30,0.020105911,5.2618396e-16,2.0826662e-19,3.6580395e-26,0.0003414281,4.0666023e-06
0.9795593,5.8624653e-30,0.02009559,5.2369665e-16,2.0708848e-19,3.6306094e-26,0.0003410485,4.061058e-06
0.9795704,5.813227e-30,0.020084858,5.2129086e-16,2.059328e-19,3.6034137e-26,0.00034068438,4.0555424e-06
0.9795806,5.7638246e-30,0.020074995,5.187551e-16,2.0475291e-19,3.5763364e-26,0.00034028591,4.050019e-06
0.97959006,5.7140096e-30,0.020066,5.1603243e-16,2.0353691e-19,3.549406e-26,0.00033984293,4.0445e-06
0.97959924,5.6644947e-30,0.020057235,5.1329064e-16,2.0232192e-19,3.52265e-26,0.00033939656,4.0389527e-06
0.97960943,5.616228e-30,0.020047499,5.1076267e-16,2.0115657e-19,3.4961798e-26,0.0003389938,4.0334517e-06
0.97962105,5.569443e-30,0.020036306,5.085329e-16,2.0005777e-19,3.4700327e-26,0.00033865657,4.027976e-06
0.9796331,5.5234294e-30,0.020024633,5.0640585e-16,1.9898552e-19,3.4441615e-26,0.00033834312,4.0225473e-06
0.97964394,5.4769953e-30,0.020014089,5.0407365e-16,1.9787348e-19,3.4183614e-26,0.00033798115,4.017068e-06
0.9796531,5.429492e-30,0.02000538,5.013839e-16,1.9669004e-19,3.3926066e-26,0.0003375327,4.011581e-06
0.979661,5.3814086e-30,0.01999795,4.9846057e-16,1.954597e-19,3.3668608e-26,0.0003370259,4.006051e-06
0.97966915,5.333956e-30,0.019990375,4.9560173e-16,1.9424827e-19,3.3413637e-26,0.0003365309,4.000552e-06
0.9796785,5.2878957e-30,0.019981455,4.9300245e-16,1.9309611e-19,3.3162144e-26,0.0003360947,3.995069e-06
0.97968894,5.24296e-30,0.01997142,4.906175e-16,1.9199274e-19,3.2912963e-26,0.00033570683,3.9896213e-06
0.9796992,5.1984438e-30,0.019961499,4.882571e-16,1.9089784e-19,3.2666018e-26,0.0003353219,3.9841807e-06
0.97970885,5.15387e-30,0.019952254,4.8577795e-16,1.89783e-19,3.2420418e-26,0.00033490718,3.978771e-06
0.9797182,5.1092488e-30,0.01994339,4.8321366e-16,1.8865228e-19,3.217579e-26,0.00033446925,3.9733036e-06
0.9797278,5.065285e-30,0.019934192,4.807344e-16,1.8754409e-19,3.1933746e-26,0.00033404792,3.9678744e-06
0.9797381,5.0223547e-30,0.019924214,4.78427e-16,1.8647741e-19,3.1694034e-26,0.00033366747,3.962486e-06
0.97974896,4.9800572e-30,0.01991372,4.762018e-16,1.8542963e-19,3.1456494e-26,0.00033330417,3.957103e-06
0.9797593,4.9377364e-30,0.019903831,4.7389995e-16,1.8437004e-19,3.1220123e-26,0.00033291688,3.9517104e-06
0.9797687,4.89521e-30,0.019894874,4.7145764e-16,1.8328558e-19,3.0985144e-26,0.00033249683,3.9462952e-06
0.97977793,4.8528642e-30,0.019885955,4.6897594e-16,1.8219565e-19,3.0751582e-26,0.00033206394,3.9409015e-06
0.97978777,4.8113285e-30,0.019876523,4.666287e-16,1.8113857e-19,3.0520375e-26,0.00033166088,3.93551e-06
0.9797988,4.7708452e-30,0.019865982,4.6447793e-16,1.8012561e-19,3.029164e-26,0.0003313055,3.930161e-06
0.9798099,4.730992e-30,0.019855147,4.624006e-16,1.79132e-19,3.006542e-26,0.00033096375,3.9248343e-06
0.9798203,4.690967e-30,0.019845096,4.602076e-16,1.7811727e-19,2.9839733e-26,0.00033059318,3.919512e-06
0.9798299,4.650638e-30,0.019835908,4.578482e-16,1.7707163e-19,2.9615265e-26,0.00033017795,3.9141605e-06
0.9798394,4.610479e-30,0.019826947,4.554678e-16,1.7602407e-19,2.939192e-26,0.00032975507,3.908793e-06
0.9798497,4.5714035e-30,0.019817023,4.532834e-16,1.750229e-19,2.917162e-26,0.00032938013,3.9034667e-06
0.9798614,4.533565e-30,0.019805657,4.5136146e-16,1.7407946e-19,2.8953673e-26,0.00032906694,3.898182e-06
0.9798736,4.4963505e-30,0.019793743,4.4953187e-16,1.7315838e-19,2.873814e-26,0.0003287768,3.8929325e-06
0.97988474,4.458722e-30,0.019782947,4.4751805e-16,1.7220258e-19,2.852309e-26,0.00032843958,3.887642e-06
0.9798941,4.4202202e-30,0.019773971,4.451862e-16,1.7118379e-19,2.8307975e-26,0.00032801638,3.882325e-06
0.97990215,4.3813093e-30,0.01976644,4.4264973e-16,1.7012538e-19,2.8093808e-26,0.00032753893,3.8769886e-06
0.9799105,4.342875e-30,0.019758578,4.401648e-16,1.6908258e-19,2.7881266e-26,0.00032707164,3.8716526e-06
0.9799201,4.3055383e-30,0.019749353,4.3791315e-16,1.6809e-19,2.7671108e-26,0.0003266615,3.866381e-06
0.9799305,4.2692104e-30,0.01973932,4.3585788e-16,1.671429e-19,2.7463813e-26,0.00032630068,3.8611347e-06
0.97994107,4.2331256e-30,0.019729108,4.3381568e-16,1.662018e-19,2.7258075e-26,0.00032594154,3.855863e-06
0.979951,4.1970223e-30,0.019719599,4.3166583e-16,1.6524132e-19,2.705324e-26,0.0003255528,3.850603e-06
0.9799605,4.160876e-30,0.019710504,4.2944446e-16,1.6426937e-19,2.6849525e-26,0.00032514142,3.845327e-06
0.9799702,4.1252934e-30,0.01970115,4.2729824e-16,1.6331628e-19,2.6647657e-26,0.00032474735,3.8401204e-06
0.9799809,4.0904875e-30,0.019690882,4.2529453e-16,1.6239613e-19,2.6447933e-26,0.00032438998,3.8348808e-06
0.97999173,4.0562236e-30,0.019680364,4.2337295e-16,1.6149596e-19,2.6250012e-26,0.00032405095,3.8296607e-06
0.98000216,4.021938e-30,0.019670216,4.2138116e-16,1.6058481e-19,2.6053065e-26,0.0003236906,3.824464e-06
0.98001194,3.987514e-30,0.019660885,4.1926085e-16,1.5965005e-19,2.5857187e-26,0.0003232946,3.8192356e-06
0.9800213,3.9531717e-30,0.019651925,4.1710173e-16,1.5871098e-19,2.5662667e-26,0.0003228885,3.8140015e-06
0.9800315,3.9195165e-30,0.019642198,4.15068e-16,1.5780044e-19,2.546983e-26,0.00032250903,3.8088288e-06
0.98004234,3.8867147e-30,0.01963163,4.1320215e-16,1.5692816e-19,2.5279233e-26,0.0003221769,3.8036328e-06
0.9800537,3.8543655e-30,0.019620588,4.113998e-16,1.560715e-19,2.5090453e-26,0.00032185693,3.7985042e-06
0.98006433,3.8219324e-30,0.019610362,4.0949562e-16,1.5519747e-19,2.4902496e-26,0.00032151068,3.7933357e-06
0.9800742,3.7891916e-30,0.01960095,4.074398e-16,1.5429467e-19,2.4714984e-26,0.0003211162,3.7881755e-06
0.9800838,3.7567013e-30,0.019591762,4.053679e-16,1.5339241e-19,2.4529069e-26,0.0003207172,3.7829886e-06
0.98009413,3.7249753e-30,0.019581769,4.0347e-16,1.5252929e-19,2.4345123e-26,0.0003203641,3.7778334e-06
0.9801062,3.694285e-30,0.019569986,4.0180075e-16,1.5171467e-19,2.4163706e-26,0.00032007307,3.7727204e-06
0.9801184,3.6640716e-30,0.019558065,4.0021028e-16,1.509194e-19,2.3983829e-26,0.00031980124,3.7676582e-06
0.9801296,3.633575e-30,0.019547137,3.984615e-16,1.5009493e-19,2.380472e-26,0.00031948418,3.7625343e-06
0.980139,3.6023357e-30,0.01953812,3.9642156e-16,1.4921436e-19,2.3625286e-26,0.0003190841,3.7573748e-06
0.98014736,3.570735e-30,0.019530274,3.9420516e-16,1.4830087e-19,2.3446729e-26,0.0003186319,3.7522502e-06
0.9801557,3.5395196e-30,0.019522358,3.9203258e-16,1.4739973e-19,2.3269611e-26,0.00031818825,3.7470757e-06
0.98016524,3.509223e-30,0.01951324,3.900658e-16,1.4654337e-19,2.3094652e-26,0.00031780254,3.7419727e-06
0.9801759,3.4796946e-30,0.019502888,3.882663e-16,1.4572327e-19,2.2921472e-26,0.00031745946,3.7368961e-06
0.98018664,3.4504675e-30,0.019492501,3.8648692e-16,1.4491053e-19,2.2750026e-26,0.000317121,3.731812e-06
0.9801966,3.4211178e-30,0.01948285,3.8460534e-16,1.4408024e-19,2.2579156e-26,0.00031675186,3.7267112e-06
0.98020613,3.3917834e-30,0.019473787,3.8266124e-16,1.4323988e-19,2.2409303e-26,0.0003163619,3.7216364e-06
0.9802161,3.362856e-30,0.01946418,3.8078088e-16,1.4241535e-19,2.2240907e-26,0.0003159864,3.716556e-06
0.98022664,3.3346096e-30,0.019453924,3.7903287e-16,1.4162051e-19,2.207438e-26,0.00031565066,3.7115205e-06
0.9802377,3.306779e-30,0.019443164,3.7735352e-16,1.4084197e-19,2.1909276e-26,0.00031532987,3.7064758e-06
0.9802484,3.278929e-30,0.019432884,3.756098e-16,1.4005379e-19,2.174507e-26,0.00031499006,3.7014436e-06
0.980258,3.250963e-30,0.019423587,3.7375392e-16,1.3924596e-19,2.1581737e-26,0.00031461427,3.6963897e-06
0.98026764,3.2230878e-30,0.019414408,3.7186472e-16,1.3843328e-19,2.1419389e-26,0.00031422754,3.6913534e-06
0.9802777,3.1957456e-30,0.019404685,3.700798e-16,1.3764537e-19,2.1258598e-26,0.0003138678,3.6863323e-06
0.98028886,3.1691226e-30,0.01939388,3.684514e-16,1.3689132e-19,2.109968e-26,0.00031355364,3.6813365e-06
0.9803004,3.142818e-30,0.019382756,3.668765e-16,1.361503e-19,2.0942117e-26,0.0003132536,3.676338e-06
0.98031104,3.1164684e-30,0.019372359,3.652104e-16,1.3539455e-19,2.0785394e-26,0.0003129238,3.6713327e-06
0.98032093,3.089865e-30,0.01936295,3.6340885e-16,1.3461311e-19,2.0629041e-26,0.00031254996,3.6663278e-06
0.9803305,3.0634645e-30,0.019353723,3.6159535e-16,1.3383258e-19,2.0474016e-26,0.00031217415,3.661329e-06
0.9803411,3.0377095e-30,0.019343449,3.5993405e-16,1.3308513e-19,2.0320718e-26,0.00031183945,3.6563504e-06
0.980353,3.012773e-30,0.01933181,3.584818e-16,1.3238293e-19,2.0169365e-26,0.000311565,3.6514152e-06
0.98036546,2.988271e-30,0.019319633,3.5709964e-16,1.3169656e-19,2.0019456e-26,0.00031131235,3.64652e-06
0.98037684,2.9634675e-30,0.019308584,3.5557183e-16,1.3098312e-19,1.9869881e-26,0.00031101328,3.6415513e-06
0.9803863,2.9381242e-30,0.019299455,3.537893e-16,1.3022214e-19,1.9720332e-26,0.0003106345,3.6365993e-06
0.9803947,2.912439e-30,0.019291488,3.518435e-16,1.2943133e-19,1.957129e-26,0.00031020434,3.6315982e-06
0.9804032,2.8871106e-30,0.019283377,3.499431e-16,1.2865273e-19,1.942382e-26,0.00030978606,3.626611e-06
0.980413,2.8625087e-30,0.019273972,3.482208e-16,1.2791166e-19,1.9277782e-26,0.00030942008,3.6216707e-06
0.9804238,2.8385742e-30,0.01926349,3.466554e-16,1.2720409e-19,1.913352e-26,0.00030909845,3.6167712e-06
0.9804346,2.8147966e-30,0.019253014,3.451023e-16,1.265019e-19,1.899048e-26,0.00030878073,3.6118613e-06
0.9804448,2.7909612e-30,0.019243153,3.434616e-16,1.2578429e-19,1.8847778e-26,0.00030843017,3.6069316e-06
0.9804544,2.767157e-30,0.01923395,3.4176586e-16,1.2505925e-19,1.8706282e-26,0.00030806515,3.6020135e-06
0.98046434,2.7437031e-30,0.019224316,3.4012534e-16,1.2434696e-19,1.8565994e-26,0.00030771355,3.5971104e-06
0.98047537,2.7207417e-30,0.019213643,3.386016e-16,1.2365961e-19,1.8426991e-26,0.0003073961,3.5922346e-06
0.9804865,2.698158e-30,0.019202834,3.371464e-16,1.2298922e-19,1.828952e-26,0.000307099,3.5873593e-06
0.9804971,2.6755562e-30,0.019192424,3.3562815e-16,1.2230934e-19,1.8152578e-26,0.00030677975,3.5824921e-06
0.98050725,2.652839e-30,0.019182777,3.340108e-16,1.2161041e-19,1.8016173e-26,0.00030642678,3.5776056e-06
0.98051685,2.6302327e-30,0.019173454,3.323643e-16,1.2090988e-19,1.7880851e-26,0.00030606295,3.5727448e-06
0.9805273,2.6080402e-30,0.019163385,3.3081324e-16,1.2023e-19,1.7746831e-26,0.00030572718,3.567883e-06
0.98053855,2.586432e-30,0.019152531,3.2939912e-16,1.1957958e-19,1.76143e-26,0.00030543402,3.5630578e-06
0.9805502,2.5651013e-30,0.019141147,3.2803625e-16,1.1894135e-19,1.7483034e-26,0.00030515643,3.5582245e-06
0.9805611,2.5437312e-30,0.019130554,3.2659274e-16,1.1828928e-19,1.7352335e-26,0.00030484918,3.553411e-06
0.9805712,2.5221523e-30,0.019120866,3.2502512e-16,1.1761602e-19,1.7222205e-26,0.00030450305,3.548561e-06
0.9805809,2.5006793e-30,0.019111395,3.2344514e-16,1.1694209e-19,1.7092654e-26,0.00030414734,3.5437192e-06
0.9805917,2.4798078e-30,0.019100964,3.2200712e-16,1.1629831e-19,1.6964999e-26,0.00030383698,3.5389187e-06
0.98060375,2.4595828e-30,0.019089142,3.2074957e-16,1.1569263e-19,1.6838707e-26,0.0003035853,3.5341461e-06
0.98061645,2.4397105e-30,0.019076686,3.1955803e-16,1.1510163e-19,1.6713749e-26,0.00030335246,3.529409e-06
0.980628,2.4195527e-30,0.019065417,3.1823338e-16,1.1448641e-19,1.6589064e-26,0.00030307553,3.5246105e-06
0.9806378,2.3989899e-30,0.019056045,3.1668524e-16,1.1383083e-19,1.6464464e-26,0.00030272154,3.5198218e-06
0.98064625,2.3781631e-30,0.019047888,3.14988e-16,1.131478e-19,1.6340157e-26,0.0003023179,3.5150051e-06
0.9806551,2.3575899e-30,0.019039486,3.1332741e-16,1.1247489e-19,1.6217039e-26,0.00030192302,3.510176e-06
0.9806651,2.3376076e-30,0.019029843,3.1183057e-16,1.1183514e-19,1.6095237e-26,0.00030157962,3.505408e-06
0.98067605,2.3181507e-30,0.01901917,3.1047143e-16,1.1122543e-19,1.5975097e-26,0.0003012823,3.50066e-06
0.98068696,2.2988733e-30,0.01900854,3.0912293e-16,1.106199e-19,1.5855853e-26,0.00030098582,3.495888e-06
0.9806974,2.2795288e-30,0.018998446,3.0769443e-16,1.100004e-19,1.573689e-26,0.0003006597,3.4911407e-06
0.9807073,2.2602078e-30,0.018988892,3.062186e-16,1.0937429e-19,1.5618931e-26,0.00030031888,3.486408e-06
0.9807175,2.241137e-30,0.018978987,3.0478832e-16,1.0875882e-19,1.5501921e-26,0.00029998933,3.481653e-06
0.98072845,2.2225e-30,0.018968306,3.034645e-16,1.0816589e-19,1.5386032e-26,0.00029969303,3.476924e-06
0.98073995,2.204137e-30,0.018957172,3.021939e-16,1.07585695e-19,1.5271195e-26,0.00029941485,3.4722493e-06
0.98075086,2.1857907e-30,0.01894654,3.008733e-16,1.0699834e-19,1.5157089e-26,0.00029911794,3.4675231e-06
0.98076093,2.167331e-30,0.018936798,2.9945884e-16,1.0639502e-19,1.504342e-26,0.00029878572,3.4627965e-06
0.98077065,2.1489442e-30,0.018927343,2.9801907e-16,1.0578901e-19,1.4930656e-26,0.00029844468,3.4580785e-06
0.9807812,2.1309104e-30,0.018917153,2.9666228e-16,1.0520018e-19,1.481875e-26,0.00029812925,3.4533964e-06
0.9807927,2.1133363e-30,0.018906085,2.9542802e-16,1.0463748e-19,1.4708316e-26,0.00029785483,3.4487302e-06
0.9808044,2.0960033e-30,0.01889463,2.94236e-16,1.0408495e-19,1.459865e-26,0.0002975926,3.4440714e-06
0.9808154,2.0785894e-30,0.01888389,2.929692e-16,1.03519877e-19,1.4489682e-26,0.0002973049,3.4394031e-06
0.9808255,2.0610507e-30,0.018874109,2.915941e-16,1.02936566e-19,1.4381019e-26,0.000296977,3.4347183e-06
0.98083544,2.0435663e-30,0.018864546,2.9020108e-16,1.0235145e-19,1.427306e-26,0.00029663922,3.4300363e-06
0.9808462,2.0265718e-30,0.018853998,2.8893615e-16,1.01793047e-19,1.4166464e-26,0.00029634614,3.4253897e-06
0.9808585,2.010105e-30,0.01884194,2.8783199e-16,1.01266805e-19,1.4061116e-26,0.0002961086,3.4207806e-06
0.98087114,1.9938946e-30,0.018829573,2.867846e-16,1.0075408e-19,1.3956821e-26,0.0002958894,3.4161858e-06
0.9808827,1.977526e-30,0.018818306,2.8561872e-16,1.0022015e-19,1.3852756e-26,0.00029562716,3.4115765e-06
0.9808925,1.9607648e-30,0.01880884,2.8424875e-16,9.964931e-20,1.3748867e-26,0.0002952897,3.4069255e-06
0.98090106,1.9437574e-30,0.018800646,2.8274153e-16,9.9054394e-20,1.3645166e-26,0.00029490227,3.4022505e-06
0.9809099,1.9269715e-30,0.018792247,2.81266e-16,9.846832e-20,1.35422e-26,0.00029451985,3.3975925e-06
0.9809199,1.9106827e-30,0.018782584,2.7993727e-16,9.7911973e-20,1.3440797e-26,0.00029419386,3.392971e-06
0.9809307,1.894808e-30,0.018772012,2.7872773e-16,9.7379275e-20,1.3340367e-26,0.000293906,3.3883873e-06
0.9809418,1.8790655e-30,0.018761164,2.775277e-16,9.6850235e-20,1.324059e-26,0.0002936202,3.3837887e-06
0.980952,1.863296e-30,0.018751306,2.7625572e-16,9.63104e-20,1.3141544e-26,0.00029330814,3.379193e-06
0.98096186,1.8474887e-30,0.018741839,2.7493488e-16,9.576293e-20,1.3042889e-26,0.00029297336,3.3745928e-06
0.98097193,1.831928e-30,0.018731955,2.7365906e-16,9.522587e-20,1.2945127e-26,0.00029265467,3.3699962e-06
0.98098284,1.8167216e-30,0.018721338,2.724756e-16,9.4708154e-20,1.2848547e-26,0.00029237007,3.3654476e-06
0.9809941,1.8017246e-30,0.018710382,2.7133676e-16,9.420084e-20,1.27527924e-26,0.00029209972,3.360861e-06
0.9810049,1.786714e-30,0.018699884,2.7015197e-16,9.3686185e-20,1.2657358e-26,0.0002918084,3.356311e-06
0.98101485,1.7716242e-30,0.018690268,2.6888087e-16,9.3157565e-20,1.2562435e-26,0.0002914859,3.3517551e-06
0.9810246,1.7565813e-30,0.018680902,2.6758713e-16,9.262625e-20,1.2468174e-26,0.00029115207,3.3471856e-06
0.9810348,1.7418394e-30,0.01867091,2.6636473e-16,9.211065e-20,1.2374815e-26,0.00029084264,3.3426493e-06
0.9810461,1.7274736e-30,0.018659944,2.652534e-16,9.161689e-20,1.228259e-26,0.00029057483,3.3381257e-06
0.98105764,1.7132793e-30,0.018648673,2.6417605e-16,9.113208e-20,1.21909624e-26,0.00029031676,3.3336062e-06
0.98106855,1.6990317e-30,0.018638104,2.6303364e-16,9.063626e-20,1.2099918e-26,0.00029003274,3.3290842e-06
0.98107845,1.6846824e-30,0.018628627,2.6179197e-16,9.0124165e-20,1.2009266e-26,0.00028971,3.324565e-06
0.98108816,1.6703777e-30,0.018619219,2.605343e-16,8.9610486e-20,1.1919018e-26,0.0002893782,3.3200354e-06
0.9810987,1.6564483e-30,0.018608874,2.593858e-16,8.9119186e-20,1.1829911e-26,0.00028908782,3.3155209e-06
0.9811107,1.6429886e-30,0.018597215,2.5838557e-16,8.865709e-20,1.1741978e-26,0.00028885162,3.3110584e-06
0.981123,1.6297133e-30,0.018585108,2.5743645e-16,8.8206166e-20,1.1654881e-26,0.00028863494,3.3066126e-06
0.9811344,1.6163096e-30,0.018573983,2.563771e-16,8.773671e-20,1.15680235e-26,0.00028837303,3.3021324e-06
0.98114395,1.602548e-30,0.018564777,2.551327e-16,8.7234286e-20,1.1481002e-26,0.00028803837,3.2976423e-06
0.9811523,1.5886597e-30,0.018556759,2.5377017e-16,8.671214e-20,1.1394491e-26,0.00028765484,3.293126e-06
0.9811608,1.574904e-30,0.018548604,2.5243223e-16,8.619644e-20,1.1308548e-26,0.00028728062,3.288607e-06
0.9811706,1.5615553e-30,0.018539239,2.512253e-16,8.5706135e-20,1.1223737e-26,0.00028695434,3.2841392e-06
0.98118126,1.5485336e-30,0.018528834,2.5012547e-16,8.5237556e-20,1.1139745e-26,0.00028666807,3.279643e-06
0.98119193,1.5356674e-30,0.018518437,2.4903616e-16,8.477282e-20,1.1056548e-26,0.00028638376,3.2752432e-06
0.98120177,1.5227442e-30,0.018508842,2.4788327e-16,8.4297705e-20,1.0973798e-26,0.0002860738,3.2707844e-06
0.9812114,1.5098028e-30,0.018499529,2.4668392e-16,8.381563e-20,1.08913295e-26,0.00028574397,3.266331e-06
0.98122144,1.4970404e-30,0.01848991,2.455242e-16,8.33427e-20,1.08096924e-26,0.0002854277,3.2618693e-06
0.981232,1.4845679e-30,0.01847964,2.444465e-16,8.2886716e-20,1.0728837e-26,0.00028514233,3.2574308e-06
0.981243,1.4722898e-30,0.018468888,2.4341355e-16,8.244082e-20,1.0648795e-26,0.00028487376,3.2530468e-06
0.98125356,1.4600015e-30,0.018458627,2.4233774e-16,8.19882e-20,1.0569183e-26,0.0002845868,3.2486143e-06
0.9812632,1.4476374e-30,0.018449271,2.4118638e-16,8.1523076e-20,1.0489837e-26,0.0002842641,3.2442003e-06
0.9812726,1.4353448e-30,0.018440194,2.4001478e-16,8.1056533e-20,1.0411203e-26,0.00028393467,3.2397977e-06
0.9812827,1.4232663e-30,0.018430397,2.3890556e-16,8.0602566e-20,1.0333126e-26,0.00028362742,3.2353696e-06
0.98129374,1.4114738e-30,0.018419677,2.3789699e-16,8.0168645e-20,1.0255919e-26,0.00028336025,3.2310088e-06
0.9813049,1.3998644e-30,0.018408716,2.3692157e-16,7.974255e-20,1.0179485e-26,0.00028310687,3.226642e-06
0.98131555,1.3882229e-30,0.018398419,2.3588708e-16,7.9307176e-20,1.01034585e-26,0.00028282445,3.2222615e-06
0.9813252,1.3764668e-30,0.018388988,2.3476455e-16,7.885725e-20,1.00276855e-26,0.0002825064,3.2178739e-06
0.9813348,1.3647684e-30,0.018379876,2.3362955e-16,7.840629e-20,9.9523285e-27,0.00028218015,3.2134926e-06
0.9813452,1.3533771e-30,0.018369766,2.325943e-16,7.797581e-20,9.877961e-27,0.0002818937,3.2091225e-06
0.98135686,1.3423386e-30,0.018358285,2.3168935e-16,7.756969e-20,9.804459e-27,0.00028166166,3.2047901e-06
0.981369,1.3314923e-30,0.01834633,2.3083035e-16,7.717397e-20,9.7316585e-27,0.00028144658,3.2004928e-06
0.98138016,1.3205208e-30,0.01833545,2.2987775e-16,7.676261e-20,9.659093e-27,0.00028119062,3.196143e-06
0.9813896,1.3092978e-30,0.01832643,2.2875935e-16,7.632245e-20,9.58665e-27,0.0002808642,3.1917964e-06
0.98139787,1.297911e-30,0.018318512,2.2753243e-16,7.5865044e-20,9.514195e-27,0.0002804854,3.1874035e-06
0.9814062,1.2866823e-30,0.018310495,2.2633282e-16,7.541325e-20,9.4424316e-27,0.00028012155,3.1830507e-06
0.98141587,1.275786e-30,0.018301213,2.2525147e-16,7.498485e-20,9.3716876e-27,0.00027980283,3.1787317e-06
0.98142636,1.2651568e-30,0.018290939,2.2426616e-16,7.457515e-20,9.301624e-27,0.0002795247,3.1744034e-06
0.9814369,1.2546259e-30,0.018280672,2.2328858e-16,7.4167986e-20,9.232084e-27,0.00027924796,3.1701022e-06
0.98144686,1.2440679e-30,0.018271063,2.2225496e-16,7.37523e-20,9.1629175e-27,0.0002789463,3.165796e-06
0.9814563,1.2334946e-30,0.018261937,2.2118205e-16,7.3331364e-20,9.094127e-27,0.00027862354,3.1614695e-06
0.98146605,1.2230862e-30,0.018252507,2.2014553e-16,7.291813e-20,9.025891e-27,0.00027831667,3.1571865e-06
0.9814766,1.21290535e-30,0.018242227,2.1918507e-16,7.2520294e-20,8.9584785e-27,0.0002780416,3.1528969e-06
0.98148745,1.2028831e-30,0.01823161,2.1826386e-16,7.2130686e-20,8.891677e-27,0.00027778232,3.148638e-06
0.981498,1.1928613e-30,0.018221378,2.1730415e-16,7.173523e-20,8.825168e-27,0.00027750252,3.1443715e-06
0.98150754,1.1827775e-30,0.018212138,2.1627994e-16,7.133043e-20,8.758981e-27,0.00027719417,3.1400898e-06
0.9815171,1.1727253e-30,0.018202938,2.1523351e-16,7.0922504e-20,8.6932564e-27,0.00027687455,3.135793e-06
0.98152703,1.16287415e-30,0.018193265,2.1424775e-16,7.052717e-20,8.628128e-27,0.0002765791,3.1315394e-06
0.9815378,1.1532652e-30,0.01818264,2.1335133e-16,7.014908e-20,8.563756e-27,0.00027632274,3.1273057e-06
0.9815491,1.1437974e-30,0.018171651,2.124847e-16,6.97773e-20,8.499932e-27,0.00027607777,3.1230825e-06
0.98155963,1.1342939e-30,0.018161347,2.1156575e-16,6.939792e-20,8.43645e-27,0.0002758076,3.118848e-06
0.9815693,1.1247139e-30,0.018152004,2.1056703e-16,6.9005785e-20,8.3731476e-27,0.00027549957,3.1145926e-06
0.9815788,1.1151721e-30,0.018142868,2.095602e-16,6.8613255e-20,8.310349e-27,0.00027518766,3.110372e-06
0.9815893,1.105881e-30,0.018132683,2.0864035e-16,6.8238116e-20,8.248252e-27,0.00027491254,3.106137e-06
0.981601,1.0968946e-30,0.01812118,2.0784051e-16,6.788478e-20,8.186909e-27,0.0002746894,3.1019408e-06
0.98161316,1.0880482e-30,0.018109344,2.0707936e-16,6.753976e-20,8.1261186e-27,0.00027448486,3.0977844e-06
0.9816242,1.0790988e-30,0.018098533,2.0623423e-16,6.718154e-20,8.065524e-27,0.00027423937,3.0935914e-06
0.98163366,1.0699278e-30,0.01808939,2.0524029e-16,6.6797846e-20,8.004972e-27,0.00027392418,3.089373e-06
0.9816419,1.0606631e-30,0.018081538,2.0415193e-16,6.63998e-20,7.944683e-27,0.00027356466,3.0851384e-06
0.9816503,1.0515112e-30,0.018073486,2.0308642e-16,6.6006396e-20,7.884789e-27,0.00027321032,3.0809424e-06
0.98165995,1.0426065e-30,0.018064186,2.021231e-16,6.563267e-20,7.825595e-27,0.00027290417,3.0767328e-06
0.9816704,1.0339514e-30,0.018053941,2.012497e-16,6.5275575e-20,7.767149e-27,0.00027263808,3.0725553e-06
0.981681,1.0253529e-30,0.018043635,2.0038086e-16,6.492092e-20,7.709111e-27,0.00027237076,3.0683861e-06
0.9816908,1.0167319e-30,0.01803408,1.9946238e-16,6.455878e-20,7.6514416e-27,0.00027208272,3.0642145e-06
0.98170024,1.0081291e-30,0.018024934,1.9851013e-16,6.419226e-20,7.593998e-27,0.0002717736,3.0600477e-06
0.9817099,9.996375e-31,0.018015556,1.975896e-16,6.3832235e-20,7.537103e-27,0.0002714794,3.0558813e-06
0.9817205,9.913244e-31,0.018005308,1.9673358e-16,6.3484697e-20,7.480755e-27,0.0002712122,3.051735e-06
0.9817314,9.831481e-31,0.017994625,1.9591495e-16,6.314509e-20,7.424972e-27,0.00027096234,3.0476187e-06
0.9817416,9.749715e-31,0.017984688,1.9506237e-16,6.280078e-20,7.369516e-27,0.0002706945,3.0434767e-06
0.9817514,9.667372e-31,0.017975232,1.9414824e-16,6.244713e-20,7.314275e-27,0.00027039633,3.0393328e-06
0.9817607,9.585354e-31,0.017966181,1.9321544e-16,6.2091175e-20,7.259306e-27,0.00027008602,3.035211e-06
0.9817707,9.5049815e-31,0.017956533,1.9233716e-16,6.174601e-20,7.204976e-27,0.0002698025,3.0310882e-06
0.98178136,9.426512e-31,0.017946044,1.9153678e-16,6.141592e-20,7.151248e-27,0.0002695539,3.026967e-06
0.9817925,9.349194e-31,0.017935093,1.9076603e-16,6.109159e-20,7.097978e-27,0.00026931902,3.0228791e-06
0.981803,9.271654e-31,0.017924923,1.899446e-16,6.0760125e-20,7.044994e-27,0.0002690575,3.018783e-06
0.98181266,9.193348e-31,0.017915528,1.890537e-16,6.0417724e-20,6.992184e-27,0.00026875958,3.0146755e-06
0.9818221,9.115423e-31,0.017906476,1.8815116e-16,6.0074263e-20,6.9396895e-27,0.00026845525,3.0105643e-06
0.98183227,9.039543e-31,0.017896453,1.8732807e-16,5.974602e-20,6.887806e-27,0.00026818883,3.0065014e-06
0.9818439,8.966088e-31,0.017885096,1.8661207e-16,5.943756e-20,6.8366314e-27,0.0002679742,3.0024253e-06
0.98185575,8.893842e-31,0.017873412,1.8593359e-16,5.913636e-20,6.785918e-27,0.00026777558,2.9984153e-06
0.9818669,8.820758e-31,0.017862607,1.8517689e-16,5.882271e-20,6.735369e-27,0.0002675377,2.9943376e-06
0.9818761,8.745855e-31,0.017853713,1.8428717e-16,5.8487634e-20,6.68475e-27,0.00026723061,2.990273e-06
0.98188424,8.670124e-31,0.01784586,1.8330922e-16,5.813844e-20,6.634354e-27,0.00026687933,2.98616e-06
0.98189276,8.595314e-31,0.017837811,1.8235461e-16,5.779465e-20,6.5843886e-27,0.00026653626,2.982085e-06
0.9819023,8.522523e-31,0.017828597,1.81491e-16,5.746742e-20,6.534957e-27,0.00026623753,2.9780158e-06
0.9819125,8.451774e-31,0.017818552,1.8070807e-16,5.715538e-20,6.4861484e-27,0.00026597737,2.9739797e-06
0.981923,8.381613e-31,0.017808413,1.7993064e-16,5.6845054e-20,6.4376812e-27,0.0002657206,2.969953e-06
0.98193264,8.311268e-31,0.017798979,1.791079e-16,5.6528166e-20,6.3895218e-27,0.00026543802,2.9659202e-06
0.9819422,8.24082e-31,0.017789783,1.7825217e-16,5.620725e-20,6.3415534e-27,0.00026513753,2.9618702e-06
0.98195183,8.171406e-31,0.017780425,1.7742763e-16,5.589221e-20,6.293993e-27,0.00026485047,2.9578573e-06
0.981962,8.103509e-31,0.017770406,1.7666358e-16,5.558895e-20,6.2470072e-27,0.0002645912,2.9538344e-06
0.9819729,8.0366715e-31,0.017759895,1.7592779e-16,5.5291356e-20,6.2004005e-27,0.0002643485,2.9498217e-06
0.9819832,7.969957e-31,0.017749753,1.7516689e-16,5.499072e-20,6.1541142e-27,0.0002640902,2.9458495e-06
0.9819927,7.902703e-31,0.017740583,1.7434928e-16,5.468146e-20,6.1079362e-27,0.00026379924,2.9418377e-06
0.98200196,7.8357758e-31,0.017731616,1.735169e-16,5.4370595e-20,6.062102e-27,0.000263501,2.9378227e-06
0.9820119,7.770072e-31,0.017721957,1.727334e-16,5.4069582e-20,6.0167777e-27,0.0002632279,2.9338375e-06
0.9820225,7.7061013e-31,0.017711537,1.720218e-16,5.378176e-20,5.9719097e-27,0.00026298733,2.9298596e-06
0.9820338,7.6430116e-31,0.017700596,1.7133482e-16,5.3498772e-20,5.927448e-27,0.0002627627,2.9258895e-06
0.9820442,7.5796807e-31,0.017690355,1.7060617e-16,5.3209918e-20,5.8832006e-27,0.00026251102,2.9219523e-06
0.98205376,7.515778e-31,0.01768108,1.6981375e-16,5.2911073e-20,5.839077e-27,0.00026222583,2.9179487e-06
0.98206323,7.452357e-31,0.01767198,1.6901595e-16,5.2612694e-20,5.795329e-27,0.00026193447,2.9140056e-06
0.9820734,7.3905474e-31,0.017661953,1.6828942e-16,5.2327413e-20,5.7520656e-27,0.000261681,2.910048e-06
0.98208517,7.3306597e-31,0.01765048,1.6765962e-16,5.2059055e-20,5.7092656e-27,0.0002614776,2.9061277e-06
0.98209715,7.2718145e-31,0.017638713,1.6706409e-16,5.179761e-20,5.66698e-27,0.00026129332,2.9022276e-06
0.9821082,7.212334e-31,0.01762788,1.6640067e-16,5.1525836e-20,5.6247874e-27,0.00026106957,2.8983047e-06
0.9821176,7.1513634e-31,0.017618705,1.6561827e-16,5.1235073e-20,5.5825803e-27,0.00026077844,2.8943607e-06
0.9821259,7.0897097e-31,0.017610755,1.6476015e-16,5.0932677e-20,5.5404933e-27,0.00026044613,2.89041e-06
0.9821345,7.028859e-31,0.017602514,1.6392216e-16,5.0634792e-20,5.4988724e-27,0.00026012474,2.8864442e-06
0.98214406,6.969813e-31,0.017593218,1.6317134e-16,5.035252e-20,5.4576733e-27,0.00025984755,2.8825275e-06
0.9821546,6.912272e-31,0.017582873,1.6249231e-16,5.0083337e-20,5.4169534e-27,0.00025960663,2.878622e-06
0.98216534,6.8553114e-31,0.017572407,1.6182046e-16,4.9815786e-20,5.3765385e-27,0.0002593704,2.8747247e-06
0.98217547,6.798246e-31,0.017562602,1.6110948e-16,4.954321e-20,5.3364017e-27,0.000259112,2.8708419e-06
0.9821851,6.741035e-31,0.017553262,1.6037219e-16,4.9267032e-20,5.2964e-27,0.00025883646,2.866911e-06
0.982195,6.684868e-31,0.017543599,1.5966449e-16,4.89967e-20,5.2568004e-27,0.00025857455,2.863036e-06
0.9822058,6.6298323e-31,0.017533088,1.590116e-16,4.8736444e-20,5.2176204e-27,0.00025834225,2.8591571e-06
0.9822171,6.5758057e-31,0.017522056,1.5838866e-16,4.8482225e-20,5.1787748e-27,0.00025812752,2.8552988e-06
0.98222774,6.521667e-31,0.017511554,1.5774218e-16,4.8224888e-20,5.1401757e-27,0.00025789655,2.851444e-06
0.98223776,6.4673282e-31,0.01750185,1.5704851e-16,4.7960646e-20,5.1017445e-27,0.00025763712,2.847576e-06
0.98224753,6.413246e-31,0.017492345,1.5634353e-16,4.7695657e-20,5.063638e-27,0.00025737155,2.8437128e-06
0.982258,6.3602026e-31,0.017482124,1.5568401e-16,4.7438863e-20,5.0258193e-27,0.00025713042,2.8398567e-06
0.9822693,6.3085166e-31,0.017470993,1.5509065e-16,4.7193927e-20,4.9884016e-27,0.00025692306,2.8360432e-06
0.9822808,6.257634e-31,0.017459638,1.5452377e-16,4.6954568e-20,4.9514526e-27,0.00025673304,2.8322033e-06
0.98229194,6.2065443e-31,0.01744875,1.5391838e-16,4.670928e-20,4.914588e-27,0.00025651767,2.8283812e-06
0.9823022,6.1550215e-31,0.017438782,1.5325911e-16,4.6456366e-20,4.8779002e-27,0.00025627093,2.8245345e-06
0.9823122,6.1039237e-31,0.017428951,1.5259445e-16,4.6203404e-20,4.841448e-27,0.0002560185,2.8207328e-06
0.9823232,6.0540884e-31,0.017418114,1.519966e-16,4.5962207e-20,4.805365e-27,0.00025580515,2.8169284e-06
0.9823357,6.005952e-31,0.017405948,1.5148914e-16,4.573664e-20,4.769849e-27,0.00025564161,2.8131572e-06
0.9823483,5.9586077e-31,0.01739336,1.5101335e-16,4.5517226e-20,4.7346145e-27,0.0002554972,2.8093832e-06
0.9823602,5.910775e-31,0.017381731,1.5047808e-16,4.5288804e-20,4.699529e-27,0.00025531757,2.8055993e-06
0.9823704,5.8617516e-31,0.017371736,1.4983638e-16,4.5043923e-20,4.664393e-27,0.00025507246,2.8017996e-06
0.98237973,5.812242e-31,0.01736276,1.4912788e-16,4.4789223e-20,4.629445e-27,0.00025478753,2.7979734e-06
0.98238903,5.7632396e-31,0.017353654,1.4843912e-16,4.453851e-20,4.5947415e-27,0.00025451308,2.7941678e-06
0.98239964,5.7158338e-31,0.01734332,1.4782873e-16,4.4301254e-20,4.560495e-27,0.00025428197,2.7903873e-06
0.98241115,5.6696886e-31,0.017332016,1.4728447e-16,4.4075556e-20,4.5266295e-27,0.00025409053,2.7866438e-06
0.98242265,5.624002e-31,0.017320683,1.467478e-16,4.3852344e-20,4.4930316e-27,0.00025390214,2.7828946e-06
0.9824337,5.578085e-31,0.017309848,1.4617676e-16,4.3623922e-20,4.4596306e-27,0.00025369247,2.779136e-06
0.9824444,5.5322874e-31,0.017299408,1.4558237e-16,4.3392703e-20,4.4263748e-27,0.00025346648,2.7753708e-06
0.9824552,5.4872015e-31,0.017288713,1.4501417e-16,4.3166992e-20,4.3934853e-27,0.00025325708,2.7716346e-06
0.98246694,5.44307e-31,0.017277185,1.4449683e-16,4.2949702e-20,4.360877e-27,0.00025307568,2.7679062e-06
0.98247916,5.399625e-31,0.017265176,1.4400669e-16,4.2737608e-20,4.328579e-27,0.00025291042,2.764182e-06
0.9824907,5.356319e-31,0.017253693,1.434951e-16,4.2522964e-20,4.296468e-27,0.00025273013,2.7604735e-06
0.9825018,5.3127097e-31,0.017242933,1.4294056e-16,4.2302433e-20,4.264529e-27,0.00025252436,2.7567582e-06
0.9825126,5.269252e-31,0.017232273,1.4237507e-16,4.208063e-20,4.2327765e-27,0.0002523095,2.7530264e-06
0.9825241,5.226673e-31,0.017221073,1.4185033e-16,4.1866086e-20,4.201344e-27,0.0002521186,2.7493093e-06
0.98253644,5.185193e-31,0.017208975,1.4138536e-16,4.1662044e-20,4.1702446e-27,0.00025196408,2.7456413e-06
0.9825491,5.1443582e-31,0.017196465,1.4094346e-16,4.1462496e-20,4.1394867e-27,0.0002518232,2.7419635e-06
0.98256105,5.103297e-31,0.01718461,1.4046424e-16,4.1257578e-20,4.108796e-27,0.0002516572,2.7382653e-06
0.98257226,5.061979e-31,0.017173665,1.3993745e-16,4.1045807e-20,4.0782988e-27,0.00025146196,2.7345934e-06
0.9825833,5.0208044e-31,0.017162757,1.3940301e-16,4.083387e-20,4.047965e-27,0.00025125907,2.7308893e-06
0.98259515,4.980804e-31,0.017151052,1.3892955e-16,4.0632362e-20,4.017983e-27,0.00025109394,2.727219e-06
0.9826084,4.9420336e-31,0.017137975,1.385345e-16,4.0443474e-20,3.9883505e-27,0.00025097717,2.7235933e-06
0.98262197,4.903979e-31,0.017124552,1.3816751e-16,4.0260086e-20,3.959089e-27,0.00025088014,2.7199712e-06
0.9826345,4.86547e-31,0.017112035,1.377451e-16,4.0068622e-20,3.929858e-27,0.0002507441,2.716317e-06
0.9826457,4.8259676e-31,0.017101074,1.3722274e-16,3.9862192e-20,3.9006294e-27,0.00025054475,2.7126591e-06
0.9826557,4.785977e-31,0.017091302,1.3663753e-16,3.964665e-20,3.8715098e-27,0.00025030514,2.7089848e-06
0.982666,4.7463913e-31,0.017081281,1.3606578e-16,3.9434088e-20,3.8425942e-27,0.00025007298,2.7053006e-06
0.9826772,4.7081074e-31,0.017070271,1.3556631e-16,3.9233474e-20,3.8140874e-27,0.00024988558,2.7016627e-06
0.98268926,4.670777e-31,0.01705831,1.3512448e-16,3.904285e-20,3.785896e-27,0.0002497333,2.6980574e-06
0.9827016,4.63378e-31,0.017046131,1.3468515e-16,3.885272e-20,3.7578576e-27,0.00024958217,2.6944374e-06
0.9827132,4.596581e-31,0.017034663,1.342118e-16,3.865847e-20,3.7299947e-27,0.00024940714,2.6908024e-06
0.9827243,4.5594703e-31,0.01702378,1.3371559e-16,3.846136e-20,3.702337e-27,0.00024921974,2.6871965e-06
0.98273593,4.5227996e-31,0.017012361,1.3323853e-16,3.8267608e-20,3.674872e-27,0.00024904116,2.6835735e-06
0.982748,4.486973e-31,0.017000437,1.3280529e-16,3.8081676e-20,3.647668e-27,0.00024888988,2.679972e-06
0.9827604,4.451636e-31,0.016988173,1.3239522e-16,3.7899842e-20,3.620736e-27,0.000248754,2.6763767e-06
0.98277265,4.416374e-31,0.016976142,1.3196121e-16,3.7714987e-20,3.5939605e-27,0.00024860105,2.6728007e-06
0.9827839,4.380752e-31,0.016965037,1.3148437e-16,3.752441e-20,3.5672718e-27,0.00024841854,2.6691837e-06
0.982795,4.345317e-31,0.016954167,1.3099423e-16,3.7332367e-20,3.5407933e-27,0.00024822712,2.6656041e-06
0.9828065,4.3105326e-31,0.016942792,1.3053782e-16,3.7146284e-20,3.5145394e-27,0.0002480573,2.6620228e-06
0.9828189,4.276585e-31,0.016930472,1.3013326e-16,3.6968776e-20,3.4885902e-27,0.0002479209,2.6584587e-06
0.9828316,4.2430353e-31,0.01691797,1.2974435e-16,3.6794092e-20,3.4628205e-27,0.00024779266,2.6549028e-06
0.9828436,4.209457e-31,0.016906146,1.2932196e-16,3.6615176e-20,3.4372388e-27,0.00024764214,2.6513296e-06
0.98285484,4.17544e-31,0.016895058,1.2884826e-16,3.6428905e-20,3.411687e-27,0.0002474566,2.6477594e-06
0.9828658,4.1416023e-31,0.016884325,1.2836547e-16,3.6242188e-20,3.3863376e-27,0.00024726545,2.6441933e-06
0.98287755,4.108606e-31,0.016872646,1.2793388e-16,3.6063886e-20,3.3612554e-27,0.00024710572,2.6406412e-06
0.9828904,4.076686e-31,0.016859872,1.2757395e-16,3.5897044e-20,3.3365288e-27,0.000246994,2.63712e-06
0.9829038,4.0452626e-31,0.016846793,1.2723401e-16,3.5733853e-20,3.311998e-27,0.00024689562,2.633607e-06
0.9829161,4.013404e-31,0.016834572,1.2684017e-16,3.5563092e-20,3.287506e-27,0.00024675843,2.6300831e-06
0.98292685,3.9807265e-31,0.016824037,1.2635091e-16,3.537851e-20,3.263041e-27,0.00024655552,2.6265275e-06
0.9829364,3.9476175e-31,0.016814735,1.2580145e-16,3.5185717e-20,3.2386923e-27,0.00024631538,2.6229686e-06
0.9829463,3.9148151e-31,0.01680506,1.2526017e-16,3.499465e-20,3.2144526e-27,0.00024607367,2.6194177e-06
0.9829571,3.8830001e-31,0.01679448,1.2478177e-16,3.4813954e-20,3.190568e-27,0.000245877,2.6158568e-06
0.9829686,3.8519457e-31,0.016783053,1.2435271e-16,3.4641087e-20,3.1669116e-27,0.00024571203,2.6123425e-06
0.98298013,3.8211687e-31,0.016771697,1.2392512e-16,3.4469072e-20,3.143454e-27,0.00024554905,2.6088353e-06
0.9829911,3.7902017e-31,0.016760949,1.2346219e-16,3.4292663e-20,3.120121e-27,0.00024535938,2.6053265e-06
0.9830017,3.759198e-31,0.016750647,1.2297469e-16,3.411298e-20,3.0968657e-27,0.0002451501,2.6018163e-06
0.98301244,3.7286185e-31,0.016740128,1.2250313e-16,3.393657e-20,3.0738308e-27,0.00024495274,2.5982963e-06
0.9830236,3.6986847e-31,0.016729018,1.220702e-16,3.3766372e-20,3.0510386e-27,0.00024478132,2.5947948e-06
0.9830352,3.6691606e-31,0.016717639,1.2165374e-16,3.3599346e-20,3.0284166e-27,0.00024461804,2.5913087e-06
0.9830463,3.6396206e-31,0.01670667,1.2121503e-16,3.342956e-20,3.0059608e-27,0.0002444403,2.5878237e-06
0.9830568,3.6098202e-31,0.01669643,1.2073363e-16,3.3254014e-20,2.9835788e-27,0.00024423085,2.5843221e-06
0.9830669,3.580099e-31,0.016686544,1.2023848e-16,3.3076982e-20,2.9613172e-27,0.0002440108,2.5808215e-06
0.9830775,3.5509218e-31,0.01667616,1.1977238e-16,3.2904922e-20,2.9392901e-27,0.00024381107,2.5773297e-06
0.9830889,3.5224154e-31,0.016664937,1.1935188e-16,3.2740526e-20,2.9174628e-27,0.0002436405,2.5738716e-06
0.9831003,3.494324e-31,0.01665369,1.18946e-16,3.2578696e-20,2.8958417e-27,0.00024347978,2.570416e-06
0.98311114,3.4660586e-31,0.016642954,1.185071e-16,3.2412452e-20,2.8743464e-27,0.00024329539,2.566946e-06
0.9831213,3.4374946e-31,0.016633032,1.1801928e-16,3.2239898e-20,2.8529106e-27,0.00024307478,2.5634865e-06
0.9831312,3.409113e-31,0.016623432,1.1752357e-16,3.2066665e-20,2.831634e-27,0.00024284783,2.5600164e-06
0.9831418,3.3813814e-31,0.016613023,1.1707336e-16,3.190071e-20,2.8105716e-27,0.00024265231,2.5565525e-06
0.9831535,3.3544927e-31,0.016601376,1.1668553e-16,3.1744494e-20,2.789733e-27,0.00024249975,2.5531233e-06
0.98316544,3.3279966e-31,0.016589612,1.1631851e-16,3.159194e-20,2.769134e-27,0.0002423626,2.5496963e-06
0.9831766,3.3012536e-31,0.016578635,1.1590127e-16,3.143266e-20,2.7485801e-27,0.00024218742,2.5462625e-06
0.9831862,3.2737713e-31,0.016569313,1.1539725e-16,3.126125e-20,2.7280287e-27,0.00024194922,2.5428294e-06
0.9831947,3.2459692e-31,0.016561145,1.1483703e-16,3.1082442e-20,2.7075661e-27,0.00024166676,2.5393572e-06
0.98320335,3.2184285e-31,0.016552733,1.1428566e-16,3.0905368e-20,2.6872572e-27,0.00024139203,2.53588e-06
0.9832129,3.191684e-31,0.016543362,1.137917e-16,3.0737298e-20,2.6671846e-27,0.00024115689,2.5324532e-06
0.98322326,3.165551e-31,0.01653322,1.1334321e-16,3.057647e-20,2.6472941e-27,0.00024095163,2.5290024e-06
0.98323375,3.139704e-31,0.016522931,1.1289737e-16,3.0416484e-20,2.6275728e-27,0.0002407479,2.5255972e-06
0.9832434,3.1136854e-31,0.016513452,1.1241887e-16,3.0252467e-20,2.6079462e-27,0.00024052034,2.5221775e-06
0.9832529,3.087717e-31,0.016504353,1.1192103e-16,3.0086342e-20,2.5884658e-27,0.0002402769,2.5187549e-06
0.98326254,3.0620593e-31,0.01649495,1.1143775e-16,2.9922732e-20,2.5691118e-27,0.00024004196,2.5153374e-06
0.98327285,3.036941e-31,0.016484963,1.10990466e-16,2.9764915e-20,2.5499624e-27,0.0002398335,2.511943e-06
0.9832832,3.0122125e-31,0.016474733,1.1056146e-16,2.9610416e-20,2.5309947e-27,0.0002396362,2.5085508e-06
0.98329324,2.9874343e-31,0.01646488,1.1011097e-16,2.9453226e-20,2.5121285e-27,0.00023942346,2.5051504e-06
0.98330265,2.962496e-31,0.016455743,1.0962584e-16,2.9291936e-20,2.4933542e-27,0.00023918293,2.5017484e-06
0.9833118,2.937675e-31,0.016446827,1.0912951e-16,2.9129295e-20,2.4746817e-27,0.00023893118,2.4983453e-06
0.9833215,2.9132867e-31,0.016437424,1.0866118e-16,2.8971335e-20,2.456188e-27,0.00023870076,2.4949534e-06
0.98333174,2.8895207e-31,0.016427284,1.082366e-16,2.8820294e-20,2.4379267e-27,0.00023850212,2.4915817e-06
0.98334235,2.8660593e-31,0.016416969,1.07827724e-16,2.8672016e-20,2.4197927e-27,0.0002383137,2.4882365e-06
0.98335236,2.8425045e-31,0.016407056,1.0738959e-16,2.8520024e-20,2.401756e-27,0.00023810165,2.4848684e-06
0.9833616,2.818754e-31,0.016398076,1.0690992e-16,2.836276e-20,2.3837967e-27,0.00023785833,2.4814817e-06
0.9833708,2.795074e-31,0.01638916,1.0642507e-16,2.820528e-20,2.3659267e-27,0.00023760754,2.4781111e-06
0.9833806,2.7720597e-31,0.016379543,1.0598494e-16,2.8054687e-20,2.3482818e-27,0.00023739022,2.4747562e-06
0.9833915,2.749742e-31,0.016368825,1.05603925e-16,2.7913126e-20,2.33086e-27,0.00023721904,2.4714159e-06
0.9834027,2.7277497e-31,0.016357744,1.0524238e-16,2.7774725e-20,2.313568e-27,0.00023706116,2.468097e-06
0.98341334,2.7055604e-31,0.01634741,1.0483881e-16,2.7630986e-20,2.296377e-27,0.00023687028,2.46476e-06
0.9834222,2.682851e-31,0.016338736,1.0435934e-16,2.7476933e-20,2.2791701e-27,0.0002366173,2.4614208e-06
0.98343027,2.6598426e-31,0.016330956,1.03831264e-16,2.731663e-20,2.2620215e-27,0.00023632562,2.4580584e-06
0.9834385,2.6371125e-31,0.016323058,1.03314164e-16,2.715851e-20,2.2450194e-27,0.00023604152,2.4546985e-06
0.9834477,2.6150384e-31,0.016314121,1.02849937e-16,2.7008336e-20,2.228232e-27,0.00023579712,2.4513574e-06
0.9834576,2.5935463e-31,0.016304364,1.02432025e-16,2.6865165e-20,2.2116228e-27,0.00023558778,2.4480485e-06
0.9834675,2.5722506e-31,0.01629461,1.0201697e-16,2.6722952e-20,2.195137e-27,0.00023537816,2.4447272e-06
0.983477,2.5508564e-31,0.016285446,1.0157565e-16,2.6577627e-20,2.1787237e-27,0.00023514888,2.4414167e-06
0.9834861,2.5294847e-31,0.016276529,1.0111808e-16,2.6430463e-20,2.1624155e-27,0.00023490316,2.438096e-06
0.98349553,2.5084455e-31,0.016267374,1.0067642e-16,2.6286126e-20,2.1462548e-27,0.00023467165,2.4347944e-06
0.9835055,2.487849e-31,0.016257674,1.00270007e-16,2.6147178e-20,2.1302484e-27,0.0002344642,2.4315054e-06
0.98351574,2.4675535e-31,0.016247522,9.9880894e-17,2.6011156e-20,2.1143862e-27,0.00023427083,2.4282192e-06
0.98352563,2.447274e-31,0.016237833,9.947656e-17,2.5873662e-20,2.0986495e-27,0.00023406507,2.424916e-06
0.983535,2.4269e-31,0.016228728,9.9040935e-17,2.573207e-20,2.082949e-27,0.00023383125,2.421625e-06
0.98354423,2.4065854e-31,0.016219754,9.8597044e-17,2.5589886e-20,2.067366e-27,0.00023359002,2.4183385e-06
0.9835539,2.3866786e-31,0.016210355,9.81814e-17,2.5452183e-20,2.0519083e-27,0.00023336968,2.4150754e-06
0.98356414,2.367281e-31,0.016200231,9.7807106e-17,2.532084e-20,2.0366684e-27,0.00023318389,2.4117999e-06
0.98357475,2.3481492e-31,0.01618975,9.7447296e-17,2.5191818e-20,2.0215345e-27,0.00023300678,2.4085691e-06
0.98358494,2.3289583e-31,0.016179822,9.7063577e-17,2.506e-20,2.0064818e-27,0.00023281063,2.4053047e-06
0.9835945,2.309605e-31,0.016170664,9.664405e-17,2.4923721e-20,1.9914942e-27,0.00023258344,2.4020428e-06
0.9836037,2.2903598e-31,0.016161626,9.622119e-17,2.4787419e-20,1.9766027e-27,0.00023235237,2.3987964e-06
0.9836137,2.2716057e-31,0.016151745,9.5838264e-17,2.4657338e-20,1.9618842e-27,0.00023215274,2.3955336e-06
0.9836248,2.2534546e-31,0.016140869,9.551123e-17,2.453517e-20,1.9473368e-27,0.00023199823,2.3923185e-06
0.98363626,2.2356029e-31,0.016129548,9.520314e-17,2.4416226e-20,1.9329274e-27,0.0002318598,2.389104e-06
0.983647,2.2175527e-31,0.01611902,9.48569e-17,2.429237e-20,1.9185794e-27,0.00023168814,2.385888e-06
0.98365617,2.1990909e-31,0.01610998,9.4442195e-17,2.4159611e-20,1.9042332e-27,0.00023145888,2.3826358e-06
0.98366463,2.1804153e-31,0.016101917,9.398478e-17,2.4021514e-20,1.8899353e-27,0.00023118996,2.3793912e-06
0.98367316,2.1619478e-31,0.016093643,9.353743e-17,2.3885209e-20,1.8757448e-27,0.00023092973,2.3761554e-06
0.9836825,2.1440314e-31,0.01608447,9.313954e-17,2.3756218e-20,1.8617474e-27,0.00023070959,2.3729285e-06
0.98369277,2.1265894e-31,0.016074393,9.278164e-17,2.3633175e-20,1.8478988e-27,0.00023052197,2.3697305e-06
0.983703,2.1092897e-31,0.016064323,9.2427573e-17,2.3511129e-20,1.834167e-27,0.00023033847,2.3665255e-06
0.98371285,2.0919224e-31,0.016054742,9.204954e-17,2.3386136e-20,1.820467e-27,0.00023013087,2.3633174e-06
0.98372227,2.074586e-31,0.016045528,9.1656224e-17,2.3259579e-20,1.8068755e-27,0.00022990932,2.360108e-06
0.983732,2.057473e-31,0.016035987,9.1277164e-17,2.3135301e-20,1.7933863e-27,0.00022969944,2.356917e-06
0.98374224,2.0407353e-31,0.016025944,9.092954e-17,2.3015826e-20,1.780046e-27,0.00022951572,2.3537364e-06
0.9837527,2.0242732e-31,0.01601554,9.059778e-17,2.2899069e-20,1.7668321e-27,0.00022934572,2.3505738e-06
0.98376304,2.0078057e-31,0.01600551,9.025102e-17,2.278064e-20,1.7536965e-27,0.00022916184,2.3473995e-06
0.98377246,1.9912428e-31,0.015996201,8.987534e-17,2.2658656e-20,1.7406035e-27,0.00022894955,2.344225e-06
0.98378193,1.974726e-31,0.015987022,8.9491665e-17,2.2536122e-20,1.7276214e-27,0.00022873045,2.3410394e-06
0.9837917,1.9585262e-31,0.015977364,8.913209e-17,2.2417165e-20,1.7147238e-27,0.00022852994,2.3378655e-06
0.98380226,1.9427273e-31,0.015967056,8.8809274e-17,2.2303788e-20,1.702008e-27,0.00022836377,2.3347154e-06
0.9838132,1.9271305e-31,0.015956273,8.849811e-17,2.2192178e-20,1.6893747e-27,0.00022820478,2.3315642e-06
0.9838235,1.911497e-31,0.015946217,8.816443e-17,2.2078077e-20,1.6768082e-27,0.00022802484,2.3284288e-06
0.98383296,1.8957139e-31,0.015936917,8.779744e-17,2.1959941e-20,1.6643083e-27,0.00022781489,2.3252712e-06
0.9838424,1.8800182e-31,0.015927676,8.7424964e-17,2.1841434e-20,1.6518638e-27,0.00022759773,2.3221135e-06
0.98385245,1.8647097e-31,0.015917785,8.708867e-17,2.172814e-20,1.639576e-27,0.00022741349,2.3189837e-06
0.9838636,1.8498806e-31,0.015906738,8.6801104e-17,2.1621973e-20,1.6274434e-27,0.00022727165,2.3158739e-06
0.98387504,1.835282e-31,0.01589552,8.6529365e-17,2.1518134e-20,1.6154011e-27,0.0002271443,2.3127664e-06
0.98388565,1.8205332e-31,0.015884992,8.622123e-17,2.140996e-20,1.603416e-27,0.00022698173,2.309642e-06
0.9838949,1.8054181e-31,0.015875965,8.5850515e-17,2.1293686e-20,1.5914446e-27,0.0002267619,2.3065224e-06
0.9839032,1.7901129e-31,0.015867954,8.543763e-17,2.117237e-20,1.579489e-27,0.00022650184,2.3033679e-06
0.98391163,1.7749646e-31,0.015859742,8.5034207e-17,2.105271e-20,1.5676473e-27,0.00022624775,2.3002308e-06
0.9839211,1.7602417e-31,0.015850607,8.467217e-17,2.0938859e-20,1.5559375e-27,0.00022603253,2.2971074e-06
0.9839311,1.7459218e-31,0.015840735,8.434614e-17,2.0830245e-20,1.5443572e-27,0.00022584823,2.294009e-06
0.9839411,1.7317048e-31,0.015830897,8.402168e-17,2.0722353e-20,1.5328748e-27,0.00022566493,2.2909098e-06
0.9839506,1.7174196e-31,0.015821574,8.367353e-17,2.0611548e-20,1.5214249e-27,0.00022545845,2.28781e-06
0.98396,1.7031349e-31,0.015812613,8.33106e-17,2.04993e-20,1.5100601e-27,0.00022523709,2.2847116e-06
0.9839692,1.6890334e-31,0.015803535,8.295905e-17,2.0389062e-20,1.4987916e-27,0.00022502492,2.2815977e-06
0.98397917,1.6752414e-31,0.015793812,8.2634245e-17,2.0282524e-20,1.4876309e-27,0.00022483802,2.2785223e-06
0.9839893,1.6616511e-31,0.015783794,8.232205e-17,2.017824e-20,1.4765648e-27,0.00022465986,2.2754466e-06
0.98399913,1.6480321e-31,0.015774231,8.199472e-17,2.0072114e-20,1.4655694e-27,0.00022446678,2.2723684e-06
0.98400825,1.6343367e-31,0.015765265,8.1639993e-17,1.9963027e-20,1.4546105e-27,0.00022424806,2.269284e-06
0.98401725,1.6206683e-31,0.015756568,8.127625e-17,1.9852939e-20,1.4437334e-27,0.00022401797,2.2661907e-06
0.98402655,1.607262e-31,0.015747435,8.093389e-17,1.9746178e-20,1.4329599e-27,0.00022380827,2.2631257e-06
0.9840365,1.594174e-31,0.015737684,8.062226e-17,1.964375e-20,1.4222787e-27,0.00022362488,2.26006e-06
0.98404664,1.5812414e-31,0.015727673,8.0321024e-17,1.9543048e-20,1.4117095e-27,0.00022345196,2.2570161e-06
0.98405635,1.5682813e-31,0.015718143,7.999799e-17,1.9439963e-20,1.4011862e-27,0.00022325566,2.2539668e-06
0.98406535,1.5551894e-31,0.015709445,7.964337e-17,1.9333129e-20,1.3907032e-27,0.00022303041,2.2509068e-06
0.9840741,1.542147e-31,0.01570087,7.928306e-17,1.922578e-20,1.380293e-27,0.000222796,2.247838e-06
0.98408335,1.5294368e-31,0.015691794,7.8954826e-17,1.9123264e-20,1.3700033e-27,0.00022259336,2.2447934e-06
0.9840938,1.517099e-31,0.01568155,7.866945e-17,1.9026396e-20,1.359823e-27,0.00022242934,2.241775e-06
0.9841045,1.5049533e-31,0.015671015,7.8397684e-17,1.8931833e-20,1.3497499e-27,0.00022228037,2.2387487e-06
0.9841143,1.4926642e-31,0.015661398,7.809222e-17,1.8833195e-20,1.3396935e-27,0.00022209442,2.235724e-06
0.98412275,1.4800896e-31,0.01565314,7.772881e-17,1.8727398e-20,1.3296496e-27,0.00022185162,2.232688e-06
0.9841304,1.4673509e-31,0.015645832,7.732808e-17,1.8617281e-20,1.3196497e-27,0.0002215721,2.2296285e-06
0.984138,1.4547662e-31,0.015638493,7.6934414e-17,1.8508305e-20,1.30971e-27,0.00022129508,2.2265835e-06
0.98414654,1.4425107e-31,0.01563019,7.6578733e-17,1.8404618e-20,1.2999057e-27,0.00022105651,2.2235515e-06
0.9841558,1.430578e-31,0.015621127,7.625471e-17,1.8305363e-20,1.2901957e-27,0.00022084704,2.2205527e-06
0.98416513,1.4187225e-31,0.015612042,7.59312e-17,1.8206646e-20,1.2805582e-27,0.00022063695,2.217524e-06
0.98417366,1.4068242e-31,0.015603723,7.5587374e-17,1.8105615e-20,1.2709722e-27,0.000220405,2.2145086e-06
0.984182,1.3949407e-31,0.015595642,7.5229595e-17,1.8003218e-20,1.2614385e-27,0.00022015897,2.211499e-06
0.9841905,1.3831999e-31,0.015587332,7.488265e-17,1.7902563e-20,1.2520053e-27,0.00021992208,2.208481e-06
0.98419964,1.3717053e-31,0.015578469,7.455983e-17,1.78052e-20,1.2426337e-27,0.00021970652,2.2054876e-06
0.9842089,1.3603685e-31,0.015569349,7.424803e-17,1.7709719e-20,1.2333515e-27,0.00021950291,2.2025024e-06
0.9842179,1.3490428e-31,0.015560674,7.392342e-17,1.761293e-20,1.2241475e-27,0.00021928396,2.1995081e-06
0.9842261,1.3376369e-31,0.015552614,7.357406e-17,1.7513318e-20,1.2149602e-27,0.00021904,2.1965166e-06
0.9842343,1.3262869e-31,0.015544738,7.3218534e-17,1.7413338e-20,1.2058373e-27,0.00021878713,2.1935182e-06
0.98424274,1.3151137e-31,0.015536513,7.288059e-17,1.7315848e-20,1.1967969e-27,0.00021855044,2.1905353e-06
0.984252,1.3042249e-31,0.015527504,7.2572215e-17,1.722253e-20,1.187857e-27,0.00021834332,2.1875642e-06
0.9842613,1.2934854e-31,0.015518353,7.227425e-17,1.7130828e-20,1.1790109e-27,0.00021814725,2.1846033e-06
0.9842702,1.282697e-31,0.015509705,7.195634e-17,1.703701e-20,1.1701945e-27,0.00021792922,2.1816272e-06
0.9842784,1.2718226e-31,0.015501701,7.1611084e-17,1.6939942e-20,1.1613987e-27,0.00021767885,2.1786475e-06
0.98428625,1.260992e-31,0.01549408,7.1262027e-17,1.6842908e-20,1.1526865e-27,0.00021742417,2.1756707e-06
0.984295,1.2504459e-31,0.01548559,7.094261e-17,1.674983e-20,1.1440625e-27,0.00021720021,2.172723e-06
0.98430485,1.2402161e-31,0.015476061,7.0662427e-17,1.6662054e-20,1.1355388e-27,0.0002170152,2.1697838e-06
0.9843148,1.2301454e-31,0.015466273,7.039517e-17,1.6576192e-20,1.1270873e-27,0.00021684403,2.1668588e-06
0.9843239,1.2199785e-31,0.015457363,7.009917e-17,1.6487175e-20,1.1186807e-27,0.0002166414,2.1639091e-06
0.9843316,1.2095708e-31,0.01544982,6.975241e-17,1.6391983e-20,1.11027165e-27,0.00021638251,2.1609692e-06
0.9843387,1.1990408e-31,0.015443155,6.9373176e-17,1.6293101e-20,1.1019e-27,0.00021608836,2.1580045e-06
0.98434573,1.1886296e-31,0.015436314,6.900075e-17,1.619531e-20,1.0935788e-27,0.00021579787,2.155044e-06
0.98435384,1.1785167e-31,0.015428553,6.866391e-17,1.61023e-20,1.0853631e-27,0.00021554463,2.1520918e-06
0.98436236,1.1686599e-31,0.015420156,6.835664e-17,1.6013493e-20,1.0772466e-27,0.0002153217,2.1491776e-06
0.9843711,1.1588858e-31,0.015411678,6.8052056e-17,1.5925245e-20,1.0691829e-27,0.00021510237,2.1462697e-06
0.98437935,1.1490876e-31,0.015403753,6.7728893e-17,1.5834995e-20,1.06116265e-27,0.00021485939,2.1433277e-06
0.9843872,1.1392936e-31,0.015396152,6.739516e-17,1.5743751e-20,1.0531942e-27,0.0002146047,2.1404078e-06
0.98439527,1.1296263e-31,0.015388262,6.70723e-17,1.5654169e-20,1.0452899e-27,0.00021436019,2.1374856e-06
0.98440385,1.12017e-31,0.015379887,6.67719e-17,1.5567717e-20,1.0374691e-27,0.00021413933,2.134571e-06
0.98441285,1.110861e-31,0.015371113,6.6483014e-17,1.5482932e-20,1.0297034e-27,0.00021392902,2.1316712e-06
0.9844214,1.1015616e-31,0.015362805,6.618399e-17,1.5397308e-20,1.022007e-27,0.00021370697,2.1287804e-06
0.9844295,1.0922063e-31,0.015354993,6.5863906e-17,1.5309289e-20,1.01432885e-27,0.00021345983,2.1258845e-06
0.9844372,1.0828887e-31,0.0153474705,6.553837e-17,1.5221015e-20,1.006712e-27,0.00021320554,2.122986e-06
0.9844454,1.0737574e-31,0.015339463,6.523161e-17,1.5135274e-20,9.99168e-28,0.00021296997,2.1200942e-06
0.98445445,1.0648343e-31,0.0153306825,6.4951135e-17,1.505319e-20,9.916965e-28,0.00021276323,2.1172102e-06
0.9844637,1.0560499e-31,0.015321676,6.4681004e-17,1.497258e-20,9.843038e-28,0.00021256768,2.1143467e-06
0.98447233,1.0472255e-31,0.015313221,6.439451e-17,1.4890348e-20,9.769392e-28,0.00021235314,2.1114595e-06
0.9844803,1.0383393e-31,0.0153054325,6.4084296e-17,1.4805396e-20,9.69596e-28,0.00021210713,2.108597e-06
0.9844883,1.0295051e-31,0.015297793,6.3771456e-17,1.4720479e-20,9.623227e-28,0.0002118606,2.1057062e-06
0.98449683,1.0208947e-31,0.015289408,6.348607e-17,1.4639127e-20,9.551154e-28,0.00021164151,2.1028468e-06
0.9845063,1.0125658e-31,0.015280139,6.323748e-17,1.4562794e-20,9.480134e-28,0.0002114652,2.1000153e-06
0.9845164,1.0043435e-31,0.015270273,6.3000246e-17,1.448792e-20,9.409579e-28,0.00021130046,2.0971727e-06
0.9845254,9.960578e-32,0.015261415,6.2738447e-17,1.4410498e-20,9.339358e-28,0.00021110539,2.0943378e-06
0.98453325,9.875834e-32,0.015253795,6.2431913e-17,1.432779e-20,9.269228e-28,0.000210858,2.0914763e-06
0.9845403,9.790082e-32,0.015247097,6.2096515e-17,1.4241793e-20,9.199265e-28,0.00021057454,2.088607e-06
0.98454744,9.705373e-32,0.015240172,6.1768574e-17,1.4157073e-20,9.129971e-28,0.00021029952,2.08575e-06
0.9845554,9.623092e-32,0.015232392,6.1472893e-17,1.4076517e-20,9.061414e-28,0.00021005947,2.0828884e-06
0.9845642,9.5429735e-32,0.015223843,6.120435e-17,1.3999584e-20,8.993653e-28,0.00020984991,2.0800765e-06
0.98457295,9.4635935e-32,0.015215327,6.093791e-17,1.3923282e-20,8.926433e-28,0.00020964255,2.0772504e-06
0.9845813,9.383868e-32,0.015207216,6.065641e-17,1.3845225e-20,8.859576e-28,0.00020941693,2.074421e-06
0.9845893,9.3042423e-32,0.015199482,6.036467e-17,1.3766339e-20,8.792982e-28,0.00020917512,2.0715952e-06
0.9845974,9.2259274e-32,0.015191549,6.0083514e-17,1.3689002e-20,8.727157e-28,0.00020894676,2.068779e-06
0.98460627,9.1491164e-32,0.01518291,5.982241e-17,1.3614394e-20,8.66193e-28,0.00020874111,2.0659566e-06
0.98461515,9.0735674e-32,0.015174129,5.957269e-17,1.3541484e-20,8.597289e-28,0.000208548,2.0631578e-06
0.9846239,8.9980237e-32,0.015165584,5.9312675e-17,1.3467527e-20,8.5329655e-28,0.00020834072,2.0603563e-06
0.98463225,8.922084e-32,0.015157558,5.903485e-17,1.33916155e-20,8.469056e-28,0.00020811174,2.0575542e-06
0.9846401,8.846376e-32,0.0151499035,5.87518e-17,1.3315415e-20,8.405493e-28,0.00020787379,2.054753e-06
0.9846485,8.7721854e-32,0.015141741,5.84853e-17,1.32414725e-20,8.342506e-28,0.00020765443,2.0519583e-06
0.9846577,8.699818e-32,0.015132845,5.824295e-17,1.3170715e-20,8.280315e-28,0.00020746475,2.0491675e-06
0.98466706,8.628445e-32,0.015123669,5.8009356e-17,1.3101287e-20,8.218588e-28,0.00020728438,2.0464e-06
0.9846758,8.556933e-32,0.015115038,5.776101e-17,1.3030329e-20,8.157192e-28,0.00020708468,2.0436312e-06
0.98468405,8.48478e-32,0.015107121,5.749176e-17,1.29571276e-20,8.096064e-28,0.00020685785,2.0408477e-06
0.98469216,8.412977e-32,0.015099267,5.72194e-17,1.28836975e-20,8.035333e-28,0.0002066261,2.0380596e-06
0.9847008,8.342996e-32,0.015090733,5.697117e-17,1.28135746e-20,7.9753058e-28,0.0002064231,2.0352845e-06
0.9847104,8.275246e-32,0.015081299,5.6755456e-17,1.2747541e-20,7.915975e-28,0.00020625941,2.0325404e-06
0.9847206,8.2084894e-32,0.015071389,5.655031e-17,1.26830626e-20,7.8571206e-28,0.00020610775,2.0297912e-06
0.9847297,8.1412076e-32,0.015062334,5.632241e-17,1.2616107e-20,7.798636e-28,0.00020592775,2.0270554e-06
0.98473763,8.072249e-32,0.015054642,5.605407e-17,1.25445115e-20,7.7401637e-28,0.00020569543,2.0242917e-06
0.9847447,8.0024634e-32,0.0150478035,5.575954e-17,1.2469933e-20,7.681773e-28,0.00020542755,2.0215166e-06
0.984752,7.9335853e-32,0.015040826,5.54712e-17,1.2396463e-20,7.6239097e-28,0.00020516633,2.0187554e-06
0.9847602,7.8665087e-32,0.015032893,5.5210944e-17,1.2326588e-20,7.5667207e-28,0.00020493807,2.016e-06
0.98476887,7.8013117e-32,0.015024369,5.4974367e-17,1.2259824e-20,7.510222e-28,0.00020474139,2.0132547e-06
0.9847778,7.736538e-32,0.015015709,5.4739855e-17,1.2193472e-20,7.454091e-28,0.00020454497,2.010533e-06
0.9847861,7.671713e-32,0.015007589,5.4490936e-17,1.21256664e-20,7.3982336e-28,0.00020432833,2.0078007e-06
0.98479396,7.6067303e-32,0.014999897,5.4232565e-17,1.2057037e-20,7.342791e-28,0.00020409896,2.005063e-06
0.9848022,7.542877e-32,0.014991927,5.398306e-17,1.1989669e-20,7.2878504e-28,0.00020388086,2.0023338e-06
0.9848108,7.480191e-32,0.014983426,5.3750927e-17,1.192464e-20,7.233324e-28,0.00020368169,1.999611e-06
0.98482,7.4185384e-32,0.0149744805,5.3527982e-17,1.1860873e-20,7.179346e-28,0.00020349603,1.9969086e-06
0.98482853,7.3568285e-32,0.014966129,5.329617e-17,1.1796271e-20,7.125712e-28,0.00020329606,1.9942024e-06
0.98483664,7.2947935e-32,0.01495829,5.304732e-17,1.1729955e-20,7.0722593e-28,0.0002030718,1.9914876e-06
0.9848446,7.2329496e-32,0.014950597,5.279319e-17,1.1663211e-20,7.01926e-28,0.00020284118,1.988767e-06
0.9848528,7.1722335e-32,0.014942509,5.2553114e-17,1.1598353e-20,6.96666e-28,0.00020262746,1.98606e-06
0.98486185,7.1130104e-32,0.014933758,5.2334533e-17,1.1536331e-20,6.9146976e-28,0.00020244044,1.983362e-06
0.984871,7.0546535e-32,0.014924784,5.2123225e-17,1.1475341e-20,6.863123e-28,0.00020226247,1.9806812e-06
0.98487955,6.995971e-32,0.014916377,5.1897894e-17,1.1412926e-20,6.811852e-28,0.00020206449,1.9779955e-06
0.9848875,6.9368184e-32,0.014908646,5.165301e-17,1.1348418e-20,6.760753e-28,0.00020184,1.9753004e-06
0.98489535,6.8780614e-32,0.014901005,5.140555e-17,1.1283842e-20,6.7100617e-28,0.00020160922,1.9726015e-06
0.98490393,6.820639e-32,0.014892723,5.117883e-17,1.1221913e-20,6.659807e-28,0.00020140572,1.9699191e-06
0.9849133,6.7650435e-32,0.014883466,5.0980954e-17,1.1163652e-20,6.6102615e-28,0.0002012406,1.967261e-06
0.984923,6.7103136e-32,0.014873906,5.0791997e-17,1.1106588e-20,6.5610867e-28,0.00020108643,1.9646047e-06
0.9849319,6.654954e-32,0.0148651935,5.058208e-17,1.1047319e-20,6.512173e-28,0.00020090384,1.9619415e-06
0.98493963,6.598432e-32,0.014857627,5.0335902e-17,1.09840385e-20,6.463321e-28,0.0002006695,1.9592699e-06
0.98494637,6.541087e-32,0.014851185,5.006528e-17,1.0918067e-20,6.4145345e-28,0.0002003997,1.9565684e-06
0.9849533,6.484488e-32,0.014844521,4.9800104e-17,1.0853032e-20,6.366215e-28,0.00020013601,1.9539043e-06
0.98496103,6.4293646e-32,0.014837023,4.955981e-17,1.07910275e-20,6.318313e-28,0.00019990485,1.9512365e-06
0.9849695,6.375737e-32,0.014828748,4.9340662e-17,1.07317605e-20,6.2710874e-28,0.00019970232,1.948581e-06
0.98497796,6.322604e-32,0.014820506,4.9122855e-17,1.0672859e-20,6.2242372e-28,0.00019950148,1.945944e-06
0.9849859,6.2691453e-32,0.014812852,4.889144e-17,1.0612655e-20,6.177523e-28,0.00019927986,1.943287e-06
0.9849936,6.2157585e-32,0.014805455,4.8651816e-17,1.0551622e-20,6.131111e-28,0.00019904399,1.9406375e-06
0.98500127,6.1631075e-32,0.014797864,4.8419093e-17,1.0491619e-20,6.0851163e-28,0.00019881828,1.9379875e-06
0.98500973,6.111514e-32,0.014789723,4.8202597e-17,1.0433716e-20,6.039541e-28,0.00019861301,1.9353465e-06
0.9850183,6.060722e-32,0.014781363,4.7994035e-17,1.0376968e-20,5.9944685e-28,0.00019841825,1.9327163e-06
0.98502654,6.009938e-32,0.01477334,4.7776877e-17,1.031942e-20,5.949547e-28,0.0001982111,1.9300894e-06
0.98503417,5.958803e-32,0.01476599,4.7544707e-17,1.0260306e-20,5.904915e-28,0.00019798026,1.9274555e-06
0.98504156,5.9078765e-32,0.014758781,4.730752e-17,1.02008285e-20,5.8604825e-28,0.00019774023,1.924825e-06
0.9850494,5.8579245e-32,0.014751187,4.7083395e-17,1.0143094e-20,5.8165193e-28,0.00019751865,1.9222005e-06
0.98505783,5.809151e-32,0.014742875,4.6877692e-17,1.00876146e-20,5.773066e-28,0.00019732263,1.9195863e-06
0.98506665,5.761006e-32,0.014734347,4.667843e-17,1.0033209e-20,5.7299396e-28,0.00019713481,1.9169802e-06
0.9850749,5.712689e-32,0.014726378,4.6467228e-17,9.977492e-21,5.6870005e-28,0.00019692676,1.9143815e-06
0.98508227,5.6639955e-32,0.014719133,4.623824e-17,9.920032e-21,5.644315e-28,0.00019669435,1.911778e-06
0.98508954,5.615545e-32,0.014712055,4.6007038e-17,9.862414e-21,5.601821e-28,0.000196454,1.9091628e-06
0.98509777,5.568279e-32,0.014704127,4.5794333e-17,9.8072335e-21,5.559885e-28,0.00019624177,1.9065515e-06
0.9851065,5.522551e-32,0.014695453,4.5607675e-17,9.755158e-21,5.5184345e-28,0.00019606731,1.9039829e-06
0.9851158,5.4773693e-32,0.014686401,4.542891e-17,9.704253e-21,5.4773385e-28,0.00019590318,1.901397e-06
0.98512423,5.4317637e-32,0.014678125,4.52313e-17,9.651285e-21,5.4363773e-28,0.00019570954,1.8988129e-06
0.98513156,5.3851765e-32,0.014671153,4.5001193e-17,9.594861e-21,5.3954687e-28,0.00019546627,1.8962139e-06
0.9851379,5.3380474e-32,0.014665064,4.4750177e-17,9.536247e-21,5.354741e-28,0.00019519033,1.8936148e-06
0.98514426,5.291411e-32,0.014658866,4.4503452e-17,9.4782806e-21,5.3142806e-28,0.00019491925,1.8910067e-06
0.9851515,5.2460673e-32,0.014651819,4.4279233e-17,9.423084e-21,5.2742906e-28,0.00019467919,1.8884185e-06
0.9851595,5.20191e-32,0.014644114,4.4074168e-17,9.370288e-21,5.234806e-28,0.00019446923,1.885853e-06
0.9851676,5.158125e-32,0.014636193,4.3870556e-17,9.3178245e-21,5.1955374e-28,0.00019425766,1.883275e-06
0.9851751,5.1141974e-32,0.014629019,4.365486e-17,9.264164e-21,5.1565017e-28,0.00019402734,1.8807172e-06
0.9851822,5.0702945e-32,0.014622124,4.3431935e-17,9.209898e-21,5.1177188e-28,0.00019378537,1.8781444e-06
0.9851896,5.0269616e-32,0.014614983,4.3215432e-17,9.156544e-21,5.079248e-28,0.00019355079,1.8755758e-06
0.98519737,4.984532e-32,0.014607351,4.301413e-17,9.1051e-21,5.0411447e-28,0.00019333868,1.873029e-06
0.9852056,4.942803e-32,0.014599396,4.2819504e-17,9.054606e-21,5.0034447e-28,0.00019313757,1.8704867e-06
0.98521346,4.9009745e-32,0.014591717,4.261729e-17,9.003393e-21,4.9659107e-28,0.00019292189,1.8679185e-06
0.9852206,4.8589758e-32,0.014584783,4.2401923e-17,8.950892e-21,4.9285043e-28,0.00019268316,1.8653669e-06
0.9852276,4.817116e-32,0.014578044,4.218265e-17,8.898119e-21,4.891398e-28,0.00019243882,1.8628166e-06
0.9852351,4.776093e-32,0.014570845,4.197478e-17,8.846876e-21,4.854648e-28,0.00019220918,1.8602743e-06
0.9852431,4.736036e-32,0.0145630175,4.178437e-17,8.797745e-21,4.8183406e-28,0.00019200811,1.85774e-06
0.9852513,4.6964593e-32,0.014554947,4.159959e-17,8.749423e-21,4.78227e-28,0.00019181242,1.8552203e-06
0.9852592,4.6568205e-32,0.014547292,4.140393e-17,8.700069e-21,4.746432e-28,0.00019160114,1.8526837e-06
0.9852663,4.616844e-32,0.014540435,4.119297e-17,8.649139e-21,4.7106975e-28,0.00019136147,1.8501493e-06
0.9852733,4.5770353e-32,0.01453369,4.0979633e-17,8.598079e-21,4.6751945e-28,0.00019111735,1.8476198e-06
0.98528093,4.5382648e-32,0.014526264,4.0783607e-17,8.549217e-21,4.6401396e-28,0.0001909006,1.8451054e-06
0.9852896,4.5006866e-32,0.014517832,4.0610555e-17,8.503074e-21,4.6054936e-28,0.00019071922,1.8425984e-06
0.9852984,4.4636918e-32,0.014509187,4.0445337e-17,8.458021e-21,4.5711586e-28,0.00019055002,1.8401073e-06
0.9853065,4.4262893e-32,0.014501283,4.0263102e-17,8.411115e-21,4.536921e-28,0.00019035072,1.8375987e-06
0.9853133,4.3880558e-32,0.014494664,4.0052436e-17,8.361268e-21,4.5027443e-28,0.00019010421,1.8350775e-06
0.9853193,4.3493858e-32,0.0144889755,3.9822476e-17,8.309489e-21,4.468669e-28,0.00018982566,1.8325597e-06
0.98532546,4.3112213e-32,0.014483124,3.959732e-17,8.258348e-21,4.4348683e-28,0.00018955114,1.8300406e-06
0.9853324,4.2740478e-32,0.014476406,3.9392257e-17,8.209658e-21,4.401461e-28,0.00018930931,1.827528e-06
0.98533994,4.2378437e-32,0.014469035,3.9204265e-17,8.1630335e-21,4.368475e-28,0.00018909531,1.8250408e-06
0.98534757,4.2019785e-32,0.014461588,3.9017474e-17,8.116676e-21,4.335703e-28,0.00018888123,1.8225592e-06
0.985355,4.1659717e-32,0.014454637,3.8820463e-17,8.069379e-21,4.303062e-28,0.00018864861,1.8200648e-06
0.9853618,4.129955e-32,0.014448038,3.86169e-17,8.021495e-21,4.2706307e-28,0.00018840397,1.8175673e-06
0.9853688,4.0944696e-32,0.014441281,3.84194e-17,7.974445e-21,4.2384614e-28,0.00018816756,1.8150807e-06
0.9853764,4.059787e-32,0.014433903,3.8235034e-17,7.929036e-21,4.206681e-28,0.00018795308,1.8126143e-06
0.98538417,4.0255833e-32,0.01442631,3.8057227e-17,7.884519e-21,4.175108e-28,0.00018774746,1.8101478e-06
0.9853917,3.9913617e-32,0.014418991,3.787301e-17,7.839442e-21,4.1437866e-28,0.00018753021,1.8076705e-06
0.98539865,3.956946e-32,0.0144123575,3.7677015e-17,7.793222e-21,4.1125875e-28,0.00018729061,1.8051905e-06
0.9854053,3.922676e-32,0.014405859,3.7477016e-17,7.7467104e-21,4.081561e-28,0.00018704378,1.8027116e-06
0.9854124,3.8890907e-32,0.0143990405,3.728805e-17,7.701595e-21,4.050847e-28,0.0001868141,1.8002522e-06
0.98542017,3.8562953e-32,0.014391466,3.711408e-17,7.6582974e-21,4.0204895e-28,0.00018660937,1.797801e-06
0.98542815,3.8239234e-32,0.014383678,3.6945294e-17,7.615709e-21,3.9903603e-28,0.0001864113,1.7953517e-06
0.98543566,3.7914742e-32,0.014376409,3.676744e-17,7.572255e-21,3.9604554e-28,0.00018619845,1.7929016e-06
0.9854425,3.7587243e-32,0.014369766,3.6575488e-17,7.527437e-21,3.9305616e-28,0.00018595839,1.7904416e-06
0.9854492,3.7262568e-32,0.014363341,3.6382027e-17,7.482655e-21,3.9009673e-28,0.00018571402,1.7879948e-06
0.98545665,3.694495e-32,0.014356137,3.620371e-17,7.439563e-21,3.8716428e-28,0.00018549486,1.7855477e-06
0.9854649,3.663762e-32,0.0143481,3.6045947e-17,7.398983e-21,3.8427038e-28,0.00018531182,1.7831361e-06
0.9854733,3.633479e-32,0.014339767,3.5895314e-17,7.359327e-21,3.814025e-28,0.00018513923,1.7807041e-06
0.98548114,3.6028943e-32,0.014332063,3.5729478e-17,7.318121e-21,3.785428e-28,0.00018493849,1.7782866e-06
0.98548776,3.5716364e-32,0.01432579,3.5538326e-17,7.274278e-21,3.7568978e-28,0.00018469155,1.7758479e-06
0.98549354,3.5400253e-32,0.014320301,3.5330505e-17,7.228761e-21,3.7284509e-28,0.00018441421,1.7733959e-06
0.9854993,3.508801e-32,0.014314787,3.5126847e-17,7.183858e-21,3.70022e-28,0.00018414148,1.7709624e-06
0.98550606,3.478439e-32,0.014308305,3.494092e-17,7.141037e-21,3.6723182e-28,0.0001838995,1.7685272e-06
0.9855133,3.4488158e-32,0.014301209,3.477032e-17,7.100048e-21,3.644712e-28,0.00018368386,1.7661099e-06
0.9855208,3.4194713e-32,0.014293981,3.4600955e-17,7.059321e-21,3.617342e-28,0.00018346815,1.7637045e-06
0.9855276,3.3900375e-32,0.014287402,3.4422804e-17,7.017805e-21,3.59012e-28,0.00018323651,1.7612878e-06
0.9855341,3.3606258e-32,0.01428112,3.423877e-17,6.975787e-21,3.5630477e-28,0.00018299183,1.7588723e-06
0.9855409,3.331648e-32,0.014274549,3.4060144e-17,6.934499e-21,3.5362074e-28,0.00018275731,1.7564691e-06
0.9855481,3.3032746e-32,0.014267547,3.3893325e-17,6.894667e-21,3.5096645e-28,0.00018254195,1.7540747e-06
0.9855557,3.275319e-32,0.014260176,3.3732224e-17,6.855538e-21,3.4832959e-28,0.00018233633,1.7516777e-06
0.9855629,3.2473505e-32,0.014253154,3.3565474e-17,6.816005e-21,3.4571237e-28,0.00018211834,1.7492766e-06
0.9855696,3.2193002e-32,0.014246674,3.3388447e-17,6.7754546e-21,3.4310545e-28,0.00018187935,1.746891e-06
0.9855761,3.1913208e-32,0.014240519,3.3208674e-17,6.734708e-21,3.4051816e-28,0.0001816351,1.7445019e-06
0.98558295,3.1638516e-32,0.014233856,3.303782e-17,6.695127e-21,3.3795696e-28,0.00018140647,1.7421e-06
0.98559046,3.1370753e-32,0.014226557,3.288066e-17,6.6571807e-21,3.3542032e-28,0.00018120071,1.7397358e-06
0.9855982,3.1106696e-32,0.014219018,3.2728496e-17,6.6198545e-21,3.3290412e-28,0.00018100457,1.7373585e-06
0.98560554,3.0841542e-32,0.014211965,3.2567957e-17,6.5817812e-21,3.3040159e-28,0.00018079026,1.7349872e-06
0.985612,3.057466e-32,0.0142056625,3.2395563e-17,6.5425725e-21,3.2791507e-28,0.00018055331,1.7326042e-06
0.9856185,3.0308935e-32,0.014199362,3.2221385e-17,6.5032508e-21,3.254361e-28,0.0001803105,1.730238e-06
0.9856257,3.0050123e-32,0.0141924275,3.206112e-17,6.465601e-21,3.2299092e-28,0.00018009287,1.7278695e-06
0.9856337,2.979923e-32,0.014184639,3.1919093e-17,6.4300865e-21,3.2057658e-28,0.00017991032,1.7255189e-06
0.985642,2.9552245e-32,0.014176483,3.1783277e-17,6.3953554e-21,3.1818284e-28,0.00017973862,1.7231654e-06
0.98564965,2.9302814e-32,0.014169024,3.1634507e-17,6.3593512e-21,3.1579466e-28,0.00017953991,1.7208205e-06
0.985656,2.9047917e-32,0.014162874,3.1463092e-17,6.3210093e-21,3.134133e-28,0.00017929674,1.7184635e-06
0.98566157,2.878994e-32,0.014157578,3.12773e-17,6.28124e-21,3.1103535e-28,0.000179023,1.7160822e-06
0.9856672,2.8535563e-32,0.0141522335,3.1095106e-17,6.2420305e-21,3.0867784e-28,0.0001787538,1.7137305e-06
0.9856737,2.828799e-32,0.014146012,3.0929097e-17,6.204681e-21,3.0635017e-28,0.00017851648,1.71138e-06
0.9856808,2.8046863e-32,0.014139073,3.077691e-17,6.168923e-21,3.040495e-28,0.00017830508,1.7090438e-06
0.9856881,2.780758e-32,0.014132006,3.062535e-17,6.1333726e-21,3.0176156e-28,0.00017809295,1.7067077e-06
0.9856948,2.7568014e-32,0.014125581,3.046662e-17,6.0971863e-21,2.9949068e-28,0.00017786602,1.7043803e-06
0.9857013,2.7328207e-32,0.01411937,3.0302233e-17,6.060518e-21,2.9723e-28,0.00017762581,1.7020297e-06
0.98570776,2.709214e-32,0.014113109,3.0143332e-17,6.024553e-21,2.949886e-28,0.00017739405,1.6996987e-06
0.9857151,2.6861213e-32,0.014106083,2.9994896e-17,5.9898576e-21,2.9277337e-28,0.0001771837,1.697382e-06
0.98572236,2.6633672e-32,0.014098924,2.9851863e-17,5.955839e-21,2.9057468e-28,0.00017698301,1.6950619e-06
0.9857297,2.6406252e-32,0.014091931,2.9703847e-17,5.921404e-21,2.8839255e-28,0.00017677246,1.6927418e-06
0.98573613,2.6177945e-32,0.014085654,2.9546842e-17,5.886129e-21,2.8621892e-28,0.00017653943,1.6904233e-06
0.9857424,2.5950228e-32,0.014079565,2.9387408e-17,5.8507515e-21,2.8406162e-28,0.00017630131,1.6881014e-06
0.98574924,2.5726863e-32,0.014072978,2.9235987e-17,5.8163e-21,2.8191748e-28,0.00017607737,1.6858061e-06
0.98575664,2.5508933e-32,0.0140658105,2.9096912e-17,5.783334e-21,2.798036e-28,0.00017587932,1.6834891e-06
0.98576444,2.5294023e-32,0.014058252,2.8962257e-17,5.7509074e-21,2.777046e-28,0.00017568826,1.6812016e-06
0.9857715,2.5078793e-32,0.014051382,2.882051e-17,5.717874e-21,2.756201e-28,0.00017548155,1.6789032e-06
0.985778,2.486178e-32,0.014045071,2.8668287e-17,5.683812e-21,2.7354168e-28,0.00017525123,1.6765975e-06
0.9857845,2.4645892e-32,0.014038897,2.8514908e-17,5.649781e-21,2.7147896e-28,0.00017501788,1.6742981e-06
0.9857915,2.4435623e-32,0.014032036,2.837351e-17,5.6170923e-21,2.694371e-28,0.00017480695,1.6720186e-06
0.98579943,2.4231971e-32,0.014024255,2.8248678e-17,5.5863445e-21,2.6742507e-28,0.00017463206,1.6697406e-06
0.98580784,2.4031314e-32,0.014016059,2.8129236e-17,5.5562134e-21,2.654252e-28,0.00017446642,1.6674857e-06
0.9858154,2.3828662e-32,0.014008709,2.799852e-17,5.5250386e-21,2.63437e-28,0.00017427652,1.6652006e-06
0.98582166,2.3621919e-32,0.014002654,2.7847972e-17,5.491894e-21,2.614494e-28,0.00017404246,1.662929e-06
0.9858272,2.3412488e-32,0.013997367,2.7684483e-17,5.457424e-21,2.594697e-28,0.00017377904,1.6606309e-06
0.98583287,2.3205624e-32,0.013991947,2.7524165e-17,5.4234198e-21,2.5750208e-28,0.00017352072,1.6583361e-06
0.98583937,2.300447e-32,0.01398569,2.737847e-17,5.3911117e-21,2.5555834e-28,0.00017329166,1.6560713e-06
0.98584646,2.2808899e-32,0.01397875,2.7244894e-17,5.360166e-21,2.5364009e-28,0.00017308876,1.6538074e-06
0.9858536,2.2614993e-32,0.013971814,2.7112385e-17,5.3294782e-21,2.5173527e-28,0.00017288743,1.6515498e-06
0.98586035,2.2420333e-32,0.013965301,2.6972889e-17,5.298136e-21,2.4983895e-28,0.00017266847,1.6492883e-06
0.9858667,2.2225812e-32,0.013959134,2.6829295e-17,5.2664534e-21,2.479549e-28,0.00017244052,1.647023e-06
0.98587334,2.203433e-32,0.013952732,2.6689932e-17,5.2353214e-21,2.4608705e-28,0.0001722188,1.6447738e-06
0.9858805,2.1846842e-32,0.01394581,2.6559917e-17,5.205369e-21,2.4424083e-28,0.00017201816,1.6425254e-06
0.98588806,2.1662282e-32,0.013938498,2.6434684e-17,5.175925e-21,2.4240854e-28,0.00017182667,1.6402901e-06
0.9858951,2.1477792e-32,0.013931554,2.6305005e-17,5.1461354e-21,2.4058534e-28,0.00017162286,1.6380382e-06
0.9859016,2.1292264e-32,0.013925321,2.6167564e-17,5.1156747e-21,2.3877294e-28,0.00017140122,1.6357977e-06
0.985908,2.110737e-32,0.013919173,2.602766e-17,5.0850254e-21,2.3697148e-28,0.00017117265,1.6335542e-06
0.9859147,2.0926322e-32,0.013912632,2.5895326e-17,5.055294e-21,2.3518725e-28,0.00017095977,1.6313204e-06
0.9859222,2.0749537e-32,0.013905388,2.5773717e-17,5.026795e-21,2.3342555e-28,0.00017077172,1.6290971e-06
0.98592985,2.057519e-32,0.013897913,2.5656006e-17,4.9988007e-21,2.3167796e-28,0.00017059107,1.6268771e-06
0.98593706,2.0400431e-32,0.013890913,2.553181e-17,4.9701826e-21,2.299355e-28,0.00017039168,1.6246596e-06
0.98594356,2.0224363e-32,0.013884568,2.5398213e-17,4.940707e-21,2.2820334e-28,0.00017017097,1.6224282e-06
0.98594993,2.0049048e-32,0.013878434,2.5263677e-17,4.9112742e-21,2.264816e-28,0.00016994728,1.6201997e-06
0.9859571,1.98783e-32,0.013871523,2.5139746e-17,4.8830265e-21,2.2478072e-28,0.00016974733,1.6179912e-06
0.98596495,1.9712783e-32,0.013863724,2.503019e-17,4.8563527e-21,2.2309963e-28,0.0001695788,1.6157867e-06
0.9859733,1.9549993e-32,0.013855567,2.4925685e-17,4.830343e-21,2.2143627e-28,0.00016942182,1.6136106e-06
0.985981,1.9385577e-32,0.013848146,2.48109e-17,4.8033332e-21,2.1977595e-28,0.00016923904,1.6114087e-06
0.98598725,1.9217384e-32,0.013842107,2.467853e-17,4.7745907e-21,2.1811778e-28,0.00016901398,1.6091983e-06
0.98599255,1.904729e-32,0.013836955,2.4534672e-17,4.7447484e-21,2.1646364e-28,0.00016876009,1.606977e-06
0.9859982,1.8879283e-32,0.013831573,2.4393894e-17,4.7153463e-21,2.1482542e-28,0.0001685121,1.6047657e-06
0.9860047,1.8716202e-32,0.01382536,2.426551e-17,4.6873102e-21,2.132071e-28,0.00016829223,1.6025708e-06
0.9860118,1.8556805e-32,0.0138184205,2.4147674e-17,4.660457e-21,2.1160592e-28,0.00016809709,1.6003679e-06
0.9860189,1.8399327e-32,0.013811511,2.4030866e-17,4.6338286e-21,2.1001356e-28,0.00016790123,1.5981954e-06
0.9860257,1.8241233e-32,0.013804941,2.3907778e-17,4.6066306e-21,2.0843312e-28,0.00016769116,1.596013e-06
0.98603195,1.8083106e-32,0.013798896,2.378104e-17,4.5791697e-21,2.0686288e-28,0.00016747072,1.5938206e-06
0.98603857,1.7927314e-32,0.013792516,2.3657873e-17,4.5521353e-21,2.0530613e-28,0.00016725733,1.5916319e-06
0.98604566,1.777477e-32,0.013785646,2.3542985e-17,4.526091e-21,2.0376117e-28,0.00016706213,1.5894622e-06
0.98605293,1.762474e-32,0.013778466,2.3432238e-17,4.50054e-21,2.0223483e-28,0.00016687706,1.5872894e-06
0.98606014,1.7474508e-32,0.013771656,2.3317469e-17,4.474655e-21,2.0071382e-28,0.0001666801,1.5851227e-06
0.9860665,1.7323691e-32,0.013765443,2.3195726e-17,4.448168e-21,1.9920175e-28,0.00016646482,1.5829577e-06
0.9860728,1.7173255e-32,0.013759388,2.3071707e-17,4.4215344e-21,1.9769955e-28,0.00016624283,1.5807773e-06
0.9860795,1.7025825e-32,0.013752975,2.2954229e-17,4.3956656e-21,1.9621179e-28,0.00016603607,1.5786096e-06
0.9860868,1.6882113e-32,0.013745786,2.2846335e-17,4.370851e-21,1.9473976e-28,0.00016585182,1.5764729e-06
0.98609436,1.6740133e-32,0.013738394,2.274156e-17,4.3464427e-21,1.9328032e-28,0.00016567382,1.5743126e-06
0.9861014,1.6597819e-32,0.013731524,2.2631122e-17,4.3215756e-21,1.9182806e-28,0.00016548109,1.5721693e-06
0.9861079,1.6454319e-32,0.013725252,2.251236e-17,4.2959136e-21,1.9038152e-28,0.00016526644,1.5700159e-06
0.98611414,1.6311683e-32,0.013719266,2.2392509e-17,4.27024e-21,1.8894656e-28,0.00016504728,1.5678563e-06
0.9861211,1.6172514e-32,0.0137125105,2.2282065e-17,4.245614e-21,1.8752542e-28,0.0001648512,1.5657068e-06
0.986129,1.6037976e-32,0.013704827,2.2184539e-17,4.22239e-21,1.8612435e-28,0.00016468689,1.5635916e-06
0.9861371,1.5905285e-32,0.013696812,2.2091236e-17,4.19971e-21,1.8473451e-28,0.0001645319,1.5614705e-06
0.98614454,1.5771158e-32,0.013689551,2.1988745e-17,4.1761296e-21,1.8334863e-28,0.0001643528,1.5593364e-06
0.9861507,1.5634322e-32,0.013683631,2.1870679e-17,4.1510605e-21,1.8196598e-28,0.00016413233,1.5572032e-06
0.986156,1.5495587e-32,0.013678539,2.1742274e-17,4.1250374e-21,1.8058529e-28,0.00016388294,1.5550567e-06
0.9861615,1.5358789e-32,0.013673345,2.1616607e-17,4.0993653e-21,1.7921789e-28,0.00016364086,1.5529105e-06
0.9861677,1.522565e-32,0.013667277,2.1501935e-17,4.0749134e-21,1.7786504e-28,0.00016342418,1.5507803e-06
0.98617464,1.5095976e-32,0.01366052,2.1396697e-17,4.051475e-21,1.7652926e-28,0.00016323217,1.5486601e-06
0.98618174,1.496764e-32,0.013653715,2.1292387e-17,4.028264e-21,1.7520487e-28,0.00016304043,1.5465399e-06
0.98618823,1.4838574e-32,0.013647425,2.1182507e-17,4.0045122e-21,1.7388434e-28,0.00016283483,1.5444308e-06
0.9861944,1.4709829e-32,0.013641448,2.1069091e-17,3.980534e-21,1.7257371e-28,0.00016261672,1.5423091e-06
0.98620075,1.4582874e-32,0.013635319,2.0959083e-17,3.956942e-21,1.7127104e-28,0.00016240607,1.5401965e-06
0.9862077,1.4458566e-32,0.01362855,2.0856266e-17,3.934183e-21,1.6998607e-28,0.00016221621,1.5380938e-06
0.98621476,1.4336192e-32,0.013621578,2.0757358e-17,3.9119124e-21,1.6871076e-28,0.00016203274,1.5359909e-06
0.98622173,1.4213881e-32,0.013614922,2.065482e-17,3.8893382e-21,1.6744118e-28,0.00016183931,1.5338968e-06
0.9862281,1.4090884e-32,0.013608753,2.0546036e-17,3.8661978e-21,1.6617852e-28,0.00016162814,1.5317901e-06
0.9862341,1.3968411e-32,0.013602945,2.0435323e-17,3.842975e-21,1.6492533e-28,0.00016141069,1.5296854e-06
0.9862406,1.3848279e-32,0.01359655,2.0330488e-17,3.820373e-21,1.6368352e-28,0.00016120744,1.5275905e-06
0.98624784,1.3731074e-32,0.013589623,2.0234079e-17,3.7987337e-21,1.6245491e-28,0.00016102547,1.5255112e-06
0.9862552,1.3615488e-32,0.013582365,2.0140589e-17,3.777447e-21,1.6123615e-28,0.0001608514,1.5234261e-06
0.9862621,1.3499528e-32,0.013575648,2.0042164e-17,3.7557776e-21,1.6002524e-28,0.00016066364,1.5213517e-06
0.98626834,1.3382711e-32,0.013569625,1.9936378e-17,3.7334316e-21,1.5881968e-28,0.00016045335,1.519262e-06
0.9862745,1.3266598e-32,0.0135636795,1.9829782e-17,3.7110485e-21,1.576208e-28,0.00016023873,1.517175e-06
0.98628134,1.3153309e-32,0.0135570755,1.9731677e-17,3.6896185e-21,1.5643585e-28,0.00016004712,1.5151032e-06
0.9862891,1.3043685e-32,0.013549479,1.9644709e-17,3.6693793e-21,1.5526468e-28,0.00015988605,1.5130562e-06
0.98629713,1.2935572e-32,0.013541554,1.9561639e-17,3.649614e-21,1.5410468e-28,0.00015973434,1.5109893e-06
0.9863044,1.2826581e-32,0.013534476,1.9470733e-17,3.629122e-21,1.5294974e-28,0.00015956072,1.5089324e-06
0.9863104,1.2715195e-32,0.013528622,1.9366034e-17,3.607322e-21,1.517963e-28,0.00015934516,1.5068651e-06
0.98631567,1.2602363e-32,0.013523636,1.925226e-17,3.584694e-21,1.5064453e-28,0.00015910396,1.5047823e-06
0.9863211,1.249101e-32,0.013518503,1.9140839e-17,3.562384e-21,1.4950268e-28,0.0001588671,1.502711e-06
0.98632723,1.2382822e-32,0.013512502,1.9039587e-17,3.5411614e-21,1.4837751e-28,0.00015865853,1.5006439e-06
0.9863342,1.22774566e-32,0.01350577,1.8946622e-17,3.5208204e-21,1.4726207e-28,0.00015847245,1.4985951e-06
0.98634106,1.2172893e-32,0.013499065,1.8854321e-17,3.5006227e-21,1.46155e-28,0.00015828686,1.4965516e-06
0.98634756,1.2068202e-32,0.013492848,1.8757381e-17,3.4800345e-21,1.4505506e-28,0.00015808786,1.4944964e-06
0.9863536,1.19636746e-32,0.013486987,1.8657446e-17,3.4592362e-21,1.4396117e-28,0.00015787728,1.4924631e-06
0.98635995,1.18603295e-32,0.0134807965,1.8560454e-17,3.438773e-21,1.4287449e-28,0.00015767518,1.4903989e-06
0.9863669,1.1759409e-32,0.013474055,1.8470179e-17,3.4190723e-21,1.4180256e-28,0.00015749114,1.4883668e-06
0.98637414,1.1660152e-32,0.013467062,1.8383151e-17,3.3997446e-21,1.4073764e-28,0.00015731546,1.486341e-06
0.9863808,1.1560842e-32,0.013460451,1.8293314e-17,3.3802407e-21,1.3968173e-28,0.00015713151,1.4843113e-06
0.9863872,1.1460803e-32,0.0134543255,1.819766e-17,3.3602066e-21,1.3862839e-28,0.00015692765,1.4822668e-06
0.9863933,1.13614504e-32,0.013448431,1.8100778e-17,3.3401244e-21,1.3758296e-28,0.00015671982,1.480236e-06
0.9863999,1.1263997e-32,0.013442084,1.8008951e-17,3.3206077e-21,1.3654757e-28,0.00015652551,1.4782117e-06
0.98640704,1.116892e-32,0.013435005,1.7924643e-17,3.3018994e-21,1.3552315e-28,0.000156353,1.4761995e-06
0.9864145,1.10751566e-32,0.013427804,1.7843048e-17,3.2835354e-21,1.3450749e-28,0.00015618783,1.4741819e-06
0.98642147,1.0981168e-32,0.013420987,1.775721e-17,3.264811e-21,1.3349733e-28,0.00015600823,1.472172e-06
0.9864277,1.0886474e-32,0.0134149045,1.7664899e-17,3.2455227e-21,1.3249163e-28,0.00015580849,1.470161e-06
0.9864341,1.07922695e-32,0.013408928,1.7571862e-17,3.226213e-21,1.3149352e-28,0.00015560488,1.4681362e-06
0.9864409,1.0700517e-32,0.013402244,1.7486458e-17,3.2077297e-21,1.3050496e-28,0.00015542381,1.4661343e-06
0.9864487,1.061166e-32,0.013394581,1.7411047e-17,3.1903042e-21,1.2952992e-28,0.00015527157,1.4641478e-06
0.9864568,1.0524187e-32,0.01338662,1.733921e-17,3.1732892e-21,1.2856415e-28,0.00015513046,1.4621615e-06
0.98646426,1.04358346e-32,0.013379372,1.7260348e-17,3.1556524e-21,1.2760161e-28,0.0001549666,1.4601661e-06
0.9864704,1.0345527e-32,0.013373381,1.7169174e-17,3.136865e-21,1.2663838e-28,0.00015476346,1.4581628e-06
0.9864757,1.0254114e-32,0.013368277,1.7070131e-17,3.1173422e-21,1.2567847e-28,0.00015453451,1.4561557e-06
0.9864812,1.0163976e-32,0.0133631,1.6973347e-17,3.0981307e-21,1.2472779e-28,0.00015431094,1.4541516e-06
0.98648745,1.0076253e-32,0.013357068,1.68853e-17,3.0798386e-21,1.2378814e-28,0.00015411395,1.452157e-06
0.98649454,9.99082e-33,0.01335016,1.6804778e-17,3.0623464e-21,1.2285849e-28,0.00015393851,1.450169e-06
0.98650146,9.90626e-33,0.013343278,1.6725018e-17,3.0449764e-21,1.2193675e-28,0.00015376585,1.4481973e-06
0.9865081,9.821513e-33,0.013336905,1.6641062e-17,3.027288e-21,1.2102002e-28,0.00015357813,1.446214e-06
0.9865142,9.7367446e-33,0.013330909,1.655436e-17,3.0093794e-21,1.201083e-28,0.00015338088,1.4442301e-06
0.9865207,9.653227e-33,0.01332459,1.6470503e-17,2.991795e-21,1.192035e-28,0.00015319012,1.4422576e-06
0.9865278,9.5714525e-33,0.0133176735,1.6392332e-17,2.9748365e-21,1.1830829e-28,0.00015301835,1.4402887e-06
0.98653513,9.491026e-33,0.013310562,1.6317213e-17,2.958246e-21,1.1742252e-28,0.00015285438,1.4383337e-06
0.9865421,9.410625e-33,0.013303802,1.623946e-17,2.9414555e-21,1.1654156e-28,0.0001526812,1.4363645e-06
0.9865486,9.329833e-33,0.0132975215,1.615683e-17,2.9242456e-21,1.156645e-28,0.00015249217,1.4344e-06
0.98655474,9.249308e-33,0.013291544,1.6072832e-17,2.9069576e-21,1.1479225e-28,0.00015229575,1.4324296e-06
0.9865615,9.170392e-33,0.0132850455,1.599331e-17,2.8901818e-21,1.1392926e-28,0.00015211418,1.4304735e-06
0.98656875,9.093404e-33,0.013277847,1.5920567e-17,2.8740958e-21,1.130754e-28,0.00015195261,1.428529e-06
0.9865763,9.017547e-33,0.013270429,1.5850274e-17,2.8583188e-21,1.1223056e-28,0.0001517994,1.4265905e-06
0.9865834,8.9414316e-33,0.01326349,1.577595e-17,2.8422148e-21,1.113877e-28,0.00015163206,1.4246375e-06
0.9865898,8.864733e-33,0.013257329,1.5696093e-17,2.825628e-21,1.1055027e-28,0.00015144459,1.4226944e-06
0.98659617,8.7883594e-33,0.013251119,1.5615332e-17,2.8090098e-21,1.0971746e-28,0.00015125301,1.420743e-06
0.98660326,8.7139786e-33,0.013244267,1.554128e-17,2.7930876e-21,1.0889264e-28,0.00015108286,1.4188088e-06
0.9866111,8.6420794e-33,0.013236518,1.5476385e-17,2.7781269e-21,1.0808155e-28,0.00015094264,1.4168784e-06
0.98661935,8.571169e-33,0.013228426,1.5414355e-17,2.763479e-21,1.0727654e-28,0.00015081209,1.4149566e-06
0.9866268,8.4997315e-33,0.01322106,1.5346177e-17,2.7483193e-21,1.0647338e-28,0.00015065883,1.4130388e-06
0.9866332,8.426438e-33,0.013214967,1.5266981e-17,2.7321135e-21,1.0567127e-28,0.00015046826,1.4110926e-06
0.9866386,8.3524296e-33,0.013209724,1.5180885e-17,2.7153175e-21,1.048719e-28,0.0001502517,1.4091504e-06
0.9866441,8.27926e-33,0.013204431,1.5096541e-17,2.6987482e-21,1.0408019e-28,0.0001500406,1.4072244e-06
0.9866506,8.208244e-33,0.013198147,1.5020008e-17,2.6829688e-21,1.0329533e-28,0.00014985511,1.4052918e-06
0.9866577,8.139021e-33,0.013191196,1.4950092e-17,2.6678934e-21,1.0252115e-28,0.0001496905,1.4033759e-06
0.9866647,8.070505e-33,0.013184247,1.4880839e-17,2.652953e-21,1.0175356e-28,0.0001495278,1.4014709e-06
0.98667145,8.001648e-33,0.013177725,1.4807724e-17,2.637673e-21,1.009878e-28,0.0001493515,1.3995436e-06
0.9866778,7.9328905e-33,0.013171553,1.4732206e-17,2.6222199e-21,1.002278e-28,0.00014916487,1.3976293e-06
0.9866843,7.8652055e-33,0.013165235,1.4659202e-17,2.6070768e-21,9.947427e-29,0.00014898615,1.3957206e-06
0.98669153,7.7989356e-33,0.013158226,1.4591188e-17,2.5924479e-21,9.8727984e-29,0.00014882363,1.3938233e-06
0.986699,7.73364e-33,0.013150974,1.4525821e-17,2.5781279e-21,9.7989576e-29,0.00014867043,1.3919263e-06
0.98670596,7.668418e-33,0.013144071,1.445798e-17,2.563622e-21,9.7253666e-29,0.00014850596,1.3900258e-06
0.9867126,7.602874e-33,0.013137742,1.4385898e-17,2.548759e-21,9.652325e-29,0.00014832692,1.3881222e-06
0.98671883,7.537486e-33,0.013131613,1.4312476e-17,2.5338168e-21,9.5796086e-29,0.00014814154,1.3862182e-06
0.98672557,7.47346e-33,0.013125016,1.424324e-17,2.519348e-21,9.507736e-29,0.00014797029,1.3843385e-06
0.98673284,7.4109445e-33,0.013117829,1.4179699e-17,2.50546e-21,9.4365506e-29,0.00014781905,1.3824489e-06
0.98674065,7.349349e-33,0.013110305,1.4118388e-17,2.4918212e-21,9.3659755e-29,0.00014767425,1.3805678e-06
0.98674774,7.287592e-33,0.013103299,1.4053579e-17,2.4779142e-21,9.295779e-29,0.00014751512,1.3786937e-06
0.98675424,7.225302e-33,0.013096989,1.3983616e-17,2.4635575e-21,9.225893e-29,0.00014733782,1.3768106e-06
0.9867606,7.1633796e-33,0.013090756,1.3913046e-17,2.4492085e-21,9.1565306e-29,0.00014715621,1.3749196e-06
0.9867677,7.102969e-33,0.01308386,1.3848387e-17,2.4354467e-21,9.087835e-29,0.00014699569,1.3730479e-06
0.9867757,7.044471e-33,0.013076007,1.37916154e-17,2.4224943e-21,9.0200074e-29,0.00014686349,1.3711878e-06
0.98678404,6.98699e-33,0.013067791,1.37376485e-17,2.4098508e-21,8.952893e-29,0.00014674068,1.369328e-06
0.9867915,6.9288626e-33,0.013060489,1.3678087e-17,2.3967314e-21,8.886e-29,0.0001465966,1.3674695e-06
0.98679787,6.869533e-33,0.0130543215,1.3608851e-17,2.3827446e-21,8.819193e-29,0.00014641535,1.3655991e-06
0.9868034,6.809303e-33,0.013048968,1.35331885e-17,2.3681957e-21,8.7524795e-29,0.00014620856,1.3637223e-06
0.98680913,6.749809e-33,0.01304347,1.345913e-17,2.353835e-21,8.686273e-29,0.0001460082,1.3618431e-06
0.9868155,6.692217e-33,0.013037262,1.33921765e-17,2.3402234e-21,8.6210336e-29,0.00014583157,1.3599803e-06
0.9868227,6.636034e-33,0.013030197,1.333106e-17,2.3271895e-21,8.5564216e-29,0.00014567666,1.3581264e-06
0.9868299,6.580321e-33,0.013023135,1.3270372e-17,2.3142369e-21,8.492293e-29,0.00014552278,1.356283e-06
0.9868366,6.524377e-33,0.013016544,1.3206428e-17,2.301022e-21,8.4285134e-29,0.00014535454,1.3544308e-06
0.9868431,6.468561e-33,0.013010375,1.3140382e-17,2.2876726e-21,8.3651473e-29,0.00014517845,1.3525733e-06
0.9868498,6.413518e-33,0.013003864,1.3076366e-17,2.274557e-21,8.3022585e-29,0.00014500869,1.3507262e-06
0.98685694,6.3596735e-33,0.012996842,1.3016986e-17,2.2619234e-21,8.2400985e-29,0.00014485631,1.34889e-06
0.9868645,6.306765e-33,0.012989506,1.2959958e-17,2.2495494e-21,8.178532e-29,0.00014471161,1.3470569e-06
0.9868716,6.2537695e-33,0.012982541,1.2900714e-17,2.2370033e-21,8.1172356e-29,0.00014455707,1.345223e-06
0.9868782,6.200506e-33,0.012976093,1.2837667e-17,2.2241528e-21,8.0562715e-29,0.00014438745,1.3433834e-06
0.9868846,6.1474134e-33,0.012969866,1.2773415e-17,2.2112406e-21,7.9955806e-29,0.00014421169,1.3415407e-06
0.98689145,6.0954297e-33,0.012963205,1.2712934e-17,2.1987228e-21,7.935653e-29,0.00014404969,1.3397193e-06
0.98689896,6.0446726e-33,0.012955839,1.2657575e-17,2.1867283e-21,7.876301e-29,0.00014390796,1.3378908e-06
0.98690665,5.994706e-33,0.012948305,1.2604238e-17,2.174965e-21,7.817513e-29,0.0001437719,1.336078e-06
0.98691386,5.9445598e-33,0.012941166,1.2547722e-17,2.1629424e-21,7.7589825e-29,0.00014362331,1.3342618e-06
0.9869205,5.893975e-33,0.012934739,1.2486735e-17,2.1505583e-21,7.700767e-29,0.00014345674,1.332437e-06
0.9869271,5.8436866e-33,0.012928363,1.2425048e-17,2.1381472e-21,7.642815e-29,0.00014328514,1.3306175e-06
0.9869342,5.7947144e-33,0.012921405,1.2368766e-17,2.126279e-21,7.5855917e-29,0.0001431343,1.328806e-06
0.9869423,5.747211e-33,0.012913429,1.2319566e-17,2.1151166e-21,7.5290915e-29,0.00014301157,1.3270035e-06
0.98695064,5.7005768e-33,0.012905142,1.2272811e-17,2.1042055e-21,7.4731276e-29,0.00014289799,1.3252112e-06
0.9869583,5.653454e-33,0.012897615,1.2221189e-17,2.0929023e-21,7.4173496e-29,0.0001427637,1.3234155e-06
0.9869648,5.6051314e-33,0.012891256,1.2160673e-17,2.0807999e-21,7.3615843e-29,0.00014259375,1.3216029e-06
0.9869705,5.5563278e-33,0.012885823,1.2094679e-17,2.068245e-21,7.305899e-29,0.00014239777,1.3197944e-06
0.9869762,5.508117e-33,0.012880246,1.2030099e-17,2.05586e-21,7.250856e-29,0.00014220888,1.3179731e-06
0.98698294,5.461288e-33,0.012873752,1.197172e-17,2.0440812e-21,7.196345e-29,0.00014204341,1.3161784e-06
0.98699015,5.4157277e-33,0.012866653,1.1918766e-17,2.0328753e-21,7.142574e-29,0.00014189957,1.3143892e-06
0.9869974,5.3705483e-33,0.012859486,1.1866139e-17,2.0216999e-21,7.089097e-29,0.0001417559,1.3125975e-06
0.9870044,5.325175e-33,0.012852712,1.1810541e-17,2.0103169e-21,7.0359656e-29,0.00014159961,1.3108106e-06
0.9870109,5.27986e-33,0.012846275,1.1753045e-17,1.998791e-21,6.983068e-29,0.00014143401,1.3090253e-06
0.98701775,5.2352118e-33,0.0128396535,1.169744e-17,1.9874686e-21,6.930676e-29,0.00014127565,1.3072305e-06
0.9870251,5.1914988e-33,0.012832502,1.1645879e-17,1.9765808e-21,6.87884e-29,0.00014113341,1.3054511e-06
0.98703253,5.1485047e-33,0.012825135,1.1596449e-17,1.9659024e-21,6.827443e-29,0.00014099914,1.3036844e-06
0.98704,5.105555e-33,0.012817896,1.1545158e-17,1.955118e-21,6.776378e-29,0.0001408556,1.3019101e-06
0.9870467,5.0623417e-33,0.012811311,1.14903154e-17,1.944028e-21,6.725537e-29,0.0001406976,1.3001322e-06
0.98705333,5.0192643e-33,0.012804874,1.1434381e-17,1.9328824e-21,6.675025e-29,0.00014053332,1.2983569e-06
0.9870602,4.9770482e-33,0.012798175,1.13818026e-17,1.9220874e-21,6.6249956e-29,0.0001403816,1.2965938e-06
0.9870677,4.9359056e-33,0.012790683,1.1333883e-17,1.9117475e-21,6.575546e-29,0.00014024966,1.2948316e-06
0.9870756,4.8953293e-33,0.012782908,1.1287678e-17,1.9015947e-21,6.526518e-29,0.00014012429,1.293075e-06
0.9870831,4.8546025e-33,0.012775643,1.123861e-17,1.8912352e-21,6.477704e-29,0.00013998592,1.2913199e-06
0.9870898,4.8135506e-33,0.01276908,1.118548e-17,1.880543e-21,6.429202e-29,0.00013983024,1.2895616e-06
0.9870964,4.772699e-33,0.012762591,1.1131708e-17,1.8698117e-21,6.380868e-29,0.00013966965,1.2877932e-06
0.9871037,4.7328837e-33,0.012755433,1.1082725e-17,1.8595683e-21,6.3331414e-29,0.0001395293,1.2860452e-06
0.98711187,4.694371e-33,0.012747391,1.1040071e-17,1.8499327e-21,6.2860187e-29,0.00013941526,1.2843129e-06
0.98712033,4.6564222e-33,0.012738992,1.09996005e-17,1.8405304e-21,6.2393913e-29,0.00013931145,1.2825761e-06
0.98712814,4.6181782e-33,0.0127313705,1.0954672e-17,1.8307555e-21,6.1928687e-29,0.00013918613,1.2808358e-06
0.98713475,4.5789153e-33,0.0127249,1.0901802e-17,1.8202941e-21,6.1463105e-29,0.00013902549,1.2790866e-06
0.98714054,4.53922e-33,0.012719296,1.0843881e-17,1.8094218e-21,6.099912e-29,0.00013884132,1.2773289e-06
0.9871465,4.5000073e-33,0.0127135515,1.07871755e-17,1.798697e-21,6.053909e-29,0.00013866115,1.275574e-06
0.9871531,4.4619532e-33,0.0127070425,1.0736096e-17,1.7885075e-21,6.008488e-29,0.00013850586,1.2738417e-06
0.9871605,4.424832e-33,0.012699797,1.068963e-17,1.778784e-21,5.963548e-29,0.00013836985,1.2721129e-06
0.98716795,4.3881535e-33,0.012692507,1.0643569e-17,1.7691206e-21,5.919036e-29,0.00013823557,1.2703863e-06
0.9871748,4.3512455e-33,0.012685746,1.0594748e-17,1.7592534e-21,5.874717e-29,0.00013808763,1.2686494e-06
0.98718154,4.3143177e-33,0.012679253,1.05440986e-17,1.749241e-21,5.8305964e-29,0.00013793143,1.2669194e-06
0.9871883,4.2779975e-33,0.012672593,1.0495173e-17,1.7394314e-21,5.786895e-29,0.0001377796,1.2651966e-06
0.98719573,4.2424392e-33,0.012665343,1.044991e-17,1.7299816e-21,5.743613e-29,0.00013764588,1.2634771e-06
0.9872034,4.207402e-33,0.01265781,1.0406233e-17,1.7207017e-21,5.700743e-29,0.00013751813,1.2617554e-06
0.9872106,4.1723658e-33,0.01265071,1.0360954e-17,1.7113143e-21,5.6581035e-29,0.00013738226,1.2600401e-06
0.98721737,4.1371777e-33,0.012644091,1.0312447e-17,1.7016783e-21,5.615696e-29,0.00013723,1.2583292e-06
0.987224,4.102098e-33,0.012637641,1.026295e-17,1.6919869e-21,5.5736045e-29,0.00013707344,1.2566011e-06
0.98723096,4.0676895e-33,0.012630838,1.0216305e-17,1.6825824e-21,5.5318305e-29,0.00013692885,1.2548975e-06
0.98723847,4.0340946e-33,0.012623419,1.0173797e-17,1.6735821e-21,5.490541e-29,0.00013680277,1.2531945e-06
0.9872464,4.000993e-33,0.0126156015,1.0132707e-17,1.6647322e-21,5.4496023e-29,0.00013668231,1.2514942e-06
0.9872537,3.9677364e-33,0.01260843,1.0089082e-17,1.6556943e-21,5.408967e-29,0.00013654966,1.249798e-06
0.98726046,3.9342444e-33,0.012601857,1.0041654e-17,1.6463528e-21,5.368344e-29,0.0001363978,1.2480984e-06
0.98726696,3.9009144e-33,0.012595452,9.993723e-18,1.636995e-21,5.3280653e-29,0.00013624295,1.2463843e-06
0.9872743,3.868401e-33,0.012588316,9.949899e-18,1.6280395e-21,5.288174e-29,0.00013610657,1.2446973e-06
0.9872824,3.836952e-33,0.0125803305,9.911871e-18,1.6196284e-21,5.248906e-29,0.0001359974,1.2430112e-06
0.98729074,3.8059638e-33,0.012572065,9.875647e-18,1.6113964e-21,5.2098915e-29,0.00013589535,1.2413371e-06
0.9872984,3.7746755e-33,0.012564444,9.835234e-18,1.6028321e-21,5.171044e-29,0.00013577334,1.2396526e-06
0.9873049,3.74264e-33,0.012558155,9.78784e-18,1.5936913e-21,5.1322067e-29,0.00013561713,1.2379644e-06
0.98731065,3.710166e-33,0.012552648,9.7357256e-18,1.58416e-21,5.0935015e-29,0.00013543722,1.2362607e-06
0.98731655,3.678059e-33,0.012547001,9.684666e-18,1.5747582e-21,5.055051e-29,0.00013526146,1.2345574e-06
0.98732316,3.646955e-33,0.01254053,9.6387345e-18,1.5658313e-21,5.0171622e-29,0.00013510919,1.2328786e-06
0.98733026,3.616641e-33,0.012533494,9.596905e-18,1.5573063e-21,4.9797115e-29,0.0001349765,1.2312001e-06
0.9873376,3.5865244e-33,0.012526346,9.555185e-18,1.5488164e-21,4.942466e-29,0.00013484368,1.2295267e-06
0.98734444,3.5563318e-33,0.012519698,9.511103e-18,1.5401426e-21,4.9053472e-29,0.00013469758,1.2278596e-06
0.9873508,3.526176e-33,0.012513403,9.465342e-18,1.531365e-21,4.868579e-29,0.00013454232,1.2261848e-06
0.9873576,3.496384e-33,0.012506785,9.421099e-18,1.5227425e-21,4.832088e-29,0.00013439503,1.2244989e-06
0.9873649,3.4672958e-33,0.012499675,9.380001e-18,1.5144293e-21,4.7959107e-29,0.00013426098,1.2228413e-06
0.9873722,3.438606e-33,0.012492403,9.340508e-18,1.5062821e-21,4.7601125e-29,0.00013413478,1.2211793e-06
0.98737943,3.4099464e-33,0.012485371,9.299476e-18,1.4980358e-21,4.724509e-29,0.00013400048,1.2195193e-06
0.98738605,3.3811104e-33,0.012478933,9.255443e-18,1.4895552e-21,4.6890974e-29,0.00013385015,1.2178562e-06
0.9873925,3.352364e-33,0.012472684,9.21049e-18,1.4810207e-21,4.6538087e-29,0.00013369384,1.2161928e-06
0.9873992,3.324167e-33,0.012466062,9.1681366e-18,1.4727489e-21,4.618963e-29,0.00013355026,1.2145343e-06
0.9874066,3.2966375e-33,0.012458739,9.129467e-18,1.464815e-21,4.5844857e-29,0.00013342446,1.2128882e-06
0.9874143,3.269586e-33,0.012451234,9.092279e-18,1.4570577e-21,4.5503372e-29,0.00013330542,1.2112447e-06
0.9874214,3.2423095e-33,0.0124442,9.052511e-18,1.4490861e-21,4.5162675e-29,0.00013317246,1.2095934e-06
0.987428,3.2148665e-33,0.012437758,9.009542e-18,1.4408716e-21,4.482417e-29,0.00013302332,1.2079439e-06
0.9874344,3.1875575e-33,0.012431554,8.965989e-18,1.4326378e-21,4.4487173e-29,0.00013286796,1.206294e-06
0.98744136,3.160965e-33,0.012424648,8.926227e-18,1.4247563e-21,4.4154418e-29,0.0001327334,1.2046606e-06
0.9874493,3.135171e-33,0.012416835,8.891464e-18,1.4173357e-21,4.3825532e-29,0.00013262311,1.203031e-06
0.9874576,3.1098026e-33,0.012408748,8.8585295e-18,1.4100995e-21,4.3500107e-29,0.00013252182,1.2013992e-06
0.9874651,3.084213e-33,0.012401341,8.82194e-18,1.4025834e-21,4.3175747e-29,0.00013240131,1.1997756e-06
0.98747134,3.0579205e-33,0.012395177,8.778857e-18,1.3945257e-21,4.2851135e-29,0.00013224591,1.1981298e-06
0.98747694,3.0313411e-33,0.0123897875,8.731781e-18,1.3861591e-21,4.2527642e-29,0.00013206844,1.1964878e-06
0.98748255,3.0050843e-33,0.012384353,8.6855875e-18,1.3778951e-21,4.2206583e-29,0.00013189524,1.1948525e-06
0.98748904,2.979626e-33,0.012378057,8.643931e-18,1.3700476e-21,4.1889912e-29,0.00013174425,1.1932161e-06
0.98749614,2.9547457e-33,0.012371066,8.605959e-18,1.3625468e-21,4.1576587e-29,0.0001316131,1.1915872e-06
0.9875031,2.9301625e-33,0.012364171,8.568349e-18,1.3551077e-21,4.126592e-29,0.0001314813,1.1899716e-06
0.98750985,2.9054507e-33,0.012357607,8.52846e-18,1.3474878e-21,4.0956315e-29,0.0001313373,1.1883444e-06
0.9875162,2.880748e-33,0.012351371,8.487135e-18,1.3397826e-21,4.06487e-29,0.00013118518,1.1867235e-06
0.9875228,2.8564305e-33,0.012345,8.447205e-18,1.3322182e-21,4.0344028e-29,0.00013103927,1.1851074e-06
0.9875299,2.8326437e-33,0.012338026,8.410193e-18,1.3249296e-21,4.0042268e-29,0.00013090832,1.1834962e-06
0.98753715,2.809163e-33,0.012330895,8.374526e-18,1.3177818e-21,3.9743075e-29,0.00013078349,1.181883e-06
0.9875441,2.7857271e-33,0.012323975,8.337546e-18,1.3105521e-21,3.9445805e-29,0.00013065152,1.1802784e-06
0.9875507,2.7621272e-33,0.012317665,8.2979715e-18,1.3031229e-21,3.9149847e-29,0.00013050446,1.1786755e-06
0.98755693,2.7386221e-33,0.012311542,8.257574e-18,1.2956564e-21,3.8855802e-29,0.00013035229,1.1770496e-06
0.98756367,2.7155877e-33,0.012304936,8.219539e-18,1.2884101e-21,3.856457e-29,0.00013021128,1.1754513e-06
0.987571,2.693139e-33,0.012297707,8.184932e-18,1.2814789e-21,3.827701e-29,0.00013008986,1.1738604e-06
0.98757845,2.6709983e-33,0.012290366,8.151466e-18,1.2746678e-21,3.7991592e-29,0.0001299723,1.1722716e-06
0.98758554,2.6487557e-33,0.0122834705,8.115998e-18,1.2677183e-21,3.770743e-29,0.00012984364,1.1706802e-06
0.98759204,2.6263365e-33,0.01227704,8.077413e-18,1.2605222e-21,3.7424225e-29,0.00012969697,1.1690769e-06
0.9875983,2.6040265e-33,0.012270938,8.0384874e-18,1.2533332e-21,3.7143422e-29,0.00012954822,1.1674821e-06
0.98760533,2.5823023e-33,0.012264028,8.003021e-18,1.2464524e-21,3.68656e-29,0.000129417,1.1658882e-06
0.9876132,2.5612497e-33,0.012256316,7.9720665e-18,1.2399841e-21,3.6591282e-29,0.0001293112,1.1643152e-06
0.98762137,2.5405634e-33,0.012248284,7.942597e-18,1.2336626e-21,3.6319292e-29,0.00012921217,1.1627426e-06
0.9876288,2.5196389e-33,0.01224095,7.909972e-18,1.2270869e-21,3.6048476e-29,0.00012909513,1.1611712e-06
0.9876351,2.4982353e-33,0.012234819,7.871643e-18,1.22007e-21,3.5777727e-29,0.00012894561,1.1595849e-06
0.98764056,2.4765392e-33,0.012229473,7.829639e-18,1.2127684e-21,3.5507895e-29,0.00012877402,1.1579868e-06
0.9876462,2.4551445e-33,0.012223946,7.788546e-18,1.2055613e-21,3.5239833e-29,0.00012860663,1.156402e-06
0.98765266,2.4343263e-33,0.0122176865,7.751428e-18,1.1987225e-21,3.497543e-29,0.00012846063,1.1548159e-06
0.98765963,2.4140913e-33,0.012210807,7.717728e-18,1.1921823e-21,3.4714087e-29,0.00012833418,1.1532569e-06
0.9876667,2.3940065e-33,0.012203863,7.684265e-18,1.1856916e-21,3.4454697e-29,0.00012820812,1.151678e-06
0.98767346,2.3738524e-33,0.012197336,7.6488415e-18,1.1790559e-21,3.4196195e-29,0.00012806969,1.1501143e-06
0.9876797,2.3537234e-33,0.012191111,7.612186e-18,1.1723449e-21,3.3939613e-29,0.0001279233,1.1485388e-06
0.98768634,2.3338904e-33,0.012184707,7.576718e-18,1.165757e-21,3.3685225e-29,0.00012778393,1.1469812e-06
0.9876933,2.3144723e-33,0.0121778,7.543808e-18,1.1594013e-21,3.343327e-29,0.00012765717,1.1454151e-06
0.98770064,2.295322e-33,0.012170576,7.512245e-18,1.1531816e-21,3.318346e-29,0.00012753814,1.1438606e-06
0.98770773,2.276208e-33,0.012163701,7.479416e-18,1.1468814e-21,3.2935262e-29,0.00012741165,1.1423099e-06
0.9877142,2.256976e-33,0.012157425,7.444254e-18,1.1404059e-21,3.2688394e-29,0.00012726992,1.1407519e-06
0.98772043,2.237855e-33,0.0121512655,7.4084934e-18,1.1339106e-21,3.2443126e-29,0.00012712418,1.1392021e-06
0.98772717,2.2190661e-33,0.0121446755,7.374679e-18,1.1275991e-21,3.220021e-29,0.00012698908,1.13764e-06
0.9877344,2.2007389e-33,0.012137539,7.343964e-18,1.1215628e-21,3.1959853e-29,0.00012687138,1.1360936e-06
0.9877418,2.1826629e-33,0.012130202,7.3143e-18,1.1156357e-21,3.172178e-29,0.00012676035,1.134556e-06
0.98774904,2.1645366e-33,0.012123189,7.282753e-18,1.1095703e-21,3.1484275e-29,0.00012663609,1.133016e-06
0.9877554,2.146248e-33,0.012116863,7.248515e-18,1.1033097e-21,3.124829e-29,0.00012649593,1.1314748e-06
0.98776174,2.1280489e-33,0.01211068,7.213887e-18,1.097034e-21,3.1013587e-29,0.00012635133,1.1299251e-06
0.9877687,2.1103116e-33,0.012103884,7.182333e-18,1.0910446e-21,3.078185e-29,0.00012622649,1.1283865e-06
0.9877765,2.0932026e-33,0.012096224,7.1549345e-18,1.0854075e-21,3.0553266e-29,0.00012612471,1.1268642e-06
0.9877846,2.0762964e-33,0.012088159,7.128784e-18,1.0798947e-21,3.0326153e-29,0.00012603078,1.1253419e-06
0.98779196,2.0592112e-33,0.012080872,7.0996895e-18,1.0741548e-21,3.009979e-29,0.00012591734,1.1238168e-06
0.9877983,2.0417345e-33,0.012074777,7.06553e-18,1.0680329e-21,2.9873948e-29,0.00012577292,1.1222816e-06
0.9878037,2.0240492e-33,0.012069454,7.028096e-18,1.0616614e-21,2.9648416e-29,0.00012560724,1.1207476e-06
0.9878094,2.0065637e-33,0.012063977,6.991397e-18,1.0553723e-21,2.9425044e-29,0.00012544467,1.1192054e-06
0.9878159,1.9895797e-33,0.012057753,6.958316e-18,1.0494016e-21,2.920427e-29,0.00012530488,1.117679e-06
0.9878229,1.9730566e-33,0.012050873,6.92825e-18,1.043692e-21,2.898605e-29,0.00012518204,1.1161615e-06
0.98782986,1.9566559e-33,0.012043995,6.8983674e-18,1.0380215e-21,2.8769238e-29,0.00012506002,1.1146375e-06
0.9878364,1.940213e-33,0.012037552,6.866749e-18,1.0322317e-21,2.8553603e-29,0.00012492591,1.1131237e-06
0.9878428,1.923761e-33,0.012031388,6.8338933e-18,1.0263604e-21,2.8339147e-29,0.00012478359,1.1115991e-06
0.9878493,1.9075652e-33,0.012024997,6.8022077e-18,1.0206007e-21,2.8126946e-29,0.0001246481,1.1100914e-06
0.98785627,1.8916944e-33,0.012018112,6.77279e-18,1.0150478e-21,2.7916562e-29,0.00012452542,1.1085781e-06
0.9878635,1.876099e-33,0.012011049,6.744531e-18,1.009614e-21,2.7708607e-29,0.00012441023,1.1070773e-06
0.9878704,1.8604758e-33,0.0120042395,6.7151577e-18,1.0041017e-21,2.7501353e-29,0.00012428706,1.10557e-06
0.9878769,1.8447567e-33,0.011997955,6.6836396e-18,9.984402e-22,2.72948e-29,0.00012414904,1.1040621e-06
0.9878829,1.8290995e-33,0.011991965,6.651556e-18,9.927494e-22,2.7089998e-29,0.00012400733,1.1025559e-06
0.9878897,1.8137705e-33,0.011985371,6.621324e-18,9.872349e-22,2.688716e-29,0.00012387626,1.1010544e-06
0.9878969,1.7987901e-33,0.011978305,6.5937466e-18,9.819538e-22,2.6686462e-29,0.00012376168,1.0995578e-06
0.9879043,1.7840292e-33,0.011970994,6.5671875e-18,9.767607e-22,2.6487676e-29,0.00012365312,1.0980759e-06
0.9879112,1.769213e-33,0.011964185,6.5388855e-18,9.714611e-22,2.628955e-29,0.00012353236,1.0965808e-06
0.9879176,1.7542914e-33,0.011957897,6.5082686e-18,9.659872e-22,2.6092496e-29,0.00012339586,1.095085e-06
0.98792386,1.7394025e-33,0.011951747,6.4772014e-18,9.605e-22,2.5896517e-29,0.00012325669,1.093587e-06
0.9879309,1.7249441e-33,0.011944973,6.4489693e-18,9.55256e-22,2.5703016e-29,0.00012313397,1.0921045e-06
0.9879385,1.71092e-33,0.011937389,6.424391e-18,9.503239e-22,2.551195e-29,0.00012303561,1.0906225e-06
0.98794657,1.6971273e-33,0.011929428,6.4010325e-18,9.455006e-22,2.532231e-29,0.00012294395,1.0891513e-06
0.9879539,1.6831878e-33,0.011922193,6.375054e-18,9.404967e-22,2.5133491e-29,0.00012283493,1.0876729e-06
0.98796004,1.6689147e-33,0.011916175,6.3445497e-18,9.351506e-22,2.4945098e-29,0.0001226952,1.0861933e-06
0.9879655,1.6544844e-33,0.0119108325,6.3111288e-18,9.295824e-22,2.4756964e-29,0.00012253498,1.0847066e-06
0.9879711,1.640191e-33,0.011905449,6.278315e-18,9.240933e-22,2.4570254e-29,0.00012237755,1.0832139e-06
0.9879775,1.6263326e-33,0.011899191,6.2488234e-18,9.188758e-22,2.4385901e-29,0.00012224162,1.0817301e-06
