forecast_step,MoE_TB
0,396.17252
1,396.21234
2,396.22888
3,396.23428
4,396.25903
5,396.2946
6,396.32935
7,396.35382
8,396.37866
9,396.4037
10,396.43292
11,396.46967
12,396.50256
13,396.53113
14,396.55826
15,396.5793
16,396.6042
17,396.6495
18,396.69553
19,396.72742
20,396.75983
21,396.7866
22,396.81146
23,396.87878
24,396.91772
25,396.9547
26,396.98212
27,397.0027
28,397.03174
29,397.06827
30,397.10498
31,397.13443
32,397.1643
33,397.19183
34,397.22174
35,397.25903
36,397.2935
37,397.3238
38,397.35385
39,397.37885
40,397.40796
41,397.44336
42,397.48325
43,397.5146
44,397.547
45,397.57428
46,397.60275
47,397.65186
48,397.6891
49,397.72562
50,397.75687
51,397.78323
52,397.81396
53,397.84924
54,397.88486
55,397.91696
56,397.94852
57,397.9779
58,398.00873
59,398.04544
60,398.0797
61,398.11182
62,398.14282
63,398.17026
64,398.2006
65,398.23364
66,398.2697
67,398.30118
68,398.33298
69,398.36127
70,398.39124
71,398.43094
72,398.466
73,398.50104
74,398.53326
75,398.56223
76,398.59344
77,398.62747
78,398.66183
79,398.69446
80,398.72653
81,398.7571
82,398.78864
83,398.82422
84,398.85828
85,398.89145
86,398.9235
87,398.95316
88,398.98474
89,399.01776
90,399.05246
91,399.08475
92,399.11697
93,399.14682
94,399.17786
95,399.21338
96,399.24744
97,399.28195
98,399.3149
99,399.34592
100,399.378
101,399.41177
102,399.44592
103,399.47925
104,399.5121
105,399.54382
106,399.57617
107,399.61127
108,399.6454
109,399.6794
110,399.71234
111,399.74384
112,399.7765
113,399.81033
114,399.84488
115,399.87814
116,399.91095
117,399.94202
118,399.97375
119,400.0078
120,400.04166
121,400.076
122,400.10944
123,400.1415
124,400.17438
125,400.20813
126,400.24234
127,400.276
128,400.30927
129,400.3417
130,400.37476
131,400.40936
132,400.44366
133,400.47787
134,400.5112
135,400.54352
136,400.57684
137,400.6109
138,400.64548
139,400.67926
140,400.7122
141,400.74393
142,400.77585
143,400.8093
144,400.8429
145,400.8769
146,400.9103
147,400.94278
148,400.97568
149,401.0093
150,401.0431
151,401.07672
152,401.1098
153,401.14236
154,401.1754
155,401.20953
156,401.24353
157,401.27747
158,401.31058
159,401.34314
160,401.37634
161,401.4104
162,401.44464
163,401.4783
164,401.5111
165,401.54282
166,401.5747
167,401.60767
168,401.641
169,401.6746
170,401.70764
171,401.74008
172,401.77286
173,401.80606
174,401.8395
175,401.87277
176,401.90558
177,401.93802
178,401.97083
179,402.00446
180,402.03802
181,402.07156
182,402.10437
183,402.1368
184,402.16992
185,402.20367
186,402.23764
187,402.27112
188,402.30362
189,402.33527
190,402.3672
191,402.39978
192,402.4328
193,402.466
194,402.49884
195,402.53116
196,402.56378
197,402.59674
198,402.62988
199,402.6629
200,402.69547
201,402.72775
202,402.76038
203,402.79364
204,402.82697
205,402.8601
206,402.8927
207,402.925
208,402.95786
209,402.99142
210,403.02515
211,403.05844
212,403.09073
213,403.1223
214,403.154
215,403.18634
216,403.2192
217,403.25214
218,403.28467
219,403.31683
220,403.3492
221,403.38242
222,403.41635
223,403.45013
224,403.48352
225,403.51675
226,403.5503
227,403.58435
228,403.61835
229,403.6523
230,403.68573
231,403.71906
232,403.75284
233,403.7871
234,403.8216
235,403.85568
236,403.88904
237,403.9218
238,403.9547
239,403.9881
240,404.0219
241,404.05585
242,404.0894
243,404.12274
244,404.15622
245,404.1901
246,404.22406
247,404.25787
248,404.29138
249,404.32474
250,404.3583
251,404.39227
252,404.42645
253,404.46042
254,404.49387
255,404.52728
256,404.56113
257,404.5955
258,404.62994
259,404.66412
260,404.6975
261,404.7304
262,404.76343
263,404.79697
264,404.83084
265,404.86475
266,404.89844
267,404.93185
268,404.96548
269,404.9994
270,405.03345
271,405.06735
272,405.10086
273,405.13434
274,405.168
275,405.20215
276,405.23627
277,405.27032
278,405.30386
279,405.33734
280,405.37128
281,405.40567
282,405.4402
283,405.4743
284,405.50778
285,405.54083
286,405.57394
287,405.60742
288,405.6414
289,405.67538
290,405.709
291,405.74252
292,405.7762
293,405.81012
294,405.84412
295,405.878
296,405.91156
297,405.94504
298,405.9787
299,406.01282
300,406.04694
301,406.0808
302,406.11438
303,406.14795
304,406.1817
305,406.21594
306,406.2504
307,406.28442
308,406.3179
309,406.3509
310,406.38394
311,406.41736
312,406.4512
313,406.48495
314,406.51855
315,406.55197
316,406.5855
317,406.61926
318,406.6531
319,406.68686
320,406.72028
321,406.7536
322,406.7871
323,406.821
324,406.85495
325,406.88867
326,406.92203
327,406.95532
328,406.98895
329,407.02298
330,407.0572
331,407.09113
332,407.12427
333,407.1571
334,407.18997
335,407.22327
336,407.25684
337,407.2904
338,407.32376
339,407.35587
340,407.3878
341,407.4207
342,407.45398
343,407.4871
344,407.52014
345,407.553
346,407.5871
347,407.62173
348,407.6566
349,407.6911
350,407.72504
351,407.75903
352,407.79343
353,407.82852
354,407.86383
355,407.89865
356,407.93256
357,407.96573
358,407.99905
359,408.03308
360,408.06754
361,408.10205
362,408.13617
363,408.17017
364,408.20422
365,408.2387
366,408.27335
367,408.30786
368,408.3419
369,408.3758
370,408.40994
371,408.4447
372,408.47964
373,408.51416
374,408.54825
375,408.5821
376,408.61655
377,408.65182
378,408.6872
379,408.7221
380,408.756
381,408.78925
382,408.82257
383,408.85657
384,408.8911
385,408.92563
386,408.95984
387,408.9938
388,409.02792
389,409.06244
390,409.09717
391,409.13168
392,409.16577
393,409.19962
394,409.23386
395,409.26865
396,409.30353
397,409.33813
398,409.37213
399,409.40604
400,409.44055
401,409.47574
402,409.51117
403,409.54608
404,409.57993
405,409.61307
406,409.6464
407,409.68027
408,409.7148
409,409.74936
410,409.78348
411,409.81735
412,409.85135
413,409.88593
414,409.92065
415,409.95508
416,409.9891
417,410.0229
418,410.05713
419,410.09177
420,410.1267
421,410.16125
422,410.19513
423,410.229
424,410.26343
425,410.29865
426,410.33414
427,410.36905
428,410.40277
429,410.43582
430,410.469
431,410.5029
432,410.53735
433,410.57193
434,410.606
435,410.6398
436,410.6738
437,410.7083
438,410.74307
439,410.77747
440,410.81143
441,410.84525
442,410.8794
443,410.9141
444,410.94907
445,410.98355
446,411.0175
447,411.05133
448,411.08575
449,411.12103
450,411.1566
451,411.19144
452,411.22522
453,411.2582
454,411.29132
455,411.32523
456,411.35974
457,411.39423
458,411.4283
459,411.46207
460,411.4961
461,411.5306
462,411.5653
463,411.5997
464,411.6336
465,411.6674
466,411.70148
467,411.73615
468,411.77115
469,411.8056
470,411.83942
471,411.87317
472,411.9075
473,411.94275
474,411.97824
475,412.0131
476,412.0467
477,412.07953
478,412.11243
479,412.1462
480,412.1805
481,412.21487
482,412.2488
483,412.28244
484,412.31622
485,412.35046
486,412.38504
487,412.41922
488,412.45288
489,412.48636
490,412.52023
491,412.55472
492,412.58942
493,412.62357
494,412.65717
495,412.69055
496,412.72467
497,412.7596
498,412.79486
499,412.8293
500,412.86264
501,412.8951
502,412.9276
503,412.961
504,412.99506
505,413.02905
506,413.06268
507,413.09583
508,413.12927
509,413.1632
510,413.1975
511,413.23138
512,413.2647
513,413.29773
514,413.33124
515,413.36542
516,413.39984
517,413.43372
518,413.46692
519,413.5
520,413.53378
521,413.5685
522,413.60345
523,413.63773
524,413.67072
525,413.70276
526,413.735
527,413.76804
528,413.80182
529,413.83557
530,413.8689
531,413.9018
532,413.93503
533,413.96875
534,414.0027
535,414.0364
536,414.0694
537,414.1023
538,414.13556
539,414.16956
540,414.20377
541,414.23752
542,414.27045
543,414.30328
544,414.33682
545,414.37146
546,414.40637
547,414.44043
548,414.47314
549,414.50497
550,414.53683
551,414.56973
552,414.60333
553,414.63693
554,414.66998
555,414.7027
556,414.7356
557,414.76913
558,414.80304
559,414.83646
560,414.86923
561,414.90176
562,414.9348
563,414.96863
564,415.00262
565,415.0361
566,415.06885
567,415.10138
568,415.13467
569,415.169
570,415.20377
571,415.23764
572,415.27075
573,415.30685
574,415.3431
575,415.3809
576,415.41983
577,415.45883
578,415.497
579,415.5347
580,415.57275
581,415.61185
582,415.6513
583,415.6903
584,415.72833
585,415.76596
586,415.80438
587,415.844
588,415.88406
589,415.92337
590,415.96146
591,415.99936
592,416.03848
593,416.07935
594,416.1208
595,416.16092
596,416.19888
597,416.2355
598,416.27234
599,416.31064
600,416.3503
601,416.38995
602,416.429
603,416.46735
604,416.5062
605,416.54614
606,416.5866
607,416.62653
608,416.66547
609,416.7042
610,416.74374
611,416.7845
612,416.82578
613,416.8663
614,416.90567
615,416.94495
616,416.9854
617,417.02774
618,417.0706
619,417.1123
620,417.15176
621,417.1899
622,417.2283
623,417.2683
624,417.30963
625,417.35107
626,417.3917
627,417.43182
628,417.4725
629,417.5142
630,417.55643
631,417.59818
632,417.63892
633,417.67944
634,417.72083
635,417.76346
636,417.8065
637,417.84872
638,417.88986
639,417.9309
640,417.9731
641,418.01703
642,418.06146
643,418.10474
644,418.14584
645,418.18558
646,418.22556
647,418.26697
648,418.3097
649,418.35245
650,418.3944
651,418.43576
652,418.4776
653,418.5203
654,418.56348
655,418.60614
656,418.64777
657,418.68918
658,418.73123
659,418.7745
660,418.81793
661,418.86063
662,418.90225
663,418.94354
664,418.98596
665,419.02997
666,419.0744
667,419.11755
668,419.1586
669,419.1983
670,419.23813
671,419.27933
672,419.32166
673,419.36383
674,419.40527
675,419.44614
676,419.4873
677,419.52933
678,419.57166
679,419.61353
680,419.65433
681,419.69476
682,419.73596
683,419.778
684,419.82043
685,419.86203
686,419.90253
687,419.94278
688,419.98407
689,420.0268
690,420.06985
691,420.11188
692,420.15173
693,420.19025
694,420.2289
695,420.26892
696,420.30997
697,420.35098
698,420.3913
699,420.43097
700,420.471
701,420.5119
702,420.5532
703,420.59387
704,420.6337
705,420.6732
706,420.7134
707,420.7546
708,420.79608
709,420.83698
710,420.87665
711,420.91614
712,420.9568
713,420.9989
714,421.04144
715,421.0829
716,421.12238
717,421.16052
718,421.1989
719,421.23865
720,421.27948
721,421.3204
722,421.36057
723,421.40024
724,421.4404
725,421.48138
726,421.5228
727,421.56378
728,421.6039
729,421.6437
730,421.68423
731,421.7259
732,421.76788
733,421.80914
734,421.84952
735,421.88968
736,421.93094
737,421.97366
738,422.017
739,422.05917
740,422.0993
741,422.13824
742,422.17743
743,422.218
744,422.25967
745,422.30136
746,422.34235
747,422.38284
748,422.4238
749,422.4656
750,422.50787
751,422.54962
752,422.59042
753,422.63104
754,422.67236
755,422.7146
756,422.7573
757,422.79922
758,422.84015
759,422.88083
760,422.9226
761,422.9659
762,423.00958
763,423.05203
764,423.09268
765,423.13187
766,423.17133
767,423.2121
768,423.25388
769,423.2957
770,423.3368
771,423.37732
772,423.4182
773,423.45978
774,423.50186
775,423.54337
776,423.584
777,423.62427
778,423.66516
779,423.70706
780,423.74933
781,423.7907
782,423.83112
783,423.87122
784,423.91235
785,423.95493
786,423.99792
787,424.03973
788,424.07962
789,424.11807
790,424.15683
791,424.19666
792,424.23764
793,424.2786
794,424.31882
795,424.35843
796,424.3984
797,424.4392
798,424.48038
799,424.52106
800,424.56076
801,424.60013
802,424.6402
803,424.6812
804,424.72263
805,424.76328
806,424.8028
807,424.84213
808,424.88254
809,424.9244
810,424.96677
811,425.00793
812,425.04712
813,425.0849
814,425.12296
815,425.1622
816,425.20273
817,425.24332
818,425.28305
819,425.32227
820,425.36188
821,425.40237
822,425.4433
823,425.48373
824,425.5233
825,425.56247
826,425.60248
827,425.6435
828,425.68497
829,425.72565
830,425.76526
831,425.80463
832,425.8452
833,425.88736
834,425.93002
835,425.97153
836,426.01102
837,426.04904
838,426.0873
839,426.12704
840,426.168
841,426.20898
842,426.24924
843,426.2889
844,426.329
845,426.37012
846,426.4116
847,426.45264
848,426.49265
849,426.5324
850,426.5729
851,426.61456
852,426.65665
853,426.69797
854,426.73807
855,426.77798
856,426.81915
857,426.8619
858,426.9052
859,426.9472
860,426.98718
861,427.02567
862,427.06436
863,427.10446
864,427.14584
865,427.1873
866,427.22784
867,427.26782
868,427.30832
869,427.34964
870,427.39145
871,427.43268
872,427.47296
873,427.51282
874,427.55347
875,427.5953
876,427.63748
877,427.67877
878,427.7189
879,427.75882
880,427.8
881,427.84265
882,427.88593
883,427.9279
884,427.96756
885,428.00583
886,428.04422
887,428.0841
888,428.12515
889,428.16632
890,428.2065
891,428.2462
892,428.28622
893,428.3272
894,428.36865
895,428.4095
896,428.44925
897,428.48868
898,428.52887
899,428.57022
900,428.61194
901,428.65283
902,428.69244
903,428.73178
904,428.77234
905,428.8146
906,428.85742
907,428.89886
908,428.93805
909,428.9756
910,429.0134
911,429.05267
912,429.0933
913,429.13385
914,429.17352
915,429.21268
916,429.25208
917,429.29257
918,429.33353
919,429.37387
920,429.41312
921,429.45197
922,429.49164
923,429.53253
924,429.57385
925,429.61423
926,429.65335
927,429.69214
928,429.7323
929,429.77426
930,429.81677
931,429.85782
932,429.89655
933,429.93344
934,429.97064
935,430.00946
936,430.04965
937,430.08984
938,430.12915
939,430.16772
940,430.20676
941,430.2469
942,430.28748
943,430.32742
944,430.3662
945,430.4046
946,430.4438
947,430.48444
948,430.5254
949,430.5655
950,430.60406
951,430.64252
952,430.68222
953,430.72394
954,430.7662
955,430.80704
956,430.84515
957,430.88153
958,430.91818
959,430.9565
960,430.9963
961,431.03616
962,431.07498
963,431.11313
964,431.15164
965,431.1914
966,431.23166
967,431.27127
968,431.30963
969,431.34756
970,431.38635
971,431.42667
972,431.46735
973,431.5071
974,431.5453
975,431.58325
976,431.6227
977,431.66425
978,431.70642
979,431.74707
980,431.78476
981,431.82062
982,431.8567
983,431.89468
984,431.93423
985,431.97397
986,432.01242
987,432.05023
988,432.0886
989,432.12817
990,432.16843
991,432.20782
992,432.24597
993,432.28366
994,432.3223
995,432.3626
996,432.40338
997,432.44308
998,432.48123
999,432.51904
1000,432.55847
1001,432.60022
1002,432.6427
1003,432.68338
1004,432.7211
1005,432.75668
1006,432.79263
1007,432.83066
1008,432.87036
1009,432.9101
1010,432.94876
1011,432.98657
1012,433.025
1013,433.06473
1014,433.10513
1015,433.1448
1016,433.18304
1017,433.2208
1018,433.25952
1019,433.30005
1020,433.34116
1021,433.38107
1022,433.41925
1023,433.45703
1024,433.49664
1025,433.5387
1026,433.58157
1027,433.62256
1028,433.6602
1029,433.69565
1030,433.7314
1031,433.7694
1032,433.80923
1033,433.8491
1034,433.8877
1035,433.92548
1036,433.9637
1037,434.0035
1038,434.044
1039,434.08362
1040,434.12167
1041,434.15918
1042,434.1978
1043,434.23834
1044,434.27945
1045,434.3192
1046,434.35712
1047,434.39465
1048,434.43405
1049,434.47607
1050,434.51904
1051,434.5599
1052,434.59717
1053,434.63208
1054,434.6673
1055,434.70483
1056,434.74448
1057,434.78406
1058,434.82233
1059,434.8596
1060,434.89746
1061,434.93704
1062,434.97726
1063,435.01666
1064,435.05423
1065,435.09134
1066,435.12964
1067,435.16992
1068,435.2109
1069,435.25043
1070,435.288
1071,435.32513
1072,435.36435
1073,435.40637
1074,435.44934
1075,435.49017
1076,435.52716
1077,435.56152
1078,435.59644
1079,435.63376
1080,435.6733
1081,435.7129
1082,435.75104
1083,435.7882
1084,435.82608
1085,435.86566
1086,435.90613
1087,435.94562
1088,435.98325
1089,436.02032
1090,436.05878
1091,436.09943
1092,436.1407
1093,436.18063
1094,436.21838
1095,436.25574
1096,436.29535
1097,436.33795
1098,436.38165
1099,436.42297
1100,436.4603
1101,436.4949
1102,436.5299
1103,436.56763
1104,436.60776
1105,436.64798
1106,436.6866
1107,436.72427
1108,436.76266
1109,436.80292
1110,436.84402
1111,436.88422
1112,436.92236
1113,436.96002
1114,436.99915
1115,437.0405
1116,437.08258
1117,437.12317
1118,437.1616
1119,437.19952
1120,437.23978
1121,437.28326
1122,437.3278
1123,437.36993
1124,437.4078
1125,437.44278
1126,437.47824
1127,437.51654
1128,437.55737
1129,437.59827
1130,437.63742
1131,437.6756
1132,437.7145
1133,437.75537
1134,437.7972
1135,437.83795
1136,437.8767
1137,437.91476
1138,437.9544
1139,437.99646
1140,438.03925
1141,438.08044
1142,438.11926
1143,438.15762
1144,438.19846
1145,438.2427
1146,438.28802
1147,438.3308
1148,438.36914
1149,438.40433
1150,438.4402
1151,438.47888
1152,438.5203
1153,438.5618
1154,438.60162
1155,438.64026
1156,438.67972
1157,438.72125
1158,438.76373
1159,438.80515
1160,438.84442
1161,438.88312
1162,438.92346
1163,438.96622
1164,439.0098
1165,439.05176
1166,439.09125
1167,439.13034
1168,439.17203
1169,439.2172
1170,439.2635
1171,439.30725
1172,439.34625
1173,439.38214
1174,439.41864
1175,439.45825
1176,439.50058
1177,439.543
1178,439.5837
1179,439.62326
1180,439.6636
1181,439.70615
1182,439.7497
1183,439.79208
1184,439.8324
1185,439.87195
1186,439.91312
1187,439.957
1188,440.00168
1189,440.04468
1190,440.0851
1191,440.12503
1192,440.16766
1193,440.21387
1194,440.2614
1195,440.30603
1196,440.3459
1197,440.3825
1198,440.41977
1199,440.4601
1200,440.50333
1201,440.54657
1202,440.588
1203,440.6282
1204,440.66928
1205,440.7125
1206,440.7567
1207,440.79974
1208,440.84058
1209,440.88058
1210,440.92227
1211,440.96664
1212,441.01187
1213,441.05524
1214,441.09595
1215,441.1362
1216,441.17914
1217,441.2257
1218,441.2735
1219,441.3184
1220,441.35837
1221,441.3949
1222,441.43207
1223,441.4725
1224,441.51562
1225,441.55887
1226,441.60025
1227,441.64026
1228,441.68118
1229,441.7243
1230,441.76843
1231,441.81128
1232,441.85184
1233,441.89163
1234,441.93307
1235,441.97726
1236,442.02228
1237,442.06552
1238,442.1059
1239,442.14578
1240,442.18848
1241,442.23495
1242,442.28265
1243,442.32742
1244,442.36703
1245,442.40323
1246,442.44003
1247,442.48022
1248,442.5232
1249,442.5663
1250,442.60757
1251,442.6474
1252,442.6882
1253,442.73126
1254,442.7754
1255,442.81827
1256,442.85883
1257,442.8986
1258,442.9401
1259,442.9844
1260,443.02963
1261,443.07294
1262,443.1135
1263,443.15363
1264,443.19647
1265,443.24332
1266,443.29147
1267,443.33658
1268,443.37653
1269,443.41287
1270,443.44983
1271,443.49036
1272,443.5338
1273,443.57733
1274,443.61905
1275,443.6592
1276,443.70044
1277,443.74402
1278,443.78864
1279,443.832
1280,443.87302
1281,443.91312
1282,443.9551
1283,443.99994
1284,444.04578
1285,444.0896
1286,444.13058
1287,444.17102
1288,444.21445
1289,444.26175
1290,444.31042
1291,444.35596
1292,444.3963
1293,444.43286
1294,444.47006
1295,444.51083
1296,444.5547
1297,444.59854
1298,444.64047
1299,444.68085
1300,444.7223
1301,444.76614
1302,444.81113
1303,444.85474
1304,444.89584
1305,444.93613
1306,444.9783
1307,445.02338
1308,445.06937
1309,445.11346
1310,445.1546
1311,445.19522
1312,445.23883
1313,445.28647
1314,445.33557
1315,445.38153
1316,445.42197
1317,445.45874
1318,445.4962
1319,445.53735
1320,445.58163
1321,445.62604
1322,445.66846
1323,445.70944
1324,445.75153
1325,445.79608
1326,445.84192
1327,445.8864
1328,445.92847
1329,445.9698
1330,446.0131
1331,446.05945
1332,446.10687
1333,446.15237
1334,446.195
1335,446.23712
1336,446.2825
1337,446.33212
1338,446.3832
1339,446.4313
1340,446.47388
1341,446.51288
1342,446.55267
1343,446.59634
1344,446.64325
1345,446.69043
1346,446.73572
1347,446.7797
1348,446.82486
1349,446.87265
1350,446.9218
1351,446.96967
1352,447.01523
1353,447.06012
1354,447.10712
1355,447.15726
1356,447.20847
1357,447.25784
1358,447.30438
1359,447.35068
1360,447.40002
1361,447.45367
1362,447.50885
1363,447.561
1364,447.60782
1365,447.65103
1366,447.69513
1367,447.74298
1368,447.79398
1369,447.84525
1370,447.8946
1371,447.94266
1372,447.9918
1373,448.04346
1374,448.09634
1375,448.14786
1376,448.19708
1377,448.24554
1378,448.29593
1379,448.3492
1380,448.40347
1381,448.4558
1382,448.5053
1383,448.55423
1384,448.60614
1385,448.66196
1386,448.7191
1387,448.773
1388,448.82178
1389,448.86694
1390,448.91266
1391,448.96188
1392,449.01392
1393,449.06595
1394,449.1161
1395,449.16464
1396,449.21414
1397,449.26587
1398,449.31842
1399,449.36963
1400,449.41843
1401,449.4663
1402,449.51584
1403,449.5679
1404,449.6207
1405,449.67154
1406,449.71954
1407,449.76688
1408,449.81677
1409,449.87036
1410,449.92496
1411,449.97653
1412,450.02283
1413,450.06573
1414,450.10904
1415,450.15546
1416,450.20456
1417,450.2536
1418,450.30066
1419,450.3462
1420,450.39252
1421,450.44092
1422,450.49023
1423,450.5381
1424,450.5836
1425,450.62814
1426,450.67438
1427,450.7231
1428,450.77258
1429,450.82016
1430,450.8648
1431,450.9091
1432,450.95587
1433,451.00623
1434,451.0578
1435,451.1063
1436,451.1499
1437,451.19006
1438,451.23077
1439,451.27466
1440,451.3213
1441,451.36804
1442,451.4129
1443,451.45636
1444,451.5008
1445,451.54736
1446,451.595
1447,451.64142
1448,451.68546
1449,451.72885
1450,451.77405
1451,451.82187
1452,451.87057
1453,451.91742
1454,451.9618
1455,452.00565
1456,452.05225
1457,452.1027
1458,452.15436
1459,452.20328
1460,452.24722
1461,452.28787
1462,452.32913
1463,452.37393
1464,452.42145
1465,452.46927
1466,452.51517
1467,452.55988
1468,452.6056
1469,452.6536
1470,452.7027
1471,452.7506
1472,452.79633
1473,452.8413
1474,452.88815
1475,452.9377
1476,452.98813
1477,453.03683
1478,453.08295
1479,453.12866
1480,453.17697
1481,453.22913
1482,453.2825
1483,453.333
1484,453.3786
1485,453.42087
1486,453.4638
1487,453.51
1488,453.5589
1489,453.608
1490,453.65512
1491,453.701
1492,453.74783
1493,453.79666
1494,453.84662
1495,453.89517
1496,453.9415
1497,453.987
1498,454.03424
1499,454.08392
1500,454.13437
1501,454.183
1502,454.2289
1503,454.2743
1504,454.32224
1505,454.37375
1506,454.4263
1507,454.47604
1508,454.5207
1509,454.562
1510,454.6038
1511,454.64865
1512,454.6962
1513,454.74368
1514,454.7892
1515,454.83334
1516,454.8783
1517,454.9252
1518,454.9731
1519,455.01965
1520,455.06387
1521,455.10712
1522,455.152
1523,455.19943
1524,455.24756
1525,455.29373
1526,455.33716
1527,455.38016
1528,455.42557
1529,455.47467
1530,455.52472
1531,455.57196
1532,455.6141
1533,455.65283
1534,455.69208
1535,455.73453
1536,455.77972
1537,455.82486
1538,455.86804
1539,455.90994
1540,455.95267
1541,455.99744
1542,456.0434
1543,456.08792
1544,456.13016
1545,456.1716
1546,456.21478
1547,456.26056
1548,456.30722
1549,456.35208
1550,456.3941
1551,456.43573
1552,456.48007
1553,456.52817
1554,456.57764
1555,456.6241
1556,456.6655
1557,456.70352
1558,456.74203
1559,456.78406
1560,456.82898
1561,456.87405
1562,456.91714
1563,456.959
1564,457.00186
1565,457.0469
1566,457.09314
1567,457.13812
1568,457.18085
1569,457.22278
1570,457.2666
1571,457.31323
1572,457.36078
1573,457.4065
1574,457.44943
1575,457.49185
1576,457.5373
1577,457.5867
1578,457.63727
1579,457.68494
1580,457.72736
1581,457.7664
1582,457.806
1583,457.84915
1584,457.89523
1585,457.9415
1586,457.98575
1587,458.02866
1588,458.0726
1589,458.1188
1590,458.16614
1591,458.21222
1592,458.25583
1593,458.2987
1594,458.34335
1595,458.3908
1596,458.43924
1597,458.48563
1598,458.5292
1599,458.57224
1600,458.6182
1601,458.66806
1602,458.71915
1603,458.76718
1604,458.8098
1605,458.84885
1606,458.88846
1607,458.9315
1608,458.97754
1609,459.02365
1610,459.0677
1611,459.11023
1612,459.15372
1613,459.19952
1614,459.24628
1615,459.2918
1616,459.33475
1617,459.37674
1618,459.42062
1619,459.4672
1620,459.5148
1621,459.5602
1622,459.60272
1623,459.64453
1624,459.68936
1625,459.73816
1626,459.78818
1627,459.835
1628,459.8762
1629,459.91367
1630,459.9517
1631,459.99326
1632,460.03793
1633,460.08258
1634,460.1251
1635,460.16595
1636,460.20792
1637,460.2522
1638,460.29764
1639,460.34143
1640,460.38275
1641,460.42313
1642,460.46536
1643,460.51056
1644,460.5566
1645,460.60056
1646,460.64148
1647,460.68173
1648,460.72498
1649,460.7724
1650,460.8212
1651,460.8667
1652,460.90637
1653,460.94214
1654,460.97842
1655,461.01862
1656,461.06183
1657,461.1052
1658,461.14627
1659,461.18573
1660,461.2263
1661,461.26926
1662,461.31348
1663,461.35614
1664,461.3961
1665,461.43512
1666,461.47604
1667,461.52014
1668,461.56516
1669,461.60797
1670,461.64755
1671,461.68655
1672,461.7287
1673,461.7753
1674,461.82315
1675,461.86765
1676,461.90613
1677,461.9404
1678,461.97537
1679,462.0142
1680,462.05637
1681,462.09872
1682,462.13852
1683,462.1768
1684,462.2162
1685,462.25806
1686,462.30133
1687,462.34293
1688,462.38168
1689,462.4194
1690,462.4593
1691,462.50238
1692,462.54654
1693,462.58835
1694,462.62674
1695,462.66443
1696,462.70557
1697,462.75134
1698,462.79858
1699,462.84222
1700,462.87943
1701,462.91232
1702,462.94583
1703,462.9836
1704,463.02487
1705,463.0662
1706,463.10507
1707,463.1423
1708,463.18057
1709,463.22174
1710,463.26422
1711,463.30505
1712,463.3429
1713,463.37964
1714,463.41864
1715,463.4612
1716,463.50488
1717,463.5461
1718,463.58368
1719,463.62073
1720,463.6613
1721,463.70688
1722,463.75406
1723,463.7975
1724,463.83408
1725,463.86618
1726,463.89893
1727,463.93622
1728,463.97736
1729,464.0186
1730,464.05728
1731,464.09415
1732,464.13226
1733,464.1734
1734,464.21603
1735,464.25687
1736,464.2946
1737,464.3313
1738,464.37033
1739,464.41312
1740,464.45718
1741,464.4986
1742,464.5363
1743,464.57333
1744,464.6142
1745,464.66034
1746,464.70822
1747,464.75204
1748,464.78876
1749,464.82068
1750,464.85333
1751,464.89078
1752,464.93225
1753,464.97375
1754,465.01263
1755,465.04965
1756,465.08786
1757,465.12933
1758,465.17224
1759,465.21332
1760,465.25116
1761,465.28775
1762,465.32693
1763,465.36993
1764,465.41418
1765,465.45578
1766,465.49338
1767,465.53018
1768,465.57098
1769,465.61734
1770,465.66544
1771,465.70926
1772,465.7455
1773,465.7769
1774,465.80887
1775,465.84573
1776,465.8869
1777,465.92813
1778,465.9665
1779,466.00284
1780,466.04047
1781,466.08145
1782,466.12396
1783,466.16446
1784,466.2015
1785,466.23734
1786,466.27576
1787,466.31824
1788,466.36206
1789,466.40295
1790,466.43967
1791,466.4756
1792,466.51572
1793,466.56165
1794,466.60953
1795,466.65274
1796,466.68817
1797,466.71826
1798,466.74915
1799,466.78528
1800,466.82584
1801,466.8665
1802,466.9041
1803,466.9397
1804,466.97665
1805,467.01712
1806,467.0594
1807,467.09958
1808,467.13608
1809,467.17133
1810,467.20935
1811,467.25177
1812,467.2956
1813,467.33646
1814,467.3729
1815,467.40863
1816,467.44882
1817,467.49518
1818,467.5435
1819,467.58725
1820,467.62268
1821,467.65256
1822,467.68347
1823,467.71985
1824,467.76093
1825,467.80222
1826,467.8404
1827,467.87643
1828,467.9141
1829,467.95535
1830,467.99857
1831,468.0396
1832,468.07693
1833,468.11288
1834,468.15195
1835,468.19547
1836,468.2406
1837,468.2826
1838,468.32013
1839,468.35684
1840,468.3983
1841,468.44617
1842,468.49615
1843,468.54132
1844,468.5779
1845,468.60867
1846,468.6405
1847,468.678
1848,468.72043
1849,468.7631
1850,468.80258
1851,468.83975
1852,468.87863
1853,468.92136
1854,468.96588
1855,469.0083
1856,469.04678
1857,469.08386
1858,469.12415
1859,469.16907
1860,469.2156
1861,469.25885
1862,469.29742
1863,469.3352
1864,469.3778
1865,469.4271
1866,469.47858
1867,469.5249
1868,469.56244
1869,469.594
1870,469.62653
1871,469.665
1872,469.70862
1873,469.75235
1874,469.79266
1875,469.83078
1876,469.87057
1877,469.9143
1878,469.95996
1879,470.00348
1880,470.04285
1881,470.0808
1882,470.12207
1883,470.1681
1884,470.21582
1885,470.26016
1886,470.29974
1887,470.33844
1888,470.3822
1889,470.4328
1890,470.48572
1891,470.53336
1892,470.57196
1893,470.60437
1894,470.6379
1895,470.67755
1896,470.72238
1897,470.7676
1898,470.80933
1899,470.8487
1900,470.88977
1901,470.93503
1902,470.98236
1903,471.02734
1904,471.06818
1905,471.10764
1906,471.1505
1907,471.1983
1908,471.2478
1909,471.29388
1910,471.3351
1911,471.37546
1912,471.421
1913,471.4736
1914,471.52847
1915,471.57806
1916,471.61826
1917,471.65225
1918,471.68738
1919,471.72876
1920,471.77545
1921,471.82245
1922,471.86594
1923,471.90698
1924,471.94983
1925,471.99683
1926,472.04584
1927,472.0925
1928,472.1349
1929,472.1759
1930,472.22015
1931,472.26956
1932,472.32062
1933,472.36813
1934,472.4106
1935,472.45215
1936,472.49887
1937,472.55267
1938,472.6089
1939,472.65958
1940,472.70065
1941,472.73535
1942,472.7711
1943,472.8132
1944,472.86053
1945,472.9081
1946,472.95206
1947,472.99353
1948,473.03674
1949,473.08395
1950,473.13327
1951,473.1801
1952,473.22253
1953,473.26346
1954,473.30765
1955,473.357
1956,473.40787
1957,473.4552
1958,473.4974
1959,473.53857
1960,473.5849
1961,473.63843
1962,473.69434
1963,473.74448
1964,473.78506
1965,473.81897
1966,473.85394
1967,473.8954
1968,473.9422
1969,473.98917
1970,474.03244
1971,474.07318
1972,474.11557
1973,474.16235
1974,474.211
1975,474.25726
1976,474.29907
1977,474.33936
1978,474.38297
1979,474.4318
1980,474.48236
1981,474.5293
1982,474.57092
1983,474.6116
1984,474.65768
1985,474.71112
1986,474.76688
1987,474.81702
1988,474.85727
1989,474.89096
1990,474.92572
1991,474.96707
1992,475.01398
1993,475.06113
1994,475.10452
1995,475.14536
1996,475.188
1997,475.23508
1998,475.28424
1999,475.33096
2000,475.37317
2001,475.41382
2002,475.45798
2003,475.50745
2004,475.55878
2005,475.60626
2006,475.64856
2007,475.6899
2008,475.7367
2009,475.791
2010,475.84763
2011,475.8986
2012,475.9395
2013,475.9738
2014,476.0092
2015,476.05115
2016,476.0989
2017,476.14673
2018,476.19083
2019,476.23224
2020,476.27563
2021,476.3233
2022,476.37317
2023,476.42044
2024,476.4632
2025,476.50433
2026,476.54898
2027,476.59897
2028,476.65076
2029,476.69873
2030,476.7414
2031,476.783
2032,476.83005
2033,476.88474
2034,476.9419
2035,476.9932
2036,477.03424
2037,477.06854
2038,477.104
2039,477.1462
2040,477.19406
2041,477.2422
2042,477.28638
2043,477.32803
2044,477.37158
2045,477.41962
2046,477.4698
2047,477.51746
2048,477.56052
2049,477.60208
2050,477.6472
2051,477.69788
2052,477.75037
2053,477.7992
2054,477.8426
2055,477.88513
2056,477.93338
2057,477.9893
2058,478.04794
2059,478.10074
2060,478.1434
2061,478.17932
2062,478.2165
2063,478.26074
2064,478.311
2065,478.36157
2066,478.40845
2067,478.45288
2068,478.49945
2069,478.55072
2070,478.60437
2071,478.6557
2072,478.70258
2073,478.74817
2074,478.7976
2075,478.85278
2076,478.91
2077,478.96368
2078,479.0123
2079,479.06006
2080,479.11374
2081,479.17548
2082,479.23993
2083,479.29883
2084,479.34775
2085,479.3901
2086,479.434
2087,479.48492
2088,479.54196
2089,479.59955
2090,479.65353
2091,479.7052
2092,479.75897
2093,479.81766
2094,479.8787
2095,479.93738
2096,479.99182
2097,480.0449
2098,480.10184
2099,480.1644
2100,480.2289
2101,480.28998
2102,480.34583
2103,480.40088
2104,480.46167
2105,480.53006
2106,480.60107
2107,480.66644
2108,480.72186
2109,480.77078
2110,480.82095
2111,480.87793
2112,480.94046
2113,481.0034
2114,481.06247
2115,481.11896
2116,481.17743
2117,481.2401
2118,481.30493
2119,481.36707
2120,481.42477
2121,481.48102
2122,481.5405
2123,481.60504
2124,481.67117
2125,481.7335
2126,481.7906
2127,481.84653
2128,481.90756
2129,481.9756
2130,482.0457
2131,482.1101
2132,482.1646
2133,482.21252
2134,482.2613
2135,482.31616
2136,482.3762
2137,482.43604
2138,482.49203
2139,482.54538
2140,482.60013
2141,482.65878
2142,482.71906
2143,482.7766
2144,482.82965
2145,482.88092
2146,482.9353
2147,482.99417
2148,483.0545
2149,483.11102
2150,483.16223
2151,483.21225
2152,483.26703
2153,483.32858
2154,483.3921
2155,483.44998
2156,483.49823
2157,483.53992
2158,483.5824
2159,483.6309
2160,483.68445
2161,483.7379
2162,483.7876
2163,483.83475
2164,483.88333
2165,483.93594
2166,483.9903
2167,484.04218
2168,484.08963
2169,484.1355
2170,484.1846
2171,484.23856
2172,484.29404
2173,484.34595
2174,484.39282
2175,484.4387
2176,484.48972
2177,484.54767
2178,484.60782
2179,484.6626
2180,484.70804
2181,484.7473
2182,484.7876
2183,484.8342
2184,484.88605
2185,484.93817
2186,484.98682
2187,485.03317
2188,485.08127
2189,485.1336
2190,485.18802
2191,485.2401
2192,485.2882
2193,485.33487
2194,485.385
2195,485.4402
2196,485.49713
2197,485.55075
2198,485.59946
2199,485.64755
2200,485.70078
2201,485.76108
2202,485.82373
2203,485.88113
2204,485.92938
2205,485.9715
2206,486.0148
2207,486.06445
2208,486.1193
2209,486.17447
2210,486.2263
2211,486.27573
2212,486.32693
2213,486.38235
2214,486.4396
2215,486.49466
2216,486.54556
2217,486.5951
2218,486.6478
2219,486.7054
2220,486.7647
2221,486.8205
2222,486.87134
2223,486.92123
2224,486.97617
2225,487.03784
2226,487.1016
2227,487.1601
2228,487.20923
2229,487.25214
2230,487.29596
2231,487.34573
2232,487.40057
2233,487.45538
2234,487.50665
2235,487.55536
2236,487.60562
2237,487.65955
2238,487.71536
2239,487.76862
2240,487.81757
2241,487.8649
2242,487.91522
2243,487.97012
2244,488.02643
2245,488.07916
2246,488.1267
2247,488.1732
2248,488.2245
2249,488.28235
2250,488.3421
2251,488.39645
2252,488.44135
2253,488.47998
2254,488.51938
2255,488.56467
2256,488.61475
2257,488.66495
2258,488.71143
2259,488.75528
2260,488.8007
2261,488.8498
2262,488.9007
2263,488.94913
2264,488.9931
2265,489.03564
2266,489.0812
2267,489.13144
2268,489.18314
2269,489.23132
2270,489.27448
2271,489.3166
2272,489.36353
2273,489.41742
2274,489.4733
2275,489.52383
2276,489.56512
2277,489.60007
2278,489.636
2279,489.67798
2280,489.7252
2281,489.77255
2282,489.81635
2283,489.85776
2284,489.90088
2285,489.948
2286,489.99725
2287,490.0441
2288,490.08664
2289,490.12778
2290,490.17227
2291,490.22177
2292,490.273
2293,490.3208
2294,490.3637
2295,490.40558
2296,490.4528
2297,490.5071
2298,490.56378
2299,490.61496
2300,490.65695
2301,490.69266
2302,490.7295
2303,490.77264
2304,490.82123
2305,490.87003
2306,490.91534
2307,490.95828
2308,491.00302
2309,491.05206
2310,491.1031
2311,491.1519
2312,491.19635
2313,491.23947
2314,491.28592
2315,491.3375
2316,491.3908
2317,491.44055
2318,491.48532
2319,491.52917
2320,491.57828
2321,491.63455
2322,491.69302
2323,491.74606
2324,491.78958
2325,491.82666
2326,491.86487
2327,491.90936
2328,491.95917
2329,492.0092
2330,492.05557
2331,492.09933
2332,492.14478
2333,492.19452
2334,492.24615
2335,492.29532
2336,492.34003
2337,492.38315
2338,492.42957
2339,492.48105
2340,492.53406
2341,492.5834
2342,492.62756
2343,492.67072
2344,492.71887
2345,492.77417
2346,492.83173
2347,492.88358
2348,492.92572
2349,492.96124
2350,492.99765
2351,493.04037
2352,493.0884
2353,493.13654
2354,493.18073
2355,493.2224
2356,493.2657
2357,493.31302
2358,493.36237
2359,493.40906
2360,493.45126
2361,493.4917
2362,493.53555
2363,493.5844
2364,493.6348
2365,493.68152
2366,493.72284
2367,493.76297
2368,493.80835
2369,493.86108
2370,493.916
2371,493.9651
2372,494.0042
2373,494.03656
2374,494.06998
2375,494.10974
2376,494.15497
2377,494.2003
2378,494.24173
2379,494.2805
2380,494.32092
2381,494.3656
2382,494.4124
2383,494.45648
2384,494.49594
2385,494.53363
2386,494.57486
2387,494.6213
2388,494.6693
2389,494.7136
2390,494.7523
2391,494.79007
2392,494.83322
2393,494.88376
2394,494.93665
2395,494.98373
2396,495.0205
2397,495.05035
2398,495.08124
2399,495.1188
2400,495.16193
2401,495.2053
2402,495.2445
2403,495.28113
2404,495.31946
2405,495.36224
2406,495.4071
2407,495.4493
2408,495.48666
2409,495.52237
2410,495.5616
2411,495.60623
2412,495.6526
2413,495.69498
2414,495.73184
2415,495.76743
2416,495.8088
2417,495.85782
2418,495.90933
2419,495.95468
2420,495.9895
2421,496.01703
2422,496.0457
2423,496.08127
2424,496.1227
2425,496.16418
2426,496.2017
2427,496.23633
2428,496.27286
2429,496.31384
2430,496.3572
2431,496.39767
2432,496.4333
2433,496.46707
2434,496.50458
2435,496.54782
2436,496.5928
2437,496.63376
2438,496.66882
2439,496.70288
2440,496.74274
2441,496.79074
2442,496.84128
2443,496.8856
2444,496.91885
2445,496.94473
2446,496.9717
2447,497.00607
2448,497.0465
2449,497.08713
2450,497.12354
2451,497.15707
2452,497.1927
2453,497.2331
2454,497.2758
2455,497.31577
2456,497.3506
2457,497.38373
2458,497.42078
2459,497.46375
2460,497.50867
2461,497.5495
2462,497.58438
2463,497.61795
2464,497.6579
2465,497.70624
2466,497.75735
2467,497.8019
2468,497.83517
2469,497.8608
2470,497.88757
2471,497.92212
2472,497.96298
2473,498.00415
2474,498.04086
2475,498.07465
2476,498.11057
2477,498.15155
2478,498.19507
2479,498.23553
2480,498.27087
2481,498.3043
2482,498.3419
2483,498.3855
2484,498.4313
2485,498.4727
2486,498.508
2487,498.542
2488,498.5823
2489,498.63147
2490,498.68353
2491,498.72873
2492,498.76212
2493,498.78757
2494,498.81427
2495,498.8488
2496,498.88995
2497,498.93127
2498,498.96802
2499,499.0017
2500,499.03748
2501,499.07843
2502,499.12192
2503,499.16226
2504,499.1971
2505,499.23007
2506,499.2672
2507,499.31055
2508,499.3561
2509,499.397
2510,499.43143
2511,499.46457
2512,499.5043
2513,499.55307
2514,499.6047
2515,499.64932
2516,499.68158
2517,499.70557
2518,499.7309
2519,499.76422
2520,499.8044
2521,499.8448
2522,499.88043
2523,499.9128
2524,499.94745
2525,499.98743
2526,500.03
2527,500.0693
2528,500.103
2529,500.13474
2530,500.17078
2531,500.21335
2532,500.25812
2533,500.29828
2534,500.3317
2535,500.36386
2536,500.40286
2537,500.45132
2538,500.50278
2539,500.54703
2540,500.57852
2541,500.60168
2542,500.62613
2543,500.65906
2544,500.69907
2545,500.7394
2546,500.7749
2547,500.80713
2548,500.84186
2549,500.88208
2550,500.9251
2551,500.96497
2552,500.99896
2553,501.03107
2554,501.06772
2555,501.11124
2556,501.15717
2557,501.19833
2558,501.23264
2559,501.26575
2560,501.306
2561,501.35602
2562,501.40942
2563,501.45523
2564,501.48813
2565,501.51224
2566,501.53796
2567,501.5724
2568,501.61432
2569,501.6566
2570,501.69382
2571,501.72775
2572,501.76428
2573,501.80658
2574,501.85184
2575,501.89374
2576,501.92972
2577,501.96375
2578,502.00235
2579,502.04813
2580,502.09637
2581,502.13974
2582,502.17606
2583,502.21103
2584,502.2535
2585,502.30594
2586,502.36166
2587,502.40973
2588,502.44443
2589,502.47018
2590,502.49756
2591,502.5337
2592,502.57764
2593,502.62183
2594,502.66098
2595,502.69656
2596,502.73474
2597,502.77887
2598,502.82596
2599,502.8697
2600,502.90726
2601,502.9427
2602,502.98303
2603,503.03058
2604,503.0806
2605,503.12552
2606,503.1633
2607,503.19974
2608,503.24368
2609,503.2979
2610,503.35556
2611,503.4053
2612,503.44147
2613,503.46832
2614,503.49686
2615,503.53455
2616,503.58008
2617,503.62592
2618,503.6666
2619,503.70377
2620,503.74356
2621,503.78946
2622,503.83826
2623,503.88382
2624,503.92307
2625,503.96024
2626,504.0023
2627,504.0519
2628,504.104
2629,504.15106
2630,504.1908
2631,504.22925
2632,504.2753
2633,504.33197
2634,504.39203
2635,504.44424
2636,504.48257
2637,504.5116
2638,504.5424
2639,504.58243
2640,504.63034
2641,504.67877
2642,504.72195
2643,504.7616
2644,504.80396
2645,504.85248
2646,504.9041
2647,504.95227
2648,504.99408
2649,505.0338
2650,505.07864
2651,505.13092
2652,505.18576
2653,505.23535
2654,505.2777
2655,505.3186
2656,505.36728
2657,505.42657
2658,505.4893
2659,505.54385
2660,505.58444
2661,505.6156
2662,505.64835
2663,505.69052
2664,505.7406
2665,505.79102
2666,505.8361
2667,505.87744
2668,505.92154
2669,505.9717
2670,506.0249
2671,506.07452
2672,506.11765
2673,506.1586
2674,506.20438
2675,506.25778
2676,506.31354
2677,506.36414
2678,506.40704
2679,506.44846
2680,506.49765
2681,506.55734
2682,506.6204
2683,506.6752
2684,506.71576
2685,506.7467
2686,506.77924
2687,506.82108
2688,506.87085
2689,506.9209
2690,506.96545
2691,507.00623
2692,507.04953
2693,507.09903
2694,507.15152
2695,507.20035
2696,507.24252
2697,507.2825
2698,507.3274
2699,507.37982
2700,507.43466
2701,507.4842
2702,507.526
2703,507.56638
2704,507.61453
2705,507.6733
2706,507.73553
2707,507.78952
2708,507.829
2709,507.8589
2710,507.8903
2711,507.93134
2712,507.98032
2713,508.0296
2714,508.07346
2715,508.11362
2716,508.1564
2717,508.20538
2718,508.2575
2719,508.3059
2720,508.3478
2721,508.38757
2722,508.43234
2723,508.48483
2724,508.53976
2725,508.58945
2726,508.63132
2727,508.672
2728,508.72046
2729,508.77985
2730,508.84268
2731,508.89725
2732,508.93732
2733,508.96774
2734,508.99976
2735,509.04144
2736,509.09143
2737,509.1415
2738,509.18622
2739,509.2273
2740,509.27097
2741,509.32095
2742,509.3742
2743,509.42365
2744,509.46655
2745,509.50714
2746,509.55292
2747,509.60648
2748,509.66254
2749,509.7132
2750,509.7561
2751,509.7976
2752,509.84708
2753,509.90732
2754,509.97113
2755,510.02655
2756,510.06723
2757,510.09824
2758,510.13083
2759,510.17313
2760,510.22357
2761,510.27426
2762,510.31943
2763,510.3608
2764,510.40485
2765,510.45526
2766,510.50885
2767,510.55862
2768,510.60178
2769,510.64258
2770,510.6886
2771,510.74237
2772,510.79868
2773,510.8496
2774,510.89264
2775,510.9343
2776,510.984
2777,511.04477
2778,511.1091
2779,511.16492
2780,511.20612
2781,511.23752
2782,511.2707
2783,511.31372
2784,511.36508
2785,511.41687
2786,511.46326
2787,511.50583
2788,511.55136
2789,511.60342
2790,511.65884
2791,511.71075
2792,511.75607
2793,511.7994
2794,511.84802
2795,511.90482
2796,511.96436
2797,512.0187
2798,512.0654
2799,512.1111
2800,512.1651
2801,512.2304
2802,512.2997
2803,512.3607
2804,512.4072
2805,512.4444
2806,512.4836
2807,512.53296
2808,512.59094
2809,512.64966
2810,512.70325
2811,512.7535
2812,512.8068
2813,512.867
2814,512.93066
2815,512.991
2816,513.0453
2817,513.0977
2818,513.1557
2819,513.2219
2820,513.29114
2821,513.35535
2822,513.4122
2823,513.468
2824,513.53235
2825,513.60785
2826,513.6873
2827,513.75867
2828,513.81604
2829,513.864
2830,513.91394
2831,513.9739
2832,514.0423
2833,514.1113
2834,514.17523
2835,514.23566
2836,514.2991
2837,514.36896
2838,514.44214
2839,514.51196
2840,514.5754
2841,514.6368
2842,514.7033
2843,514.77765
2844,514.8545
2845,514.9261
2846,514.9902
2847,515.05286
2848,515.1234
2849,515.2044
2850,515.2887
2851,515.36475
2852,515.4267
2853,515.47925
2854,515.5331
2855,515.5963
2856,515.6672
2857,515.73804
2858,515.80334
2859,515.86487
2860,515.9287
2861,515.9984
2862,516.0707
2863,516.1391
2864,516.201
2865,516.2604
2866,516.3243
2867,516.395
2868,516.4679
2869,516.53516
2870,516.59485
2871,516.65265
2872,516.71765
2873,516.7923
2874,516.8697
2875,516.9389
2876,516.99396
2877,517.0396
2878,517.0863
2879,517.14166
2880,517.2041
2881,517.2665
2882,517.32324
2883,517.37616
2884,517.43097
2885,517.4914
2886,517.5542
2887,517.61334
2888,517.6659
2889,517.7159
2890,517.7704
2891,517.83167
2892,517.8948
2893,517.95276
2894,518.00323
2895,518.0521
2896,518.1081
2897,518.1737
2898,518.24243
2899,518.30316
2900,518.3502
2901,518.38806
2902,518.42737
2903,518.47534
2904,518.53076
2905,518.5863
2906,518.6367
2907,518.68365
2908,518.7329
2909,518.788
2910,518.8459
2911,518.9004
2912,518.94885
2913,518.9952
2914,519.0464
2915,519.10474
2916,519.16547
2917,519.2214
2918,519.27014
2919,519.31775
2920,519.37286
2921,519.438
2922,519.5066
2923,519.56757
2924,519.6153
2925,519.65424
2926,519.695
2927,519.7447
2928,519.8021
2929,519.8599
2930,519.913
2931,519.9627
2932,520.01514
2933,520.07355
2934,520.135
2935,520.1931
2936,520.24554
2937,520.2959
2938,520.3511
2939,520.41364
2940,520.4785
2941,520.5386
2942,520.59174
2943,520.6438
2944,520.7031
2945,520.7723
2946,520.84485
2947,520.9097
2948,520.9615
2949,521.00446
2950,521.04895
2951,521.1022
2952,521.1628
2953,521.22363
2954,521.2794
2955,521.33185
2956,521.38654
2957,521.4469
2958,521.5099
2959,521.5695
2960,521.6229
2961,521.67426
2962,521.73
2963,521.7925
2964,521.857
2965,521.9165
2966,521.96875
2967,522.01953
2968,522.0772
2969,522.1443
2970,522.21436
2971,522.27655
2972,522.3254
2973,522.3653
2974,522.4063
2975,522.4557
2976,522.5121
2977,522.5683
2978,522.6193
2979,522.66675
2980,522.7161
2981,522.771
2982,522.8282
2983,522.88184
2984,522.92914
2985,522.9741
2986,523.02344
2987,523.0792
2988,523.13696
2989,523.18964
2990,523.235
2991,523.27893
2992,523.32947
2993,523.3896
2994,523.4525
2995,523.5077
2996,523.54956
2997,523.58246
2998,523.61664
2999,523.6593
3000,523.7089
3001,523.7588
3002,523.80334
3003,523.8444
3004,523.88776
3005,523.9367
3006,523.98816
3007,524.0363
3008,524.0783
3009,524.1182
3010,524.1627
3011,524.2139
3012,524.2676
3013,524.3163
3014,524.3578
3015,524.3982
3016,524.4456
3017,524.50287
3018,524.5634
3019,524.6164
3020,524.6561
3021,524.6872
3022,524.7197
3023,524.76105
3024,524.80994
3025,524.8591
3026,524.9034
3027,524.9442
3028,524.9876
3029,525.03705
3030,525.0893
3031,525.13824
3032,525.18134
3033,525.2225
3034,525.26843
3035,525.3215
3036,525.37695
3037,525.42773
3038,525.47144
3039,525.5139
3040,525.56384
3041,525.6237
3042,525.68695
3043,525.74255
3044,525.785
3045,525.8185
3046,525.8537
3047,525.8978
3048,525.9494
3049,526.00134
3050,526.0483
3051,526.0918
3052,526.1378
3053,526.18976
3054,526.2445
3055,526.2958
3056,526.34106
3057,526.3843
3058,526.4322
3059,526.4872
3060,526.5443
3061,526.59656
3062,526.64166
3063,526.6854
3064,526.73627
3065,526.7971
3066,526.8611
3067,526.9172
3068,526.9599
3069,526.9936
3070,527.0285
3071,527.07227
3072,527.1235
3073,527.1746
3074,527.2207
3075,527.2632
3076,527.3079
3077,527.3584
3078,527.41156
3079,527.46106
3080,527.5044
3081,527.5455
3082,527.591
3083,527.6435
3084,527.6983
3085,527.7478
3086,527.79
3087,527.8306
3088,527.87836
3089,527.9362
3090,527.9969
3091,528.0497
3092,528.0888
3093,528.1187
3094,528.14996
3095,528.1899
3096,528.23724
3097,528.28467
3098,528.32697
3099,528.36536
3100,528.40607
3101,528.45264
3102,528.5019
3103,528.54755
3104,528.5868
3105,528.62384
3106,528.66547
3107,528.7141
3108,528.76495
3109,528.8107
3110,528.84894
3111,528.8856
3112,528.92975
3113,528.9839
3114,529.04114
3115,529.09045
3116,529.1259
3117,529.152
3118,529.1794
3119,529.21576
3120,529.2597
3121,529.30396
3122,529.3428
3123,529.37787
3124,529.4154
3125,529.45886
3126,529.5051
3127,529.5476
3128,529.5839
3129,529.61786
3130,529.65643
3131,529.70233
3132,529.7506
3133,529.7936
3134,529.829
3135,529.86285
3136,529.90424
3137,529.956
3138,530.0111
3139,530.0579
3140,530.0906
3141,530.11365
3142,530.13824
3143,530.172
3144,530.21356
3145,530.2553
3146,530.29156
3147,530.32404
3148,530.359
3149,530.4001
3150,530.44403
3151,530.48425
3152,530.51794
3153,530.5492
3154,530.5855
3155,530.6292
3156,530.67523
3157,530.716
3158,530.7489
3159,530.7802
3160,530.8195
3161,530.8693
3162,530.9226
3163,530.9674
3164,530.99774
3165,531.01825
3166,531.0402
3167,531.0717
3168,531.1114
3169,531.1512
3170,531.1855
3171,531.2159
3172,531.24896
3173,531.28827
3174,531.3307
3175,531.36926
3176,531.4012
3177,531.4307
3178,531.4656
3179,531.508
3180,531.55304
3181,531.5926
3182,531.62427
3183,531.6544
3184,531.6927
3185,531.74207
3186,531.7949
3187,531.8393
3188,531.8687
3189,531.88824
3190,531.90936
3191,531.94025
3192,531.97974
3193,532.0195
3194,532.0535
3195,532.08374
3196,532.1167
3197,532.15625
3198,532.19904
3199,532.23804
3200,532.2702
3201,532.3
3202,532.3351
3203,532.3783
3204,532.4242
3205,532.4645
3206,532.4967
3207,532.52747
3208,532.5665
3209,532.617
3210,532.67126
3211,532.7166
3212,532.74677
3213,532.76654
3214,532.7881
3215,532.8197
3216,532.8601
3217,532.90076
3218,532.93555
3219,532.9663
3220,533.0
3221,533.0458
3222,533.09686
3223,533.14777
3224,533.1981
3225,533.2485
3226,533.2991
3227,533.3502
3228,533.4014
3229,533.4524
3230,533.5028
3231,533.5531
3232,533.60394
3233,533.6556
3234,533.70734
3235,533.7586
3236,533.8089
3237,533.85846
3238,533.90814
3239,533.9585
3240,534.00946
3241,534.0603
3242,534.11096
3243,534.16113
3244,534.2116
3245,534.2625
3246,534.3136
3247,534.3645
3248,534.41486
3249,534.4651
3250,534.51556
3251,534.5668
3252,534.6181
3253,534.66895
3254,534.7193
3255,534.76953
3256,534.8204
3257,534.87195
3258,534.92377
3259,534.97504
3260,535.02515
3261,535.0747
3262,535.1243
3263,535.1747
3264,535.2255
3265,535.27637
3266,535.32697
3267,535.37714
3268,535.4276
3269,535.4785
3270,535.52966
3271,535.5805
3272,535.6309
3273,535.68115
3274,535.73175
3275,535.7828
3276,535.8342
3277,535.8852
3278,535.93555
3279,535.98584
3280,536.0367
3281,536.08844
3282,536.1404
3283,536.19165
3284,536.24194
3285,536.29156
3286,536.3411
3287,536.3916
3288,536.4426
3289,536.4937
3290,536.54425
3291,536.59467
3292,536.6453
3293,536.6963
3294,536.7476
3295,536.79865
3296,536.8492
3297,536.8996
3298,536.9503
3299,537.00165
3300,537.0533
3301,537.10443
3302,537.155
3303,537.2055
3304,537.2566
3305,537.30853
3306,537.36066
3307,537.41223
3308,537.4627
3309,537.51245
3310,537.5624
3311,537.61304
3312,537.66425
3313,537.71545
3314,537.7663
3315,537.8169
3316,537.86774
3317,537.919
3318,537.9706
3319,538.02185
3320,538.07263
3321,538.12317
3322,538.1741
3323,538.22565
3324,538.2775
3325,538.32886
3326,538.3797
3327,538.4303
3328,538.4816
3329,538.53375
3330,538.5861
3331,538.63794
3332,538.68866
3333,538.7385
3334,538.7886
3335,538.8393
3336,538.89075
3337,538.9422
3338,538.9932
3339,539.044
3340,539.09503
3341,539.1465
3342,539.1981
3343,539.24963
3344,539.3005
3345,539.3512
3346,539.4024
3347,539.45416
3348,539.5061
3349,539.5576
3350,539.6086
3351,539.6595
3352,539.711
3353,539.76324
3354,539.816
3355,539.86786
3356,539.91876
3357,539.96875
3358,540.01904
3359,540.06995
3360,540.12164
3361,540.1733
3362,540.2246
3363,540.2756
3364,540.3267
3365,540.3784
3366,540.43036
3367,540.482
3368,540.53314
3369,540.5841
3370,540.63556
3371,540.68756
3372,540.7398
3373,540.7916
3374,540.8428
3375,540.8939
3376,540.9456
3377,540.9982
3378,541.0511
3379,541.1032
3380,541.1544
3381,541.2047
3382,541.25525
3383,541.30646
3384,541.35834
3385,541.41034
3386,541.4618
3387,541.513
3388,541.5645
3389,541.61633
3390,541.6685
3391,541.7205
3392,541.7719
3393,541.823
3394,541.87463
3395,541.9269
3396,541.9794
3397,542.0313
3398,542.0827
3399,542.134
3400,542.1859
3401,542.2387
3402,542.2917
3403,542.3442
3404,542.39545
3405,542.4458
3406,542.49646
3407,542.5478
3408,542.59985
3409,542.6518
3410,542.7034
3411,542.75476
3412,542.8062
3413,542.8583
3414,542.9105
3415,542.96246
3416,543.01385
3417,543.06506
3418,543.1167
3419,543.16895
3420,543.2214
3421,543.2734
3422,543.3248
3423,543.3761
3424,543.4279
3425,543.4808
3426,543.5337
3427,543.5861
3428,543.6373
3429,543.6877
3430,543.7383
3431,543.7897
3432,543.84155
3433,543.8936
3434,543.9451
3435,543.9964
3436,544.0477
3437,544.09973
3438,544.152
3439,544.20386
3440,544.25525
3441,544.3064
3442,544.3581
3443,544.4102
3444,544.4627
3445,544.51465
3446,544.566
3447,544.6173
3448,544.6692
3449,544.722
3450,544.77496
3451,544.82733
3452,544.87854
3453,544.92896
3454,544.97955
3455,545.03107
3456,545.08295
3457,545.13495
3458,545.18665
3459,545.23785
3460,545.28937
3461,545.34143
3462,545.3937
3463,545.4456
3464,545.49713
3465,545.5484
3466,545.6001
3467,545.6524
3468,545.7049
3469,545.75696
3470,545.8085
3471,545.85986
3472,545.91187
3473,545.96466
3474,546.0178
3475,546.07025
3476,546.12164
3477,546.17224
3478,546.223
3479,546.2744
3480,546.32654
3481,546.3786
3482,546.4304
3483,546.48175
3484,546.5334
3485,546.5856
3486,546.6379
3487,546.69
3488,546.74146
3489,546.7929
3490,546.84467
3491,546.8971
3492,546.94965
3493,547.00183
3494,547.0533
3495,547.1048
3496,547.1568
3497,547.2098
3498,547.263
3499,547.3155
3500,547.3669
3501,547.41754
3502,547.4683
3503,547.51984
3504,547.5719
3505,547.6241
3506,547.6759
3507,547.72736
3508,547.77905
3509,547.8312
3510,547.88367
3511,547.9357
3512,547.9873
3513,548.0388
3514,548.0907
3515,548.1432
3516,548.19586
3517,548.24817
3518,548.29974
3519,548.3514
3520,548.40356
3521,548.4566
3522,548.51
3523,548.56274
3524,548.61426
3525,548.6651
3526,548.7162
3527,548.76794
3528,548.8204
3529,548.87286
3530,548.9249
3531,548.9767
3532,549.0287
3533,549.08136
3534,549.1341
3535,549.18677
3536,549.2387
3537,549.2907
3538,549.3431
3539,549.396
3540,549.4493
3541,549.5021
3542,549.5543
3543,549.6065
3544,549.6592
3545,549.71295
3546,549.76697
3547,549.82025
3548,549.8726
3549,549.92413
3550,549.97595
3551,550.02844
3552,550.08167
3553,550.1349
3554,550.1878
3555,550.24036
3556,550.2931
3557,550.3465
3558,550.4001
3559,550.4534
3560,550.50635
3561,550.5591
3562,550.6123
3563,550.666
3564,550.72003
3565,550.77356
3566,550.8266
3567,550.8795
3568,550.93304
3569,550.9874
3570,551.04205
3571,551.096
3572,551.14905
3573,551.2014
3574,551.2538
3575,551.307
3576,551.3607
3577,551.4145
3578,551.4678
3579,551.5209
3580,551.57416
3581,551.62787
3582,551.68195
3583,551.73553
3584,551.78876
3585,551.84186
3586,551.89526
3587,551.94904
3588,552.0032
3589,552.0568
3590,552.11005
3591,552.1629
3592,552.21655
3593,552.2708
3594,552.3253
3595,552.3791
3596,552.43195
3597,552.48413
3598,552.53644
3599,552.5893
3600,552.64276
3601,552.6961
3602,552.74915
3603,552.8019
3604,552.8547
3605,552.908
3606,552.9615
3607,553.0146
3608,553.06726
3609,553.1198
3610,553.17267
3611,553.22595
3612,553.2794
3613,553.3324
3614,553.38495
3615,553.43726
3616,553.4902
3617,553.5437
3618,553.5975
3619,553.6506
3620,553.7029
3621,553.7545
3622,553.80615
3623,553.8583
3624,553.911
3625,553.9638
3626,554.0162
3627,554.0683
3628,554.12054
3629,554.1732
3630,554.226
3631,554.27856
3632,554.3307
3633,554.38275
3634,554.43506
3635,554.4878
3636,554.5408
3637,554.5934
3638,554.64545
3639,554.6974
3640,554.74994
3641,554.80304
3642,554.8565
3643,554.90936
3644,554.9613
3645,555.0127
3646,555.0642
3647,555.1162
3648,555.16876
3649,555.22144
3650,555.2737
3651,555.3257
3652,555.3779
3653,555.4306
3654,555.4834
3655,555.536
3656,555.5882
3657,555.6403
3658,555.6927
3659,555.74567
3660,555.7987
3661,555.8515
3662,555.9037
3663,555.95593
3664,556.00867
3665,556.0621
3666,556.11566
3667,556.16876
3668,556.22107
3669,556.2727
3670,556.32446
3671,556.37683
3672,556.4297
3673,556.48267
3674,556.53516
3675,556.5875
3676,556.64014
3677,556.693
3678,556.74603
3679,556.79895
3680,556.8515
3681,556.9039
3682,556.9565
3683,557.0096
3684,557.06287
3685,557.11584
3686,557.16833
3687,557.22076
3688,557.27356
3689,557.32715
3690,557.38074
3691,557.43396
3692,557.4863
3693,557.5381
3694,557.58984
3695,557.6423
3696,557.6951
3697,557.74805
3698,557.80054
3699,557.85284
3700,557.9053
3701,557.958
3702,558.011
3703,558.06366
3704,558.11597
3705,558.1682
3706,558.2206
3707,558.2735
3708,558.3264
3709,558.37915
3710,558.43134
3711,558.4835
3712,558.536
3713,558.58905
3714,558.64233
3715,558.6951
3716,558.74713
3717,558.7985
3718,558.8499
3719,558.902
3720,558.95447
3721,559.0068
3722,559.05884
3723,559.1107
3724,559.1627
3725,559.2151
3726,559.2676
3727,559.3198
3728,559.37177
3729,559.4235
3730,559.4755
3731,559.52795
3732,559.58057
3733,559.6328
3734,559.68463
3735,559.7363
3736,559.7885
3737,559.8413
3738,559.89417
3739,559.9468
3740,559.99835
3741,560.0494
3742,560.1006
3743,560.1523
3744,560.2044
3745,560.25665
3746,560.30853
3747,560.36017
3748,560.412
3749,560.46423
3750,560.5166
3751,560.5687
3752,560.6205
3753,560.6722
3754,560.72406
3755,560.7765
3756,560.8291
3757,560.8813
3758,560.93304
3759,560.98474
3760,561.037
3761,561.08984
3762,561.14276
3763,561.19543
3764,561.2471
3765,561.29834
3766,561.34955
3767,561.40137
3768,561.45374
3769,561.50616
3770,561.55804
3771,561.6099
3772,561.6619
3773,561.71436
3774,561.7667
3775,561.8191
3776,561.8711
3777,561.9229
3778,561.9751
3779,562.0277
3780,562.0804
3781,562.13275
3782,562.1848
3783,562.23676
3784,562.2891
3785,562.3421
3786,562.3953
3787,562.448
3788,562.4999
3789,562.55115
3790,562.6026
3791,562.65454
3792,562.7071
3793,562.75946
3794,562.8117
3795,562.8635
3796,562.9156
3797,562.968
3798,563.0206
3799,563.073
3800,563.12506
3801,563.1769
3802,563.22894
3803,563.2817
3804,563.33435
3805,563.3868
3806,563.4387
3807,563.49054
3808,563.5429
3809,563.5958
3810,563.649
3811,563.70154
3812,563.7534
3813,563.8045
3814,563.85583
3815,563.9078
3816,563.96
3817,564.01227
3818,564.0643
3819,564.116
3820,564.168
3821,564.2201
3822,564.2726
3823,564.32477
3824,564.3766
3825,564.42816
3826,564.4801
3827,564.53253
3828,564.5851
3829,564.6372
3830,564.6889
3831,564.7406
3832,564.79266
3833,564.8453
3834,564.8982
3835,564.95074
3836,565.0022
3837,565.05316
3838,565.10425
3839,565.1559
3840,565.20795
3841,565.26
3842,565.3117
3843,565.3633
3844,565.415
3845,565.467
3846,565.5192
3847,565.5712
3848,565.6228
3849,565.6742
3850,565.72595
3851,565.7782
3852,565.83044
3853,565.88245
3854,565.934
3855,565.9855
3856,566.03735
3857,566.0899
3858,566.1426
3859,566.1949
3860,566.24634
3861,566.29706
3862,566.34796
3863,566.39935
3864,566.4513
3865,566.5032
3866,566.5548
3867,566.60614
3868,566.65765
3869,566.70953
3870,566.76154
3871,566.8134
3872,566.8649
3873,566.91614
3874,566.9678
3875,567.0199
3876,567.07196
3877,567.12384
3878,567.1753
3879,567.22656
3880,567.2784
3881,567.33075
3882,567.3835
3883,567.43555
3884,567.4868
3885,567.53735
3886,567.5881
3887,567.6394
3888,567.69116
3889,567.7429
3890,567.7945
3891,567.8457
3892,567.89703
3893,567.9488
3894,568.00073
3895,568.05255
3896,568.1038
3897,568.155
3898,568.2064
3899,568.2584
3900,568.31055
3901,568.36224
3902,568.4135
3903,568.4648
3904,568.51636
3905,568.5687
3906,568.6213
3907,568.6734
3908,568.7245
3909,568.775
3910,568.82556
3911,568.87695
3912,568.9285
3913,568.9803
3914,569.03174
3915,569.0828
3916,569.1342
3917,569.1859
3918,569.23785
3919,569.28955
3920,569.3408
3921,569.3919
3922,569.44336
3923,569.49536
3924,569.54736
3925,569.59924
3926,569.6505
3927,569.7018
3928,569.7534
3929,569.80585
3930,569.85834
3931,569.9106
3932,569.9617
3933,570.01215
3934,570.06274
3935,570.1141
3936,570.1658
3937,570.2176
3938,570.2691
3939,570.3203
3940,570.37164
3941,570.42346
3942,570.4755
3943,570.5273
3944,570.57855
3945,570.62976
3946,570.68134
3947,570.73334
3948,570.7856
3949,570.83734
3950,570.88873
3951,570.9399
3952,570.99176
3953,571.04425
3954,571.097
3955,571.1492
3956,571.2003
3957,571.2508
3958,571.30145
3959,571.35266
3960,571.40454
3961,571.45636
3962,571.50793
3963,571.55914
3964,571.61035
3965,571.6623
3966,571.7143
3967,571.76605
3968,571.81744
3969,571.86865
3970,571.92017
3971,571.97217
3972,572.02435
3973,572.0762
3974,572.1275
3975,572.17865
3976,572.23035
3977,572.2828
3978,572.3356
3979,572.38776
3980,572.4388
3981,572.4892
3982,572.5398
3983,572.591
3984,572.6428
3985,572.6946
3986,572.74603
3987,572.7972
3988,572.84845
3989,572.90027
3990,572.95215
3991,573.0039
3992,573.0551
3993,573.1062
3994,573.1576
3995,573.2097
3996,573.2618
3997,573.31354
3998,573.3648
3999,573.41595
4000,573.4675
4001,573.52
4002,573.5728
4003,573.62494
4004,573.676
4005,573.7264
4006,573.7769
4007,573.8281
4008,573.87994
4009,573.93164
4010,573.98315
4011,574.03424
4012,574.08563
4013,574.13745
4014,574.1894
4015,574.24115
4016,574.2925
4017,574.3436
4018,574.3952
4019,574.44727
4020,574.4995
4021,574.5514
4022,574.6028
4023,574.654
4024,574.7058
4025,574.7584
4026,574.81134
4027,574.8635
4028,574.9148
4029,574.96533
4030,575.01605
4031,575.06726
4032,575.1192
4033,575.1712
4034,575.2228
4035,575.2741
4036,575.3257
4037,575.37756
4038,575.4299
4039,575.48175
4040,575.5333
4041,575.58466
4042,575.6364
4043,575.6886
4044,575.741
4045,575.7932
4046,575.8447
4047,575.8961
4048,575.9481
4049,576.00085
4050,576.054
4051,576.10645
4052,576.1578
4053,576.2085
4054,576.2593
4055,576.3108
4056,576.36285
4057,576.4151
4058,576.46686
4059,576.5183
4060,576.56995
4061,576.62213
4062,576.6746
4063,576.7266
4064,576.7783
4065,576.8298
4066,576.88165
4067,576.934
4068,576.98663
4069,577.03894
4070,577.0906
4071,577.1421
4072,577.1942
4073,577.2472
4074,577.30054
4075,577.35297
4076,577.40454
4077,577.4554
4078,577.50635
4079,577.5579
4080,577.61017
4081,577.6625
4082,577.71436
4083,577.766
4084,577.8178
4085,577.8702
4086,577.92267
4087,577.975
4088,578.0268
4089,578.07837
4090,578.1303
4091,578.1829
4092,578.2357
4093,578.2881
4094,578.34
4095,578.39166
4096,578.444
4097,578.4972
4098,578.55066
4099,578.60333
4100,578.65515
4101,578.7061
4102,578.75726
4103,578.8091
4104,578.8615
4105,578.91406
4106,578.9661
4107,579.01794
4108,579.07
4109,579.12256
4110,579.17523
4111,579.2278
4112,579.27985
4113,579.3316
4114,579.38385
4115,579.43665
4116,579.4896
4117,579.5423
4118,579.5943
4119,579.6462
4120,579.6988
4121,579.7521
4122,579.8057
4123,579.8587
4124,579.9107
4125,579.9619
4126,580.01306
4127,580.0651
4128,580.11774
4129,580.1705
4130,580.2226
4131,580.27466
4132,580.32684
4133,580.3795
4134,580.4323
4135,580.4849
4136,580.53705
4137,580.58905
4138,580.64124
4139,580.6942
4140,580.7473
4141,580.7999
4142,580.85205
4143,580.90405
4144,580.9566
4145,581.01
4146,581.0636
4147,581.1166
4148,581.1685
4149,581.21967
4150,581.271
4151,581.32306
4152,581.3757
4153,581.4283
4154,581.48047
4155,581.5324
4156,581.5845
4157,581.6371
4158,581.68994
4159,581.74255
4160,581.7945
4161,581.84644
4162,581.8986
4163,581.95154
4164,582.0045
4165,582.05707
4166,582.109
4167,582.161
4168,582.2135
4169,582.2668
4170,582.3204
4171,582.37335
4172,582.4252
4173,582.4763
4174,582.52747
4175,582.57947
4176,582.632
4177,582.6845
4178,582.7367
4179,582.7886
4180,582.8407
4181,582.8933
4182,582.946
4183,582.9986
4184,583.05066
4185,583.10254
4186,583.15466
4187,583.2075
4188,583.2605
4189,583.31323
4190,583.3651
4191,583.41705
4192,583.46954
4193,583.52295
4194,583.57654
4195,583.62964
4196,583.68134
4197,583.7326
4198,583.7838
4199,583.8358
4200,583.8884
4201,583.94116
4202,583.9933
4203,584.04535
4204,584.0974
4205,584.15015
4206,584.20294
4207,584.2556
4208,584.3077
4209,584.3596
4210,584.4119
4211,584.46484
4212,584.51794
4213,584.57056
4214,584.62274
4215,584.6747
4216,584.7273
4217,584.7807
4218,584.83435
4219,584.8873
4220,584.9394
4221,584.9906
4222,585.0419
4223,585.09393
4224,585.1466
4225,585.19934
4226,585.2516
4227,585.3036
4228,585.3558
4229,585.4085
4230,585.4613
4231,585.51385
4232,585.566
4233,585.61804
4234,585.67035
4235,585.72314
4236,585.77625
4237,585.82904
4238,585.8811
4239,585.93317
4240,585.9858
4241,586.03925
4242,586.0929
4243,586.1459
4244,586.19794
4245,586.2492
4246,586.30054
4247,586.35266
4248,586.40546
4249,586.4581
4250,586.51056
4251,586.5626
4252,586.61487
4253,586.66766
4254,586.7207
4255,586.77344
4256,586.8258
4257,586.87787
4258,586.9304
4259,586.9835
4260,587.0368
4261,587.0898
4262,587.1421
4263,587.1945
4264,587.24744
4265,587.30115
4266,587.3551
4267,587.4086
4268,587.461
4269,587.5127
4270,587.5645
4271,587.617
4272,587.67035
4273,587.72345
4274,587.7763
4275,587.82904
4276,587.8819
4277,587.93524
4278,587.9888
4279,588.04224
4280,588.0951
4281,588.1478
4282,588.20105
4283,588.2548
4284,588.3089
4285,588.3624
4286,588.4155
4287,588.4686
4288,588.5223
4289,588.5766
4290,588.6315
4291,588.6855
4292,588.73865
4293,588.791
4294,588.8437
4295,588.89703
4296,588.951
4297,589.0049
4298,589.05853
4299,589.1118
4300,589.1654
4301,589.21936
4302,589.2736
4303,589.32764
4304,589.38116
4305,589.43445
4306,589.48834
4307,589.5426
4308,589.5971
4309,589.6511
4310,589.7047
4311,589.7583
4312,589.8123
4313,589.867
4314,589.92194
4315,589.97644
4316,590.02985
4317,590.0825
4318,590.1355
4319,590.1889
4320,590.243
4321,590.29706
4322,590.3506
4323,590.404
4324,590.4576
4325,590.5114
4326,590.5656
4327,590.6194
4328,590.6728
4329,590.7261
4330,590.7795
4331,590.83356
4332,590.88776
4333,590.94147
4334,590.9946
4335,591.0477
4336,591.1014
4337,591.15564
4338,591.21
4339,591.2639
4340,591.31683
4341,591.3691
4342,591.4214
4343,591.4743
4344,591.5278
4345,591.5811
4346,591.6341
4347,591.6869
4348,591.73975
4349,591.793
4350,591.84644
4351,591.89966
4352,591.9524
4353,592.00494
4354,592.0578
4355,592.11115
4356,592.1646
4357,592.2176
4358,592.27026
4359,592.32263
4360,592.3757
4361,592.42926
4362,592.48303
4363,592.5364
4364,592.5886
4365,592.64044
4366,592.6922
4367,592.7446
4368,592.7976
4369,592.8506
4370,592.903
4371,592.95544
4372,593.0078
4373,593.0607
4374,593.1139
4375,593.1667
4376,593.2191
4377,593.27155
4378,593.3241
4379,593.3772
4380,593.4304
4381,593.48334
4382,593.5358
4383,593.58813
4384,593.6411
4385,593.69464
4386,593.74835
4387,593.80164
4388,593.85406
4389,593.9059
4390,593.95776
4391,594.0104
4392,594.06335
4393,594.1164
4394,594.1691
4395,594.2216
4396,594.2743
4397,594.3275
4398,594.38074
4399,594.43384
4400,594.4865
4401,594.539
4402,594.5919
4403,594.6453
4404,594.6988
4405,594.752
4406,594.80475
4407,594.8574
4408,594.91046
4409,594.96436
4410,595.01825
4411,595.0718
4412,595.1244
4413,595.1765
4414,595.22864
4415,595.2814
4416,595.33453
4417,595.38776
4418,595.44073
4419,595.4934
4420,595.5462
4421,595.59937
4422,595.6527
4423,595.70593
4424,595.75854
4425,595.8112
4426,595.8641
4427,595.9174
4428,595.9709
4429,596.024
4430,596.07666
4431,596.1293
4432,596.18225
4433,596.2358
4434,596.2897
4435,596.3429
4436,596.3953
4437,596.4472
4438,596.4992
4439,596.5517
4440,596.6045
4441,596.6575
4442,596.7101
4443,596.7624
4444,596.81494
4445,596.8677
4446,596.92065
4447,596.9735
4448,597.02576
4449,597.07794
4450,597.1304
4451,597.18335
4452,597.2362
4453,597.289
4454,597.3412
4455,597.3933
4456,597.4458
4457,597.499
4458,597.55225
4459,597.60504
4460,597.65704
4461,597.70856
4462,597.7601
4463,597.8122
4464,597.8646
4465,597.917
4466,597.9693
4467,598.02124
4468,598.07324
4469,598.12573
4470,598.1784
4471,598.23065
4472,598.2827
4473,598.3346
4474,598.3868
4475,598.43933
4476,598.492
4477,598.54443
4478,598.59644
4479,598.6484
4480,598.70056
4481,598.75354
4482,598.8068
4483,598.8595
4484,598.91125
4485,598.96265
4486,599.0141
4487,599.0659
4488,599.11835
4489,599.1708
4490,599.223
4491,599.2749
4492,599.327
4493,599.3795
4494,599.4321
4495,599.48456
4496,599.53656
4497,599.58856
4498,599.64075
4499,599.6935
4500,599.74634
4501,599.7989
4502,599.8511
4503,599.903
4504,599.9555
4505,600.0086
4506,600.06195
4507,600.11475
4508,600.16675
4509,600.21826
4510,600.26984
4511,600.3218
4512,600.37463
4513,600.4271
4514,600.4795
4515,600.53143
4516,600.5837
4517,600.6364
4518,600.6892
4519,600.74176
4520,600.7939
4521,600.84595
4522,600.8984
4523,600.9511
4524,601.00397
4525,601.05676
4526,601.1088
4527,601.16095
4528,601.21344
4529,601.2667
4530,601.31995
4531,601.37286
4532,601.4248
4533,601.4763
4534,601.5279
4535,601.5801
4536,601.63257
4537,601.6852
4538,601.7374
4539,601.78937
4540,601.8415
4541,601.89417
4542,601.9467
4543,601.9992
4544,602.05133
4545,602.1032
4546,602.15546
4547,602.208
4548,602.26086
4549,602.3133
4550,602.3653
4551,602.41724
4552,602.4695
4553,602.5224
4554,602.5757
4555,602.6282
4556,602.68005
4557,602.7313
4558,602.7828
4559,602.83453
4560,602.88684
4561,602.9392
4562,602.99115
4563,603.0429
4564,603.0949
4565,603.14716
4566,603.1996
4567,603.2517
4568,603.30365
4569,603.3553
4570,603.4072
4571,603.45966
4572,603.51215
4573,603.56433
4574,603.6162
4575,603.6678
4576,603.72
4577,603.7727
4578,603.82544
4579,603.87805
4580,603.9296
4581,603.98065
4582,604.0317
4583,604.08344
4584,604.1355
4585,604.18756
4586,604.23944
4587,604.291
4588,604.3427
4589,604.3948
4590,604.447
4591,604.499
4592,604.5507
4593,604.60223
4594,604.654
4595,604.70624
4596,604.75854
4597,604.8107
4598,604.8622
4599,604.91364
4600,604.9657
4601,605.01825
4602,605.071
4603,605.1232
4604,605.1746
4605,605.2255
4606,605.27655
4607,605.328
4608,605.38
4609,605.43195
4610,605.4835
4611,605.53503
4612,605.5867
4613,605.63855
4614,605.6906
4615,605.7425
4616,605.79407
4617,605.84534
4618,605.89703
4619,605.949
4620,606.0014
4621,606.05334
4622,606.1046
4623,606.15607
4624,606.2078
4625,606.2603
4626,606.313
4627,606.3652
4628,606.41644
4629,606.4672
4630,606.5179
4631,606.5693
4632,606.6213
4633,606.673
4634,606.72455
4635,606.7759
4636,606.8274
4637,606.87915
4638,606.9312
4639,606.9829
4640,607.0343
4641,607.0856
4642,607.1371
4643,607.1892
4644,607.2414
4645,607.29315
4646,607.3445
4647,607.3959
4648,607.4475
4649,607.5
4650,607.5526
4651,607.6048
4652,607.656
4653,607.7067
4654,607.75745
4655,607.8088
4656,607.8607
4657,607.9125
4658,607.964
4659,608.0152
4660,608.0668
4661,608.1186
4662,608.17053
4663,608.2223
4664,608.27374
4665,608.325
4666,608.37665
4667,608.4287
4668,608.4809
4669,608.5329
4670,608.58417
4671,608.63556
4672,608.68744
4673,608.7398
4674,608.79254
4675,608.8447
4676,608.896
4677,608.9468
4678,608.9974
4679,609.0489
4680,609.10077
4681,609.15265
4682,609.20416
4683,609.2555
4684,609.30707
4685,609.359
4686,609.411
4687,609.4628
4688,609.51434
4689,609.56555
4690,609.6172
4691,609.66925
4692,609.7215
4693,609.7735
4694,609.8248
4695,609.87616
4696,609.92804
4697,609.9806
4698,610.0332
4699,610.0854
4700,610.1367
4701,610.1873
4702,610.2381
4703,610.28937
4704,610.34125
4705,610.3931
4706,610.44464
4707,610.496
4708,610.54736
4709,610.59924
4710,610.65125
4711,610.703
4712,610.75446
4713,610.8056
4714,610.8571
4715,610.9091
4716,610.9614
4717,611.0133
4718,611.06464
4719,611.1158
4720,611.1676
4721,611.22
4722,611.27264
4723,611.32477
4724,611.376
4725,611.4264
4726,611.4772
4727,611.5285
4728,611.5804
4729,611.632
4730,611.6835
4731,611.7348
4732,611.78613
4733,611.8379
4734,611.8899
4735,611.9417
4736,611.99304
4737,612.0442
4738,612.0957
4739,612.14777
4740,612.1999
4741,612.25183
4742,612.3031
4743,612.35425
4744,612.4061
4745,612.4586
4746,612.5112
4747,612.5635
4748,612.6147
4749,612.66516
4750,612.716
4751,612.76733
4752,612.8192
4753,612.87103
4754,612.92255
4755,612.9739
4756,613.02545
4757,613.0772
4758,613.12933
4759,613.18134
4760,613.2327
4761,613.284
4762,613.33563
4763,613.3879
4764,613.4402
4765,613.49207
4766,613.54364
4767,613.59503
4768,613.64703
4769,613.6995
4770,613.75244
4771,613.8048
4772,613.8561
4773,613.90674
4774,613.9577
4775,614.00916
4776,614.0612
4777,614.1132
4778,614.1649
4779,614.21643
4780,614.268
4781,614.32007
4782,614.3723
4783,614.42426
4784,614.47595
4785,614.52734
4786,614.57916
4787,614.6314
4788,614.684
4789,614.736
4790,614.7877
4791,614.83923
4792,614.89124
4793,614.94403
4794,614.99695
4795,615.0495
4796,615.1009
4797,615.1518
4798,615.20276
4799,615.2544
4800,615.3065
4801,615.35864
4802,615.41046
4803,615.46204
4804,615.51385
4805,615.5659
4806,615.61835
4807,615.6705
4808,615.7221
4809,615.7736
4810,615.8255
4811,615.87805
4812,615.93054
4813,615.9827
4814,616.0345
4815,616.0861
4816,616.1383
4817,616.1912
4818,616.2443
4819,616.29694
4820,616.3486
4821,616.3995
4822,616.4506
4823,616.5023
4824,616.55457
4825,616.6069
4826,616.6588
4827,616.71045
4828,616.7624
4829,616.8147
4830,616.86725
4831,616.91956
4832,616.97144
4833,617.0231
4834,617.07513
4835,617.12775
4836,617.1804
4837,617.23285
4838,617.2849
4839,617.33655
4840,617.3889
4841,617.442
4842,617.49524
4843,617.54803
4844,617.5998
4845,617.65094
4846,617.7022
4847,617.7541
4848,617.8065
4849,617.8591
4850,617.9111
4851,617.9631
4852,618.0151
4853,618.0676
4854,618.12024
4855,618.17267
4856,618.2247
4857,618.27655
4858,618.32874
4859,618.3815
4860,618.43427
4861,618.4869
4862,618.53894
4863,618.5908
4864,618.6432
4865,618.6963
4866,618.7498
4867,618.8026
4868,618.85443
4869,618.90564
4870,618.957
4871,619.0091
4872,619.06146
4873,619.114
4874,619.1661
4875,619.21796
4876,619.2701
4877,619.3225
4878,619.3752
4879,619.4277
4880,619.4797
4881,619.5315
4882,619.58374
4883,619.63635
4884,619.6892
4885,619.74164
4886,619.7936
4887,619.84546
4888,619.8978
4889,619.951
4890,620.00433
4891,620.05707
4892,620.10876
4893,620.1599
4894,620.2111
4895,620.26306
4896,620.3154
4897,620.368
4898,620.42004
4899,620.47186
4900,620.52374
4901,620.5762
4902,620.6287
4903,620.68115
4904,620.733
4905,620.7848
4906,620.837
4907,620.88947
4908,620.9423
4909,620.9947
4910,621.04663
4911,621.0983
4912,621.1507
4913,621.2038
4914,621.257
4915,621.30975
4916,621.3615
4917,621.4126
4918,621.4638
4919,621.5157
4920,621.5681
4921,621.62054
4922,621.67267
4923,621.7244
4924,621.77637
4925,621.82874
4926,621.8815
4927,621.9338
4928,621.9857
4929,622.0376
4930,622.0897
4931,622.1424
4932,622.1951
4933,622.2476
4934,622.29956
4935,622.35144
4936,622.40375
4937,622.45685
4938,622.5102
4939,622.563
4940,622.6148
4941,622.6659
4942,622.7173
4943,622.76917
4944,622.8215
4945,622.87396
4946,622.9262
4947,622.978
4948,623.03
4949,623.0825
4950,623.13525
4951,623.18756
4952,623.23956
4953,623.2914
4954,623.3435
4955,623.39624
4956,623.449
4957,623.50134
4958,623.55347
4959,623.6052
4960,623.6577
4961,623.7108
4962,623.76416
4963,623.81683
4964,623.8686
4965,623.9199
4966,623.9711
4967,624.0231
4968,624.07556
4969,624.128
4970,624.1801
4971,624.23193
4972,624.284
4973,624.3364
4974,624.38916
4975,624.4415
4976,624.49347
4977,624.5454
4978,624.5976
4979,624.6502
4980,624.7031
4981,624.7557
4982,624.8077
4983,624.8596
4984,624.9121
4985,624.9653
4986,625.0186
4987,625.07153
4988,625.1234
4989,625.1748
4990,625.22614
4991,625.27826
4992,625.331
4993,625.38367
4994,625.436
4995,625.48804
4996,625.5403
4997,625.5931
4998,625.64606
4999,625.69867
5000,625.75104
5001,625.8032
5002,625.85583
5003,625.9088
5004,625.96216
5005,626.01514
5006,626.06757
5007,626.1199
5008,626.1728
5009,626.2265
5010,626.28046
5011,626.3338
5012,626.3862
5013,626.4382
5014,626.49023
5015,626.54285
5016,626.59607
5017,626.6494
5018,626.7023
5019,626.75494
5020,626.80786
5021,626.86127
5022,626.9148
5023,626.9681
5024,627.02106
5025,627.0741
5026,627.12714
5027,627.1808
5028,627.23474
5029,627.2882
5030,627.34125
5031,627.3943
5032,627.44775
5033,627.5021
5034,627.5564
5035,627.61035
5036,627.66327
5037,627.7158
5038,627.7684
5039,627.8215
5040,627.8752
5041,627.9288
5042,627.9822
5043,628.03534
5044,628.0885
5045,628.1421
5046,628.196
5047,628.2496
5048,628.3027
5049,628.3559
5050,628.40924
5051,628.463
5052,628.5169
5053,628.57043
5054,628.6238
5055,628.67664
5056,628.73016
5057,628.7843
5058,628.8385
5059,628.89215
5060,628.9451
5061,628.9974
5062,629.0498
5063,629.1027
5064,629.15607
5065,629.2094
5066,629.2625
5067,629.31525
5068,629.3681
5069,629.4213
5070,629.4747
5071,629.5278
5072,629.5806
5073,629.6332
5074,629.6859
5075,629.7392
5076,629.79254
5077,629.8456
5078,629.89813
5079,629.95056
5080,630.0035
5081,630.0569
5082,630.1105
5083,630.1637
5084,630.216
5085,630.2677
5086,630.31946
5087,630.3717
5088,630.42456
5089,630.4773
5090,630.5296
5091,630.5819
5092,630.6342
5093,630.6869
5094,630.7396
5095,630.7923
5096,630.8445
5097,630.89655
5098,630.94885
5099,631.0017
5100,631.05457
5101,631.1072
5102,631.15924
5103,631.2113
5104,631.26385
5105,631.317
5106,631.3702
5107,631.4229
5108,631.47504
5109,631.5267
5110,631.5781
5111,631.6303
5112,631.6828
5113,631.7355
5114,631.7876
5115,631.83984
5116,631.892
5117,631.9447
5118,631.9975
5119,632.05
5120,632.10223
5121,632.15436
5122,632.2068
5123,632.25946
5124,632.31256
5125,632.3653
5126,632.4175
5127,632.4697
5128,632.52234
5129,632.5756
5130,632.62897
5131,632.6821
5132,632.7342
5133,632.7861
5134,632.8378
5135,632.8902
5136,632.9429
5137,632.9958
5138,633.0482
5139,633.1005
5140,633.153
5141,633.2059
5142,633.25885
5143,633.31165
5144,633.3641
5145,633.4164
5146,633.46893
5147,633.5219
5148,633.5751
5149,633.62787
5150,633.68024
5151,633.73267
5152,633.78534
5153,633.8386
5154,633.8921
5155,633.94525
5156,633.99744
5157,634.0492
5158,634.101
5159,634.1534
5160,634.2061
5161,634.2589
5162,634.31116
5163,634.3635
5164,634.41583
5165,634.4685
5166,634.5213
5167,634.5739
5168,634.6261
5169,634.67816
5170,634.7306
5171,634.7833
5172,634.8361
5173,634.8886
5174,634.94073
5175,634.9928
5176,635.0452
5177,635.0982
5178,635.15125
5179,635.20386
5180,635.2558
5181,635.30725
5182,635.3585
5183,635.4106
5184,635.46277
5185,635.5152
5186,635.56726
5187,635.61896
5188,635.671
5189,635.7232
5190,635.7755
5191,635.8277
5192,635.8795
5193,635.93115
5194,635.9831
5195,636.0355
5196,636.08795
5197,636.14
5198,636.1918
5199,636.2434
5200,636.29553
5201,636.3481
5202,636.4008
5203,636.45306
5204,636.50464
5205,636.55585
5206,636.60693
5207,636.65857
5208,636.71063
5209,636.76263
5210,636.8145
5211,636.8661
5212,636.91785
5213,636.9699
5214,637.02216
5215,637.07416
5216,637.1258
5217,637.1773
5218,637.2292
5219,637.2815
5220,637.3339
5221,637.3859
5222,637.4377
5223,637.4892
5224,637.5413
5225,637.5938
5226,637.64667
5227,637.6991
5228,637.75073
5229,637.8017
5230,637.85297
5231,637.9047
5232,637.957
5233,638.00903
5234,638.0609
5235,638.1127
5236,638.1644
5237,638.2166
5238,638.269
5239,638.32117
5240,638.373
5241,638.4247
5242,638.4767
5243,638.52893
5244,638.5815
5245,638.6337
5246,638.6856
5247,638.73737
5248,638.78955
5249,638.8422
5250,638.89514
5251,638.9476
5252,638.9993
5253,639.0505
5254,639.10187
5255,639.1537
5256,639.20593
5257,639.2581
5258,639.3101
5259,639.3619
5260,639.41376
5261,639.466
5262,639.5183
5263,639.57043
5264,639.62225
5265,639.674
5266,639.7259
5267,639.7782
5268,639.83075
5269,639.8829
5270,639.9346
5271,639.98627
5272,640.03845
5273,640.091
5274,640.14374
5275,640.19604
5276,640.24774
5277,640.2989
5278,640.35004
5279,640.40173
5280,640.45386
5281,640.5058
5282,640.55756
5283,640.60913
5284,640.6608
5285,640.71295
5286,640.765
5287,640.8169
5288,640.86865
5289,640.92004
5290,640.9718
5291,641.0239
5292,641.0763
5293,641.1282
5294,641.17957
5295,641.2311
5296,641.28296
5297,641.3354
5298,641.3878
5299,641.44
5300,641.4914
5301,641.54236
5302,641.59326
5303,641.6447
5304,641.69653
5305,641.7484
5306,641.79987
5307,641.85126
5308,641.9027
5309,641.9545
5310,642.00653
5311,642.0582
5312,642.10956
5313,642.161
5314,642.2124
5315,642.26447
5316,642.31635
5317,642.36816
5318,642.4195
5319,642.47076
5320,642.5225
5321,642.57477
5322,642.62714
5323,642.679
5324,642.73016
5325,642.78094
5326,642.83167
5327,642.88293
5328,642.9347
5329,642.9863
5330,643.03766
5331,643.089
5332,643.14026
5333,643.1919
5334,643.2437
5335,643.2953
5336,643.3465
5337,643.39777
5338,643.4491
5339,643.50104
5340,643.5528
5341,643.6044
5342,643.65564
5343,643.7068
5344,643.75824
5345,643.8103
5346,643.8626
5347,643.9144
5348,643.9655
5349,644.01605
5350,644.0668
5351,644.1179
5352,644.16943
5353,644.22095
5354,644.2722
5355,644.3233
5356,644.37445
5357,644.426
5358,644.47766
5359,644.5292
5360,644.58026
5361,644.6313
5362,644.68256
5363,644.73425
5364,644.786
5365,644.8375
5366,644.88873
5367,644.93976
5368,644.9912
5369,645.0431
5370,645.09534
5371,645.1471
5372,645.19794
5373,645.2485
5374,645.29913
5375,645.35016
5376,645.40155
5377,645.4531
5378,645.5043
5379,645.5553
5380,645.6064
5381,645.65784
5382,645.7096
5383,645.761
5384,645.81213
5385,645.8631
5386,645.9143
5387,645.96594
5388,646.01776
5389,646.0692
5390,646.1203
5391,646.1713
5392,646.2227
5393,646.2747
5394,646.3269
5395,646.3787
5396,646.4297
5397,646.48016
5398,646.53076
5399,646.5818
5400,646.6333
5401,646.68475
5402,646.736
5403,646.7871
5404,646.8382
5405,646.8897
5406,646.9414
5407,646.9929
5408,647.044
5409,647.09503
5410,647.1464
5411,647.1981
5412,647.2499
5413,647.30145
5414,647.35254
5415,647.4037
5416,647.45496
5417,647.507
5418,647.5593
5419,647.6111
5420,647.6621
5421,647.7126
5422,647.76306
5423,647.8142
5424,647.8657
5425,647.91736
5426,647.9685
5427,648.01953
5428,648.07074
5429,648.12225
5430,648.17395
5431,648.2253
5432,648.2764
5433,648.3274
5434,648.37866
5435,648.4303
5436,648.48206
5437,648.5336
5438,648.5848
5439,648.6357
5440,648.68713
5441,648.73914
5442,648.7914
5443,648.8431
5444,648.89404
5445,648.9444
5446,648.995
5447,649.04596
5448,649.0974
5449,649.14886
5450,649.2001
5451,649.25085
5452,649.30206
5453,649.3535
5454,649.40515
5455,649.4564
5456,649.50745
5457,649.5584
5458,649.6096
5459,649.6612
5460,649.713
5461,649.76447
5462,649.8154
5463,649.86633
5464,649.9177
5465,649.9697
5466,650.02185
5467,650.0736
5468,650.1246
5469,650.1749
5470,650.22534
5471,650.2763
5472,650.32776
5473,650.3792
5474,650.4304
5475,650.4813
5476,650.53253
5477,650.5839
5478,650.63556
5479,650.68695
5480,650.73804
5481,650.78894
5482,650.8402
5483,650.8918
5484,650.94366
5485,650.9952
5486,651.04626
5487,651.09717
5488,651.1487
5489,651.20074
5490,651.25305
5491,651.3048
5492,651.3559
5493,651.40625
5494,651.45685
5495,651.5079
5496,651.55945
5497,651.61115
5498,651.66235
5499,651.71344
5500,651.7646
5501,651.81616
5502,651.8679
5503,651.91943
5504,651.9706
5505,652.02167
5506,652.07306
5507,652.1248
5508,652.1768
5509,652.22845
5510,652.27966
5511,652.33075
5512,652.3823
5513,652.4345
5514,652.487
5515,652.53876
5516,652.58984
5517,652.64044
5518,652.69116
5519,652.7423
5520,652.79407
5521,652.8458
5522,652.8971
5523,652.94824
5524,652.9996
5525,653.0513
5526,653.10315
5527,653.1547
5528,653.206
5529,653.2572
5530,653.30865
5531,653.36053
5532,653.41254
5533,653.4643
5534,653.5156
5535,653.5667
5536,653.61847
5537,653.6707
5538,653.72327
5539,653.77515
5540,653.8264
5541,653.877
5542,653.9278
5543,653.97894
5544,654.03076
5545,654.0825
5546,654.1339
5547,654.18524
5548,654.23663
5549,654.2884
5550,654.34033
5551,654.392
5552,654.4434
5553,654.4947
5554,654.5462
5555,654.5982
5556,654.6504
5557,654.7023
5558,654.75354
5559,654.8049
5560,654.8566
5561,654.9091
5562,654.9617
5563,655.0138
5564,655.06506
5565,655.1159
5566,655.16675
5567,655.21814
5568,655.26996
5569,655.322
5570,655.37354
5571,655.42487
5572,655.4764
5573,655.5284
5574,655.58044
5575,655.63226
5576,655.6838
5577,655.7352
5578,655.7868
5579,655.8389
5580,655.89136
5581,655.94324
5582,655.9948
5583,656.0462
5584,656.09814
5585,656.1506
5586,656.2033
5587,656.2556
5588,656.3071
5589,656.35785
5590,656.4088
5591,656.46045
5592,656.51245
5593,656.5644
5594,656.6159
5595,656.66754
5596,656.7191
5597,656.7711
5598,656.8233
5599,656.8752
5600,656.92676
5601,656.9783
5602,657.0299
5603,657.08203
5604,657.13446
5605,657.18646
5606,657.238
5607,657.2894
5608,657.3414
5609,657.39386
5610,657.4464
5611,657.4988
5612,657.55023
5613,657.6011
5614,657.652
5615,657.7035
5616,657.7554
5617,657.8073
5618,657.85895
5619,657.91046
5620,657.9619
5621,658.0138
5622,658.066
5623,658.1179
5624,658.16925
5625,658.22076
5626,658.2723
5627,658.3244
5628,658.3767
5629,658.4285
5630,658.4799
5631,658.5314
5632,658.58325
5633,658.6356
5634,658.6883
5635,658.7404
5636,658.79175
5637,658.84247
5638,658.89343
5639,658.94476
5640,658.99677
5641,659.04865
5642,659.10004
5643,659.1515
5644,659.20306
5645,659.25494
5646,659.3069
5647,659.35876
5648,659.4103
5649,659.4616
5650,659.51324
5651,659.5653
5652,659.61743
5653,659.6695
5654,659.72076
5655,659.77216
5656,659.82404
5657,659.87646
5658,659.929
5659,659.9812
5660,660.03253
5661,660.08344
5662,660.1342
5663,660.18567
5664,660.2377
5665,660.28955
5666,660.34106
5667,660.3926
5668,660.44403
5669,660.4959
5670,660.54803
5671,660.59985
5672,660.65137
5673,660.70276
5674,660.7544
5675,660.8065
5676,660.85876
5677,660.9106
5678,660.9621
5679,661.01355
5680,661.0655
5681,661.1178
5682,661.1705
5683,661.2227
5684,661.27405
5685,661.3248
5686,661.37585
5687,661.42737
5688,661.4792
5689,661.53107
5690,661.5827
5691,661.6341
5692,661.68567
5693,661.7376
5694,661.7897
5695,661.84143
5696,661.89294
5697,661.94434
5698,661.9959
5699,662.0481
5700,662.1003
5701,662.1522
5702,662.20355
5703,662.25507
5704,662.30695
5705,662.35925
5706,662.4119
5707,662.4641
5708,662.5155
5709,662.56635
5710,662.6173
5711,662.6689
5712,662.72064
5713,662.77264
5714,662.8243
5715,662.8758
5716,662.92737
5717,662.9793
5718,663.03143
5719,663.0834
5720,663.1351
5721,663.1864
5722,663.2382
5723,663.29047
5724,663.34283
5725,663.3948
5726,663.44653
5727,663.49805
5728,663.5502
5729,663.60284
5730,663.6555
5731,663.708
5732,663.7597
5733,663.8109
5734,663.86206
5735,663.91394
5736,663.9662
5737,664.0184
5738,664.0705
5739,664.1223
5740,664.1742
5741,664.2266
5742,664.2792
5743,664.3315
5744,664.38354
5745,664.43536
5746,664.4877
5747,664.54034
5748,664.5932
5749,664.6456
5750,664.6979
5751,664.74994
5752,664.8025
5753,664.85565
5754,664.90894
5755,664.9619
5756,665.0141
5757,665.0657
5758,665.11755
5759,665.16974
5760,665.22253
5761,665.27527
5762,665.3279
5763,665.3801
5764,665.4327
5765,665.4854
5766,665.53845
5767,665.5913
5768,665.6437
5769,665.69604
5770,665.7487
5771,665.80176
5772,665.85486
5773,665.90784
5774,665.96027
5775,666.01276
5776,666.0655
5777,666.1189
5778,666.1724
5779,666.2255
5780,666.2779
5781,666.3298
5782,666.38165
5783,666.4341
5784,666.4869
5785,666.5398
5786,666.59235
5787,666.6446
5788,666.69714
5789,666.7499
5790,666.80273
5791,666.8554
5792,666.90765
5793,666.9599
5794,667.0124
5795,667.0652
5796,667.1181
5797,667.17065
5798,667.2229
5799,667.275
5800,667.32745
5801,667.38055
5802,667.43353
5803,667.4863
5804,667.5383
5805,667.58984
5806,667.6414
5807,667.6934
5808,667.7457
5809,667.79803
5810,667.8501
5811,667.90204
5812,667.9538
5813,668.0061
5814,668.05853
5815,668.11066
5816,668.1624
5817,668.21423
5818,668.26605
5819,668.3185
5820,668.37067
5821,668.4229
5822,668.47455
5823,668.5262
5824,668.5782
5825,668.6306
5826,668.6833
5827,668.73553
5828,668.787
5829,668.83813
5830,668.8893
5831,668.94086
5832,668.9928
5833,669.04474
5834,669.0965
5835,669.148
5836,669.19965
5837,669.2515
5838,669.30365
5839,669.3556
5840,669.4071
5841,669.4586
5842,669.5104
5843,669.5625
5844,669.6146
5845,669.6666
5846,669.7183
5847,669.7699
5848,669.8217
5849,669.8741
5850,669.9267
5851,669.9788
5852,670.0305
5853,670.08154
5854,670.1328
5855,670.18445
5856,670.2364
5857,670.28845
5858,670.3403
5859,670.39197
5860,670.4438
5861,670.4957
5862,670.54803
5863,670.60004
5864,670.65186
5865,670.7035
5866,670.7554
5867,670.8077
5868,670.86
5869,670.91223
5870,670.9639
5871,671.01575
5872,671.06775
5873,671.1204
5874,671.17303
5875,671.2256
5876,671.27716
5877,671.3284
5878,671.3799
5879,671.4317
5880,671.4838
5881,671.536
5882,671.5878
5883,671.6395
5884,671.69147
5885,671.7435
5886,671.79584
5887,671.84796
5888,671.89966
5889,671.95135
5890,672.0032
5891,672.05554
5892,672.1077
5893,672.1598
5894,672.2115
5895,672.2633
5896,672.3151
5897,672.3676
5898,672.4202
5899,672.4724
5900,672.52405
5901,672.575
5902,672.6263
5903,672.6778
5904,672.7298
5905,672.7816
5906,672.8334
5907,672.88464
5908,672.9363
5909,672.9881
5910,673.04016
5911,673.0918
5912,673.14325
5913,673.19464
5914,673.2463
5915,673.298
5916,673.3501
5917,673.4018
5918,673.4531
5919,673.50446
5920,673.55597
5921,673.6081
5922,673.6603
5923,673.7121
5924,673.7632
5925,673.8141
5926,673.8649
5927,673.91614
5928,673.9676
5929,674.0193
5930,674.0705
5931,674.1217
5932,674.1729
5933,674.2244
5934,674.2761
5935,674.3276
5936,674.3787
5937,674.42993
5938,674.4812
5939,674.53284
5940,674.58453
5941,674.63605
5942,674.6872
5943,674.73834
5944,674.78973
5945,674.8417
5946,674.8937
5947,674.9454
5948,674.9964
5949,675.0472
5950,675.0979
5951,675.1489
5952,675.2005
5953,675.2521
5954,675.3033
5955,675.3545
5956,675.4057
5957,675.4572
5958,675.5089
5959,675.56036
5960,675.6116
5961,675.6627
5962,675.71405
5963,675.76575
5964,675.8175
5965,675.8692
5966,675.92035
5967,675.9716
5968,676.0231
5969,676.0751
5970,676.1273
5971,676.179
5972,676.2302
5973,676.2811
5974,676.33185
5975,676.38324
5976,676.43475
5977,676.4864
5978,676.5377
5979,676.589
5980,676.6403
5981,676.69196
5982,676.74365
5983,676.7953
5984,676.8467
5985,676.89777
5986,676.9493
5987,677.00085
5988,677.05286
5989,677.10443
5990,677.15576
5991,677.20685
5992,677.2585
5993,677.31055
5994,677.3627
5995,677.4145
5996,677.46564
5997,677.51636
5998,677.5672
5999,677.61847
6000,677.6701
6001,677.7216
6002,677.77295
6003,677.8241
6004,677.87537
6005,677.9268
6006,677.9785
6007,678.03
6008,678.0812
6009,678.1323
6010,678.1836
6011,678.2352
6012,678.28687
6013,678.33844
6014,678.3896
6015,678.4406
6016,678.492
6017,678.5439
6018,678.5958
6019,678.64746
6020,678.6985
6021,678.749
6022,678.7996
6023,678.85077
6024,678.9021
6025,678.9535
6026,679.0046
6027,679.05554
6028,679.10657
6029,679.1579
6030,679.20935
6031,679.2606
6032,679.3117
6033,679.3627
6034,679.41364
6035,679.46515
6036,679.51666
6037,679.56793
6038,679.6189
6039,679.6698
6040,679.721
6041,679.7727
6042,679.82446
6043,679.87585
6044,679.92676
6045,679.9772
6046,680.0276
6047,680.0785
6048,680.1296
6049,680.1809
6050,680.2318
6051,680.2827
6052,680.3337
6053,680.3848
6054,680.43604
6055,680.4872
6056,680.53815
6057,680.5888
6058,680.6398
6059,680.6911
6060,680.74243
6061,680.7936
6062,680.84436
6063,680.8952
6064,680.9463
6065,680.9978
6066,681.0495
6067,681.1008
6068,681.1515
6069,681.2018
6070,681.2521
6071,681.3028
6072,681.3539
6073,681.4051
6074,681.45593
6075,681.50653
6076,681.55743
6077,681.6084
6078,681.65955
6079,681.7107
6080,681.76135
6081,681.81213
6082,681.8628
6083,681.914
6084,681.9654
6085,682.0164
6086,682.06714
6087,682.11774
6088,682.1687
6089,682.22015
6090,682.2716
6091,682.323
6092,682.3735
6093,682.42377
6094,682.47394
6095,682.5246
6096,682.5756
6097,682.6266
6098,682.67737
6099,682.72797
6100,682.7786
6101,682.8297
6102,682.88074
6103,682.9317
6104,682.98236
6105,683.03296
6106,683.08374
6107,683.1348
6108,683.1861
6109,683.23706
6110,683.2876
6111,683.33826
6112,683.3892
6113,683.4406
6114,683.49207
6115,683.5432
6116,683.5939
6117,683.64404
6118,683.69415
6119,683.7448
6120,683.7957
6121,683.8468
6122,683.8976
6123,683.9481
6124,683.99884
6125,684.0498
6126,684.1009
6127,684.1519
6128,684.2025
6129,684.2532
6130,684.30396
6131,684.3551
6132,684.4063
6133,684.45734
6134,684.508
6135,684.5586
6136,684.6096
6137,684.661
6138,684.7126
6139,684.7637
6140,684.81433
6141,684.86444
6142,684.91473
6143,684.9654
6144,685.01636
6145,685.0673
6146,685.11816
6147,685.16876
6148,685.2195
6149,685.27045
6150,685.32153
6151,685.37274
6152,685.4233
6153,685.4738
6154,685.5247
6155,685.5758
6156,685.627
6157,685.67804
6158,685.7287
6159,685.7794
6160,685.8303
6161,685.8817
6162,685.93335
6163,685.9845
6164,686.0351
6165,686.08527
6166,686.1353
6167,686.18616
6168,686.23706
6169,686.28784
6170,686.33875
6171,686.3893
6172,686.43994
6173,686.49097
6174,686.542
6175,686.59296
6176,686.6437
6177,686.694
6178,686.7449
6179,686.79596
6180,686.84705
6181,686.8981
6182,686.94867
6183,686.99927
6184,687.0502
6185,687.1015
6186,687.153
6187,687.20416
6188,687.2547
6189,687.3046
6190,687.35486
6191,687.40533
6192,687.4564
6193,687.5072
6194,687.558
6195,687.6085
6196,687.6592
6197,687.7101
6198,687.76117
6199,687.812
6200,687.8627
6201,687.91315
6202,687.96375
6203,688.0149
6204,688.06616
6205,688.117
6206,688.16766
6207,688.2182
6208,688.2691
6209,688.32043
6210,688.3721
6211,688.4233
6212,688.4738
6213,688.5238
6214,688.574
6215,688.6246
6216,688.67554
6217,688.7265
6218,688.7772
6219,688.8278
6220,688.8786
6221,688.9295
6222,688.9806
6223,689.0316
6224,689.0823
6225,689.13275
6226,689.1837
6227,689.2348
6228,689.2861
6229,689.3371
6230,689.3877
6231,689.4384
6232,689.48944
6233,689.5408
6234,689.5926
6235,689.6438
6236,689.69434
6237,689.74457
6238,689.79486
6239,689.8455
6240,689.89667
6241,689.9477
6242,689.9985
6243,690.0492
6244,690.1
6245,690.15094
6246,690.2023
6247,690.2533
6248,690.304
6249,690.35474
6250,690.4057
6251,690.45685
6252,690.50824
6253,690.5594
6254,690.6101
6255,690.6608
6256,690.71185
6257,690.7634
6258,690.8152
6259,690.86646
6260,690.9172
6261,690.96747
6262,691.0178
6263,691.0685
6264,691.11957
6265,691.1708
6266,691.2217
6267,691.27246
6268,691.32324
6269,691.3743
6270,691.42566
6271,691.47687
6272,691.52765
6273,691.57825
6274,691.62933
6275,691.6806
6276,691.732
6277,691.78326
6278,691.83405
6279,691.8848
6280,691.93604
6281,691.98755
6282,692.03937
6283,692.0909
6284,692.14154
6285,692.1918
6286,692.2424
6287,692.29315
6288,692.34424
6289,692.39557
6290,692.4466
6291,692.49725
6292,692.5482
6293,692.5995
6294,692.6509
6295,692.7021
6296,692.753
6297,692.8038
6298,692.85486
6299,692.9064
6300,692.9578
6301,693.00903
6302,693.0601
6303,693.11096
6304,693.16205
6305,693.21375
6306,693.26575
6307,693.3173
6308,693.36804
6309,693.4185
6310,693.46906
6311,693.51996
6312,693.57135
6313,693.6226
6314,693.67377
6315,693.7246
6316,693.77563
6317,693.8271
6318,693.8784
6319,693.9298
6320,693.9808
6321,694.0317
6322,694.0829
6323,694.1344
6324,694.1859
6325,694.23724
6326,694.2883
6327,694.3392
6328,694.39044
6329,694.44226
6330,694.4942
6331,694.5458
6332,694.59674
6333,694.64703
6334,694.6977
6335,694.7488
6336,694.8
6337,694.8513
6338,694.9024
6339,694.95337
6340,695.0044
6341,695.0556
6342,695.1073
6343,695.1585
6344,695.2094
6345,695.2603
6346,695.3116
6347,695.3629
6348,695.4143
6349,695.46576
6350,695.5168
6351,695.56757
6352,695.61884
6353,695.67053
6354,695.7224
6355,695.7739
6356,695.82477
6357,695.8751
6358,695.92566
6359,695.97656
6360,696.0279
6361,696.0791
6362,696.13007
6363,696.181
6364,696.23193
6365,696.2832
6366,696.3345
6367,696.38586
6368,696.43677
6369,696.4876
6370,696.53864
6371,696.59
6372,696.6415
6373,696.69275
6374,696.74365
6375,696.7945
6376,696.84564
6377,696.89734
6378,696.94916
6379,697.0006
6380,697.05145
6381,697.10187
6382,697.15234
6383,697.2031
6384,697.25446
6385,697.30566
6386,697.3567
6387,697.4075
6388,697.45856
6389,697.50977
6390,697.56116
6391,697.61224
6392,697.66327
6393,697.71405
6394,697.7652
6395,697.81665
6396,697.8681
6397,697.9193
6398,697.9702
6399,698.0212
6400,698.0723
6401,698.12396
6402,698.17584
6403,698.22736
6404,698.2782
6405,698.32855
6406,698.37915
6407,698.43005
6408,698.4812
6409,698.53253
6410,698.5837
6411,698.6344
6412,698.68536
6413,698.73676
6414,698.7881
6415,698.8394
6416,698.89014
6417,698.9411
6418,698.99225
6419,699.0436
6420,699.0951
6421,699.1463
6422,699.19727
6423,699.24817
6424,699.2994
6425,699.3511
6426,699.4029
6427,699.45435
6428,699.50525
6429,699.55566
6430,699.606
6431,699.6569
6432,699.70825
6433,699.7595
6434,699.8105
6435,699.8613
6436,699.9123
6437,699.9636
6438,700.01495
6439,700.0662
6440,700.1172
6441,700.168
6442,700.2191
6443,700.27045
6444,700.322
6445,700.3733
6446,700.42426
6447,700.47504
6448,700.5263
6449,700.5782
6450,700.63
6451,700.68146
6452,700.73236
6453,700.78296
6454,700.83356
6455,700.8845
6456,700.9358
6457,700.98737
6458,701.03845
6459,701.08936
6460,701.1405
6461,701.192
6462,701.24347
6463,701.29486
6464,701.346
6465,701.39716
6466,701.4485
6467,701.50006
6468,701.55176
6469,701.60345
6470,701.6547
6471,701.7058
6472,701.7574
6473,701.8095
6474,701.86163
6475,701.91345
6476,701.9646
6477,702.0156
6478,702.0665
6479,702.11786
6480,702.16956
6481,702.2214
6482,702.2729
6483,702.32434
6484,702.3758
6485,702.42773
6486,702.4796
6487,702.53143
6488,702.58295
6489,702.6345
6490,702.68616
6491,702.73816
6492,702.7904
6493,702.84235
6494,702.8939
6495,702.94556
6496,702.99744
6497,703.0498
6498,703.10236
6499,703.1544
6500,703.206
6501,703.2573
6502,703.3086
6503,703.3603
6504,703.4123
6505,703.46436
6506,703.5162
6507,703.5678
6508,703.6196
6509,703.6716
6510,703.7236
6511,703.77576
6512,703.8274
6513,703.8791
6514,703.9308
6515,703.9829
6516,704.0351
6517,704.08704
6518,704.1387
6519,704.19025
6520,704.2422
6521,704.29456
6522,704.3469
6523,704.39905
6524,704.4505
6525,704.5016
6526,704.55286
6527,704.60425
6528,704.65607
6529,704.70795
6530,704.7594
6531,704.81085
6532,704.8624
6533,704.9142
6534,704.9659
6535,705.0175
6536,705.069
6537,705.12024
6538,705.17175
6539,705.22345
6540,705.27527
6541,705.32684
6542,705.3782
6543,705.42944
6544,705.48083
6545,705.53265
6546,705.58466
6547,705.63635
6548,705.6875
6549,705.7381
6550,705.7888
6551,705.84
6552,705.8915
6553,705.9428
6554,705.9939
6555,706.0449
6556,706.0962
6557,706.14746
6558,706.19885
6559,706.2501
6560,706.3012
6561,706.3521
6562,706.4032
6563,706.4545
6564,706.50604
6565,706.55743
6566,706.60834
6567,706.6593
6568,706.7106
6569,706.76215
6570,706.8139
6571,706.8653
6572,706.91626
6573,706.96674
6574,707.0174
6575,707.0684
6576,707.1196
6577,707.17096
6578,707.2219
6579,707.2729
6580,707.324
6581,707.3753
6582,707.42664
6583,707.47784
6584,707.52893
6585,707.5799
6586,707.63104
6587,707.68256
6588,707.7341
6589,707.7854
6590,707.8365
6591,707.8874
6592,707.93884
6593,707.99054
6594,708.0423
6595,708.0939
6596,708.14496
6597,708.1956
6598,708.24634
6599,708.2975
6600,708.3489
6601,708.40027
6602,708.4515
6603,708.5027
6604,708.5538
6605,708.60516
6606,708.6567
6607,708.7081
6608,708.7594
6609,708.8104
6610,708.8616
6611,708.9131
6612,708.9647
6613,709.0162
6614,709.0674
6615,709.1184
6616,709.1698
6617,709.22156
6618,709.2735
6619,709.3251
6620,709.37604
6621,709.42664
6622,709.4775
6623,709.5287
6624,709.58
6625,709.6314
6626,709.68243
6627,709.73346
6628,709.7846
6629,709.83594
6630,709.8873
6631,709.93854
6632,709.9896
6633,710.0406
6634,710.0917
6635,710.143
6636,710.1944
6637,710.24554
6638,710.2965
6639,710.3475
6640,710.3986
6641,710.45013
6642,710.5016
6643,710.5529
6644,710.60376
6645,710.6542
6646,710.7048
6647,710.75543
6648,710.8066
6649,710.85767
6650,710.90845
6651,710.9592
6652,711.0101
6653,711.061
6654,711.1121
6655,711.16315
6656,711.2138
6657,711.2645
6658,711.31525
6659,711.3664
6660,711.41754
6661,711.4684
6662,711.5191
6663,711.5697
6664,711.62067
6665,711.6718
6666,711.7232
6667,711.77435
6668,711.8249
6669,711.875
6670,711.92535
6671,711.976
6672,712.02686
6673,712.07776
6674,712.1285
6675,712.1791
6676,712.22974
6677,712.2806
6678,712.33154
6679,712.3825
6680,712.43304
6681,712.4836
6682,712.5343
6683,712.5854
6684,712.6365
6685,712.6873
6686,712.73804
6687,712.78864
6688,712.8395
6689,712.8907
6690,712.942
6691,712.99316
6692,713.0438
6693,713.094
6694,713.14435
6695,713.195
6696,713.246
6697,713.2968
6698,713.34766
6699,713.39825
6700,713.4491
6701,713.49994
6702,713.551
6703,713.602
6704,713.6527
6705,713.70337
6706,713.75415
6707,713.80524
6708,713.85645
6709,713.90735
6710,713.9581
6711,714.0088
6712,714.05975
6713,714.111
6714,714.16254
6715,714.2137
6716,714.2643
6717,714.31464
6718,714.365
6719,714.4158
6720,714.4667
6721,714.51764
6722,714.5685
6723,714.61914
6724,714.6699
6725,714.7209
6726,714.7719
6727,714.8229
6728,714.8735
6729,714.92413
6730,714.9749
6731,715.0261
6732,715.07715
6733,715.128
6734,715.1788
6735,715.2294
6736,715.2802
6737,715.33154
6738,715.3828
6739,715.4339
6740,715.48444
6741,715.53467
6742,715.585
6743,715.6357
6744,715.68646
6745,715.7373
6746,715.788
6747,715.8385
6748,715.8891
6749,715.93994
6750,715.9909
6751,716.0417
6752,716.0922
6753,716.14276
6754,716.19336
6755,716.2444
6756,716.2952
6757,716.346
6758,716.39655
6759,716.447
6760,716.4977
6761,716.5489
6762,716.6001
6763,716.65094
6764,716.70123
6765,716.75134
6766,716.80145
6767,716.85205
6768,716.9027
6769,716.9533
6770,717.0039
6771,717.05426
6772,717.10474
6773,717.1555
6774,717.20624
6775,717.25684
6776,717.3072
6777,717.3576
6778,717.4081
6779,717.4589
6780,717.5097
6781,717.5603
6782,717.6107
6783,717.66113
6784,717.7117
6785,717.76263
6786,717.8137
6787,717.86444
6788,717.91473
6789,717.9647
6790,718.0148
6791,718.06506
6792,718.1157
6793,718.16626
6794,718.2167
6795,718.26697
6796,718.31726
6797,718.36786
6798,718.4186
6799,718.4692
6800,718.5194
6801,718.5697
6802,718.6201
6803,718.6707
6804,718.72156
6805,718.77203
6806,718.8223
6807,718.8726
6808,718.92303
6809,718.9739
6810,719.02484
6811,719.0756
6812,719.1258
6813,719.17554
6814,719.2255
6815,719.2758
6816,719.32623
6817,719.3769
6818,719.4272
6819,719.4773
6820,719.5276
6821,719.5781
6822,719.6287
6823,719.67914
6824,719.72943
6825,719.77954
6826,719.8299
6827,719.88043
6828,719.9311
6829,719.98157
6830,720.03186
6831,720.0821
6832,720.1324
6833,720.18317
6834,720.2341
6835,720.2848
6836,720.33484
6837,720.3848
6838,720.4346
6839,720.48474
6840,720.5351
6841,720.58563
6842,720.63586
6843,720.6861
6844,720.7363
6845,720.7868
6846,720.83734
6847,720.88776
6848,720.9379
6849,720.98804
6850,721.0383
6851,721.089
6852,721.1396
6853,721.19006
6854,721.24023
6855,721.29034
6856,721.3409
6857,721.39166
6858,721.4426
6859,721.49316
6860,721.5434
6861,721.5932
6862,721.64294
6863,721.6931
6864,721.7437
6865,721.7942
6866,721.8445
6867,721.89453
6868,721.94476
6869,721.9953
6870,722.0459
6871,722.0964
6872,722.1466
6873,722.1968
6874,722.247
6875,722.2976
6876,722.34827
6877,722.39886
6878,722.4491
6879,722.4992
6880,722.5497
6881,722.6005
6882,722.6514
6883,722.7021
6884,722.75214
6885,722.80206
6886,722.85187
6887,722.9021
6888,722.9526
6889,723.003
6890,723.05334
6891,723.1035
6892,723.15375
6893,723.2042
6894,723.2548
6895,723.3052
6896,723.3554
6897,723.4055
6898,723.4559
6899,723.5065
6900,723.5571
6901,723.60754
6902,723.6577
6903,723.7078
6904,723.7583
6905,723.8091
6906,723.86
6907,723.9106
6908,723.9607
6909,724.01044
6910,724.0602
6911,724.1104
6912,724.16077
6913,724.2112
6914,724.26154
6915,724.3115
6916,724.3618
6917,724.4122
6918,724.46277
6919,724.5131
6920,724.5633
6921,724.61334
6922,724.66376
6923,724.7141
6924,724.7648
6925,724.81525
6926,724.86536
6927,724.91547
6928,724.96576
6929,725.0166
6930,725.06744
6931,725.11804
6932,725.1681
6933,725.21796
6934,725.2677
6935,725.31775
6936,725.3681
6937,725.4186
6938,725.46893
6939,725.519
6940,725.5691
6941,725.61957
6942,725.6701
6943,725.7205
6944,725.7707
6945,725.8208
6946,725.87115
6947,725.9216
6948,725.9722
6949,726.02277
6950,726.073
6951,726.1231
6952,726.1735
6953,726.2244
6954,726.2753
6955,726.3259
6956,726.37604
6957,726.4258
6958,726.47565
6959,726.5258
6960,726.5763
6961,726.62683
6962,726.6772
6963,726.72723
6964,726.7776
6965,726.82806
6966,726.8786
6967,726.9291
6968,726.9794
6969,727.02954
6970,727.0799
6971,727.13055
6972,727.18134
6973,727.2318
6974,727.28204
6975,727.3322
6976,727.38275
6977,727.43365
6978,727.4846
6979,727.53534
6980,727.5856
6981,727.63544
6982,727.68536
6983,727.7356
6984,727.7862
6985,727.8368
6986,727.887
6987,727.9373
6988,727.9876
6989,728.0382
6990,728.08887
6991,728.1394
6992,728.18964
6993,728.23987
6994,728.29034
6995,728.341
6996,728.3918
6997,728.4424
6998,728.4926
6999,728.54285
7000,728.59344
7001,728.6443
7002,728.69543
7003,728.7462
7004,728.7964
7005,728.8464
7006,728.8962
7007,728.9465
7008,728.99713
7009,729.0477
7010,729.09814
7011,729.1485
7012,729.19885
7013,729.2494
7014,729.3002
7015,729.35077
7016,729.4012
7017,729.45135
7018,729.5018
7019,729.5526
7020,729.6034
7021,729.654
7022,729.7043
7023,729.7547
7024,729.80536
7025,729.8563
7026,729.90735
7027,729.95825
7028,730.0086
7029,730.05865
7030,730.1086
7031,730.159
7032,730.20966
7033,730.2603
7034,730.3108
7035,730.3612
7036,730.4117
7037,730.46234
7038,730.51306
7039,730.5638
7040,730.61414
7041,730.6646
7042,730.7151
7043,730.7659
7044,730.81683
7045,730.8677
7046,730.91797
7047,730.9684
7048,731.01904
7049,731.0701
7050,731.1213
7051,731.1721
7052,731.22253
7053,731.2726
7054,731.32275
7055,731.37317
7056,731.4238
7057,731.4747
7058,731.525
7059,731.5755
7060,731.626
7061,731.67676
7062,731.72754
7063,731.7782
7064,731.82874
7065,731.87915
7066,731.9297
7067,731.9805
7068,732.0314
7069,732.0822
7070,732.1325
7071,732.1829
7072,732.23364
7073,732.28485
7074,732.33594
7075,732.3867
7076,732.4371
7077,732.4872
7078,732.53723
7079,732.58765
7080,732.63837
7081,732.68896
7082,732.73956
7083,732.78986
7084,732.8404
7085,732.8909
7086,732.94183
7087,732.9925
7088,733.0429
7089,733.09314
7090,733.14374
7091,733.19446
7092,733.2455
7093,733.29596
7094,733.3464
7095,733.3968
7096,733.4473
7097,733.4983
7098,733.5495
7099,733.6003
7100,733.6506
7101,733.70056
7102,733.7506
7103,733.8009
7104,733.8516
7105,733.9022
7106,733.9527
7107,734.003
7108,734.05347
7109,734.104
7110,734.1548
7111,734.2055
7112,734.25586
7113,734.3061
7114,734.3566
7115,734.4074
7116,734.4583
7117,734.50885
7118,734.5593
7119,734.60956
7120,734.6602
7121,734.7112
7122,734.76227
7123,734.8132
7124,734.8634
7125,734.9133
7126,734.96344
7127,735.0138
7128,735.06445
7129,735.1151
7130,735.1656
7131,735.21594
7132,735.26636
7133,735.317
7134,735.36786
7135,735.41846
7136,735.46875
7137,735.5191
7138,735.56964
7139,735.6204
7140,735.6713
7141,735.72205
7142,735.7724
7143,735.8227
7144,735.8733
7145,735.92426
7146,735.97534
7147,736.02625
7148,736.0765
7149,736.12646
7150,736.1766
7151,736.22705
7152,736.27765
7153,736.3282
7154,736.3788
7155,736.4291
7156,736.4795
7157,736.53015
7158,736.5809
7159,736.63153
7160,736.6819
7161,736.7321
7162,736.78284
7163,736.8335
7164,736.88434
7165,736.93494
7166,736.9853
7167,737.0357
7168,737.0863
7169,737.13727
7170,737.18835
7171,737.23914
7172,737.28955
7173,737.33954
7174,737.38965
7175,737.44
7176,737.4906
7177,737.54126
7178,737.59174
7179,737.64215
7180,737.69257
7181,737.7432
7182,737.79407
7183,737.8447
7184,737.89526
7185,737.9456
7186,737.9961
7187,738.0469
7188,738.09784
7189,738.14844
7190,738.1991
7191,738.24945
7192,738.30023
7193,738.35126
7194,738.4025
7195,738.45355
7196,738.504
7197,738.55414
7198,738.6044
7199,738.6549
7200,738.70575
7201,738.75665
7202,738.8073
7203,738.8579
7204,738.90857
7205,738.95966
7206,739.0107
7207,739.0615
7208,739.1122
7209,739.1628
7210,739.21375
7211,739.2647
7212,739.316
7213,739.36694
7214,739.4177
7215,739.46857
7216,739.51965
7217,739.571
7218,739.62256
7219,739.67377
7220,739.7245
7221,739.7749
7222,739.82556
7223,739.8764
7224,739.9275
7225,739.9787
7226,740.0298
7227,740.0806
7228,740.13165
7229,740.1828
7230,740.23413
7231,740.2853
7232,740.3363
7233,740.3872
7234,740.43823
7235,740.48956
7236,740.5409
7237,740.5921
7238,740.6431
7239,740.69415
7240,740.74536
7241,740.7968
7242,740.8485
7243,740.8999
7244,740.95074
7245,741.00134
7246,741.052
7247,741.10297
7248,741.1541
7249,741.2053
7250,741.2563
7251,741.3073
7252,741.3582
7253,741.40936
7254,741.46063
7255,741.5117
7256,741.5626
7257,741.61346
7258,741.66437
7259,741.7155
7260,741.7667
7261,741.8178
7262,741.86865
7263,741.91943
7264,741.9704
7265,742.0217
7266,742.0732
7267,742.1242
7268,742.17487
7269,742.2252
7270,742.27563
7271,742.3263
7272,742.37714
7273,742.42804
7274,742.4787
7275,742.52936
7276,742.5801
7277,742.63086
7278,742.6818
7279,742.7326
7280,742.78314
7281,742.8336
7282,742.8842
7283,742.9351
7284,742.9859
7285,743.03674
7286,743.0872
7287,743.1377
7288,743.1884
7289,743.2393
7290,743.2905
7291,743.3412
7292,743.3916
7293,743.44165
7294,743.4919
7295,743.54236
7296,743.5929
7297,743.64355
7298,743.6941
7299,743.74445
7300,743.79486
7301,743.8456
7302,743.8963
7303,743.94696
7304,743.9972
7305,744.04767
7306,744.0982
7307,744.14886
7308,744.19965
7309,744.2503
7310,744.30066
7311,744.3511
7312,744.4016
7313,744.45264
7314,744.5037
7315,744.55457
7316,744.60486
7317,744.6551
7318,744.70514
7319,744.7556
7320,744.8064
7321,744.85706
7322,744.90765
7323,744.95795
7324,745.00854
7325,745.05914
7326,745.11005
7327,745.1607
7328,745.2113
7329,745.2618
7330,745.31244
7331,745.36316
7332,745.4141
7333,745.4648
7334,745.5154
7335,745.5659
7336,745.6166
7337,745.66766
7338,745.71875
7339,745.76953
7340,745.8201
7341,745.8704
7342,745.9207
7343,745.9712
7344,746.0219
7345,746.07275
7346,746.1233
7347,746.1738
7348,746.2243
7349,746.27515
7350,746.3259
7351,746.3765
7352,746.4271
7353,746.4776
7354,746.52826
7355,746.57904
7356,746.62994
7357,746.6806
7358,746.73114
7359,746.78156
7360,746.8322
7361,746.8831
7362,746.93414
7363,746.98486
7364,747.0353
7365,747.0854
7366,747.13556
7367,747.1859
7368,747.2366
7369,747.28723
7370,747.33765
7371,747.38794
7372,747.43835
7373,747.4889
7374,747.5395
7375,747.58997
7376,747.6403
7377,747.69055
7378,747.74097
7379,747.79144
7380,747.8421
7381,747.89264
7382,747.94293
7383,747.99316
7384,748.0435
7385,748.09424
7386,748.145
7387,748.19556
7388,748.24567
7389,748.2956
7390,748.3456
7391,748.3957
7392,748.44604
7393,748.4964
7394,748.54663
7395,748.5967
7396,748.647
7397,748.69727
7398,748.74786
7399,748.79816
7400,748.8483
7401,748.89844
7402,748.9486
7403,748.99896
7404,749.0495
7405,749.09985
7406,749.15
7407,749.19995
7408,749.25024
7409,749.3009
7410,749.3517
7411,749.40204
7412,749.4523
7413,749.5021
7414,749.55194
7415,749.602
7416,749.65234
7417,749.70276
7418,749.7529
7419,749.803
7420,749.8532
7421,749.90344
7422,749.954
7423,750.00415
7424,750.05444
7425,750.10455
7426,750.1549
7427,750.20526
7428,750.2558
7429,750.3062
7430,750.35645
7431,750.4065
7432,750.45685
7433,750.50757
7434,750.55835
7435,750.60876
7436,750.6589
7437,750.70874
7438,750.75867
7439,750.8089
7440,750.85925
7441,750.9098
7442,750.96
7443,751.01013
7444,751.0604
7445,751.1108
7446,751.16125
7447,751.2117
7448,751.26196
7449,751.3121
7450,751.36237
7451,751.41284
7452,751.46326
7453,751.5138
7454,751.56384
7455,751.61414
7456,751.66455
7457,751.7152
7458,751.766
7459,751.8164
7460,751.8666
7461,751.91644
7462,751.96643
7463,752.01654
7464,752.0669
7465,752.11725
7466,752.1675
7467,752.21747
7468,752.2677
7469,752.3181
7470,752.3685
7471,752.41876
7472,752.46906
7473,752.5191
7474,752.56934
7475,752.6197
7476,752.6702
7477,752.7205
7478,752.7705
7479,752.8206
7480,752.8709
7481,752.9215
7482,752.97205
7483,753.0224
7484,753.0724
7485,753.12225
7486,753.17194
7487,753.22205
7488,753.2724
7489,753.32263
7490,753.37274
7491,753.4227
7492,753.47284
7493,753.523
7494,753.5732
7495,753.6235
7496,753.67346
7497,753.72345
7498,753.77356
7499,753.82367
7500,753.8741
7501,753.9243
7502,753.97424
7503,754.0242
7504,754.0743
7505,754.1249
7506,754.17535
7507,754.2256
7508,754.2756
7509,754.32526
7510,754.3749
7511,754.4248
7512,754.475
7513,754.5252
7514,754.5751
7515,754.62494
7516,754.6749
7517,754.7251
7518,754.7752
7519,754.8254
7520,754.8753
7521,754.9251
7522,754.9752
7523,755.0254
7524,755.0756
7525,755.1258
7526,755.17566
7527,755.2255
7528,755.2756
7529,755.326
7530,755.37634
7531,755.4264
7532,755.4764
7533,755.5259
7534,755.57544
7535,755.62537
7536,755.6754
7537,755.72546
7538,755.7753
7539,755.82526
7540,755.8752
7541,755.9253
7542,755.97534
7543,756.0253
7544,756.0752
7545,756.1251
7546,756.1749
7547,756.2251
7548,756.2752
7549,756.32526
7550,756.37506
7551,756.42487
7552,756.4749
7553,756.52515
7554,756.5755
7555,756.6257
7556,756.6754
7557,756.72504
7558,756.77454
7559,756.82434
7560,756.8744
7561,756.9243
7562,756.97424
7563,757.02405
7564,757.07385
7565,757.1237
7566,757.1738
7567,757.2239
7568,757.2737
7569,757.32336
7570,757.3732
7571,757.4233
7572,757.4735
7573,757.52344
7574,757.57324
7575,757.6231
7576,757.67303
7577,757.7232
7578,757.7736
7579,757.82385
7580,757.87354
7581,757.9229
7582,757.9724
7583,758.02216
7584,758.0722
7585,758.1222
7586,758.1721
7587,758.22186
7588,758.27167
7589,758.32166
7590,758.37164
7591,758.4217
7592,758.47156
7593,758.52124
7594,758.57117
7595,758.6213
7596,758.6715
7597,758.7215
7598,758.77136
7599,758.82104
7600,758.87103
7601,758.92126
7602,758.9716
7603,759.0217
7604,759.07153
7605,759.12103
7606,759.17053
7607,759.2203
7608,759.2703
7609,759.3203
7610,759.37024
7611,759.42
7612,759.46985
7613,759.5199
7614,759.56995
7615,759.62
7616,759.6699
7617,759.71954
7618,759.76935
7619,759.81946
7620,759.8696
7621,759.91956
7622,759.9694
7623,760.0192
7624,760.0692
7625,760.11945
7626,760.1698
7627,760.2199
7628,760.2697
7629,760.31915
7630,760.36865
7631,760.4185
7632,760.4685
7633,760.51855
7634,760.5683
7635,760.6181
7636,760.668
7637,760.7178
7638,760.76794
7639,760.8178
7640,760.8677
7641,760.91736
7642,760.9672
7643,761.01733
7644,761.0674
7645,761.1173
7646,761.1671
7647,761.21686
7648,761.2669
7649,761.317
7650,761.3673
7651,761.4174
7652,761.46716
7653,761.51666
7654,761.5661
7655,761.61584
7656,761.6658
7657,761.7157
7658,761.76556
7659,761.8152
7660,761.8651
7661,761.9149
7662,761.965
7663,762.015
7664,762.06476
7665,762.1144
7666,762.1643
7667,762.21436
7668,762.26447
7669,762.31433
7670,762.3642
7671,762.4139
7672,762.4638
7673,762.51416
7674,762.5645
7675,762.61456
7676,762.6642
7677,762.7136
7678,762.7632
7679,762.813
7680,762.863
7681,762.9129
7682,762.96277
7683,763.0125
7684,763.0623
7685,763.1123
7686,763.16235
7687,763.21234
7688,763.26215
7689,763.3118
7690,763.36176
7691,763.4119
7692,763.462
7693,763.512
7694,763.5619
7695,763.6117
7696,763.6616
7697,763.7119
7698,763.76227
7699,763.8125
7700,763.8621
7701,763.91174
7702,763.9613
7703,764.0111
7704,764.0611
7705,764.11115
7706,764.1611
7707,764.21094
7708,764.2607
7709,764.3108
7710,764.3609
7711,764.4109
7712,764.46075
7713,764.51056
7714,764.5606
7715,764.6107
7716,764.6608
7717,764.7109
7718,764.76086
7719,764.8107
7720,764.86066
7721,764.911
7722,764.9614
7723,765.0116
7724,765.0614
7725,765.11096
7726,765.1605
7727,765.21045
7728,765.26044
7729,765.31055
7730,765.3605
7731,765.41034
7732,765.4602
7733,765.51025
7734,765.5604
7735,765.6106
7736,765.6603
7737,765.7102
7738,765.7602
7739,765.81036
7740,765.86066
7741,765.91064
7742,765.96063
7743,766.01056
7744,766.0605
7745,766.11084
7746,766.1614
7747,766.2117
7748,766.2614
7749,766.3111
7750,766.36066
7751,766.41064
7752,766.46063
7753,766.5108
7754,766.5608
7755,766.61066
7756,766.6605
7757,766.71075
7758,766.761
7759,766.81104
7760,766.861
7761,766.9108
7762,766.9608
7763,767.01117
7764,767.0614
7765,767.1116
7766,767.1616
7767,767.2114
7768,767.26154
7769,767.31195
7770,767.3625
7771,767.41284
7772,767.4627
7773,767.51227
7774,767.5621
7775,767.612
7776,767.6621
7777,767.7123
7778,767.7623
7779,767.8123
7780,767.86224
7781,767.9124
7782,767.9628
7783,768.01294
7784,768.06287
7785,768.1127
7786,768.1628
7787,768.21326
7788,768.2635
7789,768.3137
7790,768.36365
7791,768.41364
7792,768.46375
7793,768.51416
7794,768.56476
7795,768.61505
7796,768.665
7797,768.71466
7798,768.7644
7799,768.8144
7800,768.86444
7801,768.9147
7802,768.9648
7803,769.0147
7804,769.0646
7805,769.1148
7806,769.1651
7807,769.21515
7808,769.26514
7809,769.3151
7810,769.36505
7811,769.4153
7812,769.4657
7813,769.51587
7814,769.5659
7815,769.6157
7816,769.66583
7817,769.7163
7818,769.7668
7819,769.8171
7820,769.86694
7821,769.91656
7822,769.96625
7823,770.0162
7824,770.0663
7825,770.1165
7826,770.1664
7827,770.21625
7828,770.2663
7829,770.3164
7830,770.36664
7831,770.41675
7832,770.4667
7833,770.51654
7834,770.5665
7835,770.61664
7836,770.6669
7837,770.7171
7838,770.76697
7839,770.8169
7840,770.867
7841,770.91736
7842,770.96783
7843,771.01807
7844,771.068
7845,771.1176
7846,771.1673
7847,771.2172
7848,771.2673
7849,771.3174
7850,771.36743
7851,771.41724
7852,771.4673
7853,771.5174
7854,771.56757
7855,771.6176
7856,771.6676
7857,771.71747
7858,771.7675
7859,771.8176
7860,771.86786
7861,771.91797
7862,771.96796
7863,772.0179
7864,772.068
7865,772.11835
7866,772.1689
7867,772.2191
7868,772.26904
7869,772.31866
7870,772.36835
7871,772.4183
7872,772.4684
7873,772.51855
7874,772.56854
7875,772.61835
7876,772.6683
7877,772.7185
7878,772.76874
7879,772.8187
7880,772.8687
7881,772.9186
7882,772.9687
7883,773.0188
7884,773.06903
7885,773.1192
7886,773.1692
7887,773.219
7888,773.26904
7889,773.3194
7890,773.3699
7891,773.4201
7892,773.47
7893,773.51965
7894,773.5694
7895,773.6193
7896,773.6693
7897,773.71954
7898,773.7695
7899,773.8194
7900,773.8693
7901,773.9194
7902,773.96967
7903,774.0197
7904,774.06964
7905,774.11957
7906,774.16956
7907,774.21967
7908,774.2701
7909,774.3201
7910,774.37006
7911,774.42004
7912,774.4701
7913,774.52057
7914,774.571
7915,774.6213
7916,774.6712
7917,774.72076
7918,774.7705
7919,774.8205
7920,774.8706
7921,774.92084
7922,774.97095
7923,775.02094
7924,775.0709
7925,775.1212
7926,775.1715
7927,775.2217
7928,775.2717
7929,775.3218
7930,775.3719
7931,775.42224
7932,775.4726
7933,775.52295
7934,775.573
7935,775.62305
7936,775.6733
7937,775.72394
7938,775.77454
7939,775.825
7940,775.8751
7941,775.9251
7942,775.9749
7943,776.02515
7944,776.07556
7945,776.126
7946,776.1762
7947,776.2264
7948,776.27655
7949,776.327
7950,776.3775
7951,776.4279
7952,776.4783
7953,776.5285
7954,776.57886
7955,776.6295
7956,776.6802
7957,776.73065
7958,776.781
7959,776.83124
7960,776.8818
7961,776.93256
7962,776.9834
7963,777.034
7964,777.08435
7965,777.13446
7966,777.1846
7967,777.23486
7968,777.2854
7969,777.336
7970,777.38635
7971,777.4367
7972,777.4872
7973,777.5377
7974,777.5883
7975,777.63885
7976,777.6893
7977,777.73956
7978,777.79
7979,777.84045
7980,777.8912
7981,777.9417
7982,777.992
7983,778.04236
7984,778.0928
7985,778.1435
7986,778.1944
7987,778.24493
7988,778.2952
7989,778.3452
7990,778.3952
7991,778.44556
7992,778.496
7993,778.5464
7994,778.5967
7995,778.6469
7996,778.6972
7997,778.7475
7998,778.7979
7999,778.84827
8000,778.8985
8001,778.9486
8002,778.99884
8003,779.04926
8004,779.0996
8005,779.1499
8006,779.2
8007,779.25006
8008,779.30035
8009,779.3508
8010,779.4013
8011,779.45166
8012,779.5017
8013,779.55145
8014,779.6012
8015,779.6512
8016,779.7014
8017,779.7516
8018,779.8016
8019,779.8516
8020,779.90173
8021,779.95197
8022,780.0021
8023,780.0521
8024,780.1022
8025,780.1521
8026,780.2021
8027,780.25226
8028,780.30255
8029,780.35254
8030,780.4025
8031,780.45245
8032,780.5025
8033,780.5528
8034,780.6032
8035,780.6535
8036,780.70337
8037,780.753
8038,780.80273
8039,780.85266
8040,780.90283
8041,780.9528
8042,781.00287
8043,781.0528
8044,781.1028
8045,781.1529
8046,781.20294
8047,781.2531
8048,781.3031
8049,781.353
8050,781.4031
8051,781.45325
8052,781.5035
8053,781.55365
8054,781.60376
8055,781.65375
8056,781.70386
8057,781.75415
8058,781.8046
8059,781.855
8060,781.90485
8061,781.95465
8062,782.00446
8063,782.05444
8064,782.1046
8065,782.1548
8066,782.2049
8067,782.2549
8068,782.30493
8069,782.3551
8070,782.40533
8071,782.4556
8072,782.50555
8073,782.55554
8074,782.6056
8075,782.65594
8076,782.70636
8077,782.7565
8078,782.80646
8079,782.8565
8080,782.9067
8081,782.95703
8082,783.00745
8083,783.0577
8084,783.10767
8085,783.1574
8086,783.2072
8087,783.2573
8088,783.3075
8089,783.3575
8090,783.40753
8091,783.45764
8092,783.5076
8093,783.55774
8094,783.60785
8095,783.6581
8096,783.70795
8097,783.75793
8098,783.80786
8099,783.85803
8100,783.9082
8101,783.95825
8102,784.00824
8103,784.0581
8104,784.10803
8105,784.15826
8106,784.2086
8107,784.2588
8108,784.30853
8109,784.35815
8110,784.4078
8111,784.4576
8112,784.50757
8113,784.55756
8114,784.6074
8115,784.6572
8116,784.7071
8117,784.757
8118,784.80695
8119,784.8569
8120,784.9066
8121,784.95636
8122,785.00616
8123,785.0562
8124,785.1062
8125,785.1561
8126,785.2059
8127,785.25555
8128,785.3055
8129,785.3556
8130,785.40576
8131,785.45575
8132,785.5054
8133,785.5549
8134,785.6044
8135,785.6542
8136,785.704
8137,785.75385
8138,785.8037
8139,785.8534
8140,785.9031
8141,785.9529
8142,786.0028
8143,786.0527
8144,786.1024
8145,786.1521
8146,786.20184
8147,786.25183
8148,786.3018
8149,786.3517
8150,786.4014
8151,786.45123
8152,786.501
8153,786.551
8154,786.60126
8155,786.65125
8156,786.70087
8157,786.75037
8158,786.79987
8159,786.8496
8160,786.8995
8161,786.9494
8162,786.99927
8163,787.049
8164,787.0987
8165,787.1487
8166,787.1985
8167,787.2485
8168,787.2983
8169,787.34796
8170,787.3978
8171,787.44794
8172,787.4979
8173,787.5477
8174,787.59766
8175,787.64746
8176,787.6972
8177,787.7473
8178,787.79767
8179,787.8476
8180,787.8973
8181,787.9468
8182,787.9964
8183,788.04626
8184,788.096
8185,788.14606
8186,788.1958
8187,788.24554
8188,788.2953
8189,788.34515
8190,788.39526
8191,788.4451
8192,788.4949
8193,788.5446
8194,788.59436
8195,788.6445
8196,788.6943
8197,788.7442
8198,788.79395
8199,788.8437
8200,788.89355
8201,788.9436
8202,788.9938
8203,789.0437
8204,789.0933
8205,789.14276
8206,789.1923
8207,789.24207
8208,789.2919
8209,789.34174
8210,789.39154
8211,789.4412
8212,789.49084
8213,789.5408
8214,789.5907
8215,789.6405
8216,789.6902
8217,789.73975
8218,789.7895
8219,789.83936
8220,789.8893
8221,789.93915
8222,789.9887
8223,790.0383
8224,790.08813
8225,790.13806
8226,790.1882
8227,790.238
8228,790.2876
8229,790.337
8230,790.3863
8231,790.4359
8232,790.48566
8233,790.53546
8234,790.58514
8235,790.6347
8236,790.6844
8237,790.734
8238,790.7838
8239,790.83356
8240,790.88306
8241,790.9326
8242,790.98236
8243,791.0321
8244,791.08185
8245,791.13165
8246,791.1812
8247,791.2308
8248,791.28046
8249,791.3304
8250,791.3804
8251,791.4302
8252,791.47955
8253,791.52893
8254,791.5783
8255,791.62787
8256,791.6774
8257,791.7272
8258,791.7769
8259,791.8264
8260,791.8759
8261,791.92566
8262,791.97534
8263,792.02496
8264,792.0746
8265,792.124
8266,792.17365
8267,792.2233
8268,792.2731
8269,792.3228
8270,792.3723
8271,792.42175
8272,792.4715
8273,792.5213
8274,792.5711
8275,792.6208
8276,792.67035
8277,792.71967
8278,792.7689
8279,792.81836
8280,792.86804
8281,792.9176
8282,792.96716
8283,793.01654
8284,793.0661
8285,793.1157
8286,793.1654
8287,793.21497
8288,793.26447
8289,793.3139
8290,793.36346
8291,793.4131
8292,793.4629
8293,793.5126
8294,793.56195
8295,793.6113
8296,793.661
8297,793.7108
8298,793.7607
8299,793.81036
8300,793.85974
8301,793.90906
8302,793.9583
8303,794.00775
8304,794.0573
8305,794.107
8306,794.1565
8307,794.206
8308,794.25543
8309,794.3051
8310,794.3547
8311,794.40436
8312,794.4538
8313,794.5031
8314,794.55273
8315,794.60236
8316,794.65216
8317,794.7018
8318,794.75116
8319,794.80066
8320,794.8502
8321,794.9
8322,794.94995
8323,794.9996
8324,795.049
8325,795.09827
8326,795.14746
8327,795.1969
8328,795.24646
8329,795.29614
8330,795.3457
8331,795.395
8332,795.4445
8333,795.4942
8334,795.5439
8335,795.5934
8336,795.6429
8337,795.6923
8338,795.7419
8339,795.7916
8340,795.8413
8341,795.891
8342,795.9404
8343,795.9898
8344,796.0394
8345,796.0892
8346,796.1391
8347,796.1889
8348,796.23834
8349,796.2875
8350,796.33673
8351,796.3862
8352,796.43585
8353,796.4855
8354,796.53503
8355,796.5844
8356,796.6339
8357,796.68353
8358,796.7332
8359,796.78284
8360,796.83234
8361,796.8818
8362,796.93134
8363,796.9809
8364,797.0306
8365,797.08026
8366,797.12976
8367,797.17914
8368,797.2287
8369,797.2785
8370,797.32837
8371,797.378
8372,797.4274
8373,797.4767
8374,797.52594
8375,797.57526
8376,797.62476
8377,797.6745
8378,797.724
8379,797.7734
8380,797.8228
8381,797.87244
8382,797.9219
8383,797.9716
8384,798.02106
8385,798.07043
8386,798.1198
8387,798.16956
8388,798.21924
8389,798.2688
8390,798.3182
8391,798.36755
8392,798.4172
8393,798.467
8394,798.5168
8395,798.56647
8396,798.61584
8397,798.66504
8398,798.71423
8399,798.7637
8400,798.8133
8401,798.86285
8402,798.91235
8403,798.96173
8404,799.01117
8405,799.06085
8406,799.1105
8407,799.16
8408,799.2095
8409,799.25885
8410,799.30835
8411,799.358
8412,799.4078
8413,799.45734
8414,799.5067
8415,799.55634
8416,799.6059
8417,799.6557
8418,799.7055
8419,799.75525
8420,799.8047
8421,799.8539
8422,799.90314
8423,799.95264
8424,800.0023
8425,800.0518
8426,800.1013
8427,800.15063
8428,800.20013
8429,800.2498
8430,800.2995
8431,800.3492
8432,800.3987
8433,800.4481
8434,800.4976
8435,800.5473
8436,800.59705
8437,800.6467
8438,800.6961
8439,800.7456
8440,800.7953
8441,800.84515
8442,800.895
8443,800.9447
8444,800.99426
8445,801.0435
8446,801.0927
8447,801.1422
8448,801.1919
8449,801.24146
8450,801.2911
8451,801.3405
8452,801.3901
8453,801.4398
8454,801.4895
8455,801.53906
8456,801.5887
8457,801.6381
8458,801.6876
8459,801.7373
8460,801.7872
8461,801.8368
8462,801.88635
8463,801.9358
8464,801.9855
8465,802.03534
8466,802.08527
8467,802.135
8468,802.1845
8469,802.2338
8470,802.28314
8471,802.33264
8472,802.38226
8473,802.43195
8474,802.4815
8475,802.53107
8476,802.5807
8477,802.6304
8478,802.6801
8479,802.72974
8480,802.7793
8481,802.8288
8482,802.87836
8483,802.92816
8484,802.9779
8485,803.0276
8486,803.0771
8487,803.1267
8488,803.17633
8489,803.22626
8490,803.2762
8491,803.326
8492,803.37555
8493,803.42487
8494,803.4742
8495,803.5238
8496,803.5735
8497,803.62317
8498,803.6728
8499,803.7223
8500,803.772
8501,803.82166
8502,803.8714
8503,803.9212
8504,803.9708
8505,804.0203
8506,804.06995
8507,804.1196
8508,804.16956
8509,804.2193
8510,804.2689
8511,804.3184
8512,804.36816
8513,804.418
8514,804.468
8515,804.51794
8516,804.5675
8517,804.61676
8518,804.66626
8519,804.71576
8520,804.76556
8521,804.8153
8522,804.86487
8523,804.91455
8524,804.9641
8525,805.0139
8526,805.0637
8527,805.1134
8528,805.163
8529,805.2125
8530,805.2622
8531,805.312
8532,805.3618
8533,805.41156
8534,805.46124
8535,805.51074
8536,805.56055
8537,805.61035
8538,805.66034
8539,805.71014
8540,805.7597
8541,805.8091
8542,805.8585
8543,805.90814
8544,805.9578
8545,806.0075
8546,806.0572
8547,806.1066
8548,806.15625
8549,806.20593
8550,806.2557
8551,806.3054
8552,806.35504
8553,806.40454
8554,806.45416
8555,806.5039
8556,806.5538
8557,806.6034
8558,806.653
8559,806.7025
8560,806.7522
8561,806.802
8562,806.85205
8563,806.90186
8564,806.95135
8565,807.0006
8566,807.05
8567,807.0996
8568,807.1493
8569,807.19885
8570,807.2485
8571,807.29803
8572,807.34766
8573,807.3973
8574,807.447
8575,807.4967
8576,807.5463
8577,807.59576
8578,807.6454
8579,807.6951
8580,807.74493
8581,807.7946
8582,807.8442
8583,807.89374
8584,807.94336
8585,807.9932
8586,808.0433
8587,808.0931
8588,808.1425
8589,808.1918
8590,808.2412
8591,808.2907
8592,808.3404
8593,808.3901
8594,808.4397
8595,808.4892
8596,808.5389
8597,808.58844
8598,808.63824
8599,808.688
8600,808.73755
8601,808.78705
8602,808.8367
8603,808.8864
8604,808.93616
8605,808.9859
8606,809.0354
8607,809.08496
8608,809.1347
8609,809.1846
8610,809.2345
8611,809.28424
8612,809.3338
8613,809.38306
8614,809.4325
8615,809.4821
8616,809.53174
8617,809.5814
8618,809.631
8619,809.68054
8620,809.7301
8621,809.7798
8622,809.8296
8623,809.8792
8624,809.9288
8625,809.9782
8626,810.02795
8627,810.0777
8628,810.12744
8629,810.1771
8630,810.2266
8631,810.2762
8632,810.3259
8633,810.37573
8634,810.4257
8635,810.47546
8636,810.5249
8637,810.5743
8638,810.62366
8639,810.6732
